{"type":"FeatureCollection", "features": [
{"type":"Feature","geometry":{"type":"MultiPolygon","coordinates":[[[[120.63333,16.043296],[120.633334,16.043025],[120.633614,16.043028],[120.633894,16.043032],[120.633891,16.043303],[120.633888,16.043573],[120.633607,16.04357],[120.633611,16.043299],[120.63333,16.043296]]],[[[120.641454,16.043589],[120.641734,16.043628],[120.641734,16.04366],[120.641731,16.043931],[120.64145,16.043928],[120.641454,16.043657],[120.641454,16.043589]]],[[[120.633324,16.043838],[120.633044,16.043835],[120.632764,16.043832],[120.632767,16.043561],[120.63277,16.04329],[120.63305,16.043293],[120.63333,16.043296],[120.633327,16.043567],[120.633324,16.043838]]],[[[120.64145,16.043928],[120.641447,16.044199],[120.641167,16.044196],[120.64117,16.043925],[120.64145,16.043928]]],[[[120.645651,16.04418],[120.646149,16.044251],[120.645931,16.044248],[120.64565,16.044245],[120.645651,16.04418]]],[[[120.646211,16.044259],[120.646491,16.044299],[120.646488,16.044525],[120.646208,16.044522],[120.646211,16.044259]]],[[[120.641167,16.044196],[120.641164,16.044467],[120.640884,16.044464],[120.64088,16.044735],[120.6406,16.044732],[120.640603,16.044461],[120.640323,16.044458],[120.640326,16.044187],[120.640046,16.044183],[120.639766,16.04418],[120.639486,16.044177],[120.639205,16.044174],[120.638925,16.044171],[120.638928,16.0439],[120.638648,16.043897],[120.638368,16.043894],[120.638088,16.043891],[120.637808,16.043888],[120.637811,16.043617],[120.637661,16.043615],[120.637531,16.043614],[120.63725,16.043611],[120.637253,16.04334],[120.636973,16.043337],[120.636693,16.043333],[120.636696,16.043062],[120.636416,16.043059],[120.636418,16.042879],[120.640055,16.043392],[120.640052,16.043641],[120.640333,16.043645],[120.640335,16.043431],[120.640615,16.043471],[120.640613,16.043648],[120.64061,16.043919],[120.640607,16.04419],[120.640887,16.044193],[120.641167,16.044196]]],[[[120.633324,16.043838],[120.633604,16.043841],[120.633884,16.043844],[120.634165,16.043848],[120.634445,16.043851],[120.634442,16.044122],[120.634162,16.044119],[120.634158,16.04439],[120.634155,16.044661],[120.633875,16.044657],[120.633878,16.044386],[120.633598,16.044383],[120.633601,16.044112],[120.633321,16.044109],[120.633324,16.043838]]],[[[120.643122,16.044759],[120.642842,16.044756],[120.642562,16.044753],[120.642565,16.044482],[120.642285,16.044479],[120.642288,16.044208],[120.642008,16.044205],[120.642011,16.043934],[120.642014,16.043668],[120.643413,16.043865],[120.643412,16.043949],[120.643692,16.043953],[120.643972,16.043956],[120.643969,16.044227],[120.643689,16.044224],[120.643409,16.04422],[120.643128,16.044217],[120.642848,16.044214],[120.642851,16.043943],[120.642571,16.04394],[120.642568,16.044211],[120.642848,16.044214],[120.642845,16.044485],[120.643125,16.044488],[120.643122,16.044759]]],[[[120.650973,16.044417],[120.651253,16.044473],[120.651252,16.044578],[120.651249,16.044849],[120.650968,16.044846],[120.650971,16.044575],[120.650973,16.044417]]],[[[120.65321,16.044868],[120.65322,16.04487],[120.65321,16.04487],[120.65321,16.044868]]],[[[120.65349,16.044925],[120.653769,16.044981],[120.653767,16.045147],[120.653487,16.045144],[120.65349,16.044925]]],[[[120.64088,16.044735],[120.641161,16.044738],[120.641157,16.045009],[120.640877,16.045006],[120.64088,16.044735]]],[[[120.650405,16.04511],[120.650124,16.045107],[120.650128,16.044836],[120.650131,16.044565],[120.650411,16.044568],[120.650408,16.044839],[120.650405,16.04511]]],[[[120.650405,16.04511],[120.650685,16.045113],[120.650682,16.045384],[120.650401,16.045381],[120.650405,16.04511]]],[[[120.652643,16.045406],[120.652363,16.045403],[120.652366,16.045132],[120.652646,16.045135],[120.652643,16.045406]]],[[[120.643122,16.044759],[120.643402,16.044762],[120.643683,16.044765],[120.643963,16.044769],[120.64396,16.04504],[120.64424,16.045043],[120.644243,16.044772],[120.644246,16.044501],[120.644526,16.044504],[120.644523,16.044775],[120.64452,16.045046],[120.644517,16.045317],[120.644237,16.045314],[120.643956,16.045311],[120.643953,16.045582],[120.643673,16.045578],[120.643393,16.045575],[120.643396,16.045304],[120.643399,16.045033],[120.643119,16.04503],[120.643122,16.044759]]],[[[120.650401,16.045381],[120.650398,16.045652],[120.650118,16.045649],[120.650121,16.045378],[120.650401,16.045381]]],[[[120.641992,16.04556],[120.641711,16.045557],[120.641715,16.045286],[120.641434,16.045283],[120.641438,16.045012],[120.641441,16.044741],[120.641721,16.044744],[120.641718,16.045015],[120.641998,16.045018],[120.641995,16.045289],[120.641992,16.04556]]],[[[120.647628,16.044267],[120.648453,16.044243],[120.648453,16.044276],[120.648733,16.044279],[120.648733,16.044234],[120.649294,16.044218],[120.649293,16.044285],[120.64929,16.044556],[120.64901,16.044553],[120.649007,16.044824],[120.649004,16.045095],[120.649284,16.045098],[120.649281,16.045369],[120.649277,16.04564],[120.648997,16.045637],[120.649,16.045366],[120.64872,16.045363],[120.648723,16.045092],[120.648727,16.044821],[120.64873,16.04455],[120.648449,16.044547],[120.648446,16.044818],[120.648166,16.044815],[120.648169,16.044544],[120.647889,16.044541],[120.647892,16.04427],[120.647628,16.044267]]],[[[120.637808,16.043888],[120.637804,16.044159],[120.637801,16.04443],[120.638081,16.044433],[120.638078,16.044704],[120.637798,16.044701],[120.637795,16.044972],[120.637515,16.044969],[120.637511,16.04524],[120.637792,16.045243],[120.638072,16.045246],[120.638352,16.045249],[120.638349,16.04552],[120.638069,16.045517],[120.637788,16.045514],[120.637785,16.045785],[120.637505,16.045782],[120.637225,16.045778],[120.636945,16.045775],[120.636664,16.045772],[120.636667,16.045501],[120.636387,16.045498],[120.636107,16.045495],[120.635827,16.045492],[120.63583,16.045221],[120.635833,16.04495],[120.635553,16.044947],[120.635556,16.044676],[120.635276,16.044673],[120.635273,16.044944],[120.634993,16.044941],[120.634996,16.04467],[120.634997,16.044555],[120.634999,16.044399],[120.635002,16.044128],[120.635282,16.044131],[120.635563,16.044134],[120.635566,16.043863],[120.635569,16.043592],[120.635849,16.043595],[120.635852,16.043324],[120.635572,16.043321],[120.635292,16.043318],[120.635295,16.043047],[120.635015,16.043044],[120.635012,16.043315],[120.634732,16.043312],[120.634735,16.043041],[120.634455,16.043038],[120.634174,16.043035],[120.634178,16.042764],[120.634458,16.042767],[120.634738,16.04277],[120.635018,16.042773],[120.635019,16.042682],[120.635859,16.0428],[120.635856,16.043053],[120.636136,16.043056],[120.636416,16.043059],[120.636413,16.04333],[120.63641,16.043601],[120.63669,16.043604],[120.63697,16.043608],[120.63725,16.043611],[120.637249,16.043761],[120.637247,16.043882],[120.636967,16.043878],[120.636916,16.043878],[120.636687,16.043875],[120.636686,16.043959],[120.636683,16.044146],[120.636403,16.044143],[120.636404,16.044059],[120.636406,16.043872],[120.636126,16.043869],[120.635846,16.043866],[120.635843,16.044137],[120.636123,16.04414],[120.636172,16.044141],[120.636403,16.044143],[120.6364,16.044414],[120.63668,16.044417],[120.63696,16.04442],[120.637241,16.044424],[120.637244,16.044153],[120.637247,16.043882],[120.637527,16.043885],[120.637808,16.043888]]],[[[120.642269,16.045834],[120.641988,16.045831],[120.641992,16.04556],[120.642272,16.045563],[120.642269,16.045834]]],[[[120.645631,16.045871],[120.645351,16.045868],[120.645354,16.045597],[120.645074,16.045594],[120.645077,16.045323],[120.64508,16.045052],[120.645361,16.045055],[120.645358,16.045326],[120.645638,16.045329],[120.645635,16.0456],[120.645631,16.045871]]],[[[120.651513,16.046207],[120.651233,16.046203],[120.651236,16.045933],[120.650956,16.045929],[120.650675,16.045926],[120.650679,16.045655],[120.650682,16.045384],[120.650962,16.045387],[120.651242,16.045391],[120.651239,16.045662],[120.651519,16.045665],[120.651516,16.045936],[120.651513,16.046207]]],[[[120.642269,16.045834],[120.642549,16.045837],[120.642546,16.046108],[120.642543,16.046379],[120.642262,16.046376],[120.642266,16.046105],[120.642269,16.045834]]],[[[120.650949,16.046471],[120.650669,16.046468],[120.650672,16.046197],[120.650952,16.0462],[120.650949,16.046471]]],[[[120.651513,16.046207],[120.651793,16.04621],[120.65179,16.046481],[120.65151,16.046478],[120.651513,16.046207]]],[[[120.659359,16.046292],[120.659356,16.046563],[120.659076,16.04656],[120.659079,16.046289],[120.659359,16.046292]]],[[[120.66776,16.046866],[120.66804,16.046875],[120.66804,16.046929],[120.66776,16.046926],[120.66776,16.046866]]],[[[120.65151,16.046478],[120.651506,16.046749],[120.651226,16.046745],[120.650946,16.046742],[120.650949,16.046471],[120.651229,16.046474],[120.65151,16.046478]]],[[[120.662719,16.0466],[120.662716,16.046871],[120.662435,16.046868],[120.662438,16.046597],[120.662719,16.0466]]],[[[120.666079,16.046812],[120.6672,16.046848],[120.667199,16.04692],[120.666919,16.046917],[120.666639,16.046914],[120.666358,16.046911],[120.666078,16.046908],[120.666079,16.046812]]],[[[120.669161,16.046912],[120.669441,16.046921],[120.669441,16.046944],[120.669161,16.046941],[120.669161,16.046912]]],[[[120.64338,16.046659],[120.643377,16.04693],[120.643097,16.046927],[120.642816,16.046924],[120.642536,16.046921],[120.642539,16.04665],[120.64282,16.046653],[120.6431,16.046656],[120.64338,16.046659]]],[[[120.657394,16.046542],[120.657391,16.046813],[120.657111,16.04681],[120.657108,16.047081],[120.656828,16.047078],[120.656831,16.046807],[120.656834,16.046536],[120.656554,16.046533],[120.656273,16.04653],[120.655993,16.046527],[120.65599,16.046798],[120.65571,16.046795],[120.65543,16.046791],[120.655149,16.046788],[120.654869,16.046785],[120.654872,16.046514],[120.654876,16.046243],[120.654879,16.045972],[120.654882,16.045701],[120.654885,16.04543],[120.655165,16.045434],[120.655167,16.045263],[120.655447,16.04532],[120.655446,16.045437],[120.655442,16.045708],[120.655162,16.045704],[120.655159,16.045975],[120.655156,16.046246],[120.655436,16.04625],[120.655716,16.046253],[120.655719,16.045982],[120.656,16.045985],[120.655996,16.046256],[120.656277,16.046259],[120.656557,16.046262],[120.656837,16.046265],[120.657117,16.046268],[120.657398,16.046271],[120.657394,16.046542]]],[[[120.668597,16.047206],[120.668317,16.047203],[120.66832,16.046932],[120.6686,16.046935],[120.668597,16.047206]]],[[[120.673641,16.047261],[120.673361,16.047258],[120.673363,16.047047],[120.673644,16.047056],[120.673641,16.047261]]],[[[120.650099,16.047275],[120.649819,16.047272],[120.649822,16.047001],[120.650102,16.047004],[120.650099,16.047275]]],[[[120.654032,16.046505],[120.654029,16.046776],[120.654025,16.047047],[120.654022,16.047318],[120.653742,16.047315],[120.653745,16.047044],[120.653748,16.046773],[120.653468,16.04677],[120.653471,16.046499],[120.653474,16.046228],[120.653478,16.045957],[120.653481,16.045686],[120.653484,16.045415],[120.653764,16.045418],[120.653761,16.045689],[120.653758,16.04596],[120.653755,16.046231],[120.653751,16.046502],[120.654032,16.046505]]],[[[120.660187,16.047386],[120.659907,16.047382],[120.65991,16.047112],[120.66019,16.047115],[120.660187,16.047386]]],[[[120.668597,16.047206],[120.668877,16.047209],[120.669158,16.047212],[120.669154,16.047483],[120.668874,16.04748],[120.668594,16.047477],[120.668597,16.047206]]],[[[120.670562,16.046957],[120.671402,16.046984],[120.671399,16.047237],[120.671396,16.047508],[120.671116,16.047505],[120.670836,16.047502],[120.670839,16.047231],[120.670559,16.047228],[120.670562,16.046957]]],[[[120.641412,16.04718],[120.641692,16.047183],[120.641689,16.047454],[120.641409,16.047451],[120.641412,16.04718]]],[[[120.648978,16.047263],[120.649258,16.047266],[120.649255,16.047537],[120.648975,16.047534],[120.648978,16.047263]]],[[[120.655423,16.047333],[120.65542,16.047604],[120.65514,16.047601],[120.655143,16.04733],[120.654863,16.047327],[120.654866,16.047056],[120.655146,16.047059],[120.655426,16.047062],[120.655423,16.047333]]],[[[120.665231,16.047441],[120.665511,16.047444],[120.665508,16.047715],[120.665228,16.047712],[120.665231,16.047441]]],[[[120.668594,16.047477],[120.668591,16.047748],[120.668311,16.047745],[120.66803,16.047742],[120.668034,16.047471],[120.668314,16.047474],[120.668594,16.047477]]],[[[120.653178,16.04758],[120.653181,16.047309],[120.653462,16.047312],[120.653459,16.047583],[120.653178,16.04758]]],[[[120.654302,16.047321],[120.654583,16.047324],[120.654579,16.047595],[120.654299,16.047592],[120.654302,16.047321]]],[[[120.658229,16.047093],[120.658509,16.047096],[120.658506,16.047367],[120.658786,16.04737],[120.658783,16.047641],[120.658503,16.047638],[120.658222,16.047635],[120.658226,16.047364],[120.657945,16.047361],[120.657949,16.04709],[120.658229,16.047093]]],[[[120.661585,16.047672],[120.661305,16.047669],[120.661025,16.047666],[120.661028,16.047395],[120.660748,16.047392],[120.660467,16.047389],[120.660471,16.047118],[120.660751,16.047121],[120.661031,16.047124],[120.661034,16.046853],[120.661314,16.046856],[120.661311,16.047127],[120.661591,16.04713],[120.661588,16.047401],[120.661585,16.047672]]],[[[120.661865,16.047675],[120.661862,16.047946],[120.661582,16.047943],[120.661585,16.047672],[120.661865,16.047675]]],[[[120.672231,16.048059],[120.67195,16.048056],[120.671954,16.047785],[120.672234,16.047788],[120.672231,16.048059]]],[[[120.640008,16.047435],[120.640005,16.047706],[120.639724,16.047703],[120.639728,16.047432],[120.640008,16.047435]]],[[[120.654019,16.047589],[120.654016,16.04786],[120.653736,16.047857],[120.653739,16.047586],[120.654019,16.047589]]],[[[120.679438,16.047898],[120.679435,16.048169],[120.679155,16.048166],[120.679158,16.047895],[120.679438,16.047898]]],[[[120.645049,16.047762],[120.645045,16.048033],[120.644765,16.04803],[120.644768,16.047759],[120.645049,16.047762]]],[[[120.651777,16.047565],[120.651497,16.047561],[120.651217,16.047558],[120.651214,16.047829],[120.65121,16.0481],[120.65093,16.048097],[120.65065,16.048094],[120.65037,16.048091],[120.650089,16.048088],[120.650093,16.047817],[120.650096,16.047546],[120.650099,16.047275],[120.650379,16.047278],[120.650382,16.047007],[120.650663,16.04701],[120.650659,16.047281],[120.65094,16.047284],[120.65122,16.047287],[120.651223,16.047016],[120.651503,16.04702],[120.6515,16.04729],[120.65178,16.047294],[120.651777,16.047565]]],[[[120.672231,16.048059],[120.672511,16.048062],[120.672508,16.048333],[120.672228,16.04833],[120.672231,16.048059]]],[[[120.67503,16.04836],[120.675033,16.048089],[120.675313,16.048092],[120.67531,16.048363],[120.67503,16.04836]]],[[[120.691202,16.048567],[120.691205,16.048296],[120.691485,16.048299],[120.691482,16.04857],[120.691202,16.048567]]],[[[120.697927,16.048639],[120.697647,16.048636],[120.697367,16.048633],[120.69737,16.048362],[120.69765,16.048365],[120.69793,16.048368],[120.697927,16.048639]]],[[[120.680847,16.047289],[120.681127,16.047298],[120.681126,16.047374],[120.681406,16.047377],[120.681403,16.047648],[120.6814,16.047919],[120.681397,16.04819],[120.681677,16.048193],[120.681674,16.048464],[120.681394,16.048461],[120.681113,16.048458],[120.681116,16.048187],[120.68112,16.047916],[120.680839,16.047913],[120.680559,16.04791],[120.680562,16.047639],[120.680842,16.047642],[120.680846,16.047371],[120.680847,16.047289]]],[[[120.692886,16.048314],[120.692883,16.048585],[120.692603,16.048582],[120.692606,16.048311],[120.692886,16.048314]]],[[[120.66298,16.048229],[120.6627,16.048226],[120.662697,16.048497],[120.662416,16.048494],[120.662419,16.048223],[120.662139,16.04822],[120.662142,16.047949],[120.662146,16.047678],[120.661865,16.047675],[120.661869,16.047404],[120.661872,16.047133],[120.661875,16.046862],[120.661595,16.046859],[120.661598,16.046588],[120.661599,16.046465],[120.662159,16.046511],[120.662158,16.046594],[120.662155,16.046865],[120.662152,16.047136],[120.662432,16.047139],[120.662712,16.047142],[120.662993,16.047145],[120.662989,16.047416],[120.662986,16.047687],[120.662983,16.047958],[120.66298,16.048229]]],[[[120.649246,16.04835],[120.648965,16.048347],[120.648969,16.048076],[120.649249,16.048079],[120.649246,16.04835]]],[[[120.676151,16.048372],[120.676148,16.048643],[120.675867,16.04864],[120.675871,16.048369],[120.676151,16.048372]]],[[[120.65121,16.0481],[120.651491,16.048103],[120.651487,16.048374],[120.651207,16.048371],[120.65121,16.0481]]],[[[120.651777,16.047565],[120.652057,16.047568],[120.652054,16.047839],[120.652051,16.04811],[120.652048,16.048381],[120.651768,16.048377],[120.651771,16.048107],[120.651774,16.047836],[120.651777,16.047565]]],[[[120.668581,16.048561],[120.668301,16.048558],[120.668021,16.048555],[120.668024,16.048284],[120.668304,16.048287],[120.668307,16.048016],[120.668588,16.048019],[120.668585,16.04829],[120.668581,16.048561]]],[[[120.669702,16.048573],[120.669705,16.048302],[120.669986,16.048305],[120.669983,16.048576],[120.669702,16.048573]]],[[[120.671384,16.048592],[120.671103,16.048589],[120.670823,16.048586],[120.670543,16.048582],[120.670263,16.048579],[120.670266,16.048308],[120.670546,16.048312],[120.670826,16.048315],[120.671107,16.048318],[120.671387,16.048321],[120.671384,16.048592]]],[[[120.681113,16.048458],[120.68111,16.048729],[120.68083,16.048726],[120.680833,16.048455],[120.681113,16.048458]]],[[[120.691482,16.04857],[120.691762,16.048573],[120.691759,16.048844],[120.691479,16.048841],[120.691482,16.04857]]],[[[120.701848,16.048952],[120.701567,16.048949],[120.701287,16.048946],[120.701007,16.048943],[120.70101,16.048672],[120.70073,16.048669],[120.70073,16.04861],[120.70185,16.048724],[120.701848,16.048952]]],[[[120.680553,16.048452],[120.68055,16.048723],[120.680269,16.04872],[120.680273,16.048449],[120.680553,16.048452]]],[[[120.697927,16.048639],[120.698208,16.048642],[120.698488,16.048645],[120.698485,16.048916],[120.698204,16.048913],[120.697924,16.04891],[120.697927,16.048639]]],[[[120.652612,16.048116],[120.652892,16.048119],[120.652889,16.04839],[120.652885,16.048661],[120.652605,16.048658],[120.652608,16.048387],[120.652612,16.048116]]],[[[120.665779,16.048531],[120.665776,16.048802],[120.665496,16.048799],[120.665499,16.048528],[120.665779,16.048531]]],[[[120.654567,16.048679],[120.654287,16.048676],[120.65429,16.048405],[120.654293,16.048134],[120.654573,16.048137],[120.65457,16.048408],[120.654567,16.048679]]],[[[120.675867,16.04864],[120.675864,16.048911],[120.675584,16.048908],[120.675587,16.048637],[120.675867,16.04864]]],[[[120.70437,16.04898],[120.70465,16.049008],[120.704647,16.049253],[120.704367,16.04925],[120.70437,16.04898]]],[[[120.671664,16.048595],[120.671944,16.048598],[120.671941,16.048869],[120.671938,16.04914],[120.671658,16.049137],[120.671661,16.048866],[120.671664,16.048595]]],[[[120.652045,16.048652],[120.652325,16.048655],[120.652322,16.048926],[120.652042,16.048923],[120.651761,16.048919],[120.651764,16.048648],[120.652045,16.048652]]],[[[120.667738,16.048823],[120.667734,16.049094],[120.667454,16.049091],[120.667457,16.04882],[120.667738,16.048823]]],[[[120.668298,16.048829],[120.668295,16.0491],[120.668015,16.049097],[120.668018,16.048826],[120.668298,16.048829]]],[[[120.701848,16.048952],[120.702128,16.048955],[120.702125,16.049226],[120.702122,16.049497],[120.701841,16.049494],[120.701844,16.049223],[120.701848,16.048952]]],[[[120.680547,16.048994],[120.680543,16.049265],[120.680263,16.049262],[120.680266,16.048991],[120.680547,16.048994]]],[[[120.693437,16.049133],[120.693718,16.049136],[120.693714,16.049407],[120.693434,16.049404],[120.693437,16.049133]]],[[[120.699331,16.048468],[120.70045,16.048581],[120.700449,16.048666],[120.700169,16.048663],[120.700166,16.048934],[120.700163,16.049205],[120.70016,16.049476],[120.69988,16.049473],[120.699599,16.04947],[120.699319,16.049467],[120.699322,16.049196],[120.699325,16.048925],[120.699045,16.048922],[120.699048,16.048651],[120.699329,16.048654],[120.699331,16.048468]]],[[[120.704647,16.049253],[120.704927,16.049256],[120.704924,16.049527],[120.704644,16.049524],[120.704647,16.049253]]],[[[120.634387,16.048728],[120.634384,16.048999],[120.634104,16.048996],[120.634107,16.048725],[120.634387,16.048728]]],[[[120.643074,16.048824],[120.643071,16.049095],[120.642791,16.049092],[120.642794,16.048821],[120.643074,16.048824]]],[[[120.652879,16.049203],[120.652882,16.048932],[120.653162,16.048935],[120.653159,16.049206],[120.652879,16.049203]]],[[[120.661299,16.048211],[120.661579,16.048214],[120.661576,16.048485],[120.661856,16.048488],[120.661853,16.048759],[120.66185,16.04903],[120.661846,16.049301],[120.661566,16.049298],[120.661569,16.049027],[120.661572,16.048756],[120.661292,16.048753],[120.661295,16.048482],[120.661299,16.048211]]],[[[120.662407,16.049307],[120.66241,16.049036],[120.662413,16.048765],[120.662693,16.048768],[120.66269,16.049039],[120.662687,16.04931],[120.662407,16.049307]]],[[[120.645596,16.048852],[120.645593,16.049123],[120.645313,16.04912],[120.645033,16.049117],[120.645036,16.048846],[120.645316,16.048849],[120.645596,16.048852]]],[[[120.650357,16.049175],[120.650077,16.049172],[120.649797,16.049169],[120.6498,16.048898],[120.65008,16.048901],[120.65036,16.048904],[120.650357,16.049175]]],[[[120.654567,16.048679],[120.654847,16.048682],[120.654844,16.048953],[120.654841,16.049224],[120.65456,16.049221],[120.654564,16.04895],[120.654567,16.048679]]],[[[120.704644,16.049524],[120.704641,16.049795],[120.70436,16.049792],[120.704363,16.049521],[120.704644,16.049524]]],[[[120.681104,16.049271],[120.681384,16.049274],[120.681664,16.049277],[120.681661,16.049548],[120.681381,16.049545],[120.681101,16.049542],[120.681104,16.049271]]],[[[120.704089,16.048976],[120.704086,16.049247],[120.704083,16.049518],[120.70408,16.049789],[120.7038,16.049786],[120.70352,16.049783],[120.703523,16.049512],[120.703803,16.049515],[120.703806,16.049244],[120.703526,16.049241],[120.703529,16.04897],[120.703809,16.048973],[120.704089,16.048976]]],[[[120.650357,16.049175],[120.650637,16.049178],[120.650634,16.049449],[120.650354,16.049446],[120.650357,16.049175]]],[[[120.653997,16.049486],[120.653717,16.049483],[120.65372,16.049212],[120.654,16.049215],[120.653997,16.049486]]],[[[120.654841,16.049224],[120.655121,16.049227],[120.655118,16.049498],[120.654837,16.049495],[120.654841,16.049224]]],[[[120.669696,16.049115],[120.669976,16.049118],[120.669973,16.049389],[120.66997,16.04966],[120.66969,16.049657],[120.669693,16.049386],[120.669696,16.049115]]],[[[120.676988,16.048652],[120.676985,16.048923],[120.676705,16.04892],[120.676702,16.049191],[120.676699,16.049462],[120.676418,16.049459],[120.676415,16.04973],[120.676135,16.049727],[120.676138,16.049456],[120.676141,16.049185],[120.676144,16.048914],[120.676425,16.048917],[120.676428,16.048646],[120.676708,16.048649],[120.676988,16.048652]]],[[[120.636626,16.049024],[120.636623,16.049295],[120.636343,16.049292],[120.636346,16.049021],[120.636626,16.049024]]],[[[120.663244,16.049587],[120.662964,16.049584],[120.662967,16.049313],[120.66297,16.049042],[120.662974,16.048771],[120.662977,16.0485],[120.66298,16.048229],[120.66326,16.048232],[120.663257,16.048503],[120.663254,16.048774],[120.663251,16.049045],[120.663248,16.049316],[120.663244,16.049587]]],[[[120.704641,16.049795],[120.704921,16.049798],[120.704918,16.050069],[120.704638,16.050066],[120.704641,16.049795]]],[[[120.639985,16.049332],[120.640266,16.049335],[120.640262,16.049606],[120.639982,16.049603],[120.639985,16.049332]]],[[[120.648125,16.048338],[120.648405,16.048341],[120.648402,16.048612],[120.648682,16.048615],[120.648679,16.048886],[120.648959,16.048889],[120.648956,16.04916],[120.649236,16.049163],[120.649516,16.049166],[120.649513,16.049437],[120.649793,16.04944],[120.64979,16.049711],[120.64951,16.049708],[120.64923,16.049705],[120.648949,16.049702],[120.648953,16.049431],[120.648672,16.049428],[120.648676,16.049157],[120.648395,16.049154],[120.648399,16.048883],[120.648118,16.048879],[120.648122,16.048608],[120.648125,16.048338]]],[[[120.652879,16.049203],[120.652876,16.049474],[120.652596,16.049471],[120.652592,16.049742],[120.652312,16.049739],[120.652032,16.049735],[120.652035,16.049464],[120.652038,16.049194],[120.652319,16.049197],[120.652599,16.0492],[120.652879,16.049203]]],[[[120.662407,16.049307],[120.662404,16.049578],[120.662401,16.049849],[120.66212,16.049846],[120.662123,16.049575],[120.662127,16.049304],[120.662407,16.049307]]],[[[120.650634,16.049449],[120.650914,16.049452],[120.651195,16.049455],[120.651191,16.049726],[120.650911,16.049723],[120.650631,16.04972],[120.650634,16.049449]]],[[[120.653433,16.049751],[120.653153,16.049748],[120.653156,16.049477],[120.653436,16.04948],[120.653433,16.049751]]],[[[120.654837,16.049495],[120.654834,16.049766],[120.654554,16.049763],[120.654557,16.049492],[120.654837,16.049495]]],[[[120.672489,16.049959],[120.672209,16.049956],[120.672212,16.049685],[120.672492,16.049688],[120.672489,16.049959]]],[[[120.69317,16.047995],[120.694851,16.048093],[120.694848,16.048335],[120.695128,16.048338],[120.695131,16.048109],[120.695411,16.048125],[120.695408,16.048341],[120.695689,16.048344],[120.695685,16.048615],[120.695405,16.048612],[120.695402,16.048883],[120.695122,16.04888],[120.695119,16.049151],[120.695399,16.049154],[120.695396,16.049425],[120.695116,16.049422],[120.695113,16.049693],[120.695393,16.049696],[120.69539,16.049967],[120.695387,16.050238],[120.695106,16.050235],[120.694826,16.050232],[120.694829,16.049961],[120.694832,16.04969],[120.694835,16.049419],[120.694555,16.049416],[120.694558,16.049145],[120.694561,16.048874],[120.694842,16.048877],[120.694845,16.048606],[120.694565,16.048603],[120.694284,16.0486],[120.694287,16.048329],[120.694007,16.048326],[120.69401,16.048055],[120.69373,16.048052],[120.69345,16.048049],[120.69317,16.048046],[120.69317,16.047995]]],[[[120.697921,16.049181],[120.697918,16.049452],[120.697915,16.049723],[120.697635,16.04972],[120.697632,16.049991],[120.697628,16.050262],[120.697348,16.050259],[120.697351,16.049988],[120.697071,16.049985],[120.696791,16.049982],[120.696794,16.049711],[120.696797,16.04944],[120.6968,16.049169],[120.69708,16.049172],[120.697361,16.049175],[120.697358,16.049446],[120.697638,16.049449],[120.697641,16.049178],[120.697921,16.049181]]],[[[120.698749,16.050274],[120.698753,16.050003],[120.698472,16.05],[120.698475,16.049729],[120.698756,16.049732],[120.699036,16.049735],[120.699033,16.050006],[120.69903,16.050277],[120.698749,16.050274]]],[[[120.648389,16.049696],[120.648669,16.049699],[120.648666,16.04997],[120.648386,16.049966],[120.648389,16.049696]]],[[[120.651468,16.05],[120.651472,16.049729],[120.651752,16.049732],[120.651749,16.050003],[120.651468,16.05]]],[[[120.631999,16.049786],[120.631985,16.049515],[120.632136,16.049516],[120.632133,16.049787],[120.631999,16.049786]]],[[[120.633814,16.049806],[120.633817,16.049535],[120.634098,16.049538],[120.634094,16.049809],[120.633814,16.049806]]],[[[120.635218,16.04955],[120.635215,16.049821],[120.634935,16.049818],[120.634655,16.049815],[120.634658,16.049544],[120.634661,16.049273],[120.634941,16.049276],[120.634938,16.049547],[120.635218,16.04955]]],[[[120.662401,16.049849],[120.662681,16.049852],[120.662678,16.050123],[120.662397,16.05012],[120.662401,16.049849]]],[[[120.681967,16.047345],[120.684768,16.047507],[120.684766,16.047684],[120.685046,16.047687],[120.685043,16.047958],[120.684763,16.047955],[120.684482,16.047952],[120.684202,16.047949],[120.683922,16.047946],[120.683919,16.048217],[120.683916,16.048488],[120.683912,16.048759],[120.684193,16.048762],[120.68419,16.049033],[120.68447,16.049036],[120.684473,16.048765],[120.684476,16.048494],[120.684479,16.048223],[120.684759,16.048226],[120.684756,16.048497],[120.684753,16.048768],[120.68475,16.049039],[120.684747,16.04931],[120.684744,16.049581],[120.684741,16.049852],[120.685021,16.049855],[120.685018,16.050126],[120.684738,16.050123],[120.684457,16.05012],[120.684177,16.050117],[120.684174,16.050388],[120.683894,16.050385],[120.683613,16.050382],[120.683617,16.050111],[120.683336,16.050108],[120.683339,16.049837],[120.683059,16.049834],[120.683062,16.049563],[120.682782,16.04956],[120.682785,16.049289],[120.682788,16.049018],[120.682792,16.048747],[120.683072,16.04875],[120.683352,16.048753],[120.683355,16.048482],[120.683075,16.048479],[120.682795,16.048476],[120.682514,16.048473],[120.682518,16.048202],[120.682237,16.048199],[120.682241,16.047928],[120.682521,16.047931],[120.682524,16.04766],[120.682527,16.047389],[120.682247,16.047386],[120.681967,16.047383],[120.681967,16.047345]],[[120.683081,16.047937],[120.683361,16.04794],[120.683365,16.047669],[120.683084,16.047666],[120.683081,16.047937],[120.682801,16.047934],[120.682798,16.048205],[120.683078,16.048208],[120.683081,16.047937]]],[[[120.698749,16.050274],[120.698746,16.050545],[120.698466,16.050542],[120.698469,16.050271],[120.698749,16.050274]]],[[[120.635215,16.049821],[120.635495,16.049825],[120.635492,16.050096],[120.635212,16.050092],[120.635215,16.049821]]],[[[120.680613,16.050318],[120.680609,16.050589],[120.680329,16.050586],[120.680332,16.050315],[120.680613,16.050318]]],[[[120.662678,16.050123],[120.662958,16.050126],[120.662955,16.050397],[120.662674,16.050394],[120.662678,16.050123]]],[[[120.633811,16.050077],[120.633531,16.050074],[120.633534,16.049803],[120.633814,16.049806],[120.633811,16.050077]]],[[[120.652592,16.049742],[120.652873,16.049745],[120.65287,16.050016],[120.652866,16.050287],[120.652586,16.050284],[120.652306,16.050281],[120.652026,16.050277],[120.652029,16.050006],[120.652309,16.05001],[120.652589,16.050013],[120.652592,16.049742]]],[[[120.654554,16.049763],[120.654551,16.050034],[120.654548,16.050305],[120.654267,16.050302],[120.654271,16.050031],[120.654274,16.04976],[120.654554,16.049763]]],[[[120.663244,16.049587],[120.663525,16.04959],[120.663521,16.049861],[120.663518,16.050132],[120.663515,16.050403],[120.663235,16.0504],[120.663238,16.050129],[120.663241,16.049858],[120.663244,16.049587]]],[[[120.681649,16.050632],[120.681368,16.050629],[120.681372,16.050358],[120.681652,16.050361],[120.681649,16.050632]]],[[[120.702106,16.050852],[120.702109,16.050581],[120.702112,16.05031],[120.701832,16.050307],[120.701835,16.050036],[120.701838,16.049765],[120.702118,16.049768],[120.702115,16.050039],[120.702396,16.050042],[120.702392,16.050313],[120.702389,16.050584],[120.702386,16.050855],[120.702106,16.050852]]],[[[120.704628,16.050879],[120.704631,16.050608],[120.704912,16.050611],[120.704908,16.050882],[120.704628,16.050879]]],[[[120.635772,16.050099],[120.636053,16.050102],[120.636049,16.050373],[120.635769,16.05037],[120.635772,16.050099]]],[[[120.640533,16.050422],[120.640253,16.050419],[120.640256,16.050148],[120.640259,16.049877],[120.640539,16.04988],[120.640543,16.049609],[120.640823,16.049612],[120.641103,16.049615],[120.6411,16.049886],[120.641097,16.050157],[120.640817,16.050154],[120.640536,16.050151],[120.640533,16.050422]]],[[[120.652866,16.050287],[120.653147,16.05029],[120.653143,16.050561],[120.652863,16.050558],[120.652866,16.050287]]],[[[120.655385,16.050585],[120.655105,16.050582],[120.654825,16.050579],[120.654828,16.050308],[120.655108,16.050311],[120.655111,16.05004],[120.655392,16.050043],[120.655388,16.050314],[120.655385,16.050585]]],[[[120.663515,16.050403],[120.663795,16.050406],[120.663792,16.050677],[120.663512,16.050674],[120.663515,16.050403]]],[[[120.676126,16.05054],[120.676406,16.050543],[120.676403,16.050814],[120.676122,16.050811],[120.676126,16.05054]]],[[[120.634088,16.050351],[120.633808,16.050348],[120.633811,16.050077],[120.634091,16.05008],[120.634088,16.050351]]],[[[120.638014,16.050123],[120.637734,16.05012],[120.637454,16.050117],[120.637451,16.050388],[120.63717,16.050385],[120.637174,16.050114],[120.636893,16.050111],[120.636897,16.04984],[120.6369,16.049569],[120.63718,16.049572],[120.637177,16.049843],[120.637457,16.049846],[120.63746,16.049575],[120.637463,16.049304],[120.637744,16.049307],[120.63774,16.049578],[120.638021,16.049581],[120.638017,16.049852],[120.638014,16.050123]]],[[[120.639692,16.050413],[120.639696,16.050142],[120.639976,16.050145],[120.639973,16.050416],[120.639692,16.050413]]],[[[120.657907,16.050613],[120.657627,16.05061],[120.65763,16.050339],[120.65735,16.050336],[120.657353,16.050065],[120.657073,16.050062],[120.657076,16.049791],[120.656796,16.049788],[120.656799,16.049517],[120.657079,16.04952],[120.657082,16.049249],[120.656802,16.049246],[120.656522,16.049243],[120.656242,16.04924],[120.655962,16.049236],[120.655965,16.048965],[120.656245,16.048969],[120.656248,16.048698],[120.655968,16.048695],[120.655971,16.048424],[120.655691,16.04842],[120.655694,16.048149],[120.655974,16.048153],[120.655977,16.047882],[120.656258,16.047885],[120.656254,16.048156],[120.656535,16.048159],[120.656815,16.048162],[120.656812,16.048433],[120.656532,16.04843],[120.656528,16.048701],[120.656809,16.048704],[120.656805,16.048975],[120.657086,16.048978],[120.657366,16.048981],[120.657646,16.048984],[120.657643,16.049255],[120.657923,16.049258],[120.65792,16.049529],[120.65764,16.049526],[120.657637,16.049797],[120.657633,16.050068],[120.657914,16.050071],[120.65791,16.050342],[120.657907,16.050613]]],[[[120.676126,16.05054],[120.675845,16.050537],[120.675842,16.050808],[120.675562,16.050805],[120.675565,16.050534],[120.675568,16.050263],[120.675571,16.049992],[120.675852,16.049995],[120.675849,16.050266],[120.676129,16.050269],[120.676126,16.05054]]],[[[120.704628,16.050879],[120.704625,16.05115],[120.704345,16.051147],[120.704348,16.050876],[120.704628,16.050879]]],[[[120.681649,16.050632],[120.681929,16.050635],[120.681926,16.050906],[120.681646,16.050903],[120.681649,16.050632]]],[[[120.703504,16.051138],[120.703507,16.050867],[120.703787,16.05087],[120.703791,16.050599],[120.703794,16.050328],[120.704074,16.050331],[120.704354,16.050334],[120.704351,16.050605],[120.704071,16.050602],[120.704068,16.050873],[120.704065,16.051144],[120.703784,16.051141],[120.703504,16.051138]]],[[[120.636893,16.050111],[120.63689,16.050382],[120.636887,16.050653],[120.636607,16.05065],[120.63661,16.050379],[120.63633,16.050376],[120.636333,16.050105],[120.636613,16.050108],[120.636893,16.050111]]],[[[120.666617,16.048811],[120.666613,16.049082],[120.666894,16.049085],[120.667174,16.049088],[120.667171,16.049359],[120.667168,16.04963],[120.667448,16.049633],[120.667445,16.049904],[120.667442,16.050175],[120.667438,16.050446],[120.667435,16.050717],[120.667432,16.050988],[120.667152,16.050985],[120.667155,16.050714],[120.666875,16.050711],[120.666878,16.05044],[120.666881,16.050169],[120.667161,16.050172],[120.667164,16.049901],[120.666884,16.049898],[120.666604,16.049895],[120.666607,16.049624],[120.66661,16.049353],[120.66633,16.04935],[120.666333,16.049079],[120.666053,16.049076],[120.666056,16.048805],[120.666336,16.048808],[120.666617,16.048811]]],[[[120.680883,16.051134],[120.680603,16.051131],[120.680606,16.05086],[120.680886,16.050863],[120.680883,16.051134]]],[[[120.633808,16.050348],[120.633804,16.050619],[120.633524,16.050616],[120.633527,16.050345],[120.633808,16.050348]]],[[[120.638014,16.050123],[120.638294,16.050126],[120.638575,16.05013],[120.638855,16.050133],[120.638852,16.050404],[120.638572,16.050401],[120.638291,16.050397],[120.638288,16.050668],[120.638008,16.050665],[120.638011,16.050394],[120.638014,16.050123]]],[[[120.656506,16.050598],[120.656503,16.050869],[120.656223,16.050865],[120.656226,16.050594],[120.656506,16.050598]]],[[[120.670234,16.051018],[120.669954,16.051015],[120.669957,16.050744],[120.66996,16.050473],[120.670241,16.050476],[120.670238,16.050747],[120.670234,16.051018]]],[[[120.684728,16.050936],[120.685008,16.050939],[120.685005,16.05121],[120.684725,16.051207],[120.684728,16.050936]]],[[[120.695377,16.051051],[120.695374,16.051322],[120.695094,16.051319],[120.695097,16.051048],[120.695377,16.051051]]],[[[120.641648,16.050976],[120.641367,16.050973],[120.641371,16.050702],[120.641651,16.050705],[120.641648,16.050976]]],[[[120.632961,16.050881],[120.63268,16.050878],[120.6324,16.050874],[120.63212,16.050871],[120.632056,16.050871],[120.632028,16.050328],[120.632126,16.050329],[120.632407,16.050332],[120.632403,16.050603],[120.632684,16.050607],[120.632964,16.05061],[120.632961,16.050881]]],[[[120.638288,16.050668],[120.638568,16.050672],[120.638565,16.050942],[120.638285,16.050939],[120.638288,16.050668]]],[[[120.640527,16.050964],[120.64053,16.050693],[120.64081,16.050696],[120.640807,16.050967],[120.640527,16.050964]]],[[[120.653143,16.050561],[120.653424,16.050564],[120.65342,16.050835],[120.653701,16.050838],[120.653698,16.051109],[120.653417,16.051106],[120.653137,16.051103],[120.65314,16.050832],[120.653143,16.050561]]],[[[120.657907,16.050613],[120.658188,16.050616],[120.658468,16.050619],[120.658465,16.05089],[120.658461,16.051161],[120.658181,16.051158],[120.657901,16.051155],[120.657904,16.050884],[120.657907,16.050613]]],[[[120.66071,16.050643],[120.660429,16.05064],[120.660426,16.050911],[120.660423,16.051182],[120.660143,16.051179],[120.659863,16.051176],[120.659866,16.050905],[120.659586,16.050902],[120.659589,16.050631],[120.659308,16.050628],[120.659312,16.050357],[120.659031,16.050354],[120.659035,16.050083],[120.659315,16.050086],[120.659318,16.049815],[120.659321,16.049544],[120.659324,16.049273],[120.659327,16.049002],[120.659331,16.048731],[120.659334,16.04846],[120.659054,16.048457],[120.659057,16.048186],[120.65906,16.047915],[120.659063,16.047644],[120.659343,16.047647],[120.65934,16.047918],[120.65962,16.047921],[120.659617,16.048192],[120.659614,16.048463],[120.659611,16.048734],[120.659891,16.048737],[120.660171,16.04874],[120.660168,16.049011],[120.660448,16.049015],[120.660452,16.048744],[120.660732,16.048747],[120.660729,16.049018],[120.660725,16.049289],[120.660445,16.049285],[120.660442,16.049556],[120.660162,16.049553],[120.660159,16.049824],[120.660155,16.050095],[120.660436,16.050098],[120.660439,16.049827],[120.660442,16.049556],[120.660722,16.04956],[120.660725,16.049289],[120.661006,16.049292],[120.661003,16.049563],[120.661283,16.049566],[120.66128,16.049837],[120.66156,16.04984],[120.66184,16.049843],[120.66212,16.049846],[120.662117,16.050117],[120.662397,16.05012],[120.662394,16.050391],[120.662114,16.050388],[120.662111,16.050659],[120.662391,16.050662],[120.662388,16.050933],[120.662108,16.05093],[120.661827,16.050927],[120.661547,16.050924],[120.661267,16.050921],[120.66127,16.05065],[120.661273,16.050379],[120.660993,16.050376],[120.660713,16.050372],[120.66071,16.050643]]],[[[120.697333,16.051614],[120.697052,16.051611],[120.697055,16.05134],[120.697336,16.051343],[120.697333,16.051614]]],[[[120.703504,16.051138],[120.703501,16.051409],[120.703498,16.05168],[120.703218,16.051677],[120.703221,16.051406],[120.703224,16.051135],[120.703504,16.051138]]],[[[120.70574,16.051704],[120.70546,16.051701],[120.705179,16.051698],[120.705182,16.051427],[120.705186,16.051156],[120.705189,16.050885],[120.705469,16.050888],[120.705466,16.051159],[120.705746,16.051162],[120.705743,16.051433],[120.70574,16.051704]]],[[[120.632961,16.050881],[120.633241,16.050884],[120.633238,16.051155],[120.632957,16.051152],[120.632961,16.050881]]],[[[120.636881,16.051195],[120.6366,16.051192],[120.636604,16.050921],[120.636884,16.050924],[120.636881,16.051195]]],[[[120.637441,16.051201],[120.637444,16.05093],[120.637164,16.050927],[120.637167,16.050656],[120.637447,16.050659],[120.637728,16.050662],[120.637724,16.050933],[120.637721,16.051204],[120.637441,16.051201]]],[[[120.669107,16.051548],[120.668827,16.051545],[120.66883,16.051274],[120.66911,16.051277],[120.669107,16.051548]]],[[[120.669387,16.051551],[120.669391,16.05128],[120.669394,16.051009],[120.669397,16.050738],[120.669677,16.050741],[120.669674,16.051012],[120.669671,16.051283],[120.669668,16.051554],[120.669387,16.051551]]],[[[120.670234,16.051018],[120.670515,16.051021],[120.670511,16.051292],[120.670792,16.051295],[120.670789,16.051566],[120.670508,16.051563],[120.670228,16.05156],[120.669948,16.051557],[120.669951,16.051286],[120.670231,16.051289],[120.670234,16.051018]]],[[[120.680883,16.051134],[120.681164,16.051137],[120.68116,16.051408],[120.681157,16.051679],[120.680877,16.051676],[120.68088,16.051405],[120.680883,16.051134]]],[[[120.684158,16.051743],[120.684161,16.051472],[120.684165,16.051201],[120.684445,16.051204],[120.684442,16.051475],[120.684438,16.051746],[120.684158,16.051743]]],[[[120.703218,16.051677],[120.703215,16.051948],[120.702934,16.051945],[120.702937,16.051674],[120.703218,16.051677]]],[[[120.696489,16.051876],[120.696209,16.051873],[120.695928,16.05187],[120.695931,16.051599],[120.696212,16.051602],[120.696492,16.051605],[120.696489,16.051876]]],[[[120.700692,16.051921],[120.700412,16.051918],[120.700132,16.051915],[120.700135,16.051644],[120.700415,16.051647],[120.700696,16.05165],[120.700692,16.051921]]],[[[120.676403,16.050814],[120.676683,16.050817],[120.676963,16.05082],[120.67696,16.051091],[120.676957,16.051362],[120.676954,16.051633],[120.676951,16.051904],[120.67667,16.051901],[120.676673,16.05163],[120.676677,16.051359],[120.676396,16.051356],[120.676116,16.051353],[120.676119,16.051082],[120.6764,16.051085],[120.676403,16.050814]]],[[[120.641409,16.047451],[120.641406,16.047722],[120.641686,16.047725],[120.641683,16.047996],[120.641963,16.047999],[120.64196,16.04827],[120.64224,16.048273],[120.64252,16.048276],[120.642517,16.048547],[120.642514,16.048818],[120.642511,16.049089],[120.642507,16.04936],[120.642788,16.049363],[120.643068,16.049366],[120.643348,16.049369],[120.643345,16.04964],[120.643065,16.049637],[120.643062,16.049908],[120.643058,16.050179],[120.643339,16.050182],[120.643335,16.050453],[120.643616,16.050456],[120.643612,16.050727],[120.643609,16.050998],[120.643889,16.051001],[120.643893,16.05073],[120.644173,16.050733],[120.64417,16.051004],[120.644167,16.051275],[120.643886,16.051272],[120.643883,16.051543],[120.643603,16.05154],[120.643606,16.051269],[120.643326,16.051266],[120.643329,16.050995],[120.643332,16.050724],[120.643052,16.050721],[120.642772,16.050718],[120.642492,16.050715],[120.642211,16.050712],[120.642214,16.050441],[120.641934,16.050438],[120.641937,16.050167],[120.641941,16.049896],[120.64166,16.049893],[120.641657,16.050164],[120.641377,16.05016],[120.64138,16.049889],[120.641383,16.049618],[120.641387,16.049347],[120.641667,16.049351],[120.641947,16.049354],[120.642227,16.049357],[120.64223,16.049086],[120.64195,16.049083],[120.64167,16.04908],[120.64139,16.049077],[120.641393,16.048806],[120.641396,16.048535],[120.641399,16.048264],[120.641119,16.04826],[120.640839,16.048257],[120.640836,16.048528],[120.640832,16.048799],[120.640552,16.048796],[120.640549,16.049067],[120.640269,16.049064],[120.640272,16.048793],[120.639992,16.04879],[120.639995,16.048519],[120.640275,16.048522],[120.640278,16.048251],[120.640282,16.04798],[120.640562,16.047983],[120.640565,16.047712],[120.640568,16.047441],[120.640848,16.047444],[120.641129,16.047448],[120.641409,16.047451]],[[120.641125,16.047719],[120.640845,16.047715],[120.640842,16.047986],[120.641122,16.04799],[120.641125,16.047719]]],[[[120.684158,16.051743],[120.684155,16.052014],[120.683875,16.052011],[120.683595,16.052008],[120.683598,16.051737],[120.683878,16.05174],[120.684158,16.051743]]],[[[120.704339,16.051689],[120.704336,16.05196],[120.704332,16.052231],[120.704052,16.052228],[120.704055,16.051957],[120.704058,16.051686],[120.704339,16.051689]]],[[[120.691725,16.051825],[120.692005,16.051828],[120.692002,16.052099],[120.691722,16.052096],[120.691725,16.051825]]],[[[120.702934,16.051945],[120.702931,16.052216],[120.702651,16.052213],[120.702654,16.051942],[120.702934,16.051945]]],[[[120.643603,16.05154],[120.6436,16.051811],[120.643319,16.051808],[120.643323,16.051537],[120.643603,16.05154]]],[[[120.654248,16.051928],[120.653968,16.051925],[120.653971,16.051654],[120.653975,16.051383],[120.654255,16.051386],[120.654258,16.051115],[120.654538,16.051118],[120.654535,16.051389],[120.654532,16.05166],[120.654252,16.051657],[120.654248,16.051928]]],[[[120.655653,16.051672],[120.65565,16.051943],[120.655369,16.05194],[120.655373,16.051669],[120.655376,16.051398],[120.655095,16.051395],[120.655099,16.051124],[120.655379,16.051127],[120.655659,16.05113],[120.655939,16.051133],[120.655936,16.051404],[120.655656,16.051401],[120.655653,16.051672]]],[[[120.659573,16.051986],[120.659293,16.051983],[120.659012,16.05198],[120.658732,16.051977],[120.658735,16.051706],[120.658739,16.051435],[120.658742,16.051164],[120.658745,16.050893],[120.658748,16.050622],[120.659028,16.050625],[120.659308,16.050628],[120.659305,16.050899],[120.659586,16.050902],[120.659582,16.051173],[120.659302,16.05117],[120.659299,16.051441],[120.659296,16.051712],[120.659576,16.051715],[120.659573,16.051986]]],[[[120.670782,16.052108],[120.670502,16.052105],[120.670505,16.051834],[120.670785,16.051837],[120.670782,16.052108]]],[[[120.679192,16.051929],[120.679473,16.051932],[120.67947,16.052203],[120.679189,16.0522],[120.679192,16.051929]]],[[[120.670807,16.04994],[120.670804,16.050211],[120.671085,16.050214],[120.671088,16.049944],[120.670807,16.04994],[120.670811,16.049669],[120.671091,16.049673],[120.671094,16.049402],[120.670814,16.049398],[120.670817,16.049128],[120.671097,16.049131],[120.6711,16.04886],[120.671381,16.048863],[120.671377,16.049134],[120.671374,16.049405],[120.671371,16.049676],[120.671651,16.049679],[120.671648,16.04995],[120.671368,16.049947],[120.671365,16.050218],[120.671645,16.050221],[120.671642,16.050492],[120.671922,16.050495],[120.672202,16.050498],[120.672199,16.050769],[120.672196,16.05104],[120.672193,16.051311],[120.672473,16.051314],[120.672753,16.051317],[120.67275,16.051588],[120.672747,16.051859],[120.672744,16.05213],[120.672464,16.052127],[120.672183,16.052124],[120.672187,16.051853],[120.671906,16.05185],[120.671909,16.051579],[120.671629,16.051576],[120.671632,16.051305],[120.671636,16.051034],[120.671355,16.051031],[120.671358,16.05076],[120.671078,16.050756],[120.671081,16.050485],[120.670801,16.050482],[120.670521,16.050479],[120.670524,16.050208],[120.670244,16.050205],[120.669964,16.050202],[120.669683,16.050199],[120.669687,16.049928],[120.669967,16.049931],[120.670247,16.049934],[120.670527,16.049937],[120.670807,16.04994]]],[[[120.708256,16.052273],[120.708253,16.052544],[120.707972,16.052541],[120.707976,16.05227],[120.708256,16.052273]]],[[[120.702931,16.052216],[120.703211,16.052219],[120.703208,16.05249],[120.702928,16.052487],[120.702931,16.052216]]],[[[120.693123,16.052111],[120.693403,16.052114],[120.693683,16.052117],[120.69368,16.052388],[120.6934,16.052385],[120.69312,16.052382],[120.693123,16.052111]]],[[[120.696202,16.052415],[120.696205,16.052144],[120.696486,16.052147],[120.696483,16.052418],[120.696202,16.052415]]],[[[120.639393,16.052036],[120.639113,16.052033],[120.638833,16.052029],[120.638836,16.051759],[120.638839,16.051488],[120.638559,16.051484],[120.638562,16.051213],[120.638842,16.051217],[120.638845,16.050946],[120.639126,16.050949],[120.639122,16.05122],[120.639403,16.051223],[120.639683,16.051226],[120.63968,16.051497],[120.63996,16.0515],[120.639957,16.051771],[120.639676,16.051768],[120.639396,16.051765],[120.639393,16.052036]]],[[[120.669658,16.052367],[120.669378,16.052364],[120.669381,16.052093],[120.669101,16.05209],[120.669104,16.051819],[120.669107,16.051548],[120.669387,16.051551],[120.669384,16.051822],[120.669664,16.051825],[120.669661,16.052096],[120.669658,16.052367]]],[[[120.670782,16.052108],[120.671062,16.052111],[120.671059,16.052382],[120.670779,16.052379],[120.670782,16.052108]]],[[[120.672744,16.05213],[120.673024,16.052133],[120.673021,16.052404],[120.672741,16.052401],[120.672744,16.05213]]],[[[120.67975,16.052206],[120.679747,16.052477],[120.679466,16.052474],[120.67947,16.052203],[120.67975,16.052206]]],[[[120.668817,16.052358],[120.668537,16.052355],[120.66854,16.052084],[120.668821,16.052087],[120.668817,16.052358]]],[[[120.684993,16.052294],[120.68499,16.052565],[120.684709,16.052562],[120.684712,16.052291],[120.684993,16.052294]]],[[[120.696202,16.052415],[120.696199,16.052686],[120.695919,16.052683],[120.695639,16.05268],[120.695642,16.052409],[120.695922,16.052412],[120.696202,16.052415]]],[[[120.704329,16.052502],[120.704326,16.052773],[120.704046,16.05277],[120.704049,16.052499],[120.704329,16.052502]]],[[[120.641074,16.052054],[120.640794,16.052051],[120.640797,16.05178],[120.640517,16.051777],[120.640514,16.052048],[120.640511,16.052319],[120.640231,16.052316],[120.640234,16.052045],[120.640237,16.051774],[120.64024,16.051503],[120.640243,16.051232],[120.640246,16.050961],[120.640527,16.050964],[120.640524,16.051235],[120.640804,16.051238],[120.640801,16.051509],[120.641081,16.051512],[120.641078,16.051783],[120.641074,16.052054]]],[[[120.658169,16.052242],[120.658165,16.052513],[120.657885,16.05251],[120.657888,16.052239],[120.658169,16.052242]]],[[[120.658729,16.052248],[120.658726,16.052519],[120.658446,16.052516],[120.658449,16.052245],[120.658729,16.052248]]],[[[120.666292,16.052602],[120.666012,16.052598],[120.665732,16.052595],[120.665735,16.052324],[120.666015,16.052327],[120.666295,16.052331],[120.666292,16.052602]]],[[[120.669658,16.052367],[120.669938,16.05237],[120.669935,16.052641],[120.669655,16.052638],[120.669658,16.052367]]],[[[120.673021,16.052404],[120.673301,16.052407],[120.673298,16.052678],[120.673018,16.052675],[120.673021,16.052404]]],[[[120.635202,16.050905],[120.635483,16.050908],[120.635486,16.050638],[120.635766,16.050641],[120.635763,16.050912],[120.636043,16.050915],[120.63604,16.051186],[120.63632,16.051189],[120.636317,16.05146],[120.636037,16.051457],[120.636033,16.051728],[120.63603,16.051999],[120.636311,16.052002],[120.636307,16.052273],[120.636027,16.05227],[120.635747,16.052266],[120.63575,16.051995],[120.63547,16.051992],[120.635473,16.051721],[120.635476,16.05145],[120.635479,16.051179],[120.635199,16.051176],[120.635202,16.050905]]],[[[120.639393,16.052036],[120.639673,16.052039],[120.63967,16.05231],[120.63939,16.052307],[120.639393,16.052036]]],[[[120.652003,16.052174],[120.652,16.052445],[120.65172,16.052442],[120.65144,16.052439],[120.65116,16.052436],[120.651163,16.052165],[120.651443,16.052168],[120.651446,16.051897],[120.651726,16.0519],[120.652007,16.051903],[120.652003,16.052174]]],[[[120.654806,16.052205],[120.654526,16.052202],[120.654522,16.052473],[120.654242,16.05247],[120.654245,16.052199],[120.654248,16.051928],[120.654529,16.051931],[120.654809,16.051934],[120.654806,16.052205]]],[[[120.671059,16.052382],[120.67134,16.052385],[120.671336,16.052656],[120.671056,16.052653],[120.671059,16.052382]]],[[[120.705447,16.052785],[120.705727,16.052788],[120.705724,16.053059],[120.705444,16.053056],[120.705164,16.053053],[120.705167,16.052782],[120.705447,16.052785]]],[[[120.659573,16.051986],[120.659853,16.051989],[120.659856,16.051718],[120.660137,16.051721],[120.660133,16.051992],[120.66013,16.052263],[120.660127,16.052534],[120.660124,16.052805],[120.659844,16.052802],[120.659847,16.052531],[120.659567,16.052528],[120.65957,16.052257],[120.659573,16.051986]]],[[[120.67974,16.053019],[120.67946,16.053016],[120.679463,16.052745],[120.679744,16.052748],[120.67974,16.053019]]],[[[120.636584,16.052547],[120.636588,16.052276],[120.636868,16.052279],[120.636865,16.05255],[120.636584,16.052547]]],[[[120.660684,16.052811],[120.660687,16.05254],[120.660968,16.052543],[120.660965,16.052814],[120.660684,16.052811]]],[[[120.665231,16.047441],[120.664951,16.047438],[120.664671,16.047434],[120.664391,16.047431],[120.664387,16.047702],[120.664668,16.047705],[120.664664,16.047976],[120.664945,16.047979],[120.664942,16.04825],[120.664938,16.048521],[120.664658,16.048518],[120.664655,16.048789],[120.664935,16.048792],[120.664932,16.049063],[120.665212,16.049066],[120.665209,16.049337],[120.665489,16.049341],[120.665486,16.049612],[120.665206,16.049608],[120.665203,16.049879],[120.6652,16.05015],[120.665197,16.050421],[120.664916,16.050418],[120.664913,16.050689],[120.66491,16.05096],[120.664907,16.051231],[120.664904,16.051502],[120.6649,16.051773],[120.665181,16.051776],[120.665178,16.052047],[120.665174,16.052318],[120.665455,16.052321],[120.665451,16.052592],[120.665171,16.052589],[120.665168,16.05286],[120.664888,16.052857],[120.664891,16.052586],[120.664894,16.052315],[120.664897,16.052044],[120.664617,16.052041],[120.66462,16.05177],[120.664623,16.051499],[120.664343,16.051496],[120.664063,16.051493],[120.664066,16.051222],[120.663786,16.051219],[120.663789,16.050948],[120.663792,16.050677],[120.664072,16.05068],[120.664076,16.050409],[120.664356,16.050412],[120.664359,16.050141],[120.664079,16.050138],[120.664082,16.049867],[120.664085,16.049596],[120.663805,16.049593],[120.663808,16.049322],[120.663811,16.049051],[120.664091,16.049054],[120.664095,16.048783],[120.664098,16.048512],[120.663817,16.048509],[120.663821,16.048238],[120.66354,16.048235],[120.663544,16.047964],[120.663263,16.047961],[120.663266,16.04769],[120.66327,16.047419],[120.66355,16.047422],[120.663553,16.047151],[120.663556,16.04688],[120.663836,16.046883],[120.663839,16.046648],[120.664959,16.04674],[120.664957,16.046896],[120.665238,16.046899],[120.665518,16.046902],[120.665798,16.046905],[120.666078,16.046908],[120.666075,16.047179],[120.666355,16.047182],[120.666636,16.047185],[120.666916,16.047188],[120.667196,16.047191],[120.667476,16.047194],[120.667756,16.047197],[120.668037,16.0472],[120.668034,16.047471],[120.667753,16.047468],[120.667473,16.047465],[120.667193,16.047462],[120.66719,16.047733],[120.667187,16.048004],[120.667467,16.048007],[120.667747,16.04801],[120.667744,16.048281],[120.667464,16.048278],[120.667183,16.048275],[120.66718,16.048546],[120.667177,16.048817],[120.666897,16.048814],[120.666617,16.048811],[120.66662,16.04854],[120.6669,16.048543],[120.666903,16.048272],[120.666906,16.048001],[120.666626,16.047998],[120.666623,16.048269],[120.66662,16.04854],[120.66634,16.048537],[120.666059,16.048534],[120.665779,16.048531],[120.665782,16.04826],[120.665502,16.048257],[120.665499,16.048528],[120.665219,16.048525],[120.665222,16.048254],[120.665225,16.047983],[120.665505,16.047986],[120.665785,16.047989],[120.665789,16.047718],[120.666069,16.047721],[120.666066,16.047992],[120.666346,16.047995],[120.666349,16.047724],[120.666352,16.047453],[120.666072,16.04745],[120.665792,16.047447],[120.665795,16.047176],[120.665515,16.047173],[120.665234,16.04717],[120.665231,16.047441]],[[120.66411,16.047428],[120.66383,16.047425],[120.663827,16.047696],[120.664107,16.047699],[120.66411,16.047428]],[[120.664646,16.049602],[120.664642,16.049873],[120.664923,16.049876],[120.664926,16.049605],[120.664646,16.049602]],[[120.664117,16.046886],[120.664113,16.047157],[120.664394,16.04716],[120.664397,16.046889],[120.664117,16.046886]]],[[[120.680301,16.053025],[120.680021,16.053022],[120.680024,16.052751],[120.680027,16.05248],[120.68003,16.052209],[120.68031,16.052212],[120.680307,16.052483],[120.680304,16.052754],[120.680301,16.053025]]],[[[120.693391,16.053198],[120.693394,16.052927],[120.693674,16.05293],[120.693671,16.053201],[120.693391,16.053198]]],[[[120.697317,16.052969],[120.697314,16.05324],[120.697034,16.053237],[120.697037,16.052966],[120.697317,16.052969]]],[[[120.699559,16.052993],[120.699556,16.053264],[120.699276,16.053261],[120.699279,16.05299],[120.699559,16.052993]]],[[[120.704043,16.053041],[120.704323,16.053044],[120.70432,16.053315],[120.70404,16.053312],[120.704043,16.053041]]],[[[120.684423,16.053101],[120.684143,16.053098],[120.684146,16.052827],[120.684149,16.052556],[120.683869,16.052553],[120.683872,16.052282],[120.684152,16.052285],[120.684432,16.052288],[120.684429,16.052559],[120.684426,16.05283],[120.684423,16.053101]]],[[[120.661802,16.053095],[120.661805,16.052824],[120.662085,16.052827],[120.662082,16.053098],[120.661802,16.053095]]],[[[120.666289,16.052872],[120.666569,16.052876],[120.666566,16.053147],[120.666286,16.053143],[120.666006,16.05314],[120.666009,16.052869],[120.666289,16.052872]]],[[[120.668817,16.052358],[120.669098,16.052361],[120.669095,16.052632],[120.669091,16.052903],[120.669088,16.053174],[120.668808,16.053171],[120.668811,16.0529],[120.668814,16.052629],[120.668817,16.052358]]],[[[120.680021,16.053022],[120.680017,16.053293],[120.679737,16.05329],[120.67974,16.053019],[120.680021,16.053022]]],[[[120.640788,16.052593],[120.640785,16.052864],[120.640504,16.052861],[120.640508,16.05259],[120.640788,16.052593]]],[[[120.650873,16.052975],[120.650593,16.052972],[120.650596,16.052701],[120.650876,16.052704],[120.650873,16.052975]]],[[[120.670212,16.052915],[120.670493,16.052918],[120.670773,16.052921],[120.67077,16.053192],[120.670489,16.053189],[120.670209,16.053186],[120.670212,16.052915]]],[[[120.673298,16.052678],[120.673578,16.052681],[120.673575,16.052952],[120.673572,16.053223],[120.673292,16.05322],[120.673295,16.052949],[120.673298,16.052678]]],[[[120.688343,16.053414],[120.688063,16.053411],[120.688066,16.05314],[120.688346,16.053143],[120.688343,16.053414]]],[[[120.682181,16.053077],[120.682178,16.053348],[120.681898,16.053345],[120.681901,16.053074],[120.681904,16.052803],[120.681907,16.052532],[120.68191,16.052261],[120.681913,16.05199],[120.682193,16.051993],[120.68219,16.052264],[120.682471,16.052267],[120.682467,16.052538],[120.682464,16.052809],[120.682184,16.052806],[120.682181,16.053077]]],[[[120.684423,16.053101],[120.684703,16.053104],[120.6847,16.053375],[120.68442,16.053372],[120.684423,16.053101]]],[[[120.693948,16.053475],[120.693951,16.053204],[120.693954,16.052933],[120.694234,16.052936],[120.694231,16.053207],[120.694228,16.053478],[120.693948,16.053475]]],[[[120.673292,16.05322],[120.673289,16.053491],[120.673008,16.053488],[120.672728,16.053485],[120.672448,16.053482],[120.672451,16.053211],[120.672454,16.05294],[120.672734,16.052943],[120.673015,16.052946],[120.673012,16.053217],[120.673292,16.05322]]],[[[120.632938,16.052777],[120.633218,16.052781],[120.633215,16.053052],[120.632935,16.053048],[120.632938,16.052777]]],[[[120.640221,16.053129],[120.639941,16.053126],[120.63966,16.053123],[120.639664,16.052852],[120.639667,16.052581],[120.63967,16.05231],[120.63995,16.052313],[120.640231,16.052316],[120.640227,16.052587],[120.639947,16.052584],[120.639944,16.052855],[120.640224,16.052858],[120.640221,16.053129]]],[[[120.644428,16.052904],[120.644424,16.053175],[120.644144,16.053172],[120.644147,16.052901],[120.644428,16.052904]]],[[[120.647284,16.048328],[120.647004,16.048325],[120.647001,16.048596],[120.647281,16.048599],[120.647284,16.048328],[120.647564,16.048331],[120.647561,16.048602],[120.647558,16.048873],[120.647838,16.048876],[120.647835,16.049147],[120.647832,16.049418],[120.647552,16.049415],[120.647555,16.049144],[120.647274,16.049141],[120.646994,16.049138],[120.646991,16.049409],[120.646988,16.04968],[120.647268,16.049683],[120.647265,16.049954],[120.647262,16.050225],[120.647259,16.050496],[120.647255,16.050767],[120.647252,16.051038],[120.647249,16.051309],[120.647246,16.05158],[120.647526,16.051583],[120.647523,16.051854],[120.64752,16.052125],[120.6478,16.052128],[120.647797,16.052399],[120.647517,16.052396],[120.647236,16.052393],[120.647233,16.052664],[120.64723,16.052935],[120.647227,16.053206],[120.646947,16.053203],[120.64695,16.052932],[120.646669,16.052929],[120.646673,16.052658],[120.646392,16.052655],[120.646396,16.052384],[120.646676,16.052387],[120.646679,16.052116],[120.646682,16.051845],[120.646685,16.051574],[120.646966,16.051577],[120.646969,16.051306],[120.646689,16.051303],[120.646692,16.051032],[120.646695,16.050761],[120.646975,16.050764],[120.646978,16.050493],[120.646698,16.05049],[120.646701,16.050219],[120.646421,16.050216],[120.646141,16.050213],[120.645861,16.05021],[120.645864,16.049939],[120.645584,16.049936],[120.645303,16.049933],[120.645307,16.049662],[120.64531,16.049391],[120.64559,16.049394],[120.64587,16.049397],[120.645867,16.049668],[120.646147,16.049671],[120.646427,16.049674],[120.646708,16.049677],[120.646711,16.049406],[120.646714,16.049135],[120.646434,16.049132],[120.646154,16.049129],[120.64615,16.0494],[120.64587,16.049397],[120.645873,16.049126],[120.645877,16.048855],[120.645596,16.048852],[120.6456,16.048581],[120.645319,16.048578],[120.645322,16.048307],[120.645326,16.048036],[120.645329,16.047765],[120.645049,16.047762],[120.645052,16.047491],[120.644772,16.047488],[120.644775,16.047217],[120.644495,16.047214],[120.644498,16.046943],[120.644218,16.04694],[120.644214,16.04721],[120.643934,16.047207],[120.643937,16.046936],[120.64394,16.046665],[120.64366,16.046662],[120.64338,16.046659],[120.643383,16.046388],[120.643663,16.046391],[120.643944,16.046394],[120.643947,16.046123],[120.644227,16.046127],[120.644507,16.04613],[120.644504,16.046401],[120.644784,16.046404],[120.644781,16.046675],[120.645061,16.046678],[120.645058,16.046949],[120.645055,16.04722],[120.645335,16.047223],[120.645338,16.046952],[120.645619,16.046955],[120.645622,16.046684],[120.645625,16.046413],[120.645628,16.046142],[120.645631,16.045871],[120.645912,16.045874],[120.646192,16.045877],[120.646472,16.04588],[120.646752,16.045883],[120.646749,16.046154],[120.646746,16.046425],[120.647026,16.046428],[120.647029,16.046157],[120.64731,16.04616],[120.64759,16.046164],[120.64787,16.046167],[120.647867,16.046438],[120.647864,16.046709],[120.648144,16.046712],[120.648147,16.046441],[120.648427,16.046444],[120.648424,16.046715],[120.648421,16.046986],[120.648701,16.046989],[120.648704,16.046718],[120.648984,16.046721],[120.648981,16.046992],[120.648978,16.047263],[120.648698,16.04726],[120.648418,16.047257],[120.648137,16.047254],[120.647857,16.047251],[120.647854,16.047521],[120.648134,16.047525],[120.648131,16.047796],[120.648128,16.048067],[120.648125,16.048338],[120.647844,16.048334],[120.647848,16.048063],[120.647567,16.04806],[120.647287,16.048057],[120.64729,16.047786],[120.64701,16.047783],[120.647013,16.047512],[120.647017,16.047241],[120.646736,16.047238],[120.646733,16.047509],[120.64673,16.04778],[120.64701,16.047783],[120.647007,16.048054],[120.647287,16.048057],[120.647284,16.048328]],[[120.645603,16.04831],[120.645883,16.048313],[120.646163,16.048316],[120.646166,16.048045],[120.645886,16.048042],[120.645606,16.048039],[120.645603,16.04831]],[[120.647303,16.046702],[120.647583,16.046705],[120.647587,16.046434],[120.647306,16.046431],[120.647303,16.046702]]],[[[120.654233,16.053283],[120.654236,16.053012],[120.654239,16.052741],[120.654519,16.052744],[120.654516,16.053015],[120.654513,16.053286],[120.654233,16.053283]]],[[[120.671336,16.052656],[120.671617,16.052659],[120.671614,16.05293],[120.67161,16.053201],[120.671607,16.053472],[120.671327,16.053469],[120.67133,16.053198],[120.67105,16.053195],[120.671053,16.052924],[120.671333,16.052927],[120.671336,16.052656]]],[[[120.680575,16.05357],[120.680295,16.053567],[120.680298,16.053296],[120.680301,16.053025],[120.680581,16.053028],[120.680578,16.053299],[120.680575,16.05357]]],[[[120.704034,16.053854],[120.703753,16.053851],[120.703756,16.05358],[120.704037,16.053583],[120.704034,16.053854]]],[[[120.695346,16.053761],[120.695349,16.05349],[120.695629,16.053493],[120.69591,16.053496],[120.695906,16.053767],[120.695626,16.053764],[120.695346,16.053761]]],[[[120.705435,16.053869],[120.705155,16.053866],[120.705158,16.053595],[120.705438,16.053598],[120.705435,16.053869]]],[[[120.655914,16.053301],[120.655634,16.053298],[120.655631,16.053569],[120.65535,16.053566],[120.655354,16.053295],[120.655357,16.053024],[120.655076,16.053021],[120.654796,16.053018],[120.654799,16.052747],[120.654803,16.052476],[120.654806,16.052205],[120.655086,16.052208],[120.655083,16.052479],[120.65508,16.05275],[120.65536,16.052753],[120.65564,16.052756],[120.655637,16.053027],[120.655917,16.05303],[120.655914,16.053301]]],[[[120.633776,16.053058],[120.633772,16.053329],[120.633492,16.053326],[120.633495,16.053055],[120.633776,16.053058]]],[[[120.646947,16.053203],[120.646943,16.053474],[120.646663,16.053471],[120.646383,16.053468],[120.646386,16.053197],[120.646389,16.052926],[120.646669,16.052929],[120.646666,16.0532],[120.646947,16.053203]]],[[[120.655914,16.053301],[120.656194,16.053304],[120.656191,16.053575],[120.655911,16.053572],[120.655914,16.053301]]],[[[120.660395,16.053621],[120.660398,16.05335],[120.660678,16.053353],[120.660675,16.053624],[120.660395,16.053621]]],[[[120.661802,16.053095],[120.661799,16.053366],[120.661796,16.053637],[120.661516,16.053633],[120.661235,16.05363],[120.660955,16.053627],[120.660958,16.053356],[120.661238,16.053359],[120.661519,16.053362],[120.661522,16.053092],[120.661802,16.053095]]],[[[120.671327,16.053469],[120.671324,16.05374],[120.671044,16.053737],[120.671047,16.053466],[120.671327,16.053469]]],[[[120.683296,16.053631],[120.683292,16.053902],[120.683012,16.053899],[120.683015,16.053628],[120.683296,16.053631]]],[[[120.682172,16.05389],[120.682175,16.053619],[120.682455,16.053622],[120.682735,16.053625],[120.682732,16.053896],[120.682452,16.053893],[120.682172,16.05389]]],[[[120.703199,16.053303],[120.703196,16.053574],[120.703193,16.053845],[120.70319,16.054116],[120.702909,16.054113],[120.702913,16.053842],[120.702916,16.053571],[120.702919,16.0533],[120.703199,16.053303]]],[[[120.657029,16.053855],[120.656748,16.053852],[120.656752,16.053581],[120.657032,16.053584],[120.657029,16.053855]]],[[[120.680011,16.053835],[120.679731,16.053832],[120.679728,16.054103],[120.679448,16.0541],[120.679451,16.053829],[120.679454,16.053558],[120.679734,16.053561],[120.680014,16.053564],[120.680011,16.053835]]],[[[120.680575,16.05357],[120.680855,16.053573],[120.680852,16.053844],[120.680849,16.054115],[120.680569,16.054112],[120.680572,16.053841],[120.680575,16.05357]]],[[[120.640221,16.053129],[120.640501,16.053132],[120.640781,16.053135],[120.640778,16.053406],[120.640775,16.053677],[120.640495,16.053674],[120.640215,16.053671],[120.639934,16.053668],[120.639938,16.053397],[120.640218,16.0534],[120.640221,16.053129]]],[[[120.653105,16.053812],[120.652825,16.053809],[120.652828,16.053538],[120.652831,16.053267],[120.652835,16.052996],[120.652554,16.052993],[120.652558,16.052722],[120.652838,16.052725],[120.652841,16.052455],[120.652844,16.052184],[120.653124,16.052187],[120.653121,16.052458],[120.653401,16.052461],[120.653398,16.052732],[120.653678,16.052735],[120.653675,16.053006],[120.653672,16.053277],[120.653392,16.053274],[120.653389,16.053545],[120.653108,16.053542],[120.653105,16.053812]]],[[[120.682172,16.05389],[120.682168,16.054161],[120.681888,16.054158],[120.681891,16.053887],[120.682172,16.05389]]],[[[120.63517,16.053615],[120.635451,16.053618],[120.635447,16.053889],[120.635167,16.053886],[120.63517,16.053615]]],[[[120.657029,16.053855],[120.657309,16.053859],[120.657306,16.054129],[120.657025,16.054126],[120.657029,16.053855]]],[[[120.679448,16.0541],[120.679444,16.054371],[120.679164,16.054368],[120.679167,16.054097],[120.679448,16.0541]]],[[[120.641893,16.05396],[120.641613,16.053957],[120.641332,16.053954],[120.641335,16.053683],[120.641339,16.053412],[120.641342,16.053141],[120.641062,16.053138],[120.641065,16.052867],[120.641345,16.05287],[120.641348,16.052599],[120.641068,16.052596],[120.641071,16.052325],[120.641074,16.052054],[120.641355,16.052057],[120.641351,16.052328],[120.641632,16.052331],[120.641628,16.052602],[120.641909,16.052605],[120.642189,16.052609],[120.642469,16.052612],[120.642749,16.052615],[120.642746,16.052886],[120.642466,16.052883],[120.642186,16.052879],[120.642183,16.05315],[120.642463,16.053154],[120.64246,16.053425],[120.642179,16.053421],[120.641899,16.053418],[120.641896,16.053689],[120.641893,16.05396]]],[[[120.653105,16.053812],[120.653386,16.053816],[120.653382,16.054087],[120.653102,16.054083],[120.653105,16.053812]]],[[[120.66207,16.054182],[120.662073,16.053911],[120.662076,16.05364],[120.662079,16.053369],[120.662359,16.053372],[120.662356,16.053643],[120.662353,16.053914],[120.66235,16.054185],[120.66207,16.054182]]],[[[120.675571,16.049992],[120.675291,16.049989],[120.675011,16.049986],[120.674731,16.049983],[120.674728,16.050254],[120.674724,16.050525],[120.675005,16.050528],[120.675002,16.050799],[120.674998,16.05107],[120.675279,16.051073],[120.675275,16.051344],[120.674995,16.051341],[120.674992,16.051612],[120.675272,16.051615],[120.675269,16.051886],[120.675266,16.052157],[120.675263,16.052428],[120.675543,16.052431],[120.67554,16.052702],[120.67582,16.052705],[120.675823,16.052434],[120.676104,16.052437],[120.676384,16.05244],[120.676664,16.052443],[120.676944,16.052446],[120.676941,16.052717],[120.677221,16.05272],[120.677218,16.052991],[120.677498,16.052994],[120.677779,16.052997],[120.678059,16.053],[120.678339,16.053003],[120.678336,16.053274],[120.678616,16.053277],[120.678613,16.053548],[120.67861,16.053819],[120.678607,16.05409],[120.678327,16.054087],[120.678323,16.054358],[120.678043,16.054355],[120.677763,16.054352],[120.677766,16.054081],[120.677486,16.054078],[120.677489,16.053807],[120.677209,16.053804],[120.677206,16.054075],[120.676925,16.054072],[120.676929,16.053801],[120.676648,16.053798],[120.676368,16.053795],[120.676371,16.053524],[120.676651,16.053527],[120.676932,16.05353],[120.676935,16.053259],[120.676938,16.052988],[120.676658,16.052985],[120.676378,16.052982],[120.676381,16.052711],[120.6761,16.052708],[120.676097,16.052979],[120.675817,16.052976],[120.675537,16.052973],[120.675257,16.05297],[120.67526,16.052699],[120.674979,16.052696],[120.674699,16.052693],[120.674702,16.052422],[120.674706,16.052151],[120.674425,16.052148],[120.674428,16.051877],[120.674432,16.051606],[120.674435,16.051335],[120.674155,16.051332],[120.673874,16.051329],[120.673877,16.051058],[120.673881,16.050787],[120.6736,16.050784],[120.673603,16.050513],[120.673607,16.050242],[120.673887,16.050245],[120.673884,16.050516],[120.674164,16.050519],[120.674167,16.050248],[120.673887,16.050245],[120.67389,16.049974],[120.67417,16.049977],[120.674173,16.049706],[120.673893,16.049703],[120.673613,16.0497],[120.673616,16.049429],[120.673896,16.049432],[120.673899,16.049161],[120.673619,16.049158],[120.673622,16.048887],[120.673342,16.048884],[120.673345,16.048613],[120.673626,16.048616],[120.673629,16.048345],[120.673909,16.048348],[120.673912,16.048077],[120.673632,16.048074],[120.673635,16.047803],[120.673355,16.0478],[120.673075,16.047797],[120.673078,16.047526],[120.672797,16.047523],[120.672801,16.047252],[120.672803,16.047029],[120.673083,16.047038],[120.673081,16.047255],[120.673361,16.047258],[120.673358,16.047529],[120.673638,16.047532],[120.673641,16.047261],[120.673921,16.047264],[120.673924,16.047065],[120.674484,16.047083],[120.674482,16.04727],[120.674479,16.047541],[120.674759,16.047544],[120.674762,16.047273],[120.674764,16.047092],[120.675605,16.04712],[120.675603,16.047282],[120.675883,16.047285],[120.675885,16.047129],[120.676445,16.047147],[120.676444,16.047291],[120.676724,16.047295],[120.677004,16.047298],[120.677001,16.047569],[120.677281,16.047572],[120.677284,16.047301],[120.677286,16.047174],[120.677566,16.047183],[120.677564,16.047304],[120.677845,16.047307],[120.677842,16.047578],[120.678122,16.047581],[120.678119,16.047852],[120.678399,16.047855],[120.678396,16.048126],[120.678393,16.048397],[120.678673,16.0484],[120.67867,16.048671],[120.678667,16.048942],[120.678663,16.049213],[120.67866,16.049484],[120.678941,16.049487],[120.678944,16.049216],[120.679224,16.049219],[120.679221,16.04949],[120.679501,16.049493],[120.679498,16.049764],[120.679495,16.050035],[120.679492,16.050306],[120.679488,16.050577],[120.679208,16.050574],[120.679205,16.050845],[120.679485,16.050848],[120.679766,16.050851],[120.679762,16.051122],[120.679759,16.051393],[120.680039,16.051396],[120.680036,16.051667],[120.680317,16.05167],[120.680313,16.051941],[120.680033,16.051938],[120.68003,16.052209],[120.67975,16.052206],[120.679753,16.051935],[120.679756,16.051664],[120.679476,16.051661],[120.679479,16.05139],[120.679199,16.051387],[120.679196,16.051658],[120.679192,16.051929],[120.678912,16.051926],[120.678632,16.051923],[120.678635,16.051652],[120.678915,16.051655],[120.678919,16.051384],[120.678638,16.051381],[120.678358,16.051378],[120.678078,16.051375],[120.678081,16.051104],[120.678084,16.050833],[120.677804,16.050829],[120.677807,16.050559],[120.677527,16.050555],[120.677247,16.050552],[120.67725,16.050281],[120.676969,16.050278],[120.676973,16.050007],[120.676976,16.049736],[120.677256,16.049739],[120.677253,16.05001],[120.677533,16.050013],[120.67753,16.050284],[120.67781,16.050288],[120.677813,16.050017],[120.678094,16.05002],[120.678097,16.049749],[120.677816,16.049746],[120.67782,16.049475],[120.677823,16.049204],[120.677542,16.049201],[120.677539,16.049472],[120.677259,16.049468],[120.677262,16.049197],[120.677265,16.048927],[120.677546,16.04893],[120.677549,16.048659],[120.677269,16.048656],[120.676988,16.048652],[120.676991,16.048381],[120.676995,16.048111],[120.676998,16.04784],[120.676718,16.047836],[120.676714,16.048107],[120.676711,16.048378],[120.676431,16.048375],[120.676151,16.048372],[120.676154,16.048101],[120.676157,16.04783],[120.675877,16.047827],[120.675597,16.047824],[120.6756,16.047553],[120.675319,16.04755],[120.675316,16.047821],[120.675036,16.047818],[120.674756,16.047815],[120.674753,16.048086],[120.674473,16.048083],[120.674469,16.048354],[120.674189,16.048351],[120.674186,16.048622],[120.674466,16.048625],[120.674469,16.048354],[120.67475,16.048357],[120.67503,16.04836],[120.675027,16.048631],[120.675024,16.048902],[120.674743,16.048899],[120.67474,16.04917],[120.67502,16.049173],[120.675024,16.048902],[120.675304,16.048905],[120.675584,16.048908],[120.675581,16.049179],[120.675301,16.049176],[120.675297,16.049447],[120.675578,16.04945],[120.675575,16.049721],[120.675571,16.049992]],[[120.674721,16.050796],[120.674441,16.050793],[120.674438,16.051064],[120.674718,16.051067],[120.674721,16.050796]],[[120.678053,16.053542],[120.677772,16.053539],[120.677769,16.05381],[120.67805,16.053813],[120.678053,16.053542]]],[[[120.697298,16.054595],[120.697018,16.054592],[120.697021,16.054321],[120.697301,16.054324],[120.697298,16.054595]]],[[[120.685808,16.054471],[120.685528,16.054468],[120.685531,16.054197],[120.685534,16.053926],[120.685538,16.053655],[120.685818,16.053658],[120.685815,16.053929],[120.685812,16.0542],[120.685808,16.054471]]],[[[120.688904,16.05342],[120.6889,16.053691],[120.689181,16.053694],[120.689178,16.053965],[120.689174,16.054236],[120.689171,16.054507],[120.688891,16.054504],[120.688611,16.054501],[120.688614,16.05423],[120.688334,16.054227],[120.688337,16.053956],[120.68834,16.053685],[120.688343,16.053414],[120.688623,16.053417],[120.688904,16.05342]]],[[[120.696177,16.054583],[120.69618,16.054312],[120.696461,16.054315],[120.696741,16.054318],[120.696738,16.054589],[120.696458,16.054586],[120.696177,16.054583]]],[[[120.708725,16.05011],[120.70907,16.051198],[120.708829,16.051195],[120.708548,16.051192],[120.708545,16.051463],[120.708542,16.051734],[120.708262,16.051731],[120.707982,16.051728],[120.707985,16.051457],[120.708265,16.05146],[120.708268,16.051189],[120.708271,16.050918],[120.708552,16.050921],[120.708832,16.050924],[120.708835,16.050653],[120.708555,16.05065],[120.708274,16.050647],[120.707994,16.050644],[120.707997,16.050373],[120.707717,16.05037],[120.707437,16.050367],[120.707157,16.050364],[120.707153,16.050635],[120.70715,16.050906],[120.707147,16.051177],[120.707144,16.051448],[120.706864,16.051445],[120.706861,16.051716],[120.706858,16.051987],[120.706855,16.052258],[120.706574,16.052255],[120.706571,16.052526],[120.706568,16.052797],[120.706565,16.053068],[120.706562,16.053339],[120.706559,16.05361],[120.706279,16.053607],[120.706276,16.053878],[120.705995,16.053875],[120.705992,16.054146],[120.705989,16.054417],[120.705709,16.054414],[120.705706,16.054685],[120.705425,16.054682],[120.705429,16.054411],[120.705432,16.05414],[120.705435,16.053869],[120.705715,16.053872],[120.705718,16.053601],[120.705998,16.053604],[120.706001,16.053333],[120.706005,16.053062],[120.706008,16.052791],[120.706288,16.052794],[120.706291,16.052523],[120.706011,16.05252],[120.706014,16.052249],[120.705734,16.052246],[120.705737,16.051975],[120.70574,16.051704],[120.70602,16.051707],[120.706023,16.051436],[120.706303,16.051439],[120.706307,16.051168],[120.706587,16.051171],[120.70659,16.0509],[120.70631,16.050897],[120.706313,16.050626],[120.706593,16.050629],[120.706596,16.050358],[120.706316,16.050355],[120.706313,16.050626],[120.706033,16.050623],[120.705752,16.05062],[120.705472,16.050617],[120.705475,16.050346],[120.705478,16.050075],[120.705198,16.050072],[120.705201,16.049801],[120.705204,16.04953],[120.705207,16.049259],[120.705488,16.049262],[120.705768,16.049265],[120.705765,16.049536],[120.705762,16.049807],[120.705758,16.050078],[120.705755,16.050349],[120.706036,16.050352],[120.706039,16.050081],[120.706042,16.04981],[120.706322,16.049813],[120.706602,16.049816],[120.706605,16.049545],[120.706886,16.049548],[120.706889,16.049277],[120.706609,16.049274],[120.706328,16.049271],[120.706048,16.049268],[120.705768,16.049265],[120.705769,16.049122],[120.707729,16.049322],[120.707726,16.049557],[120.708007,16.04956],[120.708004,16.049831],[120.708284,16.049834],[120.708281,16.050105],[120.708561,16.050108],[120.708725,16.05011]],[[120.706879,16.05009],[120.70716,16.050093],[120.707163,16.049822],[120.706883,16.049819],[120.706879,16.05009]]],[[[120.636845,16.054176],[120.636565,16.054173],[120.636568,16.053902],[120.636288,16.053899],[120.636008,16.053895],[120.636011,16.053624],[120.636291,16.053628],[120.636572,16.053631],[120.636852,16.053634],[120.636849,16.053905],[120.636845,16.054176]]],[[[120.66207,16.054182],[120.662066,16.054453],[120.661786,16.054449],[120.661506,16.054446],[120.661509,16.054175],[120.661789,16.054179],[120.66207,16.054182]]],[[[120.664589,16.05448],[120.664308,16.054477],[120.664312,16.054206],[120.664592,16.054209],[120.664589,16.05448]]],[[[120.633486,16.053868],[120.633483,16.054139],[120.633202,16.054135],[120.633206,16.053864],[120.633486,16.053868]]],[[[120.640772,16.053948],[120.640769,16.054219],[120.640488,16.054216],[120.640492,16.053945],[120.640772,16.053948]]],[[[120.651701,16.054068],[120.651981,16.054071],[120.651978,16.054342],[120.651698,16.054339],[120.651701,16.054068]]],[[[120.656182,16.054388],[120.656185,16.054117],[120.656465,16.05412],[120.656462,16.054391],[120.656182,16.054388]]],[[[120.680011,16.053835],[120.680291,16.053838],[120.680288,16.054109],[120.680285,16.05438],[120.680282,16.054651],[120.680002,16.054648],[120.679722,16.054645],[120.679725,16.054374],[120.679728,16.054103],[120.680008,16.054106],[120.680011,16.053835]]],[[[120.684697,16.053646],[120.684694,16.053917],[120.684413,16.053914],[120.68441,16.054185],[120.684691,16.054188],[120.684687,16.054459],[120.684684,16.05473],[120.684404,16.054727],[120.684124,16.054724],[120.684127,16.054453],[120.68413,16.054182],[120.68385,16.054179],[120.683853,16.053908],[120.684133,16.053911],[120.684136,16.05364],[120.684417,16.053643],[120.684697,16.053646]]],[[[120.708228,16.054712],[120.708225,16.054983],[120.707945,16.05498],[120.707948,16.054709],[120.707951,16.054438],[120.707671,16.054435],[120.707674,16.054164],[120.707393,16.054161],[120.707396,16.05389],[120.707116,16.053887],[120.707119,16.053616],[120.707122,16.053345],[120.707403,16.053348],[120.7074,16.053619],[120.70768,16.053622],[120.70796,16.053625],[120.707957,16.053896],[120.707954,16.054167],[120.708234,16.05417],[120.708514,16.054173],[120.708795,16.054176],[120.709075,16.054179],[120.709072,16.05445],[120.708792,16.054447],[120.708788,16.054718],[120.708508,16.054715],[120.708228,16.054712]]],[[[120.657299,16.054671],[120.657019,16.054668],[120.657022,16.054397],[120.657302,16.0544],[120.657299,16.054671]]],[[[120.661267,16.050921],[120.661264,16.051192],[120.661261,16.051463],[120.661541,16.051466],[120.661544,16.051195],[120.661824,16.051198],[120.662104,16.051201],[120.662385,16.051204],[120.662665,16.051207],[120.662945,16.05121],[120.662948,16.050939],[120.662668,16.050936],[120.662671,16.050665],[120.662951,16.050668],[120.663232,16.050671],[120.663229,16.050942],[120.663509,16.050945],[120.663506,16.051216],[120.663502,16.051487],[120.663499,16.051758],[120.66378,16.051761],[120.663776,16.052032],[120.663773,16.052303],[120.664053,16.052306],[120.66405,16.052577],[120.664331,16.05258],[120.664327,16.052851],[120.664324,16.053122],[120.664044,16.053119],[120.664041,16.05339],[120.663761,16.053387],[120.663757,16.053658],[120.664038,16.053661],[120.664034,16.053932],[120.664031,16.054203],[120.663751,16.0542],[120.663748,16.054471],[120.663468,16.054468],[120.663187,16.054465],[120.663184,16.054736],[120.662904,16.054733],[120.662907,16.054462],[120.66291,16.054191],[120.663191,16.054194],[120.663194,16.053923],[120.662914,16.05392],[120.662917,16.053649],[120.66292,16.053378],[120.66264,16.053375],[120.662643,16.053104],[120.662646,16.052833],[120.662649,16.052562],[120.662369,16.052559],[120.662372,16.052288],[120.662092,16.052285],[120.662095,16.052014],[120.661815,16.052011],[120.661535,16.052008],[120.661538,16.051737],[120.661257,16.051734],[120.660977,16.05173],[120.660974,16.052001],[120.660694,16.051998],[120.660697,16.051727],[120.660417,16.051724],[120.66042,16.051453],[120.660423,16.051182],[120.660703,16.051185],[120.660706,16.050914],[120.66071,16.050643],[120.66099,16.050647],[120.660987,16.050918],[120.661267,16.050921]],[[120.662382,16.051475],[120.662378,16.051746],[120.662659,16.051749],[120.662662,16.051478],[120.662382,16.051475]],[[120.663493,16.0523],[120.663213,16.052297],[120.66321,16.052568],[120.66349,16.052571],[120.663493,16.0523]],[[120.663483,16.053113],[120.663487,16.052842],[120.663206,16.052839],[120.663203,16.05311],[120.663483,16.053113]]],[[[120.672996,16.054572],[120.673276,16.054575],[120.673273,16.054846],[120.672993,16.054843],[120.672996,16.054572]]],[[[120.673837,16.054581],[120.673833,16.054852],[120.673553,16.054849],[120.673556,16.054578],[120.673837,16.054581]]],[[[120.641326,16.054496],[120.641046,16.054493],[120.641049,16.054222],[120.641329,16.054225],[120.641326,16.054496]]],[[[120.64246,16.053425],[120.64274,16.053428],[120.642737,16.053699],[120.643017,16.053702],[120.643297,16.053705],[120.643577,16.053708],[120.643858,16.053711],[120.644138,16.053714],[120.644135,16.053985],[120.643854,16.053982],[120.643574,16.053979],[120.643294,16.053976],[120.643014,16.053973],[120.643011,16.054244],[120.643007,16.054515],[120.642727,16.054512],[120.64273,16.054241],[120.64245,16.054237],[120.64217,16.054234],[120.642167,16.054505],[120.641886,16.054502],[120.64189,16.054231],[120.641893,16.05396],[120.642173,16.053963],[120.642453,16.053966],[120.642456,16.053696],[120.64246,16.053425]]],[[[120.653656,16.054632],[120.653376,16.054629],[120.653379,16.054358],[120.653659,16.054361],[120.653656,16.054632]]],[[[120.654217,16.054638],[120.65422,16.054367],[120.654223,16.054096],[120.654503,16.054099],[120.654506,16.053828],[120.654787,16.053831],[120.654784,16.054102],[120.65478,16.054373],[120.654777,16.054644],[120.654497,16.054641],[120.654217,16.054638]]],[[[120.677476,16.054891],[120.677196,16.054888],[120.677199,16.054617],[120.67748,16.05462],[120.677476,16.054891]]],[[[120.703461,16.054932],[120.703741,16.054935],[120.703738,16.055206],[120.703458,16.055203],[120.703177,16.0552],[120.70318,16.054929],[120.703461,16.054932]]],[[[120.685808,16.054471],[120.686089,16.054474],[120.686085,16.054745],[120.686366,16.054748],[120.686363,16.055019],[120.686082,16.055016],[120.685802,16.055013],[120.685805,16.054742],[120.685808,16.054471]]],[[[120.688885,16.055046],[120.688605,16.055043],[120.688608,16.054772],[120.688888,16.054775],[120.688885,16.055046]]],[[[120.702654,16.051942],[120.702374,16.051939],[120.702377,16.051668],[120.702097,16.051665],[120.701816,16.051662],[120.701536,16.051659],[120.701533,16.05193],[120.70153,16.052201],[120.701527,16.052472],[120.701247,16.052469],[120.701244,16.05274],[120.70124,16.053011],[120.701237,16.053282],[120.701518,16.053285],[120.701514,16.053556],[120.701511,16.053827],[120.701231,16.053824],[120.701228,16.054095],[120.701225,16.054366],[120.701222,16.054637],[120.700942,16.054634],[120.700938,16.054905],[120.700935,16.055176],[120.700655,16.055173],[120.700375,16.05517],[120.700095,16.055167],[120.700098,16.054896],[120.700101,16.054625],[120.700104,16.054354],[120.700384,16.054357],[120.700381,16.054628],[120.700661,16.054631],[120.700664,16.05436],[120.700384,16.054357],[120.700387,16.054086],[120.70039,16.053815],[120.700393,16.053544],[120.700397,16.053273],[120.7004,16.053002],[120.70068,16.053005],[120.70096,16.053008],[120.700963,16.052737],[120.700683,16.052734],[120.700403,16.052731],[120.700406,16.05246],[120.700409,16.052189],[120.700689,16.052192],[120.700686,16.052463],[120.700966,16.052466],[120.70097,16.052195],[120.70125,16.052198],[120.701253,16.051927],[120.701256,16.051656],[120.701259,16.051385],[120.701262,16.051114],[120.701542,16.051117],[120.701546,16.050846],[120.701549,16.050575],[120.701829,16.050578],[120.701826,16.050849],[120.702106,16.050852],[120.702103,16.051123],[120.702383,16.051126],[120.702663,16.051129],[120.702667,16.050858],[120.702947,16.050861],[120.702944,16.051132],[120.702941,16.051403],[120.702937,16.051674],[120.702657,16.051671],[120.702654,16.051942]],[[120.700948,16.054092],[120.700951,16.053821],[120.700671,16.053818],[120.700668,16.054089],[120.700948,16.054092]]],[[[120.663184,16.054736],[120.663465,16.054739],[120.663461,16.05501],[120.663181,16.055007],[120.663184,16.054736]]],[[[120.664305,16.054748],[120.664302,16.055019],[120.664022,16.055016],[120.664025,16.054745],[120.664305,16.054748]]],[[[120.664589,16.05448],[120.664869,16.054483],[120.665149,16.054486],[120.665152,16.054215],[120.665155,16.053944],[120.665159,16.053673],[120.665162,16.053402],[120.665165,16.053131],[120.665445,16.053134],[120.665442,16.053405],[120.665439,16.053676],[120.665436,16.053947],[120.665433,16.054218],[120.665713,16.054221],[120.66571,16.054492],[120.665706,16.054763],[120.665703,16.055034],[120.665423,16.055031],[120.665143,16.055028],[120.665146,16.054757],[120.664866,16.054754],[120.664585,16.054751],[120.664589,16.05448]]],[[[120.656182,16.054388],[120.656178,16.054659],[120.656459,16.054662],[120.656455,16.054933],[120.656175,16.05493],[120.655895,16.054927],[120.655898,16.054656],[120.655901,16.054385],[120.656182,16.054388]]],[[[120.657299,16.054671],[120.65758,16.054675],[120.657576,16.054946],[120.657296,16.054942],[120.657299,16.054671]]],[[[120.667104,16.05505],[120.666824,16.055046],[120.666827,16.054775],[120.667108,16.054779],[120.667104,16.05505]]],[[[120.635444,16.05416],[120.635724,16.054163],[120.635721,16.054434],[120.636001,16.054437],[120.635998,16.054708],[120.635718,16.054705],[120.635438,16.054702],[120.635441,16.054431],[120.635444,16.05416]]],[[[120.641603,16.05477],[120.641323,16.054767],[120.641326,16.054496],[120.641606,16.054499],[120.641603,16.05477]]],[[[120.643284,16.054789],[120.643288,16.054518],[120.643568,16.054521],[120.643565,16.054792],[120.643284,16.054789]]],[[[120.672993,16.054843],[120.672989,16.055114],[120.672709,16.055111],[120.672429,16.055107],[120.672432,16.054836],[120.672152,16.054833],[120.672155,16.054562],[120.671875,16.054559],[120.671595,16.054556],[120.671598,16.054285],[120.671601,16.054014],[120.671321,16.054011],[120.671324,16.05374],[120.671604,16.053743],[120.671607,16.053472],[120.671887,16.053475],[120.671891,16.053204],[120.672171,16.053208],[120.672168,16.053479],[120.672448,16.053482],[120.672445,16.053753],[120.672725,16.053756],[120.672722,16.054027],[120.672719,16.054298],[120.672999,16.054301],[120.672996,16.054572],[120.672716,16.054569],[120.672712,16.05484],[120.672993,16.054843]],[[120.672161,16.05402],[120.671881,16.054017],[120.671878,16.054288],[120.672158,16.054291],[120.672438,16.054295],[120.672442,16.054024],[120.672161,16.05402]]],[[[120.705136,16.055492],[120.704856,16.055489],[120.704859,16.055218],[120.704862,16.054947],[120.704582,16.054944],[120.704301,16.054941],[120.704304,16.05467],[120.704308,16.054399],[120.704027,16.054396],[120.70403,16.054125],[120.704034,16.053854],[120.704314,16.053857],[120.704594,16.05386],[120.704591,16.054131],[120.704588,16.054402],[120.704585,16.054673],[120.704865,16.054676],[120.705145,16.054679],[120.705142,16.05495],[120.705139,16.055221],[120.705136,16.055492]]],[[[120.634033,16.054958],[120.634037,16.054687],[120.634317,16.05469],[120.634314,16.054961],[120.634033,16.054958]]],[[[120.665143,16.055028],[120.66514,16.055299],[120.664859,16.055296],[120.664863,16.055025],[120.665143,16.055028]]],[[[120.665703,16.055034],[120.665984,16.055037],[120.66598,16.055308],[120.6657,16.055305],[120.665703,16.055034]]],[[[120.672989,16.055114],[120.67327,16.055117],[120.673267,16.055388],[120.672986,16.055385],[120.672989,16.055114]]],[[[120.677473,16.055162],[120.67747,16.055433],[120.67719,16.05543],[120.677193,16.055159],[120.677473,16.055162]]],[[[120.661497,16.055259],[120.661216,16.055256],[120.660936,16.055253],[120.660939,16.054982],[120.660942,16.054711],[120.660662,16.054708],[120.660665,16.054437],[120.660385,16.054434],[120.660382,16.054705],[120.660102,16.054702],[120.659821,16.054699],[120.659541,16.054696],[120.659544,16.054425],[120.659548,16.054154],[120.659828,16.054157],[120.660108,16.05416],[120.660111,16.053889],[120.659831,16.053886],[120.659551,16.053883],[120.65927,16.05388],[120.659274,16.053609],[120.658993,16.053606],[120.658713,16.053603],[120.658716,16.053332],[120.658719,16.053061],[120.658723,16.05279],[120.659003,16.052793],[120.659283,16.052796],[120.65928,16.053067],[120.659277,16.053338],[120.659557,16.053341],[120.659837,16.053344],[120.660118,16.053347],[120.660114,16.053618],[120.660395,16.053621],[120.660391,16.053892],[120.660672,16.053895],[120.660668,16.054166],[120.660949,16.054169],[120.661229,16.054172],[120.661226,16.054443],[120.661506,16.054446],[120.661503,16.054717],[120.661783,16.05472],[120.662063,16.054724],[120.66206,16.054995],[120.662057,16.055265],[120.661777,16.055262],[120.66178,16.054991],[120.6615,16.054988],[120.661497,16.055259]]],[[[120.663181,16.055007],[120.663178,16.055278],[120.662898,16.055275],[120.662901,16.055004],[120.663181,16.055007]]],[[[120.684395,16.05554],[120.684114,16.055537],[120.683834,16.055534],[120.683837,16.055263],[120.684118,16.055266],[120.684121,16.054995],[120.684401,16.054998],[120.684681,16.055001],[120.684961,16.055004],[120.684958,16.055275],[120.684678,16.055272],[120.684398,16.055269],[120.684395,16.05554]]],[[[120.704012,16.055751],[120.703732,16.055748],[120.703451,16.055745],[120.703454,16.055474],[120.703735,16.055477],[120.704015,16.05548],[120.704012,16.055751]]],[[[120.705136,16.055492],[120.705416,16.055495],[120.705413,16.055766],[120.705133,16.055763],[120.705136,16.055492]]],[[[120.682713,16.055522],[120.682433,16.055519],[120.682436,16.055248],[120.682439,16.054977],[120.682719,16.05498],[120.682716,16.055251],[120.682713,16.055522]]],[[[120.702894,16.055468],[120.703174,16.055471],[120.703171,16.055742],[120.702891,16.055739],[120.702894,16.055468]]],[[[120.640205,16.054484],[120.639925,16.054481],[120.639645,16.054478],[120.639364,16.054474],[120.639361,16.054745],[120.639641,16.054749],[120.639638,16.05502],[120.639635,16.055291],[120.639355,16.055287],[120.639358,16.055016],[120.639078,16.055013],[120.639081,16.054742],[120.638801,16.054739],[120.638804,16.054468],[120.638807,16.054197],[120.638527,16.054194],[120.638524,16.054465],[120.638243,16.054462],[120.638247,16.054191],[120.637966,16.054188],[120.63797,16.053917],[120.637689,16.053914],[120.637686,16.054185],[120.637406,16.054182],[120.637409,16.053911],[120.637412,16.05364],[120.637132,16.053637],[120.637135,16.053366],[120.636855,16.053363],[120.636575,16.05336],[120.636578,16.053089],[120.636298,16.053086],[120.636301,16.052815],[120.636021,16.052812],[120.63574,16.052808],[120.635737,16.053079],[120.635457,16.053076],[120.635454,16.053347],[120.635174,16.053344],[120.63517,16.053615],[120.63489,16.053612],[120.634893,16.053341],[120.634897,16.05307],[120.635177,16.053073],[120.63518,16.052802],[120.6349,16.052799],[120.634903,16.052528],[120.634906,16.052257],[120.634626,16.052254],[120.634629,16.051983],[120.634632,16.051712],[120.634636,16.051441],[120.634639,16.05117],[120.634642,16.050899],[120.634362,16.050896],[120.634365,16.050625],[120.634085,16.050622],[120.634088,16.050351],[120.634368,16.050354],[120.634648,16.050357],[120.634645,16.050628],[120.634925,16.050631],[120.635206,16.050634],[120.635202,16.050905],[120.634922,16.050902],[120.634919,16.051173],[120.635199,16.051176],[120.635196,16.051447],[120.635193,16.051718],[120.63519,16.051989],[120.63547,16.051992],[120.635467,16.052263],[120.635747,16.052266],[120.635744,16.052537],[120.636024,16.052541],[120.636304,16.052544],[120.636584,16.052547],[120.636581,16.052818],[120.636861,16.052821],[120.637142,16.052824],[120.637145,16.052553],[120.637425,16.052556],[120.637422,16.052827],[120.637702,16.05283],[120.637699,16.053101],[120.637979,16.053104],[120.638259,16.053107],[120.638263,16.052836],[120.637982,16.052833],[120.637985,16.052562],[120.637989,16.052291],[120.637708,16.052288],[120.637428,16.052285],[120.637431,16.052014],[120.637435,16.051743],[120.637154,16.05174],[120.637158,16.051469],[120.636877,16.051466],[120.636881,16.051195],[120.637161,16.051198],[120.637441,16.051201],[120.637438,16.051472],[120.637718,16.051475],[120.637721,16.051204],[120.638001,16.051207],[120.637998,16.051478],[120.638279,16.051481],[120.638275,16.051752],[120.638272,16.052023],[120.638552,16.052026],[120.638549,16.052297],[120.638546,16.052568],[120.638826,16.052571],[120.638823,16.052842],[120.63882,16.053113],[120.638817,16.053384],[120.638813,16.053655],[120.639094,16.053658],[120.639374,16.053662],[120.639654,16.053665],[120.639934,16.053668],[120.639931,16.053939],[120.639928,16.05421],[120.640208,16.054213],[120.640205,16.054484]],[[120.637692,16.053643],[120.637973,16.053646],[120.637976,16.053375],[120.637696,16.053372],[120.637692,16.053643]]],[[[120.657853,16.05522],[120.658134,16.055223],[120.658131,16.055494],[120.65785,16.055491],[120.657853,16.05522]]],[[[120.672703,16.055652],[120.672423,16.055649],[120.672426,16.055378],[120.672706,16.055382],[120.672703,16.055652]]],[[[120.651698,16.054339],[120.651695,16.05461],[120.651691,16.054881],[120.651688,16.055152],[120.651408,16.055149],[120.651405,16.05542],[120.651125,16.055417],[120.651128,16.055146],[120.651131,16.054875],[120.651134,16.054604],[120.651137,16.054333],[120.65114,16.054062],[120.651144,16.053791],[120.651424,16.053794],[120.651427,16.053523],[120.651147,16.05352],[120.65115,16.053249],[120.651153,16.052978],[120.651156,16.052707],[120.651437,16.05271],[120.651717,16.052713],[120.651714,16.052984],[120.651433,16.052981],[120.65143,16.053252],[120.65171,16.053255],[120.651707,16.053526],[120.651988,16.053529],[120.651984,16.0538],[120.651704,16.053797],[120.651701,16.054068],[120.651421,16.054065],[120.651418,16.054336],[120.651698,16.054339]]],[[[120.661777,16.055262],[120.661774,16.055533],[120.661493,16.05553],[120.661497,16.055259],[120.661777,16.055262]]],[[[120.705133,16.055763],[120.70513,16.056034],[120.704849,16.056031],[120.704853,16.05576],[120.705133,16.055763]]],[[[120.682713,16.055522],[120.682993,16.055525],[120.68299,16.055796],[120.68271,16.055793],[120.682713,16.055522]]],[[[120.687552,16.049069],[120.687272,16.049066],[120.687269,16.049337],[120.687549,16.04934],[120.687552,16.049069],[120.687833,16.049072],[120.68783,16.049343],[120.687826,16.049614],[120.687546,16.049611],[120.687543,16.049882],[120.68754,16.050153],[120.687537,16.050424],[120.687257,16.050421],[120.687253,16.050692],[120.68725,16.050963],[120.687247,16.051234],[120.687527,16.051237],[120.687524,16.051508],[120.687244,16.051505],[120.686964,16.051502],[120.686961,16.051773],[120.686958,16.052044],[120.687238,16.052047],[120.687518,16.05205],[120.687515,16.052321],[120.687512,16.052592],[120.687231,16.052589],[120.687228,16.05286],[120.687225,16.053131],[120.687505,16.053134],[120.687502,16.053405],[120.687499,16.053676],[120.687496,16.053947],[120.687493,16.054218],[120.68749,16.054489],[120.687487,16.05476],[120.687484,16.055031],[120.68748,16.055302],[120.687477,16.055573],[120.687474,16.055844],[120.687194,16.055841],[120.686914,16.055838],[120.686917,16.055567],[120.687197,16.05557],[120.6872,16.055299],[120.687203,16.055028],[120.687206,16.054757],[120.68721,16.054486],[120.687213,16.054215],[120.687216,16.053944],[120.687219,16.053673],[120.686939,16.05367],[120.686658,16.053667],[120.686662,16.053396],[120.686665,16.053125],[120.686668,16.052854],[120.686671,16.052583],[120.686391,16.05258],[120.686394,16.052309],[120.686674,16.052312],[120.686677,16.052041],[120.68668,16.05177],[120.6864,16.051767],[120.686403,16.051496],[120.686123,16.051493],[120.685843,16.05149],[120.685846,16.051219],[120.686126,16.051222],[120.686129,16.050951],[120.686132,16.05068],[120.686136,16.050409],[120.686416,16.050412],[120.686419,16.050141],[120.686139,16.050138],[120.686142,16.049867],[120.686422,16.04987],[120.686702,16.049873],[120.686705,16.049602],[120.686425,16.049599],[120.686428,16.049328],[120.686431,16.049057],[120.686435,16.048786],[120.686715,16.048789],[120.686718,16.048518],[120.686438,16.048515],[120.686441,16.048244],[120.686444,16.047973],[120.686447,16.047702],[120.686727,16.047705],[120.686728,16.047621],[120.687288,16.047654],[120.687288,16.047711],[120.687568,16.047714],[120.687848,16.047718],[120.688129,16.047721],[120.688129,16.047702],[120.688689,16.047735],[120.688686,16.047998],[120.688966,16.048001],[120.688963,16.048272],[120.688683,16.048269],[120.688402,16.048266],[120.688122,16.048263],[120.687842,16.048259],[120.687562,16.048256],[120.687559,16.048527],[120.687556,16.048798],[120.687552,16.049069]]],[[[120.659538,16.054967],[120.659818,16.05497],[120.660099,16.054973],[120.660095,16.055244],[120.660092,16.055515],[120.660089,16.055786],[120.659809,16.055783],[120.659812,16.055512],[120.659532,16.055509],[120.659535,16.055238],[120.659255,16.055235],[120.659258,16.054964],[120.659538,16.054967]]],[[[120.669655,16.052638],[120.669652,16.052909],[120.669932,16.052912],[120.669929,16.053183],[120.669926,16.053454],[120.670206,16.053457],[120.670203,16.053728],[120.6702,16.053999],[120.670197,16.05427],[120.670477,16.054273],[120.670474,16.054544],[120.670754,16.054547],[120.670751,16.054818],[120.671031,16.054821],[120.671028,16.055092],[120.671025,16.055363],[120.671305,16.055366],[120.671302,16.055637],[120.671299,16.055908],[120.671018,16.055905],[120.671022,16.055634],[120.670741,16.055631],[120.670738,16.055902],[120.670458,16.055899],[120.670461,16.055628],[120.670464,16.055357],[120.670184,16.055354],[120.669904,16.055351],[120.669907,16.05508],[120.669627,16.055077],[120.66963,16.054806],[120.66935,16.054803],[120.669353,16.054532],[120.669356,16.054261],[120.669359,16.05399],[120.669362,16.053719],[120.669082,16.053716],[120.669085,16.053445],[120.669365,16.053448],[120.669646,16.053451],[120.669649,16.05318],[120.669368,16.053177],[120.669372,16.052906],[120.669375,16.052635],[120.669655,16.052638]],[[120.669916,16.054267],[120.669919,16.053996],[120.669639,16.053993],[120.669636,16.054264],[120.669916,16.054267]]],[[[120.688885,16.055046],[120.689165,16.055049],[120.689162,16.05532],[120.689159,16.055591],[120.689156,16.055862],[120.689153,16.056133],[120.688872,16.05613],[120.688875,16.055859],[120.688879,16.055588],[120.688882,16.055317],[120.688885,16.055046]]],[[[120.704286,16.056296],[120.704006,16.056293],[120.704009,16.056022],[120.704012,16.055751],[120.704292,16.055754],[120.704289,16.056025],[120.704286,16.056296]]],[[[120.687474,16.055844],[120.687754,16.055847],[120.687751,16.056118],[120.687471,16.056115],[120.687474,16.055844]]],[[[120.700923,16.05626],[120.700926,16.055989],[120.700646,16.055986],[120.700649,16.055715],[120.700369,16.055712],[120.700372,16.055441],[120.700652,16.055444],[120.700932,16.055447],[120.701212,16.05545],[120.701209,16.055721],[120.70149,16.055724],[120.701486,16.055995],[120.701483,16.056266],[120.701203,16.056263],[120.700923,16.05626]]],[[[120.656732,16.055207],[120.656729,16.055478],[120.65701,16.055481],[120.657006,16.055752],[120.657003,16.056023],[120.656723,16.05602],[120.656443,16.056017],[120.656446,16.055746],[120.656449,16.055475],[120.656452,16.055204],[120.656732,16.055207]]],[[[120.664859,16.055296],[120.664856,16.055567],[120.664576,16.055564],[120.664573,16.055835],[120.66457,16.056106],[120.664289,16.056103],[120.664293,16.055832],[120.664296,16.055561],[120.664016,16.055558],[120.664019,16.055287],[120.664299,16.05529],[120.664579,16.055293],[120.664859,16.055296]]],[[[120.665414,16.055844],[120.66541,16.056115],[120.66513,16.056112],[120.665133,16.055841],[120.665414,16.055844]]],[[[120.636546,16.055798],[120.636266,16.055795],[120.635986,16.055792],[120.635989,16.055521],[120.635708,16.055518],[120.635712,16.055247],[120.635715,16.054976],[120.635995,16.054979],[120.636275,16.054982],[120.636272,16.055253],[120.636552,16.055257],[120.636549,16.055527],[120.636546,16.055798]]],[[[120.661487,16.056072],[120.66149,16.055801],[120.66177,16.055804],[120.662051,16.055807],[120.662048,16.056078],[120.661767,16.056075],[120.661487,16.056072]]],[[[120.672416,16.056191],[120.672136,16.056188],[120.672139,16.055917],[120.67242,16.05592],[120.672416,16.056191]]],[[[120.675786,16.055686],[120.675505,16.055683],[120.675225,16.05568],[120.674945,16.055677],[120.674948,16.055406],[120.674668,16.055403],[120.674665,16.055674],[120.674661,16.055945],[120.674381,16.055942],[120.674101,16.055939],[120.674098,16.05621],[120.673818,16.056207],[120.673821,16.055936],[120.673541,16.055933],[120.673544,16.055662],[120.673263,16.055659],[120.673267,16.055388],[120.673547,16.055391],[120.673827,16.055394],[120.67383,16.055123],[120.673833,16.054852],[120.674114,16.054855],[120.67411,16.055126],[120.674391,16.055129],[120.674394,16.054858],[120.674674,16.054861],[120.674677,16.05459],[120.674397,16.054587],[120.6744,16.054316],[120.67412,16.054313],[120.674117,16.054584],[120.673837,16.054581],[120.67384,16.05431],[120.673843,16.054039],[120.673846,16.053768],[120.673849,16.053497],[120.673569,16.053494],[120.673572,16.053223],[120.673852,16.053226],[120.674132,16.053229],[120.674136,16.052958],[120.674139,16.052687],[120.674419,16.05269],[120.674416,16.052961],[120.674413,16.053232],[120.674693,16.053235],[120.67469,16.053506],[120.67497,16.053509],[120.674973,16.053238],[120.675253,16.053241],[120.67525,16.053512],[120.675531,16.053515],[120.675527,16.053786],[120.675524,16.054057],[120.675521,16.054328],[120.675518,16.054599],[120.675798,16.054602],[120.675795,16.054873],[120.675792,16.055144],[120.675789,16.055415],[120.675786,16.055686]],[[120.675235,16.054867],[120.675231,16.055138],[120.675228,16.055409],[120.675509,16.055412],[120.675512,16.055141],[120.675515,16.05487],[120.675235,16.054867],[120.675238,16.054596],[120.674957,16.054593],[120.674954,16.054864],[120.675235,16.054867]]],[[[120.675786,16.055686],[120.676066,16.055689],[120.676346,16.055692],[120.676343,16.055963],[120.67634,16.056234],[120.67606,16.056231],[120.675779,16.056228],[120.675782,16.055957],[120.675786,16.055686]]],[[[120.69756,16.056224],[120.697557,16.056495],[120.697277,16.056492],[120.69728,16.056221],[120.69756,16.056224]]],[[[120.698681,16.056236],[120.698401,16.056233],[120.698398,16.056504],[120.698117,16.056501],[120.69812,16.05623],[120.698123,16.055959],[120.698127,16.055688],[120.69813,16.055417],[120.698133,16.055146],[120.698136,16.054875],[120.697856,16.054872],[120.697859,16.054601],[120.697862,16.05433],[120.698142,16.054333],[120.698145,16.054062],[120.697865,16.054059],[120.697868,16.053788],[120.697871,16.053517],[120.697874,16.053246],[120.698155,16.053249],[120.698158,16.052978],[120.698161,16.052707],[120.698164,16.052436],[120.697884,16.052433],[120.697887,16.052162],[120.698167,16.052165],[120.69817,16.051894],[120.69845,16.051897],[120.698454,16.051626],[120.698734,16.051629],[120.698737,16.051358],[120.698457,16.051355],[120.698454,16.051626],[120.698173,16.051623],[120.697893,16.05162],[120.69789,16.051891],[120.697887,16.052162],[120.697607,16.052159],[120.69761,16.051888],[120.697613,16.051617],[120.697616,16.051346],[120.697896,16.051349],[120.697899,16.051078],[120.697902,16.050807],[120.698183,16.05081],[120.698186,16.050539],[120.698466,16.050542],[120.698463,16.050813],[120.698743,16.050816],[120.699023,16.050819],[120.699304,16.050822],[120.699307,16.050551],[120.69931,16.05028],[120.69959,16.050283],[120.699587,16.050554],[120.699584,16.050825],[120.699581,16.051096],[120.699301,16.051093],[120.699297,16.051364],[120.699578,16.051367],[120.699575,16.051638],[120.699294,16.051635],[120.699014,16.051632],[120.699011,16.051903],[120.699008,16.052174],[120.699005,16.052445],[120.698724,16.052442],[120.698721,16.052713],[120.698718,16.052984],[120.698998,16.052987],[120.698995,16.053258],[120.698992,16.053529],[120.698989,16.0538],[120.698709,16.053797],[120.698706,16.054068],[120.698703,16.054339],[120.698983,16.054342],[120.69898,16.054613],[120.6987,16.05461],[120.698696,16.054881],[120.698977,16.054884],[120.698974,16.055155],[120.69897,16.055426],[120.698967,16.055697],[120.698687,16.055694],[120.698684,16.055965],[120.698681,16.056236]]],[[[120.658685,16.056042],[120.658965,16.056045],[120.658962,16.056316],[120.658681,16.056313],[120.658685,16.056042]]],[[[120.634024,16.055771],[120.634021,16.056042],[120.63374,16.056039],[120.633744,16.055768],[120.634024,16.055771]]],[[[120.634033,16.054958],[120.63403,16.055229],[120.634311,16.055232],[120.634307,16.055503],[120.634588,16.055506],[120.634584,16.055777],[120.634581,16.056048],[120.634301,16.056045],[120.634304,16.055774],[120.634024,16.055771],[120.634027,16.0555],[120.633747,16.055497],[120.633467,16.055493],[120.63347,16.055222],[120.63319,16.055219],[120.632909,16.055216],[120.632913,16.054945],[120.632632,16.054942],[120.632352,16.054939],[120.632349,16.05521],[120.632285,16.055209],[120.632256,16.054667],[120.632355,16.054668],[120.632636,16.054671],[120.632916,16.054674],[120.633196,16.054677],[120.633193,16.054948],[120.633473,16.054951],[120.633753,16.054955],[120.634033,16.054958]]],[[[120.638788,16.055823],[120.638508,16.05582],[120.638504,16.056091],[120.638224,16.056088],[120.637944,16.056085],[120.637947,16.055814],[120.637667,16.055811],[120.637387,16.055808],[120.63739,16.055537],[120.63711,16.055534],[120.637113,16.055263],[120.637116,16.054992],[120.637119,16.054721],[120.636839,16.054718],[120.636842,16.054447],[120.636845,16.054176],[120.637126,16.054179],[120.637122,16.05445],[120.637403,16.054453],[120.637399,16.054724],[120.63768,16.054727],[120.637676,16.054998],[120.637957,16.055001],[120.637954,16.055272],[120.637673,16.055269],[120.63767,16.05554],[120.63795,16.055543],[120.637954,16.055272],[120.638234,16.055275],[120.638231,16.055546],[120.638511,16.055549],[120.638791,16.055552],[120.638788,16.055823]]],[[[120.651115,16.05623],[120.651118,16.055959],[120.651398,16.055962],[120.651395,16.056233],[120.651115,16.05623]]],[[[120.655879,16.056282],[120.655599,16.056279],[120.655602,16.056008],[120.655882,16.056011],[120.655879,16.056282]]],[[[120.64495,16.056162],[120.64467,16.056159],[120.644673,16.055888],[120.644393,16.055885],[120.644396,16.055614],[120.644399,16.055343],[120.644679,16.055346],[120.644959,16.055349],[120.64524,16.055352],[120.645243,16.055081],[120.645523,16.055084],[120.64552,16.055355],[120.645517,16.055626],[120.645236,16.055623],[120.645233,16.055894],[120.644953,16.055891],[120.64495,16.056162]]],[[[120.654217,16.054638],[120.654214,16.054909],[120.65421,16.05518],[120.654207,16.055451],[120.653927,16.055448],[120.653924,16.055719],[120.653644,16.055716],[120.65364,16.055986],[120.653637,16.056257],[120.653357,16.056254],[120.65336,16.055983],[120.65308,16.05598],[120.653077,16.056251],[120.652796,16.056248],[120.6528,16.055977],[120.652803,16.055706],[120.653083,16.055709],[120.653086,16.055438],[120.653089,16.055167],[120.65337,16.05517],[120.65365,16.055174],[120.65393,16.055177],[120.653933,16.054906],[120.653653,16.054903],[120.653656,16.054632],[120.653936,16.054635],[120.654217,16.054638]]],[[[120.661487,16.056072],[120.661484,16.056343],[120.661204,16.05634],[120.661207,16.056069],[120.661487,16.056072]]],[[[120.672416,16.056191],[120.672697,16.056194],[120.672694,16.056465],[120.672413,16.056462],[120.672416,16.056191]]],[[[120.70484,16.056844],[120.70456,16.056841],[120.704563,16.05657],[120.704283,16.056567],[120.704286,16.056296],[120.704566,16.056299],[120.704846,16.056302],[120.705127,16.056305],[120.705123,16.056576],[120.704843,16.056573],[120.70484,16.056844]]],[[[120.709888,16.056627],[120.709885,16.056898],[120.709604,16.056895],[120.709607,16.056624],[120.709888,16.056627]]],[[[120.636546,16.055798],[120.636826,16.055802],[120.636823,16.056073],[120.63682,16.056344],[120.63654,16.05634],[120.636543,16.056069],[120.636546,16.055798]]],[[[120.63346,16.056035],[120.633457,16.056306],[120.633177,16.056303],[120.63318,16.056032],[120.63346,16.056035]]],[[[120.664283,16.056645],[120.664003,16.056642],[120.664006,16.056371],[120.664286,16.056374],[120.664283,16.056645]]],[[[120.638788,16.055823],[120.639068,16.055826],[120.639065,16.056097],[120.639062,16.056368],[120.638781,16.056365],[120.638785,16.056094],[120.638788,16.055823]]],[[[120.646074,16.055903],[120.646354,16.055907],[120.646351,16.056177],[120.646348,16.056448],[120.646068,16.056445],[120.645787,16.056442],[120.645791,16.056171],[120.645794,16.0559],[120.646074,16.055903]]],[[[120.651115,16.05623],[120.651112,16.056501],[120.650832,16.056498],[120.650551,16.056495],[120.650271,16.056492],[120.650274,16.056221],[120.650555,16.056224],[120.650835,16.056227],[120.651115,16.05623]]],[[[120.667646,16.056682],[120.667366,16.056678],[120.667369,16.056408],[120.667649,16.056411],[120.667646,16.056682]]],[[[120.672413,16.056462],[120.67241,16.056733],[120.67213,16.05673],[120.67185,16.056727],[120.671569,16.056724],[120.671289,16.056721],[120.671009,16.056718],[120.671012,16.056447],[120.671292,16.05645],[120.671295,16.056179],[120.671299,16.055908],[120.671579,16.055911],[120.671576,16.056182],[120.671573,16.056453],[120.671853,16.056456],[120.672133,16.056459],[120.672413,16.056462]]],[[[120.684395,16.05554],[120.684675,16.055543],[120.684672,16.055814],[120.684669,16.056085],[120.684949,16.056088],[120.684946,16.056359],[120.684943,16.05663],[120.684939,16.056901],[120.684659,16.056898],[120.684662,16.056627],[120.684665,16.056356],[120.684385,16.056353],[120.684388,16.056082],[120.684391,16.055811],[120.684395,16.05554]]],[[[120.689153,16.056133],[120.689433,16.056136],[120.68943,16.056407],[120.68971,16.05641],[120.689707,16.056681],[120.689427,16.056678],[120.689423,16.056949],[120.689143,16.056946],[120.688863,16.056943],[120.688866,16.056672],[120.688869,16.056401],[120.689149,16.056404],[120.689153,16.056133]]],[[[120.70456,16.056841],[120.704557,16.057112],[120.704277,16.057109],[120.70428,16.056838],[120.70456,16.056841]]],[[[120.711844,16.057134],[120.712126,16.056957],[120.712124,16.057193],[120.711843,16.05719],[120.711844,16.057134]]],[[[120.686064,16.056642],[120.68606,16.056913],[120.68578,16.05691],[120.6855,16.056907],[120.685503,16.056636],[120.685506,16.056365],[120.685226,16.056362],[120.685229,16.056091],[120.685232,16.05582],[120.685235,16.055549],[120.685516,16.055552],[120.685796,16.055555],[120.685793,16.055826],[120.68579,16.056097],[120.685786,16.056368],[120.686067,16.056371],[120.686064,16.056642]]],[[[120.70484,16.056844],[120.70512,16.056847],[120.705117,16.057118],[120.704837,16.057115],[120.70484,16.056844]]],[[[120.636536,16.056611],[120.636256,16.056608],[120.636259,16.056337],[120.63654,16.05634],[120.636536,16.056611]]],[[[120.659799,16.056596],[120.659796,16.056867],[120.659516,16.056864],[120.659519,16.056593],[120.659799,16.056596]]],[[[120.662898,16.055275],[120.662895,16.055546],[120.663175,16.055549],[120.663455,16.055552],[120.663452,16.055823],[120.663449,16.056094],[120.663446,16.056365],[120.663442,16.056636],[120.663162,16.056633],[120.663159,16.056904],[120.662879,16.056901],[120.662598,16.056898],[120.662602,16.056627],[120.662605,16.056356],[120.662608,16.056085],[120.662611,16.055814],[120.662331,16.055811],[120.662334,16.05554],[120.662337,16.055269],[120.662617,16.055272],[120.662898,16.055275]]],[[[120.670726,16.056986],[120.670445,16.056983],[120.670448,16.056712],[120.670729,16.056715],[120.670726,16.056986]]],[[[120.707643,16.056874],[120.70764,16.057145],[120.707636,16.057416],[120.707356,16.057413],[120.707359,16.057142],[120.707362,16.056871],[120.707365,16.0566],[120.707646,16.056603],[120.707643,16.056874]]],[[[120.682975,16.057151],[120.682978,16.05688],[120.682981,16.056609],[120.682984,16.056338],[120.682987,16.056067],[120.683267,16.05607],[120.683264,16.056341],[120.683261,16.056612],[120.683258,16.056883],[120.683255,16.057154],[120.682975,16.057151]]],[[[120.63289,16.056842],[120.632893,16.056571],[120.633174,16.056574],[120.63317,16.056845],[120.63289,16.056842]]],[[[120.643826,16.056421],[120.643823,16.056692],[120.643819,16.056963],[120.643539,16.05696],[120.643542,16.056689],[120.643545,16.056418],[120.643826,16.056421]]],[[[120.651109,16.056772],[120.651105,16.057043],[120.650825,16.05704],[120.650828,16.056769],[120.651109,16.056772]]],[[[120.647466,16.056732],[120.647462,16.057003],[120.647182,16.057],[120.647185,16.056729],[120.647466,16.056732]]],[[[120.655879,16.056282],[120.656159,16.056285],[120.656156,16.056556],[120.656436,16.056559],[120.656433,16.05683],[120.65643,16.057101],[120.65615,16.057098],[120.656153,16.056827],[120.655873,16.056824],[120.655876,16.056553],[120.655879,16.056282]]],[[[120.662598,16.056898],[120.662595,16.057169],[120.662315,16.057165],[120.662318,16.056894],[120.662598,16.056898]]],[[[120.670726,16.056986],[120.671006,16.056989],[120.671286,16.056992],[120.671283,16.057263],[120.671003,16.05726],[120.670722,16.057257],[120.670726,16.056986]]],[[[120.676047,16.057315],[120.675767,16.057312],[120.67577,16.057041],[120.67605,16.057044],[120.676047,16.057315]]],[[[120.68942,16.05722],[120.689417,16.057491],[120.689137,16.057488],[120.68914,16.057217],[120.68942,16.05722]]],[[[120.682975,16.057151],[120.682971,16.057422],[120.682691,16.057419],[120.682694,16.057148],[120.682975,16.057151]]],[[[120.702869,16.057636],[120.702872,16.057365],[120.702875,16.057094],[120.703156,16.057097],[120.703159,16.056826],[120.703439,16.056829],[120.703442,16.056558],[120.703722,16.056561],[120.703719,16.056832],[120.703716,16.057103],[120.703713,16.057374],[120.703433,16.057371],[120.703152,16.057368],[120.703149,16.057639],[120.702869,16.057636]]],[[[120.667646,16.056682],[120.667926,16.056685],[120.667923,16.056956],[120.668203,16.056959],[120.6682,16.05723],[120.668197,16.057501],[120.667917,16.057498],[120.66792,16.057227],[120.66764,16.057224],[120.667643,16.056953],[120.667646,16.056682]]],[[[120.639052,16.057181],[120.638772,16.057178],[120.638775,16.056907],[120.638778,16.056636],[120.639058,16.056639],[120.639055,16.05691],[120.639052,16.057181]]],[[[120.646338,16.057261],[120.646341,16.05699],[120.646345,16.056719],[120.646625,16.056723],[120.646905,16.056726],[120.646902,16.056997],[120.646622,16.056994],[120.646619,16.057265],[120.646338,16.057261]]],[[[120.653624,16.057341],[120.653344,16.057338],[120.653064,16.057335],[120.652784,16.057332],[120.652787,16.057061],[120.652507,16.057058],[120.652226,16.057055],[120.65223,16.056784],[120.65251,16.056787],[120.652513,16.056516],[120.652516,16.056245],[120.652796,16.056248],[120.652793,16.056519],[120.653074,16.056522],[120.653077,16.056251],[120.653357,16.056254],[120.653354,16.056525],[120.653634,16.056528],[120.653631,16.056799],[120.653351,16.056796],[120.653347,16.057067],[120.653628,16.05707],[120.653624,16.057341]]],[[[120.658949,16.0574],[120.658952,16.057129],[120.659232,16.057132],[120.659513,16.057135],[120.65951,16.057406],[120.659229,16.057403],[120.658949,16.0574]]],[[[120.6925,16.057525],[120.692497,16.057796],[120.692216,16.057792],[120.69222,16.057521],[120.6925,16.057525]]],[[[120.704831,16.057657],[120.704828,16.057928],[120.704547,16.057925],[120.704551,16.057654],[120.704831,16.057657]]],[[[120.708471,16.057967],[120.708191,16.057964],[120.70791,16.057961],[120.707914,16.05769],[120.708194,16.057693],[120.708474,16.057696],[120.708471,16.057967]]],[[[120.63289,16.056842],[120.632887,16.057113],[120.632884,16.057384],[120.632603,16.057381],[120.632399,16.057379],[120.632385,16.057108],[120.632607,16.05711],[120.63261,16.056839],[120.63289,16.056842]]],[[[120.635129,16.057138],[120.635409,16.057141],[120.635406,16.057412],[120.635126,16.057409],[120.635129,16.057138]]],[[[120.636536,16.056611],[120.636817,16.056615],[120.637097,16.056618],[120.637377,16.056621],[120.637374,16.056892],[120.637654,16.056895],[120.637651,16.057166],[120.637371,16.057163],[120.637367,16.057434],[120.637087,16.057431],[120.63709,16.05716],[120.63681,16.057156],[120.636813,16.056885],[120.636533,16.056882],[120.636536,16.056611]]],[[[120.646338,16.057261],[120.646335,16.057532],[120.646055,16.057529],[120.646058,16.057258],[120.646338,16.057261]]],[[[120.653624,16.057341],[120.653905,16.057344],[120.653908,16.057073],[120.654188,16.057077],[120.654185,16.057348],[120.654182,16.057619],[120.653902,16.057615],[120.653621,16.057612],[120.653624,16.057341]]],[[[120.655602,16.056008],[120.655322,16.056005],[120.655319,16.056276],[120.655315,16.056547],[120.655596,16.05655],[120.655592,16.056821],[120.655589,16.057092],[120.655309,16.057089],[120.655306,16.05736],[120.655303,16.057631],[120.655022,16.057628],[120.654742,16.057625],[120.654462,16.057622],[120.654465,16.057351],[120.654745,16.057354],[120.654749,16.057083],[120.655029,16.057086],[120.655032,16.056815],[120.654752,16.056812],[120.654755,16.056541],[120.654758,16.05627],[120.654761,16.055999],[120.654481,16.055996],[120.654478,16.056267],[120.654198,16.056264],[120.654201,16.055993],[120.654204,16.055722],[120.654484,16.055725],[120.654764,16.055728],[120.654768,16.055457],[120.655048,16.05546],[120.655051,16.055189],[120.655054,16.054918],[120.655334,16.054921],[120.655615,16.054924],[120.655612,16.055195],[120.655892,16.055198],[120.655889,16.055469],[120.655608,16.055466],[120.655328,16.055463],[120.655325,16.055734],[120.655605,16.055737],[120.655602,16.056008]]],[[[120.644654,16.057514],[120.644373,16.057511],[120.644377,16.05724],[120.644657,16.057243],[120.644654,16.057514]]],[[[120.645775,16.057526],[120.645494,16.057523],[120.645498,16.057252],[120.645778,16.057255],[120.645775,16.057526]]],[[[120.65643,16.057101],[120.65671,16.057104],[120.656713,16.056833],[120.656994,16.056836],[120.657274,16.056839],[120.657271,16.05711],[120.657268,16.057381],[120.657264,16.057652],[120.656984,16.057649],[120.656987,16.057378],[120.656707,16.057375],[120.656704,16.057646],[120.656424,16.057643],[120.656427,16.057372],[120.65643,16.057101]]],[[[120.658949,16.0574],[120.658946,16.057671],[120.658666,16.057668],[120.658669,16.057397],[120.658949,16.0574]]],[[[120.687449,16.058012],[120.687452,16.057741],[120.687733,16.057744],[120.687729,16.058015],[120.687449,16.058012]]],[[[120.689411,16.058033],[120.689131,16.05803],[120.689134,16.057759],[120.689414,16.057762],[120.689411,16.058033]]],[[[120.706789,16.057949],[120.706793,16.057678],[120.706512,16.057675],[120.706509,16.057946],[120.706789,16.057949],[120.706786,16.05822],[120.706506,16.058217],[120.706226,16.058214],[120.705946,16.058211],[120.705949,16.05794],[120.705952,16.057669],[120.706232,16.057672],[120.706235,16.057401],[120.706238,16.05713],[120.706241,16.056859],[120.705961,16.056856],[120.705964,16.056585],[120.705967,16.056314],[120.705687,16.056311],[120.705407,16.056308],[120.70541,16.056037],[120.705413,16.055766],[120.705693,16.055769],[120.705696,16.055498],[120.705699,16.055227],[120.705419,16.055224],[120.705422,16.054953],[120.705703,16.054956],[120.705983,16.054959],[120.70598,16.05523],[120.705977,16.055501],[120.706257,16.055504],[120.70626,16.055233],[120.70654,16.055236],[120.706537,16.055507],[120.706534,16.055778],[120.706814,16.055781],[120.706817,16.05551],[120.707098,16.055513],[120.707095,16.055784],[120.707091,16.056055],[120.707088,16.056326],[120.707085,16.056597],[120.707082,16.056868],[120.707079,16.057139],[120.706799,16.057136],[120.706796,16.057407],[120.707076,16.05741],[120.707073,16.057681],[120.70707,16.057952],[120.706789,16.057949]],[[120.706248,16.056317],[120.706528,16.05632],[120.706531,16.056049],[120.706251,16.056046],[120.706248,16.056317]]],[[[120.701465,16.057892],[120.701462,16.058163],[120.701181,16.05816],[120.701184,16.057889],[120.701465,16.057892]]],[[[120.632356,16.056565],[120.632342,16.056294],[120.632616,16.056297],[120.632613,16.056568],[120.632356,16.056565]]],[[[120.632337,16.056205],[120.632313,16.055752],[120.632342,16.055752],[120.632339,16.056023],[120.632337,16.056205]]],[[[120.632156,16.052769],[120.632128,16.052226],[120.632384,16.052229],[120.632664,16.052232],[120.632945,16.052236],[120.632941,16.052506],[120.632938,16.052777],[120.632658,16.052774],[120.632378,16.052771],[120.632156,16.052769]]],[[[120.632113,16.051955],[120.632099,16.051684],[120.63211,16.051684],[120.632391,16.051687],[120.632387,16.051958],[120.632113,16.051955]]],[[[120.631857,16.047074],[120.631814,16.046261],[120.631894,16.046262],[120.632174,16.046265],[120.632178,16.045994],[120.632458,16.045997],[120.632455,16.046268],[120.632735,16.046271],[120.633015,16.046274],[120.633018,16.046003],[120.633298,16.046006],[120.633302,16.045735],[120.633021,16.045732],[120.633025,16.045461],[120.632988,16.045461],[120.632744,16.045458],[120.632748,16.045187],[120.632467,16.045184],[120.632464,16.045455],[120.632184,16.045452],[120.632187,16.045181],[120.631907,16.045178],[120.63191,16.044907],[120.631742,16.044905],[120.631714,16.044363],[120.631917,16.044365],[120.632197,16.044368],[120.6322,16.044097],[120.632203,16.043826],[120.632483,16.043829],[120.63248,16.0441],[120.63276,16.044103],[120.632757,16.044374],[120.633037,16.044377],[120.633318,16.04438],[120.633598,16.044383],[120.633595,16.044654],[120.633875,16.044657],[120.633872,16.044928],[120.633986,16.04493],[120.634152,16.044931],[120.634149,16.045202],[120.634429,16.045206],[120.634426,16.045477],[120.634706,16.04548],[120.634709,16.045209],[120.634989,16.045212],[120.634986,16.045483],[120.635266,16.045486],[120.635263,16.045757],[120.635543,16.04576],[120.63554,16.046031],[120.63582,16.046034],[120.635824,16.045763],[120.636104,16.045766],[120.636101,16.046037],[120.636381,16.04604],[120.636378,16.046311],[120.636374,16.046582],[120.636371,16.046853],[120.636091,16.04685],[120.636088,16.047121],[120.636085,16.047392],[120.635804,16.047389],[120.635801,16.04766],[120.636081,16.047663],[120.636362,16.047666],[120.636642,16.047669],[120.636922,16.047672],[120.636925,16.047401],[120.636645,16.047398],[120.636365,16.047395],[120.636368,16.047124],[120.636648,16.047127],[120.636652,16.046856],[120.636932,16.046859],[120.636929,16.04713],[120.637209,16.047133],[120.637489,16.047136],[120.637492,16.046865],[120.637772,16.046869],[120.638053,16.046872],[120.638049,16.047143],[120.638046,16.047414],[120.637766,16.04741],[120.637763,16.047681],[120.63776,16.047952],[120.63804,16.047956],[120.63832,16.047959],[120.6386,16.047962],[120.638603,16.047691],[120.638323,16.047688],[120.638326,16.047417],[120.638607,16.04742],[120.638887,16.047423],[120.638884,16.047694],[120.639164,16.047697],[120.639167,16.047426],[120.63917,16.047155],[120.639173,16.046884],[120.638893,16.046881],[120.638896,16.04661],[120.639177,16.046613],[120.63918,16.046342],[120.6389,16.046339],[120.638903,16.046068],[120.638906,16.045797],[120.638626,16.045794],[120.638629,16.045523],[120.638909,16.045526],[120.639189,16.045529],[120.639193,16.045258],[120.639196,16.044987],[120.639199,16.044716],[120.639479,16.044719],[120.639759,16.044722],[120.639756,16.044993],[120.640037,16.044996],[120.640033,16.045267],[120.64003,16.045538],[120.64031,16.045541],[120.640307,16.045812],[120.640587,16.045815],[120.640584,16.046086],[120.640581,16.046357],[120.640861,16.046361],[120.641141,16.046364],[120.641138,16.046635],[120.641418,16.046638],[120.641699,16.046641],[120.641695,16.046912],[120.641415,16.046909],[120.641412,16.04718],[120.641132,16.047177],[120.641135,16.046906],[120.640855,16.046902],[120.640575,16.046899],[120.640571,16.04717],[120.640291,16.047167],[120.640011,16.047164],[120.639731,16.047161],[120.639451,16.047158],[120.639447,16.047429],[120.639444,16.0477],[120.639441,16.047971],[120.639721,16.047974],[120.639718,16.048245],[120.639998,16.048248],[120.639995,16.048519],[120.639715,16.048516],[120.639712,16.048787],[120.639992,16.04879],[120.639989,16.049061],[120.639985,16.049332],[120.639705,16.049329],[120.639702,16.0496],[120.639422,16.049597],[120.639142,16.049594],[120.639138,16.049865],[120.638858,16.049862],[120.638578,16.049859],[120.638298,16.049855],[120.638301,16.049585],[120.638021,16.049581],[120.638024,16.04931],[120.638027,16.049039],[120.637747,16.049036],[120.637467,16.049033],[120.637463,16.049304],[120.637183,16.049301],[120.637186,16.04903],[120.636906,16.049027],[120.636626,16.049024],[120.636629,16.048753],[120.636909,16.048756],[120.636913,16.048485],[120.636916,16.048214],[120.637196,16.048217],[120.637193,16.048488],[120.637473,16.048491],[120.637753,16.048494],[120.638033,16.048497],[120.638037,16.048227],[120.637756,16.048223],[120.637476,16.04822],[120.637479,16.047949],[120.637199,16.047946],[120.636919,16.047943],[120.636639,16.04794],[120.636636,16.048211],[120.636632,16.048482],[120.636629,16.048753],[120.636349,16.04875],[120.636069,16.048747],[120.636065,16.049018],[120.635785,16.049015],[120.635782,16.049286],[120.635779,16.049557],[120.635499,16.049554],[120.635218,16.04955],[120.635222,16.04928],[120.635225,16.049009],[120.635228,16.048738],[120.634948,16.048734],[120.634668,16.048731],[120.634387,16.048728],[120.634391,16.048457],[120.634671,16.04846],[120.634674,16.048189],[120.634677,16.047918],[120.634397,16.047915],[120.634394,16.048186],[120.634114,16.048183],[120.634117,16.047912],[120.633836,16.047909],[120.633833,16.04818],[120.634114,16.048183],[120.63411,16.048454],[120.634107,16.048725],[120.633827,16.048722],[120.633824,16.048993],[120.634104,16.048996],[120.634101,16.049267],[120.63382,16.049264],[120.63354,16.049261],[120.633537,16.049532],[120.633257,16.049529],[120.63326,16.049258],[120.63298,16.049255],[120.6327,16.049252],[120.632419,16.049249],[120.632139,16.049245],[120.631971,16.049244],[120.631942,16.048701],[120.632146,16.048704],[120.632149,16.048433],[120.631928,16.04843],[120.631914,16.048159],[120.632152,16.048162],[120.632432,16.048165],[120.632429,16.048436],[120.632709,16.048439],[120.632712,16.048168],[120.632993,16.048171],[120.633273,16.048174],[120.633276,16.047903],[120.633279,16.047632],[120.632999,16.047629],[120.632719,16.047626],[120.632439,16.047623],[120.632442,16.047352],[120.632162,16.047349],[120.631881,16.047346],[120.631885,16.047075],[120.631857,16.047074]],[[120.63469,16.046835],[120.63497,16.046838],[120.634973,16.046567],[120.634693,16.046564],[120.63469,16.046835]],[[120.634967,16.047109],[120.634687,16.047105],[120.634684,16.047376],[120.634964,16.04738],[120.634967,16.047109]],[[120.635518,16.047928],[120.635515,16.048199],[120.635795,16.048202],[120.636075,16.048205],[120.636078,16.047934],[120.635798,16.047931],[120.635518,16.047928]],[[120.639457,16.046616],[120.639737,16.046619],[120.63974,16.046348],[120.63946,16.046345],[120.639457,16.046616]],[[120.638877,16.048236],[120.638597,16.048233],[120.638594,16.048504],[120.638314,16.048501],[120.63831,16.048772],[120.638307,16.049043],[120.638587,16.049046],[120.638868,16.049049],[120.638871,16.048778],[120.639151,16.048781],[120.639154,16.04851],[120.638874,16.048507],[120.638877,16.048236]]],[[[120.632884,16.057384],[120.633164,16.057387],[120.633161,16.057658],[120.632881,16.057655],[120.632884,16.057384]]],[[[120.658666,16.057668],[120.658662,16.057939],[120.658382,16.057936],[120.658385,16.057665],[120.658666,16.057668]]],[[[120.660624,16.05796],[120.660627,16.057689],[120.66063,16.057418],[120.660911,16.057421],[120.660908,16.057692],[120.660904,16.057963],[120.660624,16.05796]]],[[[120.671273,16.058076],[120.670993,16.058073],[120.670996,16.057802],[120.670716,16.057799],[120.670719,16.057528],[120.670999,16.057531],[120.67128,16.057534],[120.67156,16.057537],[120.67184,16.05754],[120.67212,16.057543],[120.672117,16.057814],[120.671837,16.057811],[120.671557,16.057808],[120.671277,16.057805],[120.671273,16.058076]]],[[[120.657828,16.057387],[120.657825,16.057658],[120.657822,16.057929],[120.657541,16.057926],[120.657545,16.057655],[120.657548,16.057384],[120.657828,16.057387]]],[[[120.665675,16.057473],[120.665395,16.05747],[120.665391,16.057741],[120.665388,16.058012],[120.665108,16.058009],[120.665111,16.057738],[120.664831,16.057735],[120.664834,16.057464],[120.665114,16.057467],[120.665118,16.057196],[120.665398,16.057199],[120.665678,16.057202],[120.665675,16.057473]]],[[[120.66791,16.05804],[120.66763,16.058036],[120.667633,16.057765],[120.667914,16.057769],[120.66791,16.05804]]],[[[120.676044,16.057586],[120.676324,16.057589],[120.676321,16.05786],[120.676318,16.058131],[120.676038,16.058128],[120.676041,16.057857],[120.67576,16.057854],[120.675764,16.057583],[120.676044,16.057586]]],[[[120.68829,16.058021],[120.688287,16.058292],[120.688006,16.058289],[120.68801,16.058018],[120.68829,16.058021]]],[[[120.683526,16.05797],[120.683806,16.057973],[120.683803,16.058244],[120.683523,16.058241],[120.683526,16.05797]]],[[[120.704267,16.057922],[120.704264,16.058193],[120.704261,16.058464],[120.703981,16.058461],[120.703984,16.05819],[120.703987,16.057919],[120.704267,16.057922]]],[[[120.705102,16.058473],[120.704821,16.05847],[120.704825,16.058199],[120.705105,16.058202],[120.705102,16.058473]]],[[[120.705668,16.057937],[120.705665,16.058208],[120.705662,16.058479],[120.705382,16.058476],[120.705385,16.058205],[120.705388,16.057934],[120.705668,16.057937]]],[[[120.714646,16.05722],[120.714926,16.057223],[120.714923,16.057494],[120.71492,16.057765],[120.714917,16.058036],[120.714914,16.058307],[120.714911,16.058578],[120.71463,16.058575],[120.71435,16.058572],[120.714353,16.058301],[120.714356,16.05803],[120.714636,16.058033],[120.71464,16.057762],[120.714643,16.057491],[120.714646,16.05722]]],[[[120.644654,16.057514],[120.644934,16.057517],[120.645214,16.05752],[120.645211,16.057791],[120.644931,16.057788],[120.644928,16.058059],[120.644647,16.058056],[120.64465,16.057785],[120.644654,16.057514]]],[[[120.675754,16.058396],[120.675474,16.058393],[120.675477,16.058122],[120.675757,16.058125],[120.675754,16.058396]]],[[[120.632881,16.057655],[120.632877,16.057926],[120.632597,16.057923],[120.6326,16.057652],[120.632881,16.057655]]],[[[120.633161,16.057658],[120.633441,16.057661],[120.633438,16.057932],[120.633158,16.057929],[120.633161,16.057658]]],[[[120.63568,16.057957],[120.635399,16.057954],[120.635403,16.057683],[120.635683,16.057686],[120.63568,16.057957]]],[[[120.637087,16.057431],[120.637084,16.057702],[120.637364,16.057705],[120.637645,16.057708],[120.637641,16.057979],[120.637361,16.057976],[120.637081,16.057972],[120.636801,16.057969],[120.636804,16.057698],[120.636524,16.057695],[120.636527,16.057424],[120.636807,16.057427],[120.637087,16.057431]]],[[[120.639603,16.058],[120.639323,16.057997],[120.639326,16.057726],[120.639606,16.057729],[120.639603,16.058]]],[[[120.645768,16.058068],[120.645488,16.058065],[120.645491,16.057794],[120.645771,16.057797],[120.645768,16.058068]]],[[[120.652774,16.058145],[120.652494,16.058142],[120.652497,16.057871],[120.652217,16.057868],[120.65222,16.057597],[120.652223,16.057326],[120.652504,16.057329],[120.6525,16.0576],[120.652781,16.057603],[120.652777,16.057874],[120.652774,16.058145]]],[[[120.660624,16.05796],[120.660621,16.058231],[120.660341,16.058228],[120.660344,16.057957],[120.660624,16.05796]]],[[[120.672394,16.058088],[120.672391,16.058359],[120.672111,16.058356],[120.672114,16.058085],[120.672394,16.058088]]],[[[120.698095,16.058398],[120.698092,16.058669],[120.697812,16.058666],[120.697815,16.058395],[120.698095,16.058398]]],[[[120.686054,16.057455],[120.686051,16.057726],[120.686331,16.057729],[120.686328,16.058],[120.686325,16.058271],[120.686322,16.058542],[120.686042,16.058539],[120.686045,16.058268],[120.686048,16.057997],[120.685768,16.057994],[120.685771,16.057723],[120.685774,16.057452],[120.685777,16.057181],[120.686057,16.057184],[120.686054,16.057455]]],[[[120.690809,16.058319],[120.690806,16.05859],[120.690526,16.058587],[120.690529,16.058316],[120.690809,16.058319]]],[[[120.698681,16.056236],[120.698961,16.056239],[120.698964,16.055968],[120.699244,16.055971],[120.699241,16.056242],[120.699238,16.056513],[120.699235,16.056784],[120.699515,16.056787],[120.699512,16.057058],[120.699232,16.057055],[120.699229,16.057326],[120.699226,16.057597],[120.699506,16.0576],[120.699503,16.057871],[120.699223,16.057868],[120.69922,16.058139],[120.6995,16.058142],[120.69978,16.058145],[120.70006,16.058148],[120.700341,16.058151],[120.700337,16.058422],[120.700057,16.058419],[120.699777,16.058416],[120.699497,16.058413],[120.699216,16.05841],[120.698936,16.058407],[120.698939,16.058136],[120.698659,16.058133],[120.698656,16.058404],[120.698653,16.058675],[120.698373,16.058672],[120.698376,16.058401],[120.698095,16.058398],[120.698099,16.058127],[120.698379,16.05813],[120.698382,16.057859],[120.698385,16.057588],[120.698105,16.057585],[120.698108,16.057314],[120.698111,16.057043],[120.698114,16.056772],[120.698394,16.056775],[120.698675,16.056778],[120.698678,16.056507],[120.698681,16.056236]]],[[[120.70678,16.058762],[120.7065,16.058759],[120.706503,16.058488],[120.706783,16.058491],[120.70678,16.058762]]],[[[120.63568,16.057957],[120.63596,16.05796],[120.635957,16.058231],[120.635676,16.058228],[120.63568,16.057957]]],[[[120.656134,16.058453],[120.655854,16.05845],[120.655857,16.058179],[120.656137,16.058182],[120.656134,16.058453]]],[[[120.654172,16.058431],[120.653892,16.058428],[120.653612,16.058425],[120.653332,16.058422],[120.653335,16.058151],[120.653615,16.058154],[120.653895,16.058157],[120.654175,16.05816],[120.654172,16.058431]]],[[[120.660904,16.057963],[120.661185,16.057966],[120.661181,16.058237],[120.661462,16.05824],[120.661459,16.058511],[120.661178,16.058508],[120.660898,16.058505],[120.660901,16.058234],[120.660904,16.057963]]],[[[120.668188,16.058314],[120.668184,16.058585],[120.667904,16.058581],[120.667907,16.058311],[120.668188,16.058314]]],[[[120.669872,16.058061],[120.669869,16.058332],[120.669866,16.058603],[120.669586,16.0586],[120.669589,16.058329],[120.669309,16.058326],[120.669028,16.058323],[120.668748,16.05832],[120.668751,16.058049],[120.668754,16.057778],[120.668757,16.057507],[120.668761,16.057236],[120.669041,16.057239],[120.669038,16.05751],[120.669318,16.057513],[120.669321,16.057242],[120.669324,16.056971],[120.669605,16.056974],[120.669885,16.056977],[120.670165,16.05698],[120.670162,16.057251],[120.669882,16.057248],[120.669878,16.057519],[120.669598,16.057516],[120.669595,16.057787],[120.669315,16.057784],[120.669035,16.057781],[120.669031,16.058052],[120.669312,16.058055],[120.669592,16.058058],[120.669872,16.058061]]],[[[120.674076,16.058107],[120.674079,16.057836],[120.674082,16.057565],[120.673802,16.057562],[120.673805,16.057291],[120.673808,16.05702],[120.674088,16.057023],[120.674369,16.057026],[120.674649,16.057029],[120.674652,16.056758],[120.674655,16.056487],[120.674935,16.05649],[120.674932,16.056761],[120.674929,16.057032],[120.674926,16.057303],[120.675206,16.057306],[120.675203,16.057577],[120.6752,16.057848],[120.67492,16.057845],[120.674917,16.058116],[120.674913,16.058387],[120.67491,16.058658],[120.67463,16.058655],[120.674633,16.058384],[120.674353,16.058381],[120.674356,16.05811],[120.674076,16.058107]]],[[[120.676311,16.058673],[120.676031,16.05867],[120.676034,16.058399],[120.676315,16.058402],[120.676311,16.058673]]],[[[120.69921,16.058952],[120.69893,16.058949],[120.698933,16.058678],[120.699213,16.058681],[120.69921,16.058952]]],[[[120.707338,16.059039],[120.707057,16.059036],[120.70706,16.058765],[120.707341,16.058768],[120.707338,16.059039]]],[[[120.6838,16.058515],[120.683797,16.058786],[120.683516,16.058783],[120.683236,16.05878],[120.683239,16.058509],[120.683519,16.058512],[120.6838,16.058515]]],[[[120.702869,16.057636],[120.702866,16.057907],[120.702863,16.058178],[120.702583,16.058175],[120.702579,16.058446],[120.702576,16.058717],[120.702296,16.058714],[120.702016,16.058711],[120.702013,16.058982],[120.701732,16.058979],[120.701736,16.058708],[120.701739,16.058437],[120.702019,16.05844],[120.702022,16.058169],[120.702302,16.058172],[120.702305,16.057901],[120.702586,16.057904],[120.702589,16.057633],[120.702869,16.057636]]],[[[120.65529,16.058715],[120.655293,16.058444],[120.655573,16.058447],[120.65557,16.058718],[120.65529,16.058715]]],[[[120.632871,16.058468],[120.632874,16.058197],[120.633154,16.0582],[120.633151,16.058471],[120.632871,16.058468]]],[[[120.637915,16.058524],[120.637918,16.058253],[120.638199,16.058256],[120.638479,16.058259],[120.638476,16.05853],[120.638195,16.058527],[120.637915,16.058524]]],[[[120.64408,16.058592],[120.644084,16.058321],[120.644364,16.058324],[120.644361,16.058595],[120.64408,16.058592]]],[[[120.646335,16.057532],[120.646615,16.057535],[120.646896,16.057539],[120.646892,16.05781],[120.646889,16.058081],[120.646886,16.058352],[120.646883,16.058622],[120.646603,16.058619],[120.646606,16.058348],[120.646326,16.058345],[120.646329,16.058074],[120.646332,16.057803],[120.646335,16.057532]]],[[[120.663993,16.057455],[120.66399,16.057726],[120.663987,16.057997],[120.663984,16.058268],[120.663981,16.058539],[120.663978,16.05881],[120.663697,16.058807],[120.663417,16.058804],[120.66342,16.058533],[120.66314,16.05853],[120.663143,16.058259],[120.663423,16.058262],[120.663704,16.058265],[120.663707,16.057994],[120.66371,16.057723],[120.66343,16.05772],[120.663427,16.057991],[120.663146,16.057988],[120.662866,16.057985],[120.662869,16.057714],[120.662872,16.057443],[120.662876,16.057172],[120.663156,16.057175],[120.663436,16.057178],[120.663433,16.057449],[120.663713,16.057452],[120.663993,16.057455]]],[[[120.705096,16.059015],[120.705092,16.059286],[120.704812,16.059283],[120.704815,16.059012],[120.705096,16.059015]]],[[[120.707338,16.059039],[120.707618,16.059042],[120.707615,16.059313],[120.707334,16.05931],[120.707338,16.059039]]],[[[120.711818,16.059358],[120.711538,16.059355],[120.711541,16.059084],[120.711544,16.058813],[120.711825,16.058816],[120.712105,16.058819],[120.712102,16.05909],[120.711822,16.059087],[120.711818,16.059358]]],[[[120.703417,16.058726],[120.703414,16.058997],[120.703411,16.059268],[120.703131,16.059265],[120.70285,16.059262],[120.702853,16.058991],[120.702857,16.05872],[120.70286,16.058449],[120.70314,16.058452],[120.70342,16.058455],[120.703417,16.058726]]],[[[120.707054,16.059307],[120.706774,16.059304],[120.706777,16.059033],[120.707057,16.059036],[120.707054,16.059307]]],[[[120.712939,16.05937],[120.712943,16.059099],[120.712946,16.058828],[120.713226,16.058831],[120.713223,16.059102],[120.71322,16.059373],[120.712939,16.05937]]],[[[120.632597,16.057923],[120.632594,16.058194],[120.632442,16.058192],[120.632427,16.057921],[120.632597,16.057923]]],[[[120.632871,16.058468],[120.632868,16.058739],[120.632587,16.058736],[120.632591,16.058465],[120.632871,16.058468]]],[[[120.64408,16.058592],[120.644077,16.058863],[120.643797,16.05886],[120.6438,16.058589],[120.64408,16.058592]]],[[[120.662016,16.058788],[120.662013,16.059059],[120.661732,16.059056],[120.661736,16.058785],[120.662016,16.058788]]],[[[120.663436,16.057178],[120.663439,16.056907],[120.663719,16.05691],[120.664,16.056913],[120.66428,16.056916],[120.664277,16.057187],[120.664557,16.05719],[120.664554,16.057461],[120.664551,16.057732],[120.664548,16.058003],[120.664544,16.058274],[120.664541,16.058545],[120.664538,16.058816],[120.664535,16.059087],[120.664255,16.059084],[120.664258,16.058813],[120.664261,16.058542],[120.664264,16.058271],[120.664267,16.058],[120.66427,16.057729],[120.664274,16.057458],[120.663993,16.057455],[120.663997,16.057184],[120.663716,16.057181],[120.663436,16.057178]]],[[[120.669025,16.058594],[120.669022,16.058865],[120.669019,16.059136],[120.668739,16.059133],[120.668742,16.058862],[120.668745,16.058591],[120.669025,16.058594]]],[[[120.68163,16.059273],[120.68135,16.05927],[120.681353,16.058999],[120.681073,16.058996],[120.681076,16.058725],[120.681356,16.058728],[120.681359,16.058457],[120.681639,16.05846],[120.681636,16.058731],[120.681633,16.059002],[120.68163,16.059273]]],[[[120.637915,16.058524],[120.637912,16.058795],[120.637632,16.058792],[120.637351,16.058789],[120.637355,16.058518],[120.637635,16.058521],[120.637915,16.058524]]],[[[120.660611,16.059044],[120.660331,16.059041],[120.660334,16.05877],[120.660615,16.058773],[120.660611,16.059044]]],[[[120.689115,16.059385],[120.688835,16.059382],[120.688838,16.059111],[120.688841,16.05884],[120.688844,16.058569],[120.688847,16.058298],[120.689127,16.058301],[120.689408,16.058304],[120.689405,16.058575],[120.689124,16.058572],[120.689121,16.058843],[120.689118,16.059114],[120.689115,16.059385]]],[[[120.69136,16.059138],[120.691357,16.059409],[120.691077,16.059406],[120.69108,16.059135],[120.69136,16.059138]]],[[[120.712939,16.05937],[120.712936,16.059641],[120.712656,16.059638],[120.712659,16.059367],[120.712939,16.05937]]],[[[120.651644,16.058946],[120.651641,16.059217],[120.65136,16.059214],[120.651363,16.058943],[120.651644,16.058946]]],[[[120.65529,16.058715],[120.655287,16.058986],[120.655284,16.059257],[120.655003,16.059254],[120.655007,16.058983],[120.65501,16.058712],[120.65529,16.058715]]],[[[120.634546,16.059029],[120.634266,16.059025],[120.634269,16.058754],[120.634272,16.058484],[120.634552,16.058487],[120.634556,16.058216],[120.634559,16.057945],[120.634278,16.057942],[120.633998,16.057938],[120.634001,16.057667],[120.633721,16.057664],[120.633724,16.057393],[120.633728,16.057122],[120.633447,16.057119],[120.633167,16.057116],[120.63317,16.056845],[120.633451,16.056848],[120.633454,16.056577],[120.633734,16.05658],[120.634014,16.056584],[120.634294,16.056587],[120.634298,16.056316],[120.634578,16.056319],[120.634575,16.05659],[120.634572,16.056861],[120.634852,16.056864],[120.635132,16.056867],[120.635129,16.057138],[120.634849,16.057135],[120.634568,16.057132],[120.634565,16.057403],[120.634562,16.057674],[120.634842,16.057677],[120.634839,16.057948],[120.634836,16.058219],[120.635116,16.058222],[120.635113,16.058493],[120.634833,16.05849],[120.634829,16.058761],[120.634549,16.058758],[120.634546,16.059029]],[[120.634011,16.056855],[120.634008,16.057126],[120.634288,16.057129],[120.634291,16.056858],[120.634011,16.056855]]],[[[120.644928,16.058059],[120.645208,16.058062],[120.645205,16.058333],[120.645201,16.058604],[120.645198,16.058875],[120.645478,16.058878],[120.645475,16.059149],[120.645195,16.059146],[120.644915,16.059143],[120.644918,16.058872],[120.644921,16.058601],[120.644924,16.05833],[120.644928,16.058059]]],[[[120.663417,16.058804],[120.663414,16.059075],[120.663134,16.059072],[120.663131,16.059342],[120.66285,16.059339],[120.662853,16.059068],[120.662857,16.058797],[120.662576,16.058794],[120.662573,16.059065],[120.662293,16.059062],[120.662296,16.058791],[120.662299,16.05852],[120.66258,16.058523],[120.66286,16.058526],[120.66314,16.05853],[120.663137,16.058801],[120.663417,16.058804]]],[[[120.690522,16.058858],[120.690519,16.059129],[120.690516,16.0594],[120.690513,16.059671],[120.690233,16.059668],[120.690236,16.059397],[120.690239,16.059126],[120.690242,16.058855],[120.690522,16.058858]]],[[[120.698921,16.059762],[120.69864,16.059759],[120.698643,16.059488],[120.698647,16.059217],[120.698927,16.05922],[120.698924,16.059491],[120.699204,16.059494],[120.699484,16.059497],[120.699764,16.0595],[120.699761,16.059771],[120.699481,16.059768],[120.699201,16.059765],[120.698921,16.059762]]],[[[120.702284,16.059798],[120.702287,16.059527],[120.702567,16.05953],[120.702564,16.059801],[120.702284,16.059798]]],[[[120.636504,16.059321],[120.636508,16.05905],[120.636788,16.059053],[120.636785,16.059324],[120.636504,16.059321]]],[[[120.637625,16.059334],[120.637629,16.059063],[120.637909,16.059066],[120.637906,16.059337],[120.637625,16.059334]]],[[[120.671818,16.059437],[120.671815,16.059708],[120.671535,16.059705],[120.671538,16.059434],[120.671541,16.059163],[120.671821,16.059166],[120.671818,16.059437]]],[[[120.674063,16.059191],[120.673783,16.059187],[120.673786,16.058917],[120.673506,16.058913],[120.673226,16.05891],[120.673222,16.059181],[120.672942,16.059178],[120.672939,16.059449],[120.672936,16.05972],[120.672656,16.059717],[120.672659,16.059446],[120.672662,16.059175],[120.672665,16.058904],[120.672385,16.058901],[120.672388,16.05863],[120.672668,16.058633],[120.672949,16.058636],[120.673229,16.058639],[120.673509,16.058642],[120.673512,16.058371],[120.673792,16.058375],[120.673796,16.058104],[120.674076,16.058107],[120.674073,16.058378],[120.67407,16.058649],[120.67435,16.058652],[120.674347,16.058923],[120.674066,16.05892],[120.674063,16.059191]]],[[[120.676022,16.059483],[120.676025,16.059212],[120.676305,16.059215],[120.676585,16.059218],[120.676582,16.059489],[120.676579,16.05976],[120.676299,16.059757],[120.676302,16.059486],[120.676022,16.059483]]],[[[120.682464,16.059824],[120.682184,16.059821],[120.682187,16.05955],[120.682468,16.059553],[120.682464,16.059824]]],[[[120.634546,16.059029],[120.634826,16.059032],[120.634823,16.059303],[120.634543,16.0593],[120.634546,16.059029]]],[[[120.647437,16.059171],[120.647434,16.059442],[120.647153,16.059439],[120.647157,16.059168],[120.647437,16.059171]]],[[[120.663691,16.059349],[120.663971,16.059352],[120.664251,16.059355],[120.664248,16.059626],[120.663968,16.059623],[120.663688,16.05962],[120.663691,16.059349]]],[[[120.667331,16.059659],[120.667051,16.059656],[120.667054,16.059385],[120.667334,16.059388],[120.667331,16.059659]]],[[[120.669012,16.059678],[120.668732,16.059675],[120.668735,16.059404],[120.669016,16.059407],[120.669296,16.05941],[120.669299,16.059139],[120.669302,16.058868],[120.669582,16.058871],[120.669863,16.058874],[120.66986,16.059145],[120.669579,16.059142],[120.669576,16.059413],[120.669573,16.059684],[120.669293,16.059681],[120.669012,16.059678]]],[[[120.676022,16.059483],[120.676019,16.059754],[120.675738,16.059751],[120.675458,16.059748],[120.675461,16.059477],[120.675742,16.05948],[120.676022,16.059483]]],[[[120.68163,16.059273],[120.68191,16.059276],[120.681907,16.059547],[120.681904,16.059818],[120.681624,16.059815],[120.681627,16.059544],[120.68163,16.059273]]],[[[120.683787,16.059599],[120.684067,16.059602],[120.684064,16.059873],[120.683784,16.05987],[120.683787,16.059599]]],[[[120.687711,16.059641],[120.687707,16.059912],[120.687427,16.059909],[120.68743,16.059638],[120.687711,16.059641]]],[[[120.71321,16.060186],[120.71293,16.060183],[120.712933,16.059912],[120.713214,16.059915],[120.71321,16.060186]]],[[[120.689115,16.059385],[120.689395,16.059388],[120.689392,16.059659],[120.689389,16.05993],[120.689109,16.059927],[120.689112,16.059656],[120.689115,16.059385]]],[[[120.705363,16.060102],[120.705083,16.060099],[120.704803,16.060096],[120.704806,16.059825],[120.704809,16.059554],[120.705089,16.059557],[120.705086,16.059828],[120.705366,16.059831],[120.705363,16.060102]]],[[[120.71435,16.058572],[120.714347,16.058843],[120.714067,16.05884],[120.714064,16.059111],[120.714061,16.059382],[120.714057,16.059653],[120.713777,16.05965],[120.713774,16.059921],[120.713771,16.060192],[120.713491,16.060189],[120.713494,16.059918],[120.713497,16.059647],[120.7135,16.059376],[120.713503,16.059105],[120.713506,16.058834],[120.713509,16.058563],[120.713512,16.058292],[120.713793,16.058295],[120.714073,16.058298],[120.71407,16.058569],[120.71435,16.058572]]],[[[120.68106,16.06008],[120.681063,16.059809],[120.681343,16.059812],[120.68134,16.060083],[120.68106,16.06008]]],[[[120.633138,16.059555],[120.633142,16.059284],[120.633422,16.059287],[120.633419,16.059558],[120.633138,16.059555]]],[[[120.636504,16.059321],[120.636501,16.059592],[120.636221,16.059589],[120.635941,16.059586],[120.635944,16.059315],[120.635664,16.059312],[120.635383,16.059309],[120.635387,16.059038],[120.635667,16.059041],[120.635947,16.059044],[120.636227,16.059047],[120.636224,16.059318],[120.636504,16.059321]]],[[[120.646029,16.059697],[120.645749,16.059694],[120.645469,16.059691],[120.645189,16.059688],[120.645192,16.059417],[120.645472,16.05942],[120.645475,16.059149],[120.645755,16.059152],[120.645752,16.059423],[120.646033,16.059426],[120.646029,16.059697]]],[[[120.6578,16.059826],[120.657803,16.059555],[120.658083,16.059558],[120.65808,16.059829],[120.6578,16.059826]]],[[[120.664529,16.059629],[120.664809,16.059632],[120.664806,16.059903],[120.664525,16.0599],[120.664529,16.059629]]],[[[120.667054,16.059385],[120.666774,16.059382],[120.666771,16.059653],[120.666767,16.059924],[120.666487,16.059921],[120.66649,16.05965],[120.66621,16.059647],[120.666213,16.059376],[120.666216,16.059105],[120.66622,16.058834],[120.666223,16.058563],[120.666226,16.058292],[120.666229,16.058021],[120.666232,16.05775],[120.665952,16.057747],[120.665672,16.057744],[120.665675,16.057473],[120.665955,16.057476],[120.665958,16.057205],[120.666238,16.057208],[120.666519,16.057211],[120.666516,16.057482],[120.666512,16.057753],[120.666793,16.057756],[120.666796,16.057485],[120.666799,16.057214],[120.666802,16.056943],[120.666522,16.05694],[120.666242,16.056937],[120.666245,16.056666],[120.665965,16.056663],[120.665961,16.056934],[120.665681,16.056931],[120.665401,16.056928],[120.665404,16.056657],[120.665684,16.05666],[120.665687,16.056389],[120.665407,16.056386],[120.66541,16.056115],[120.665691,16.056118],[120.665694,16.055847],[120.665414,16.055844],[120.665417,16.055573],[120.665697,16.055576],[120.665977,16.055579],[120.66598,16.055308],[120.666261,16.055311],[120.666257,16.055582],[120.666254,16.055853],[120.666535,16.055856],[120.666531,16.056127],[120.666528,16.056398],[120.666808,16.056401],[120.666805,16.056672],[120.667086,16.056675],[120.667082,16.056946],[120.667079,16.057217],[120.667076,16.057488],[120.667356,16.057491],[120.667353,16.057762],[120.667073,16.057759],[120.66707,16.05803],[120.667067,16.058301],[120.667063,16.058572],[120.66706,16.058843],[120.667057,16.059114],[120.667054,16.059385]]],[[[120.668455,16.059401],[120.668452,16.059672],[120.668449,16.059943],[120.668169,16.059939],[120.668172,16.059668],[120.668175,16.059398],[120.668455,16.059401]]],[[[120.675461,16.059477],[120.675181,16.059474],[120.675178,16.059745],[120.675175,16.060016],[120.674895,16.060013],[120.674898,16.059742],[120.674901,16.059471],[120.674904,16.0592],[120.674907,16.058929],[120.675187,16.058932],[120.675468,16.058935],[120.675464,16.059206],[120.675461,16.059477]]],[[[120.634262,16.059296],[120.634259,16.059567],[120.633979,16.059564],[120.633982,16.059293],[120.634262,16.059296]]],[[[120.637625,16.059334],[120.637622,16.059605],[120.637342,16.059601],[120.637062,16.059598],[120.637065,16.059327],[120.637068,16.059056],[120.637071,16.058785],[120.637351,16.058789],[120.637348,16.05906],[120.637345,16.05933],[120.637625,16.059334]]],[[[120.644915,16.059143],[120.644912,16.059414],[120.644631,16.059411],[120.644628,16.059682],[120.644348,16.059679],[120.644068,16.059676],[120.644071,16.059405],[120.644351,16.059408],[120.644354,16.059137],[120.644635,16.05914],[120.644915,16.059143]]],[[[120.713491,16.060189],[120.713488,16.06046],[120.713207,16.060457],[120.71321,16.060186],[120.713491,16.060189]]],[[[120.713771,16.060192],[120.714051,16.060195],[120.714048,16.060466],[120.713768,16.060463],[120.713771,16.060192]]],[[[120.698634,16.060301],[120.698354,16.060298],[120.698357,16.060027],[120.698637,16.06003],[120.698634,16.060301]]],[[[120.633138,16.059555],[120.633135,16.059826],[120.632855,16.059823],[120.632575,16.05982],[120.632578,16.059549],[120.632858,16.059552],[120.633138,16.059555]]],[[[120.635383,16.059309],[120.63538,16.05958],[120.635377,16.059851],[120.635097,16.059848],[120.6351,16.059577],[120.63482,16.059574],[120.634823,16.059303],[120.635103,16.059306],[120.635383,16.059309]]],[[[120.635941,16.059586],[120.635937,16.059857],[120.635657,16.059854],[120.63566,16.059583],[120.635941,16.059586]]],[[[120.659201,16.059842],[120.659198,16.060113],[120.658917,16.06011],[120.658921,16.059839],[120.659201,16.059842]]],[[[120.667331,16.059659],[120.667611,16.059662],[120.667608,16.059933],[120.667605,16.060204],[120.667325,16.060201],[120.667328,16.05993],[120.667331,16.059659]]],[[[120.681057,16.06035],[120.680777,16.060347],[120.68078,16.060076],[120.68106,16.06008],[120.681057,16.06035]]],[[[120.685462,16.060159],[120.685459,16.06043],[120.685179,16.060427],[120.685182,16.060156],[120.685462,16.060159]]],[[[120.712644,16.060722],[120.712647,16.060451],[120.712927,16.060454],[120.712924,16.060725],[120.712644,16.060722]]],[[[120.713768,16.060463],[120.713765,16.060734],[120.713485,16.060731],[120.713488,16.06046],[120.713768,16.060463]]],[[[120.646029,16.059697],[120.64631,16.0597],[120.64659,16.059703],[120.64687,16.059706],[120.646867,16.059977],[120.647147,16.05998],[120.647144,16.060251],[120.646864,16.060248],[120.646583,16.060245],[120.646587,16.059974],[120.646306,16.059971],[120.646026,16.059968],[120.646029,16.059697]]],[[[120.665923,16.060186],[120.666204,16.060189],[120.666201,16.06046],[120.66592,16.060457],[120.665923,16.060186]]],[[[120.672656,16.059717],[120.672653,16.059988],[120.672649,16.060259],[120.67293,16.060262],[120.672926,16.060533],[120.672646,16.06053],[120.672366,16.060527],[120.672369,16.060256],[120.672372,16.059985],[120.672375,16.059714],[120.672656,16.059717]]],[[[120.676856,16.060034],[120.676853,16.060305],[120.67685,16.060576],[120.67657,16.060573],[120.676573,16.060302],[120.676576,16.060031],[120.676856,16.060034]]],[[[120.705915,16.060921],[120.705634,16.060918],[120.705637,16.060647],[120.705918,16.06065],[120.705915,16.060921]]],[[[120.684058,16.060415],[120.684055,16.060686],[120.683775,16.060683],[120.683778,16.060412],[120.684058,16.060415]]],[[[120.700593,16.060593],[120.70059,16.060864],[120.700309,16.060861],[120.700313,16.06059],[120.700593,16.060593]]],[[[120.645182,16.06023],[120.645179,16.060501],[120.644899,16.060498],[120.644902,16.060227],[120.645182,16.06023]]],[[[120.670962,16.060783],[120.670965,16.060512],[120.671245,16.060515],[120.671242,16.060786],[120.670962,16.060783]]],[[[120.675168,16.060558],[120.675172,16.060287],[120.675452,16.06029],[120.675732,16.060293],[120.676012,16.060296],[120.676009,16.060567],[120.676006,16.060838],[120.675726,16.060835],[120.675446,16.060832],[120.675449,16.060561],[120.675168,16.060558]]],[[[120.647144,16.060251],[120.647424,16.060255],[120.647421,16.060526],[120.647141,16.060522],[120.647144,16.060251]]],[[[120.681057,16.06035],[120.681337,16.060354],[120.681617,16.060357],[120.681898,16.06036],[120.682178,16.060363],[120.682458,16.060366],[120.682738,16.060369],[120.682735,16.06064],[120.682455,16.060637],[120.682175,16.060634],[120.681894,16.060631],[120.681891,16.060902],[120.681611,16.060899],[120.681614,16.060628],[120.681334,16.060625],[120.681054,16.060621],[120.681057,16.06035]]],[[[120.698345,16.061111],[120.698348,16.06084],[120.698628,16.060843],[120.698625,16.061114],[120.698345,16.061111]]],[[[120.699752,16.060584],[120.699749,16.060855],[120.699746,16.061126],[120.699466,16.061123],[120.699469,16.060852],[120.699472,16.060581],[120.699192,16.060578],[120.699195,16.060307],[120.699475,16.06031],[120.699755,16.060313],[120.699752,16.060584]]],[[[120.685176,16.060698],[120.685173,16.060969],[120.684892,16.060966],[120.684896,16.060695],[120.685176,16.060698]]],[[[120.705915,16.060921],[120.706195,16.060924],[120.706475,16.060927],[120.706472,16.061198],[120.706192,16.061195],[120.705911,16.061192],[120.705915,16.060921]]],[[[120.713198,16.06127],[120.712918,16.061267],[120.712921,16.060996],[120.713201,16.060999],[120.713198,16.06127]]],[[[120.632568,16.060362],[120.632848,16.060365],[120.632845,16.060636],[120.63257,16.060633],[120.632566,16.060553],[120.632568,16.060362]]],[[[120.647978,16.060803],[120.647698,16.0608],[120.647701,16.060529],[120.647981,16.060532],[120.647978,16.060803]]],[[[120.667038,16.06074],[120.667035,16.061011],[120.666755,16.061008],[120.666474,16.061005],[120.666478,16.060734],[120.666758,16.060737],[120.666761,16.060466],[120.667041,16.060469],[120.667038,16.06074]]],[[[120.632568,16.060362],[120.632556,16.060362],[120.632527,16.059819],[120.632575,16.05982],[120.632571,16.060091],[120.632568,16.060362]]],[[[120.633419,16.059558],[120.633699,16.059561],[120.633696,16.059832],[120.633976,16.059835],[120.634256,16.059838],[120.634253,16.060109],[120.634533,16.060112],[120.634813,16.060116],[120.63481,16.060387],[120.63453,16.060383],[120.634527,16.060654],[120.634246,16.060651],[120.633966,16.060648],[120.633969,16.060377],[120.633689,16.060374],[120.633692,16.060103],[120.633412,16.0601],[120.633415,16.059829],[120.633419,16.059558]]],[[[120.667599,16.060746],[120.667595,16.061017],[120.667315,16.061014],[120.667318,16.060743],[120.667599,16.060746]]],[[[120.668436,16.061026],[120.668156,16.061023],[120.667876,16.06102],[120.667879,16.060749],[120.668159,16.060752],[120.668162,16.060481],[120.668443,16.060484],[120.668439,16.060755],[120.668436,16.061026]]],[[[120.670121,16.060774],[120.670118,16.061045],[120.669837,16.061042],[120.669841,16.060771],[120.670121,16.060774]]],[[[120.676844,16.061118],[120.676563,16.061115],[120.676567,16.060844],[120.676847,16.060847],[120.676844,16.061118]]],[[[120.682732,16.060911],[120.682729,16.061182],[120.682449,16.061179],[120.682452,16.060908],[120.682732,16.060911]]],[[[120.707879,16.060671],[120.707876,16.060942],[120.707596,16.060939],[120.707593,16.06121],[120.70759,16.061481],[120.70731,16.061478],[120.707313,16.061207],[120.707316,16.060936],[120.707319,16.060665],[120.707322,16.060394],[120.707042,16.060391],[120.707045,16.06012],[120.707325,16.060123],[120.707328,16.059852],[120.707048,16.059849],[120.707051,16.059578],[120.707054,16.059307],[120.707334,16.05931],[120.707331,16.059581],[120.707612,16.059584],[120.707608,16.059855],[120.707605,16.060126],[120.707602,16.060397],[120.707599,16.060668],[120.707879,16.060671]]],[[[120.687975,16.060999],[120.687972,16.06127],[120.687692,16.061267],[120.687695,16.060996],[120.687975,16.060999]]],[[[120.684049,16.061228],[120.683768,16.061225],[120.683771,16.060954],[120.684052,16.060957],[120.684049,16.061228]]],[[[120.686294,16.060981],[120.686574,16.060984],[120.686577,16.060713],[120.686297,16.06071],[120.686294,16.060981],[120.686013,16.060978],[120.686017,16.060707],[120.68602,16.060436],[120.686023,16.060165],[120.685743,16.060162],[120.685746,16.059891],[120.685749,16.05962],[120.685469,16.059617],[120.685188,16.059614],[120.684908,16.059611],[120.684628,16.059608],[120.684631,16.059337],[120.684634,16.059066],[120.684914,16.059069],[120.684918,16.058798],[120.685198,16.058801],[120.685201,16.05853],[120.685481,16.058533],[120.685478,16.058804],[120.685758,16.058807],[120.685755,16.059078],[120.685752,16.059349],[120.686032,16.059352],[120.686312,16.059355],[120.686309,16.059626],[120.686306,16.059897],[120.686586,16.0599],[120.686583,16.060171],[120.68658,16.060442],[120.68686,16.060445],[120.686857,16.060716],[120.686854,16.060987],[120.686851,16.061258],[120.686571,16.061255],[120.686291,16.061252],[120.686294,16.060981]]],[[[120.647978,16.060803],[120.648259,16.060806],[120.648255,16.061077],[120.647975,16.061074],[120.647978,16.060803]]],[[[120.681051,16.060892],[120.681047,16.061163],[120.680767,16.06116],[120.680764,16.061431],[120.680484,16.061428],[120.680487,16.061157],[120.680207,16.061154],[120.68021,16.060883],[120.68049,16.060886],[120.68077,16.060889],[120.681051,16.060892]]],[[[120.637049,16.060682],[120.636769,16.060679],[120.636488,16.060676],[120.636485,16.060947],[120.636205,16.060944],[120.635925,16.060941],[120.635928,16.06067],[120.636208,16.060673],[120.636211,16.060402],[120.635931,16.060399],[120.635934,16.060128],[120.635937,16.059857],[120.636218,16.05986],[120.636498,16.059863],[120.636501,16.059592],[120.636781,16.059595],[120.636778,16.059866],[120.636775,16.060137],[120.637055,16.06014],[120.637335,16.060143],[120.637332,16.060414],[120.637052,16.060411],[120.637049,16.060682]]],[[[120.647418,16.060796],[120.647415,16.061067],[120.647134,16.061064],[120.647138,16.060793],[120.647418,16.060796]]],[[[120.658911,16.060651],[120.658908,16.060922],[120.658905,16.061193],[120.658624,16.06119],[120.658628,16.060919],[120.658631,16.060648],[120.658911,16.060651]]],[[[120.665073,16.06099],[120.66507,16.061261],[120.66479,16.061258],[120.66451,16.061255],[120.664513,16.060984],[120.664793,16.060987],[120.665073,16.06099]]],[[[120.668997,16.061033],[120.668994,16.061304],[120.668713,16.061301],[120.668716,16.06103],[120.668997,16.061033]]],[[[120.687412,16.061264],[120.687408,16.061535],[120.687128,16.061532],[120.687131,16.061261],[120.687412,16.061264]]],[[[120.698345,16.061111],[120.698341,16.061382],[120.698622,16.061385],[120.698619,16.061656],[120.698338,16.061653],[120.698058,16.06165],[120.698061,16.061379],[120.698064,16.061108],[120.698345,16.061111]]],[[[120.699182,16.061391],[120.699179,16.061662],[120.698899,16.061659],[120.698902,16.061388],[120.699182,16.061391]]],[[[120.708153,16.061216],[120.70815,16.061487],[120.708147,16.061758],[120.707867,16.061755],[120.70787,16.061484],[120.707873,16.061213],[120.708153,16.061216]]],[[[120.632839,16.061178],[120.632599,16.061175],[120.632584,16.060904],[120.632842,16.060907],[120.632839,16.061178]]],[[[120.666752,16.061279],[120.666748,16.06155],[120.666468,16.061547],[120.666471,16.061276],[120.666752,16.061279]]],[[[120.635654,16.060125],[120.635651,16.060396],[120.635648,16.060667],[120.635644,16.060938],[120.635364,16.060935],[120.635361,16.061206],[120.635081,16.061203],[120.635084,16.060932],[120.635087,16.060661],[120.63509,16.06039],[120.635371,16.060393],[120.635374,16.060122],[120.635654,16.060125]]],[[[120.644889,16.061311],[120.644892,16.06104],[120.645173,16.061043],[120.645169,16.061314],[120.644889,16.061311]]],[[[120.659185,16.061197],[120.659465,16.0612],[120.659745,16.061203],[120.659742,16.061474],[120.659462,16.061471],[120.659182,16.061467],[120.659185,16.061197]]],[[[120.663669,16.061246],[120.663666,16.061516],[120.663385,16.061513],[120.663389,16.061242],[120.663392,16.060971],[120.663672,16.060975],[120.663669,16.061246]]],[[[120.702284,16.059798],[120.702281,16.060069],[120.702277,16.06034],[120.701997,16.060337],[120.701717,16.060334],[120.701437,16.060331],[120.701434,16.060602],[120.70143,16.060873],[120.701711,16.060876],[120.701708,16.061147],[120.701988,16.06115],[120.701985,16.061421],[120.701704,16.061418],[120.701424,16.061415],[120.701421,16.061686],[120.701418,16.061957],[120.701138,16.061954],[120.700857,16.061951],[120.700577,16.061948],[120.70058,16.061677],[120.700861,16.06168],[120.701141,16.061683],[120.701144,16.061412],[120.701147,16.061141],[120.70115,16.06087],[120.701153,16.060599],[120.701156,16.060328],[120.700876,16.060325],[120.700879,16.060054],[120.700882,16.059783],[120.701163,16.059786],[120.701443,16.059789],[120.701446,16.059518],[120.701726,16.059521],[120.702007,16.059524],[120.702003,16.059795],[120.701723,16.059792],[120.70172,16.060063],[120.702,16.060066],[120.702003,16.059795],[120.702284,16.059798]]],[[[120.712644,16.060722],[120.712641,16.060993],[120.712638,16.061264],[120.712634,16.061535],[120.712631,16.061806],[120.712628,16.062077],[120.712348,16.062074],[120.712351,16.061803],[120.712354,16.061532],[120.712357,16.061261],[120.71236,16.06099],[120.712363,16.060719],[120.712644,16.060722]]],[[[120.651468,16.05],[120.651465,16.050271],[120.651185,16.050268],[120.651182,16.050539],[120.651462,16.050542],[120.651742,16.050545],[120.651739,16.050816],[120.652019,16.050819],[120.652016,16.05109],[120.651736,16.051087],[120.651733,16.051358],[120.652013,16.051361],[120.652293,16.051364],[120.65229,16.051635],[120.65201,16.051632],[120.65173,16.051629],[120.651449,16.051626],[120.651452,16.051355],[120.651172,16.051352],[120.651175,16.051081],[120.650895,16.051078],[120.650898,16.050807],[120.650902,16.050536],[120.650621,16.050533],[120.650618,16.050804],[120.650615,16.051075],[120.650612,16.051346],[120.650892,16.051349],[120.650889,16.05162],[120.650609,16.051617],[120.650605,16.051888],[120.650602,16.052159],[120.650322,16.052156],[120.650042,16.052153],[120.650039,16.052424],[120.650319,16.052427],[120.650316,16.052698],[120.650035,16.052695],[120.649755,16.052692],[120.649752,16.052963],[120.650032,16.052966],[120.650029,16.053237],[120.650026,16.053508],[120.649746,16.053505],[120.649742,16.053776],[120.649739,16.054047],[120.649736,16.054318],[120.649733,16.054589],[120.649453,16.054585],[120.64945,16.054856],[120.649446,16.055127],[120.649443,16.055398],[120.649723,16.055401],[120.64972,16.055672],[120.649717,16.055943],[120.649997,16.055947],[120.649994,16.056218],[120.649991,16.056488],[120.649988,16.056759],[120.650268,16.056763],[120.650548,16.056766],[120.650545,16.057037],[120.650265,16.057034],[120.650262,16.057305],[120.650258,16.057575],[120.650539,16.057579],[120.650542,16.057308],[120.650822,16.057311],[120.651102,16.057314],[120.651383,16.057317],[120.651663,16.05732],[120.651943,16.057323],[120.65194,16.057594],[120.65166,16.057591],[120.651656,16.057862],[120.651937,16.057865],[120.651934,16.058136],[120.651653,16.058133],[120.651373,16.05813],[120.651093,16.058127],[120.650813,16.058124],[120.650532,16.058121],[120.650252,16.058117],[120.650249,16.058388],[120.650246,16.058659],[120.650526,16.058663],[120.650523,16.058933],[120.650243,16.05893],[120.650239,16.059201],[120.650236,16.059472],[120.650233,16.059743],[120.65023,16.060014],[120.650227,16.060285],[120.650223,16.060556],[120.65022,16.060827],[120.6505,16.06083],[120.650497,16.061101],[120.650778,16.061104],[120.650774,16.061375],[120.650771,16.061646],[120.650491,16.061643],[120.650494,16.061372],[120.650214,16.061369],[120.650217,16.061098],[120.649937,16.061095],[120.649657,16.061092],[120.64966,16.060821],[120.649663,16.06055],[120.649666,16.060279],[120.649669,16.060008],[120.649672,16.059737],[120.649953,16.05974],[120.649956,16.059469],[120.649676,16.059466],[120.649395,16.059463],[120.649399,16.059192],[120.649679,16.059195],[120.649682,16.058924],[120.649685,16.058653],[120.649405,16.05865],[120.649408,16.058379],[120.649688,16.058382],[120.649692,16.058111],[120.649695,16.05784],[120.649698,16.057569],[120.649418,16.057566],[120.649137,16.057563],[120.649141,16.057292],[120.64886,16.057289],[120.648864,16.057018],[120.649144,16.057021],[120.649424,16.057024],[120.649704,16.057027],[120.649707,16.056756],[120.649711,16.056485],[120.649714,16.056214],[120.649434,16.056211],[120.649437,16.05594],[120.649157,16.055937],[120.649153,16.056208],[120.648873,16.056205],[120.648876,16.055934],[120.64888,16.055663],[120.648599,16.05566],[120.648602,16.055389],[120.648606,16.055118],[120.648886,16.055121],[120.649166,16.055124],[120.649169,16.054853],[120.648889,16.05485],[120.648892,16.054579],[120.648612,16.054576],[120.648615,16.054305],[120.648618,16.054034],[120.648622,16.053763],[120.648902,16.053766],[120.648899,16.054037],[120.649179,16.05404],[120.649459,16.054044],[120.649462,16.053773],[120.649182,16.053769],[120.648902,16.053766],[120.648905,16.053495],[120.648625,16.053492],[120.648628,16.053221],[120.648631,16.05295],[120.648634,16.052679],[120.648915,16.052682],[120.648918,16.052411],[120.648637,16.052408],[120.648641,16.052137],[120.648644,16.051866],[120.648924,16.05187],[120.648927,16.051599],[120.64893,16.051328],[120.649211,16.051331],[120.649491,16.051334],[120.649494,16.051063],[120.649497,16.050792],[120.649217,16.050789],[120.64922,16.050518],[120.6495,16.050521],[120.649504,16.05025],[120.649784,16.050253],[120.649781,16.050524],[120.649777,16.050795],[120.650058,16.050798],[120.650338,16.050801],[120.650341,16.05053],[120.650061,16.050527],[120.650064,16.050256],[120.649784,16.050253],[120.649787,16.049982],[120.64979,16.049711],[120.65007,16.049714],[120.650067,16.049985],[120.650347,16.049988],[120.650628,16.049991],[120.650908,16.049994],[120.651188,16.049997],[120.651468,16.05]]],[[[120.656099,16.061434],[120.656096,16.061705],[120.655816,16.061702],[120.655819,16.061431],[120.656099,16.061434]]],[[[120.669267,16.061849],[120.668987,16.061846],[120.66899,16.061575],[120.669271,16.061578],[120.669267,16.061849]]],[[[120.675168,16.060558],[120.675165,16.060829],[120.674885,16.060826],[120.674882,16.061097],[120.674879,16.061368],[120.675159,16.061371],[120.675156,16.061642],[120.675153,16.061913],[120.674872,16.06191],[120.674592,16.061906],[120.674312,16.061903],[120.674315,16.061632],[120.674318,16.061361],[120.674321,16.06109],[120.674325,16.06082],[120.674044,16.060816],[120.674047,16.060545],[120.674051,16.060274],[120.674054,16.060003],[120.674057,16.059733],[120.67406,16.059462],[120.674063,16.059191],[120.674343,16.059194],[120.674624,16.059197],[120.674621,16.059468],[120.674617,16.059739],[120.674614,16.06001],[120.674611,16.060281],[120.674608,16.060552],[120.674888,16.060555],[120.675168,16.060558]]],[[[120.657781,16.061452],[120.658061,16.061455],[120.658058,16.061726],[120.657777,16.061723],[120.657781,16.061452]]],[[[120.683759,16.062038],[120.683762,16.061767],[120.683765,16.061496],[120.684045,16.061499],[120.684042,16.06177],[120.684039,16.062041],[120.683759,16.062038]]],[[[120.707581,16.062294],[120.7073,16.062291],[120.707303,16.06202],[120.707584,16.062023],[120.707581,16.062294]]],[[[120.632839,16.061178],[120.633119,16.061181],[120.633399,16.061184],[120.63368,16.061187],[120.633676,16.061458],[120.633396,16.061455],[120.633116,16.061452],[120.633113,16.061723],[120.632832,16.06172],[120.632836,16.061449],[120.632839,16.061178]]],[[[120.636195,16.061757],[120.636199,16.061486],[120.636479,16.061489],[120.636476,16.06176],[120.636195,16.061757]]],[[[120.63844,16.061511],[120.63816,16.061508],[120.638163,16.061237],[120.637883,16.061234],[120.63788,16.061505],[120.637877,16.061775],[120.637597,16.061772],[120.637316,16.061769],[120.63732,16.061498],[120.637039,16.061495],[120.637042,16.061224],[120.637323,16.061227],[120.637326,16.060956],[120.637046,16.060953],[120.637049,16.060682],[120.637329,16.060685],[120.637609,16.060688],[120.63789,16.060692],[120.637886,16.060963],[120.638167,16.060966],[120.63817,16.060695],[120.63845,16.060698],[120.638447,16.060969],[120.638444,16.06124],[120.63844,16.061511]]],[[[120.63844,16.061511],[120.638721,16.061514],[120.638718,16.061785],[120.638437,16.061782],[120.63844,16.061511]]],[[[120.640122,16.061529],[120.640119,16.0618],[120.639838,16.061797],[120.639842,16.061526],[120.640122,16.061529]]],[[[120.650491,16.061643],[120.650488,16.061914],[120.650208,16.061911],[120.650211,16.06164],[120.650491,16.061643]]],[[[120.652185,16.060578],[120.652188,16.060307],[120.651908,16.060304],[120.651905,16.060575],[120.652185,16.060578],[120.652182,16.060849],[120.651902,16.060846],[120.651621,16.060843],[120.651618,16.061114],[120.651338,16.061111],[120.651335,16.061382],[120.651332,16.061653],[120.651329,16.061924],[120.651048,16.06192],[120.651051,16.061649],[120.651055,16.061378],[120.651058,16.061107],[120.651061,16.060837],[120.651064,16.060566],[120.651067,16.060295],[120.651071,16.060024],[120.651351,16.060027],[120.651354,16.059756],[120.651634,16.059759],[120.651914,16.059762],[120.651911,16.060033],[120.652191,16.060036],[120.652472,16.060039],[120.652475,16.059768],[120.652478,16.059497],[120.652481,16.059226],[120.652484,16.058955],[120.652765,16.058958],[120.652762,16.059229],[120.652758,16.0595],[120.652755,16.059771],[120.652752,16.060042],[120.652749,16.060313],[120.652469,16.06031],[120.652465,16.060581],[120.652185,16.060578]]],[[[120.666742,16.062092],[120.666745,16.061821],[120.667026,16.061824],[120.667022,16.062095],[120.666742,16.062092]]],[[[120.669267,16.061849],[120.669548,16.061852],[120.669545,16.062123],[120.669264,16.06212],[120.669267,16.061849]]],[[[120.67599,16.062193],[120.67571,16.06219],[120.675713,16.061919],[120.675433,16.061916],[120.675436,16.061645],[120.675716,16.061648],[120.675997,16.061651],[120.676277,16.061654],[120.676274,16.061925],[120.675993,16.061922],[120.67599,16.062193]]],[[[120.698609,16.062469],[120.698612,16.062198],[120.698615,16.061927],[120.698896,16.06193],[120.698893,16.062201],[120.698889,16.062472],[120.698609,16.062469]]],[[[120.643201,16.061834],[120.643482,16.061837],[120.643478,16.062108],[120.643198,16.062105],[120.643201,16.061834]]],[[[120.656933,16.061985],[120.656937,16.061714],[120.656656,16.061711],[120.65666,16.06144],[120.656379,16.061437],[120.656099,16.061434],[120.656102,16.061163],[120.655822,16.06116],[120.655819,16.061431],[120.655539,16.061428],[120.655535,16.061699],[120.655816,16.061702],[120.655812,16.061973],[120.656093,16.061976],[120.656373,16.061979],[120.656653,16.061982],[120.656933,16.061985],[120.65693,16.062256],[120.65665,16.062253],[120.65637,16.06225],[120.65609,16.062247],[120.655809,16.062244],[120.655529,16.062241],[120.655532,16.06197],[120.655252,16.061967],[120.654972,16.061963],[120.654691,16.06196],[120.654695,16.061689],[120.654975,16.061692],[120.654978,16.061421],[120.655258,16.061425],[120.655261,16.061154],[120.655265,16.060883],[120.655268,16.060612],[120.655271,16.060341],[120.655274,16.06007],[120.655277,16.059799],[120.655558,16.059802],[120.655554,16.060073],[120.655551,16.060344],[120.655831,16.060347],[120.655835,16.060076],[120.655838,16.059805],[120.655558,16.059802],[120.655561,16.059531],[120.655841,16.059534],[120.655844,16.059263],[120.656124,16.059266],[120.656405,16.059269],[120.656401,16.05954],[120.656121,16.059537],[120.656118,16.059808],[120.656398,16.059811],[120.656395,16.060082],[120.656675,16.060085],[120.656679,16.059814],[120.656959,16.059817],[120.656962,16.059546],[120.657242,16.059549],[120.657522,16.059552],[120.657519,16.059823],[120.6578,16.059826],[120.657796,16.060097],[120.657516,16.060094],[120.657236,16.060091],[120.657233,16.060362],[120.657513,16.060365],[120.65751,16.060636],[120.65723,16.060633],[120.657226,16.060904],[120.657507,16.060907],[120.65751,16.060636],[120.65779,16.060639],[120.657793,16.060368],[120.657796,16.060097],[120.658077,16.0601],[120.658073,16.060371],[120.65807,16.060642],[120.658067,16.060913],[120.657787,16.06091],[120.657784,16.061181],[120.657781,16.061452],[120.6575,16.061449],[120.65722,16.061446],[120.657217,16.061717],[120.657214,16.061988],[120.656933,16.061985]],[[120.655825,16.060889],[120.656105,16.060892],[120.656386,16.060895],[120.656389,16.060624],[120.656392,16.060353],[120.656112,16.06035],[120.656109,16.060621],[120.655828,16.060618],[120.655825,16.060889]],[[120.656669,16.060627],[120.656949,16.06063],[120.656952,16.060359],[120.656672,16.060356],[120.656669,16.060627]]],[[[120.662819,16.062049],[120.663099,16.062052],[120.663379,16.062055],[120.663659,16.062058],[120.663656,16.062329],[120.663376,16.062326],[120.663096,16.062323],[120.662815,16.06232],[120.662819,16.062049]]],[[[120.639555,16.062065],[120.639275,16.062062],[120.638995,16.062059],[120.638998,16.061788],[120.639278,16.061791],[120.639281,16.06152],[120.639001,16.061517],[120.639004,16.061246],[120.639007,16.060975],[120.639288,16.060978],[120.639284,16.061249],[120.639565,16.061252],[120.639561,16.061523],[120.639558,16.061794],[120.639555,16.062065]]],[[[120.659172,16.06228],[120.659175,16.062009],[120.659456,16.062013],[120.659736,16.062016],[120.660016,16.062019],[120.660013,16.06229],[120.659733,16.062287],[120.659452,16.062284],[120.659172,16.06228]]],[[[120.660577,16.062025],[120.660573,16.062296],[120.660293,16.062293],[120.660296,16.062022],[120.660577,16.062025]]],[[[120.661414,16.062305],[120.661417,16.062034],[120.661698,16.062037],[120.661694,16.062308],[120.661414,16.062305]]],[[[120.666742,16.062092],[120.666739,16.062363],[120.666459,16.06236],[120.666462,16.062089],[120.666742,16.062092]]],[[[120.687122,16.062074],[120.686842,16.062071],[120.686839,16.062342],[120.686835,16.062613],[120.686555,16.06261],[120.686275,16.062607],[120.686278,16.062336],[120.686558,16.062339],[120.686561,16.062068],[120.686565,16.061797],[120.686845,16.0618],[120.687125,16.061803],[120.687122,16.062074]]],[[[120.698609,16.062469],[120.698606,16.06274],[120.698326,16.062737],[120.698329,16.062466],[120.698609,16.062469]]],[[[120.675987,16.062464],[120.675984,16.062735],[120.675704,16.062732],[120.675707,16.062461],[120.675987,16.062464]]],[[[120.639555,16.062065],[120.639835,16.062068],[120.639832,16.062339],[120.639552,16.062336],[120.639555,16.062065]]],[[[120.648243,16.062161],[120.648239,16.062432],[120.647959,16.062429],[120.647962,16.062158],[120.648243,16.062161]]],[[[120.650488,16.061914],[120.650768,16.061917],[120.650765,16.062188],[120.650762,16.062459],[120.650481,16.062456],[120.650485,16.062185],[120.650488,16.061914]]],[[[120.669264,16.06212],[120.669261,16.062391],[120.669258,16.062662],[120.668978,16.062658],[120.668981,16.062387],[120.668701,16.062384],[120.668704,16.062113],[120.668984,16.062117],[120.669264,16.06212]]],[[[120.681592,16.062524],[120.681589,16.062795],[120.681309,16.062792],[120.681312,16.062521],[120.681592,16.062524]]],[[[120.635351,16.062019],[120.635348,16.06229],[120.635068,16.062286],[120.634788,16.062283],[120.634791,16.062012],[120.635071,16.062016],[120.635351,16.062019]]],[[[120.636195,16.061757],[120.636192,16.062028],[120.636189,16.062299],[120.635909,16.062296],[120.635628,16.062293],[120.635632,16.062022],[120.635351,16.062019],[120.635355,16.061748],[120.635635,16.061751],[120.635915,16.061754],[120.636195,16.061757]]],[[[120.649083,16.06217],[120.64908,16.062441],[120.6488,16.062438],[120.648803,16.062167],[120.649083,16.06217]]],[[[120.661975,16.062311],[120.662255,16.062314],[120.662252,16.062585],[120.661972,16.062582],[120.661975,16.062311]]],[[[120.699167,16.062746],[120.699447,16.062749],[120.699444,16.06302],[120.699163,16.063017],[120.699167,16.062746]]],[[[120.704769,16.063077],[120.704488,16.063074],[120.704208,16.063071],[120.704211,16.0628],[120.704214,16.062529],[120.703934,16.062526],[120.703937,16.062255],[120.70394,16.061984],[120.70366,16.061981],[120.703663,16.06171],[120.703383,16.061707],[120.703386,16.061436],[120.703106,16.061433],[120.702826,16.06143],[120.702822,16.061701],[120.703103,16.061704],[120.7031,16.061975],[120.702819,16.061972],[120.702539,16.061969],[120.702536,16.06224],[120.702533,16.062511],[120.702253,16.062508],[120.701972,16.062505],[120.701969,16.062776],[120.701689,16.062773],[120.701692,16.062502],[120.701695,16.062231],[120.701975,16.062234],[120.701979,16.061963],[120.702259,16.061966],[120.702262,16.061695],[120.702542,16.061698],[120.702545,16.061427],[120.702548,16.061156],[120.702268,16.061153],[120.702271,16.060882],[120.702274,16.060611],[120.702555,16.060614],[120.702551,16.060885],[120.702832,16.060888],[120.702835,16.060617],[120.703115,16.06062],[120.703118,16.060349],[120.703398,16.060352],[120.703679,16.060355],[120.703959,16.060358],[120.703956,16.060629],[120.704236,16.060632],[120.704239,16.060361],[120.703959,16.060358],[120.703962,16.060087],[120.703682,16.060084],[120.703685,16.059813],[120.703965,16.059816],[120.703968,16.059545],[120.703971,16.059274],[120.704252,16.059277],[120.704249,16.059548],[120.704245,16.059819],[120.704242,16.06009],[120.704523,16.060093],[120.704519,16.060364],[120.704516,16.060635],[120.704513,16.060906],[120.70451,16.061177],[120.704507,16.061448],[120.704504,16.061719],[120.704501,16.06199],[120.704498,16.062261],[120.704495,16.062532],[120.704775,16.062535],[120.704772,16.062806],[120.704769,16.063077]]],[[[120.706173,16.062821],[120.705893,16.062818],[120.70589,16.063089],[120.705609,16.063086],[120.705613,16.062815],[120.705616,16.062544],[120.705619,16.062273],[120.705622,16.062002],[120.705625,16.061731],[120.705628,16.06146],[120.705908,16.061463],[120.706189,16.061466],[120.706185,16.061737],[120.705905,16.061734],[120.705902,16.062005],[120.706182,16.062008],[120.706179,16.062279],[120.706176,16.06255],[120.706173,16.062821]]],[[[120.654965,16.062505],[120.654962,16.062776],[120.654682,16.062773],[120.654685,16.062502],[120.654965,16.062505]]],[[[120.667016,16.062637],[120.667013,16.062908],[120.666733,16.062905],[120.666736,16.062634],[120.667016,16.062637]]],[[[120.657768,16.062536],[120.657765,16.062807],[120.657484,16.062804],[120.657488,16.062533],[120.657491,16.062262],[120.657771,16.062265],[120.657768,16.062536]]],[[[120.667296,16.06264],[120.667577,16.062643],[120.667573,16.062914],[120.667293,16.062911],[120.667296,16.06264]]],[[[120.691033,16.0632],[120.690753,16.063197],[120.690756,16.062926],[120.691036,16.062929],[120.691033,16.0632]]],[[[120.696358,16.063258],[120.696078,16.063255],[120.696081,16.062984],[120.696361,16.062987],[120.696358,16.063258]]],[[[120.687122,16.062074],[120.687402,16.062077],[120.687682,16.06208],[120.687679,16.062351],[120.68796,16.062354],[120.687963,16.062083],[120.688243,16.062086],[120.68824,16.062357],[120.688237,16.062628],[120.688517,16.062631],[120.688797,16.062634],[120.688794,16.062905],[120.688791,16.063176],[120.688511,16.063173],[120.688514,16.062902],[120.688234,16.062899],[120.687953,16.062896],[120.687956,16.062625],[120.687676,16.062622],[120.687396,16.062619],[120.687399,16.062348],[120.687119,16.062345],[120.687122,16.062074]]],[[[120.69832,16.063279],[120.698039,16.063276],[120.697759,16.063273],[120.697762,16.063002],[120.698042,16.063005],[120.698323,16.063008],[120.69832,16.063279]]],[[[120.706173,16.062821],[120.706453,16.062824],[120.70645,16.063095],[120.70673,16.063098],[120.706727,16.063369],[120.706447,16.063366],[120.706167,16.063363],[120.705887,16.06336],[120.70589,16.063089],[120.70617,16.063092],[120.706173,16.062821]]],[[[120.635905,16.062567],[120.635902,16.062838],[120.635622,16.062835],[120.635625,16.062564],[120.635905,16.062567]]],[[[120.65636,16.063063],[120.656363,16.062792],[120.656644,16.062795],[120.65664,16.063066],[120.65636,16.063063]]],[[[120.658882,16.06309],[120.658886,16.062819],[120.658889,16.062548],[120.659169,16.062551],[120.659166,16.062822],[120.659163,16.063093],[120.658882,16.06309]]],[[[120.666459,16.06236],[120.666456,16.062631],[120.666452,16.062902],[120.666449,16.063173],[120.666169,16.06317],[120.666172,16.062899],[120.666175,16.062628],[120.666178,16.062357],[120.666459,16.06236]]],[[[120.669252,16.063204],[120.669255,16.062933],[120.669535,16.062936],[120.669532,16.063207],[120.669252,16.063204]]],[[[120.651879,16.062743],[120.651876,16.063014],[120.651596,16.063011],[120.651599,16.06274],[120.651879,16.062743]]],[[[120.662249,16.062856],[120.662245,16.063127],[120.661965,16.063124],[120.661968,16.062853],[120.662249,16.062856]]],[[[120.665615,16.062622],[120.665612,16.062893],[120.665608,16.063164],[120.665328,16.063161],[120.665331,16.06289],[120.665335,16.062619],[120.665615,16.062622]]],[[[120.677099,16.063289],[120.677102,16.063018],[120.677105,16.062747],[120.677108,16.062476],[120.676828,16.062473],[120.676831,16.062202],[120.676834,16.061931],[120.677114,16.061934],[120.677111,16.062205],[120.677392,16.062208],[120.677388,16.062479],[120.677669,16.062482],[120.677666,16.062753],[120.677662,16.063024],[120.677659,16.063295],[120.677379,16.063292],[120.677099,16.063289]]],[[[120.679908,16.062777],[120.679627,16.062774],[120.679624,16.063045],[120.679904,16.063048],[120.679908,16.062777],[120.680188,16.06278],[120.680185,16.063051],[120.680182,16.063322],[120.679901,16.063319],[120.679621,16.063316],[120.679341,16.063313],[120.679061,16.06331],[120.679064,16.063039],[120.679067,16.062768],[120.678787,16.062765],[120.67879,16.062494],[120.678793,16.062223],[120.678796,16.061952],[120.678516,16.061949],[120.678519,16.061678],[120.678522,16.061407],[120.678525,16.061136],[120.678528,16.060865],[120.678531,16.060594],[120.678251,16.060591],[120.678254,16.06032],[120.678535,16.060323],[120.678815,16.060326],[120.678818,16.060055],[120.678821,16.059784],[120.678824,16.059513],[120.678544,16.05951],[120.678547,16.059239],[120.67855,16.058968],[120.678553,16.058697],[120.678273,16.058694],[120.678276,16.058423],[120.67828,16.058152],[120.67856,16.058155],[120.678563,16.057884],[120.678566,16.057613],[120.678569,16.057342],[120.678572,16.057071],[120.678292,16.057068],[120.678295,16.056797],[120.678575,16.0568],[120.678856,16.056803],[120.678859,16.056532],[120.678579,16.056529],[120.678582,16.056258],[120.678862,16.056261],[120.678865,16.05599],[120.678585,16.055987],[120.678588,16.055716],[120.678308,16.055713],[120.678311,16.055442],[120.678314,16.055171],[120.678317,16.0549],[120.67832,16.054629],[120.678323,16.054358],[120.678604,16.054361],[120.678601,16.054632],[120.678597,16.054903],[120.678878,16.054906],[120.678875,16.055177],[120.678871,16.055448],[120.679152,16.055451],[120.679432,16.055455],[120.679429,16.055725],[120.679709,16.055729],[120.679712,16.055458],[120.679432,16.055455],[120.679435,16.055184],[120.679438,16.054913],[120.679718,16.054916],[120.679715,16.055187],[120.679996,16.05519],[120.680276,16.055193],[120.680279,16.054922],[120.680559,16.054925],[120.680562,16.054654],[120.680843,16.054657],[120.680839,16.054928],[120.68112,16.054931],[120.6814,16.054934],[120.68168,16.054937],[120.681677,16.055208],[120.681397,16.055205],[120.681116,16.055202],[120.680836,16.055199],[120.680833,16.05547],[120.68083,16.055741],[120.680827,16.056012],[120.681107,16.056015],[120.681104,16.056286],[120.681101,16.056557],[120.681098,16.056828],[120.681378,16.056831],[120.681375,16.057102],[120.681372,16.057373],[120.681368,16.057644],[120.681088,16.057641],[120.681085,16.057912],[120.680805,16.057909],[120.680802,16.05818],[120.680521,16.058177],[120.680518,16.058448],[120.680515,16.058718],[120.680795,16.058722],[120.680792,16.058993],[120.680789,16.059264],[120.680509,16.05926],[120.680506,16.059531],[120.680503,16.059802],[120.680783,16.059805],[120.68078,16.060076],[120.680499,16.060073],[120.680219,16.06007],[120.680222,16.059799],[120.679942,16.059796],[120.679939,16.060067],[120.680219,16.06007],[120.680216,16.060341],[120.680496,16.060344],[120.680777,16.060347],[120.680773,16.060618],[120.680493,16.060615],[120.680213,16.060612],[120.679933,16.060609],[120.67993,16.06088],[120.679926,16.061151],[120.679923,16.061422],[120.680204,16.061425],[120.6802,16.061696],[120.680481,16.061699],[120.680478,16.06197],[120.680197,16.061967],[120.680194,16.062238],[120.680191,16.062509],[120.679911,16.062506],[120.679908,16.062777]],[[120.679674,16.058709],[120.679955,16.058712],[120.679958,16.058441],[120.679678,16.058438],[120.679674,16.058709]],[[120.680257,16.056819],[120.680537,16.056822],[120.68054,16.056551],[120.68026,16.056548],[120.680257,16.056819]]],[[[120.683759,16.062038],[120.683756,16.062308],[120.683753,16.062579],[120.683749,16.06285],[120.683746,16.063121],[120.683466,16.063118],[120.683463,16.063389],[120.683183,16.063386],[120.683186,16.063115],[120.683189,16.062844],[120.683192,16.062573],[120.683195,16.062302],[120.683475,16.062305],[120.683479,16.062034],[120.683759,16.062038]]],[[[120.686826,16.063426],[120.686546,16.063423],[120.686549,16.063152],[120.686552,16.062881],[120.686832,16.062884],[120.686829,16.063155],[120.686826,16.063426]]],[[[120.704769,16.063077],[120.705049,16.06308],[120.705046,16.063351],[120.705043,16.063622],[120.704762,16.063619],[120.704766,16.063348],[120.704769,16.063077]]],[[[120.689351,16.063182],[120.689348,16.063453],[120.689068,16.06345],[120.689071,16.063179],[120.689351,16.063182]]],[[[120.696358,16.063258],[120.696638,16.063261],[120.696635,16.063532],[120.696355,16.063529],[120.696358,16.063258]]],[[[120.703361,16.063604],[120.703364,16.063333],[120.703644,16.063336],[120.703641,16.063607],[120.703361,16.063604]]],[[[120.707581,16.062294],[120.707861,16.062297],[120.707858,16.062568],[120.707855,16.062839],[120.707851,16.06311],[120.707848,16.063381],[120.707845,16.063652],[120.707565,16.063649],[120.707568,16.063378],[120.707571,16.063107],[120.707574,16.062836],[120.707577,16.062565],[120.707581,16.062294]]],[[[120.70925,16.063396],[120.709247,16.063667],[120.708966,16.063664],[120.708969,16.063393],[120.70925,16.063396]]],[[[120.646278,16.06241],[120.646558,16.062413],[120.646838,16.062416],[120.647118,16.062419],[120.647115,16.06269],[120.647112,16.062961],[120.646832,16.062958],[120.646552,16.062955],[120.646548,16.063226],[120.646268,16.063223],[120.646271,16.062952],[120.646275,16.062681],[120.646278,16.06241]]],[[[120.663089,16.062865],[120.66337,16.062868],[120.663373,16.062597],[120.663653,16.0626],[120.66365,16.062871],[120.66393,16.062874],[120.66421,16.062878],[120.664491,16.062881],[120.664494,16.06261],[120.664497,16.062339],[120.664217,16.062336],[120.663936,16.062332],[120.66394,16.062062],[120.663943,16.061791],[120.664223,16.061794],[120.664503,16.061797],[120.664784,16.0618],[120.66478,16.062071],[120.664777,16.062342],[120.665057,16.062345],[120.665054,16.062616],[120.665051,16.062887],[120.664771,16.062884],[120.664768,16.063155],[120.664487,16.063152],[120.664207,16.063149],[120.664204,16.063419],[120.663924,16.063416],[120.663927,16.063145],[120.663647,16.063142],[120.663366,16.063139],[120.663086,16.063136],[120.662806,16.063133],[120.662809,16.062862],[120.663089,16.062865]]],[[[120.677099,16.063289],[120.677096,16.06356],[120.676815,16.063557],[120.676819,16.063286],[120.677099,16.063289]]],[[[120.638144,16.062862],[120.638141,16.063133],[120.637861,16.06313],[120.637864,16.062859],[120.638144,16.062862]]],[[[120.647953,16.062971],[120.64795,16.063241],[120.647669,16.063238],[120.647673,16.062967],[120.647953,16.062971]]],[[[120.669252,16.063204],[120.669249,16.063474],[120.668968,16.063471],[120.668688,16.063468],[120.668691,16.063197],[120.668694,16.062926],[120.668975,16.062929],[120.668971,16.0632],[120.669252,16.063204]]],[[[120.686826,16.063426],[120.687106,16.063429],[120.687103,16.0637],[120.686823,16.063697],[120.686826,16.063426]]],[[[120.699157,16.063559],[120.699154,16.06383],[120.698874,16.063827],[120.698877,16.063556],[120.699157,16.063559]]],[[[120.701132,16.062496],[120.701128,16.062767],[120.701125,16.063038],[120.700845,16.063035],[120.700842,16.063306],[120.700839,16.063577],[120.700836,16.063848],[120.700555,16.063845],[120.700559,16.063574],[120.700562,16.063303],[120.700565,16.063032],[120.700568,16.062761],[120.700848,16.062764],[120.700851,16.062493],[120.701132,16.062496]]],[[[120.696912,16.063806],[120.696915,16.063535],[120.697195,16.063538],[120.697192,16.063809],[120.696912,16.063806]]],[[[120.701676,16.063857],[120.701396,16.063854],[120.701399,16.063583],[120.701402,16.063312],[120.701683,16.063315],[120.70168,16.063586],[120.701676,16.063857]]],[[[120.704762,16.063619],[120.704759,16.06389],[120.704479,16.063887],[120.704199,16.063884],[120.703919,16.063881],[120.703922,16.06361],[120.704202,16.063613],[120.704482,16.063616],[120.704762,16.063619]]],[[[120.647109,16.063232],[120.647106,16.063503],[120.646825,16.0635],[120.646829,16.063229],[120.647109,16.063232]]],[[[120.648507,16.063519],[120.648227,16.063516],[120.64823,16.063245],[120.648233,16.062974],[120.648236,16.062703],[120.648516,16.062706],[120.648513,16.062977],[120.648794,16.06298],[120.64879,16.063251],[120.64851,16.063248],[120.648507,16.063519]]],[[[120.655236,16.063321],[120.655233,16.063592],[120.654953,16.063589],[120.654956,16.063318],[120.655236,16.063321]]],[[[120.668688,16.063468],[120.668685,16.063739],[120.668405,16.063736],[120.668124,16.063733],[120.668128,16.063462],[120.667847,16.063459],[120.66785,16.063188],[120.668131,16.063191],[120.668134,16.06292],[120.668137,16.062649],[120.668417,16.062652],[120.668414,16.062923],[120.668411,16.063194],[120.668408,16.063465],[120.668688,16.063468]]],[[[120.681296,16.063876],[120.681299,16.063605],[120.681303,16.063334],[120.681306,16.063063],[120.681586,16.063066],[120.681583,16.063337],[120.68158,16.063608],[120.681577,16.063879],[120.681296,16.063876]]],[[[120.696912,16.063806],[120.696909,16.064077],[120.696629,16.064074],[120.696632,16.063803],[120.696912,16.063806]]],[[[120.684861,16.063676],[120.685141,16.063679],[120.685138,16.06395],[120.684858,16.063947],[120.684578,16.063944],[120.684581,16.063673],[120.684584,16.063402],[120.684864,16.063405],[120.684861,16.063676]]],[[[120.684874,16.062592],[120.685154,16.062595],[120.685157,16.062324],[120.685437,16.062327],[120.68544,16.062056],[120.68516,16.062053],[120.685157,16.062324],[120.684877,16.062321],[120.684874,16.062592],[120.684593,16.062589],[120.684597,16.062318],[120.6846,16.062047],[120.684603,16.061776],[120.684883,16.061779],[120.684886,16.061508],[120.685166,16.061511],[120.685447,16.061514],[120.68545,16.061243],[120.685453,16.060972],[120.685456,16.060701],[120.685736,16.060704],[120.685733,16.060975],[120.68573,16.061246],[120.685727,16.061517],[120.685724,16.061788],[120.686004,16.061791],[120.686284,16.061794],[120.686281,16.062065],[120.686001,16.062062],[120.685998,16.062333],[120.685995,16.062604],[120.685992,16.062875],[120.685988,16.063146],[120.686269,16.063149],[120.686265,16.06342],[120.686262,16.063691],[120.685982,16.063688],[120.685979,16.063959],[120.685699,16.063956],[120.685418,16.063953],[120.685422,16.063682],[120.685425,16.063411],[120.685705,16.063414],[120.685708,16.063143],[120.685428,16.06314],[120.685425,16.063411],[120.685144,16.063408],[120.685148,16.063137],[120.684867,16.063134],[120.68487,16.062863],[120.684874,16.062592]]],[[[120.698591,16.064095],[120.69831,16.064092],[120.698313,16.063821],[120.698594,16.063824],[120.698591,16.064095]]],[[[120.706718,16.064182],[120.706438,16.064179],[120.706158,16.064176],[120.706161,16.063905],[120.706441,16.063908],[120.706721,16.063911],[120.706718,16.064182]]],[[[120.648507,16.063519],[120.648787,16.063522],[120.648784,16.063793],[120.648504,16.06379],[120.648507,16.063519]]],[[[120.658593,16.0639],[120.658596,16.063629],[120.658599,16.063358],[120.658879,16.063361],[120.658876,16.063632],[120.658873,16.063903],[120.658593,16.0639]]],[[[120.675411,16.063813],[120.675408,16.064084],[120.675128,16.06408],[120.675131,16.063809],[120.675411,16.063813]]],[[[120.67793,16.064111],[120.67765,16.064108],[120.67737,16.064105],[120.677373,16.063834],[120.677376,16.063563],[120.677656,16.063566],[120.677653,16.063837],[120.677933,16.06384],[120.67793,16.064111]]],[[[120.668124,16.063733],[120.668121,16.064004],[120.667841,16.064001],[120.667844,16.06373],[120.668124,16.063733]]],[[[120.683183,16.063386],[120.68318,16.063657],[120.68346,16.06366],[120.68374,16.063663],[120.683737,16.063934],[120.683457,16.063931],[120.683176,16.063928],[120.682896,16.063925],[120.682893,16.064196],[120.682613,16.064193],[120.682616,16.063922],[120.682336,16.063919],[120.682339,16.063648],[120.682619,16.063651],[120.682899,16.063654],[120.682902,16.063383],[120.683183,16.063386]]],[[[120.696629,16.064074],[120.696626,16.064345],[120.696345,16.064342],[120.696348,16.064071],[120.696629,16.064074]]],[[[120.698591,16.064095],[120.698871,16.064098],[120.698868,16.064369],[120.698587,16.064366],[120.698591,16.064095]]],[[[120.681573,16.06415],[120.68157,16.064421],[120.68129,16.064418],[120.681293,16.064147],[120.681573,16.06415]]],[[[120.637316,16.061769],[120.637313,16.06204],[120.63731,16.062311],[120.637307,16.062582],[120.637304,16.062853],[120.6373,16.063124],[120.637581,16.063127],[120.637577,16.063398],[120.637297,16.063395],[120.637017,16.063392],[120.637014,16.063663],[120.636733,16.06366],[120.63673,16.063931],[120.63645,16.063928],[120.636453,16.063657],[120.636456,16.063386],[120.63646,16.063115],[120.636179,16.063112],[120.636183,16.062841],[120.636186,16.06257],[120.636466,16.062573],[120.636463,16.062844],[120.636743,16.062847],[120.636746,16.062576],[120.636466,16.062573],[120.636469,16.062302],[120.636749,16.062305],[120.636753,16.062034],[120.636472,16.062031],[120.636476,16.06176],[120.636756,16.061763],[120.636759,16.061492],[120.637039,16.061495],[120.637036,16.061766],[120.637316,16.061769]]],[[[120.642058,16.063719],[120.642338,16.063722],[120.642335,16.063993],[120.642055,16.06399],[120.642058,16.063719]]],[[[120.6871,16.063971],[120.68738,16.063974],[120.687377,16.064245],[120.687374,16.064516],[120.687094,16.064513],[120.687097,16.064242],[120.6871,16.063971]]],[[[120.697747,16.064357],[120.697744,16.064628],[120.697463,16.064625],[120.697466,16.064354],[120.697747,16.064357]]],[[[120.701676,16.063857],[120.701957,16.06386],[120.702237,16.063863],[120.70224,16.063592],[120.702243,16.063321],[120.702523,16.063324],[120.702804,16.063327],[120.702801,16.063598],[120.702798,16.063869],[120.702517,16.063866],[120.702514,16.064137],[120.702234,16.064134],[120.702231,16.064405],[120.701951,16.064402],[120.701947,16.064673],[120.701667,16.06467],[120.70167,16.064399],[120.701673,16.064128],[120.701676,16.063857]]],[[[120.703361,16.063604],[120.703358,16.063875],[120.703355,16.064146],[120.703352,16.064417],[120.703349,16.064688],[120.703068,16.064685],[120.703072,16.064414],[120.702791,16.064411],[120.702794,16.06414],[120.703075,16.064143],[120.703078,16.063872],[120.703081,16.063601],[120.703361,16.063604]]],[[[120.704189,16.064697],[120.704193,16.064426],[120.704473,16.064429],[120.704753,16.064432],[120.705033,16.064435],[120.70503,16.064706],[120.70475,16.064703],[120.70447,16.0647],[120.704189,16.064697]]],[[[120.658586,16.064442],[120.658306,16.064439],[120.658309,16.064168],[120.658312,16.063897],[120.658593,16.0639],[120.65859,16.064171],[120.658586,16.064442]]],[[[120.635886,16.064193],[120.635606,16.06419],[120.635609,16.063919],[120.635889,16.063922],[120.635886,16.064193]]],[[[120.637848,16.064214],[120.637568,16.064211],[120.637288,16.064208],[120.637291,16.063937],[120.637294,16.063666],[120.637574,16.063669],[120.637854,16.063672],[120.638135,16.063675],[120.638131,16.063946],[120.637851,16.063943],[120.637848,16.064214]]],[[[120.668679,16.064281],[120.668675,16.064552],[120.668395,16.064549],[120.668115,16.064546],[120.668118,16.064275],[120.668398,16.064278],[120.668679,16.064281]]],[[[120.689342,16.063995],[120.689062,16.063992],[120.689059,16.064263],[120.689056,16.064534],[120.689052,16.064805],[120.688772,16.064802],[120.688775,16.064531],[120.688778,16.06426],[120.688782,16.063989],[120.688785,16.063718],[120.689065,16.063721],[120.689345,16.063724],[120.689342,16.063995]]],[[[120.69438,16.064591],[120.694377,16.064862],[120.694097,16.064859],[120.6941,16.064588],[120.69438,16.064591]]],[[[120.698587,16.064366],[120.698584,16.064637],[120.698581,16.064908],[120.698301,16.064905],[120.698304,16.064634],[120.698307,16.064363],[120.698587,16.064366]]],[[[120.706432,16.064721],[120.706428,16.064992],[120.706148,16.064989],[120.706151,16.064718],[120.706432,16.064721]]],[[[120.682606,16.064735],[120.682326,16.064732],[120.682329,16.064461],[120.68261,16.064464],[120.682606,16.064735]]],[[[120.689342,16.063995],[120.689622,16.063998],[120.689619,16.064269],[120.689899,16.064272],[120.689896,16.064543],[120.689893,16.064814],[120.689613,16.064811],[120.689616,16.06454],[120.689336,16.064537],[120.689339,16.064266],[120.689342,16.063995]]],[[[120.694941,16.064597],[120.694938,16.064868],[120.694658,16.064865],[120.694661,16.064594],[120.694941,16.064597]]],[[[120.699982,16.064923],[120.699702,16.06492],[120.699705,16.064649],[120.699986,16.064652],[120.699982,16.064923]]],[[[120.700543,16.064929],[120.700546,16.064658],[120.700549,16.064387],[120.700552,16.064116],[120.700833,16.064119],[120.700829,16.06439],[120.700826,16.064661],[120.700823,16.064932],[120.700543,16.064929]]],[[[120.704189,16.064697],[120.704186,16.064968],[120.703906,16.064965],[120.703626,16.064962],[120.703629,16.064691],[120.703909,16.064694],[120.704189,16.064697]]],[[[120.709237,16.06448],[120.708957,16.064477],[120.708677,16.064474],[120.708674,16.064745],[120.708671,16.065016],[120.70839,16.065013],[120.708393,16.064742],[120.708113,16.064739],[120.708116,16.064468],[120.708396,16.064471],[120.7084,16.0642],[120.70868,16.064203],[120.708683,16.063932],[120.708963,16.063935],[120.70896,16.064206],[120.70924,16.064209],[120.709237,16.06448]]],[[[120.645975,16.064304],[120.645972,16.064575],[120.645692,16.064572],[120.645695,16.064301],[120.645975,16.064304]]],[[[120.649055,16.064609],[120.648774,16.064606],[120.648778,16.064335],[120.649058,16.064338],[120.649055,16.064609]]],[[[120.652421,16.064375],[120.652701,16.064378],[120.652698,16.064649],[120.652418,16.064646],[120.652421,16.064375]]],[[[120.663911,16.0645],[120.663631,16.064497],[120.663628,16.064768],[120.663347,16.064765],[120.663351,16.064494],[120.663354,16.064223],[120.663634,16.064226],[120.663914,16.064229],[120.663911,16.0645]]],[[[120.678201,16.064927],[120.677921,16.064924],[120.677924,16.064653],[120.678204,16.064656],[120.678201,16.064927]]],[[[120.653822,16.06439],[120.653819,16.064661],[120.653539,16.064658],[120.653542,16.064387],[120.653822,16.06439]]],[[[120.665589,16.06479],[120.665309,16.064787],[120.665029,16.064784],[120.665032,16.064513],[120.665312,16.064516],[120.665593,16.064519],[120.665589,16.06479]]],[[[120.679602,16.064942],[120.679605,16.064671],[120.679886,16.064674],[120.679889,16.064403],[120.679892,16.064132],[120.679895,16.063861],[120.679898,16.06359],[120.680178,16.063593],[120.680175,16.063864],[120.680456,16.063867],[120.680452,16.064138],[120.680449,16.064409],[120.680169,16.064406],[120.680166,16.064677],[120.680163,16.064948],[120.679882,16.064945],[120.679602,16.064942]]],[[[120.684288,16.064753],[120.684291,16.064482],[120.684571,16.064485],[120.684575,16.064215],[120.684855,16.064218],[120.685135,16.064221],[120.685132,16.064492],[120.685412,16.064495],[120.685409,16.064766],[120.685406,16.065037],[120.685126,16.065034],[120.684845,16.06503],[120.684849,16.06476],[120.684568,16.064756],[120.684288,16.064753]]],[[[120.693948,16.053475],[120.693945,16.053746],[120.694225,16.053749],[120.694222,16.05402],[120.694219,16.054291],[120.694216,16.054562],[120.694213,16.054833],[120.694209,16.055104],[120.694206,16.055375],[120.694487,16.055378],[120.69449,16.055107],[120.69477,16.05511],[120.694767,16.055381],[120.695047,16.055384],[120.695044,16.055655],[120.695041,16.055926],[120.695321,16.055929],[120.695601,16.055932],[120.695598,16.056203],[120.695318,16.0562],[120.695038,16.056197],[120.694757,16.056194],[120.694761,16.055923],[120.69448,16.05592],[120.694477,16.056191],[120.694474,16.056462],[120.694471,16.056733],[120.694751,16.056736],[120.694748,16.057007],[120.694745,16.057278],[120.695025,16.057281],[120.695022,16.057552],[120.695302,16.057555],[120.695299,16.057826],[120.695579,16.057829],[120.695583,16.057558],[120.695586,16.057287],[120.695866,16.05729],[120.696146,16.057293],[120.696143,16.057564],[120.696423,16.057567],[120.69642,16.057838],[120.69614,16.057835],[120.696137,16.058106],[120.696134,16.058377],[120.696414,16.05838],[120.696411,16.058651],[120.696131,16.058648],[120.696127,16.058919],[120.696124,16.05919],[120.696121,16.059461],[120.696118,16.059732],[120.696115,16.060003],[120.696112,16.060274],[120.696392,16.060277],[120.696672,16.06028],[120.696953,16.060283],[120.69695,16.060554],[120.696669,16.060551],[120.696666,16.060822],[120.696386,16.060819],[120.696383,16.06109],[120.696663,16.061093],[120.69666,16.061364],[120.69694,16.061367],[120.696937,16.061638],[120.696657,16.061635],[120.696377,16.061632],[120.696373,16.061903],[120.696093,16.0619],[120.69609,16.062171],[120.69581,16.062168],[120.695807,16.062439],[120.695804,16.06271],[120.695523,16.062707],[120.69552,16.062978],[120.695517,16.063249],[120.695514,16.06352],[120.695234,16.063516],[120.694953,16.063513],[120.69495,16.063784],[120.695231,16.063787],[120.695227,16.064058],[120.695224,16.064329],[120.694944,16.064326],[120.694947,16.064055],[120.694667,16.064052],[120.69467,16.063781],[120.694673,16.06351],[120.694676,16.063239],[120.694679,16.062968],[120.694399,16.062965],[120.694119,16.062962],[120.694122,16.062691],[120.694402,16.062694],[120.694683,16.062697],[120.694686,16.062426],[120.694966,16.06243],[120.694969,16.062159],[120.694972,16.061888],[120.695252,16.061891],[120.695256,16.06162],[120.695259,16.061349],[120.695539,16.061352],[120.695542,16.061081],[120.695822,16.061084],[120.695825,16.060813],[120.695545,16.06081],[120.695265,16.060807],[120.695268,16.060536],[120.694988,16.060533],[120.694991,16.060262],[120.695271,16.060265],[120.695274,16.059994],[120.695277,16.059723],[120.69528,16.059452],[120.695561,16.059455],[120.695564,16.059184],[120.695284,16.059181],[120.695003,16.059178],[120.695,16.059449],[120.69472,16.059446],[120.69444,16.059443],[120.694443,16.059172],[120.694163,16.059169],[120.694159,16.05944],[120.693879,16.059437],[120.693876,16.059708],[120.693873,16.059979],[120.69387,16.06025],[120.693867,16.060521],[120.693586,16.060517],[120.693306,16.060514],[120.693303,16.060785],[120.693023,16.060782],[120.69302,16.061053],[120.693017,16.061324],[120.693013,16.061595],[120.69301,16.061866],[120.693291,16.061869],[120.693287,16.06214],[120.693284,16.062411],[120.693004,16.062408],[120.693001,16.062679],[120.692998,16.06295],[120.692718,16.062947],[120.692714,16.063218],[120.692434,16.063215],[120.692431,16.063486],[120.692711,16.063489],[120.692708,16.06376],[120.692705,16.064031],[120.692702,16.064302],[120.692699,16.064573],[120.692696,16.064844],[120.692415,16.064841],[120.692412,16.065112],[120.692132,16.065109],[120.691852,16.065106],[120.691855,16.064835],[120.691858,16.064564],[120.691861,16.064293],[120.692141,16.064296],[120.692145,16.064025],[120.692148,16.063754],[120.691867,16.063751],[120.691871,16.06348],[120.692151,16.063483],[120.692154,16.063212],[120.691874,16.063209],[120.691877,16.062938],[120.692157,16.062941],[120.692437,16.062944],[120.69244,16.062673],[120.692444,16.062402],[120.692163,16.062399],[120.69216,16.06267],[120.69188,16.062667],[120.691883,16.062396],[120.691603,16.062393],[120.691606,16.062122],[120.691609,16.061851],[120.691889,16.061854],[120.691886,16.062125],[120.692166,16.062128],[120.69217,16.061857],[120.69245,16.06186],[120.692453,16.061589],[120.692173,16.061586],[120.69217,16.061857],[120.691889,16.061854],[120.691892,16.061583],[120.691896,16.061312],[120.692176,16.061315],[120.692179,16.061044],[120.692182,16.060773],[120.691902,16.06077],[120.691905,16.060499],[120.691908,16.060228],[120.692188,16.060231],[120.692469,16.060234],[120.692749,16.060237],[120.692752,16.059966],[120.692472,16.059963],[120.692475,16.059692],[120.692478,16.059421],[120.692198,16.059418],[120.691917,16.059415],[120.691921,16.059144],[120.691924,16.058873],[120.692204,16.058876],[120.692207,16.058605],[120.692487,16.058608],[120.692484,16.058879],[120.692481,16.05915],[120.692761,16.059153],[120.692758,16.059424],[120.692755,16.059695],[120.693035,16.059698],[120.693032,16.059969],[120.693312,16.059972],[120.693309,16.060243],[120.69359,16.060246],[120.693593,16.059976],[120.693596,16.059705],[120.693599,16.059434],[120.693319,16.059431],[120.693322,16.05916],[120.693325,16.058889],[120.693605,16.058892],[120.693608,16.058621],[120.693328,16.058618],[120.693331,16.058347],[120.693051,16.058344],[120.693054,16.058073],[120.693334,16.058076],[120.693337,16.057805],[120.693057,16.057802],[120.693054,16.058073],[120.692774,16.05807],[120.692777,16.057799],[120.69278,16.057528],[120.692783,16.057257],[120.692786,16.056986],[120.692506,16.056983],[120.692509,16.056712],[120.692512,16.056441],[120.692232,16.056438],[120.692229,16.056709],[120.691949,16.056706],[120.691946,16.056976],[120.691942,16.057247],[120.691939,16.057518],[120.691936,16.057789],[120.691933,16.05806],[120.692213,16.058063],[120.69221,16.058334],[120.69193,16.058331],[120.69165,16.058328],[120.691369,16.058325],[120.691366,16.058596],[120.691086,16.058593],[120.691089,16.058322],[120.690809,16.058319],[120.690812,16.058048],[120.690815,16.057777],[120.690535,16.057774],[120.690538,16.057503],[120.690541,16.057232],[120.690544,16.056961],[120.690547,16.05669],[120.690828,16.056693],[120.690831,16.056422],[120.690551,16.056419],[120.690554,16.056148],[120.690557,16.055877],[120.690277,16.055874],[120.69028,16.055603],[120.69056,16.055606],[120.690563,16.055335],[120.690843,16.055338],[120.690846,16.055067],[120.690566,16.055064],[120.690563,16.055335],[120.690283,16.055332],[120.690286,16.055061],[120.690006,16.055058],[120.690009,16.054787],[120.690012,16.054516],[120.690015,16.054245],[120.690018,16.053974],[120.690021,16.053703],[120.690025,16.053432],[120.690305,16.053435],[120.690308,16.053165],[120.690588,16.053168],[120.690591,16.052897],[120.690871,16.0529],[120.690875,16.052629],[120.690878,16.052358],[120.690881,16.052087],[120.690601,16.052084],[120.69032,16.052081],[120.69004,16.052078],[120.690037,16.052349],[120.690317,16.052352],[120.690314,16.052623],[120.690034,16.05262],[120.689754,16.052616],[120.689751,16.052887],[120.689747,16.053158],[120.689467,16.053155],[120.689187,16.053152],[120.689184,16.053423],[120.688904,16.05342],[120.688907,16.053149],[120.688626,16.053146],[120.68863,16.052875],[120.68891,16.052878],[120.688913,16.052607],[120.688633,16.052604],[120.688636,16.052333],[120.688356,16.05233],[120.688359,16.052059],[120.688362,16.051788],[120.688365,16.051517],[120.688645,16.05152],[120.688648,16.051249],[120.688651,16.050978],[120.688932,16.050981],[120.688935,16.05071],[120.688938,16.05044],[120.689218,16.050443],[120.689221,16.050172],[120.689502,16.050175],[120.689505,16.049904],[120.689224,16.049901],[120.689228,16.04963],[120.689231,16.049359],[120.689234,16.049088],[120.689237,16.048817],[120.68924,16.048546],[120.68952,16.048549],[120.689801,16.048552],[120.689797,16.048823],[120.690078,16.048826],[120.690358,16.048829],[120.690355,16.0491],[120.690635,16.049103],[120.690915,16.049106],[120.690918,16.048835],[120.690921,16.048564],[120.691202,16.048567],[120.691199,16.048838],[120.691479,16.048841],[120.691476,16.049112],[120.691756,16.049115],[120.692036,16.049118],[120.692033,16.049389],[120.69203,16.04966],[120.69175,16.049657],[120.691469,16.049654],[120.691473,16.049383],[120.691192,16.04938],[120.691189,16.049651],[120.691186,16.049922],[120.691466,16.049925],[120.691747,16.049928],[120.691743,16.050199],[120.691463,16.050196],[120.691183,16.050193],[120.69118,16.050464],[120.69146,16.050467],[120.69174,16.05047],[120.691743,16.050199],[120.692024,16.050202],[120.692021,16.050473],[120.692017,16.050744],[120.692298,16.050747],[120.692295,16.051018],[120.692575,16.051021],[120.692855,16.051024],[120.693135,16.051027],[120.693138,16.050756],[120.693419,16.050759],[120.693699,16.050762],[120.693979,16.050765],[120.693976,16.051036],[120.693973,16.051307],[120.693693,16.051304],[120.69369,16.051575],[120.69397,16.051578],[120.69425,16.051581],[120.694247,16.051852],[120.693967,16.051849],[120.693686,16.051846],[120.693406,16.051843],[120.693126,16.05184],[120.693123,16.052111],[120.692843,16.052108],[120.692562,16.052105],[120.692282,16.052102],[120.692285,16.051831],[120.692288,16.05156],[120.692569,16.051563],[120.692572,16.051292],[120.692291,16.051289],[120.692011,16.051286],[120.692014,16.051015],[120.691734,16.051012],[120.691454,16.051009],[120.691451,16.05128],[120.691731,16.051283],[120.692011,16.051286],[120.692008,16.051557],[120.691728,16.051554],[120.691725,16.051825],[120.691444,16.051822],[120.691441,16.052093],[120.691161,16.05209],[120.691158,16.052361],[120.691155,16.052632],[120.691435,16.052635],[120.691432,16.052906],[120.691429,16.053177],[120.691149,16.053174],[120.691145,16.053445],[120.691426,16.053448],[120.691706,16.053451],[120.691703,16.053722],[120.6917,16.053993],[120.691419,16.05399],[120.691423,16.053719],[120.691142,16.053716],[120.691139,16.053987],[120.691419,16.05399],[120.691416,16.054261],[120.691697,16.054264],[120.691977,16.054267],[120.69198,16.053996],[120.691983,16.053725],[120.691986,16.053454],[120.691989,16.053183],[120.69227,16.053186],[120.692266,16.053457],[120.692547,16.05346],[120.692827,16.053463],[120.69283,16.053192],[120.69255,16.053189],[120.69227,16.053186],[120.692273,16.052915],[120.692553,16.052918],[120.692833,16.052921],[120.693113,16.052924],[120.69311,16.053195],[120.693391,16.053198],[120.693387,16.053469],[120.693668,16.053472],[120.693948,16.053475]],[[120.693372,16.054824],[120.693375,16.054553],[120.693378,16.054282],[120.693381,16.054011],[120.693101,16.054008],[120.693104,16.053737],[120.692824,16.053734],[120.692821,16.054005],[120.692818,16.054276],[120.693098,16.054279],[120.693095,16.05455],[120.693092,16.054821],[120.692811,16.054818],[120.692531,16.054815],[120.692528,16.055086],[120.692808,16.055089],[120.693088,16.055092],[120.693085,16.055363],[120.693366,16.055366],[120.693646,16.055369],[120.693649,16.055098],[120.693369,16.055095],[120.693372,16.054824]],[[120.692254,16.054541],[120.691974,16.054538],[120.691693,16.054535],[120.69169,16.054806],[120.691971,16.054809],[120.692251,16.054812],[120.692254,16.054541]],[[120.692245,16.055354],[120.691964,16.055351],[120.691961,16.055622],[120.692241,16.055625],[120.692522,16.055628],[120.692525,16.055357],[120.692245,16.055354]],[[120.693655,16.054556],[120.693652,16.054827],[120.693932,16.05483],[120.693935,16.054559],[120.693655,16.054556]],[[120.691955,16.056164],[120.691675,16.056161],[120.691672,16.056431],[120.691952,16.056435],[120.691955,16.056164]],[[120.693895,16.058082],[120.693615,16.058079],[120.693611,16.05835],[120.693892,16.058353],[120.693895,16.058082]],[[120.695293,16.058368],[120.695013,16.058365],[120.69501,16.058636],[120.695006,16.058907],[120.695287,16.05891],[120.69529,16.058639],[120.69557,16.058642],[120.695573,16.058371],[120.695576,16.0581],[120.695296,16.058097],[120.695293,16.058368]],[[120.691659,16.057515],[120.691379,16.057512],[120.691376,16.057783],[120.691656,16.057786],[120.691659,16.057515]],[[120.690576,16.054251],[120.690856,16.054255],[120.690859,16.053984],[120.690579,16.05398],[120.690576,16.054251]],[[120.68976,16.052075],[120.689763,16.051804],[120.690043,16.051807],[120.690324,16.05181],[120.690327,16.051539],[120.69033,16.051268],[120.69005,16.051265],[120.689769,16.051262],[120.689489,16.051259],[120.689209,16.051255],[120.688929,16.051252],[120.688925,16.051523],[120.688922,16.051794],[120.688642,16.051791],[120.688639,16.052062],[120.688919,16.052065],[120.688916,16.052336],[120.689196,16.052339],[120.689477,16.052342],[120.689757,16.052345],[120.68976,16.052075]],[[120.689788,16.049636],[120.690068,16.049639],[120.690349,16.049642],[120.690352,16.049371],[120.690071,16.049368],[120.689791,16.049365],[120.689788,16.049636]]],[[[120.6969,16.06489],[120.696896,16.065161],[120.696616,16.065158],[120.696336,16.065154],[120.696339,16.064884],[120.696619,16.064887],[120.6969,16.06489]]],[[[120.698301,16.064905],[120.698298,16.065176],[120.698018,16.065173],[120.698021,16.064902],[120.698301,16.064905]]],[[[120.709231,16.065022],[120.709228,16.065293],[120.708948,16.06529],[120.708951,16.065019],[120.709231,16.065022]]],[[[120.642055,16.06399],[120.642052,16.064261],[120.642332,16.064264],[120.642329,16.064535],[120.642326,16.064806],[120.642045,16.064803],[120.642049,16.064532],[120.641768,16.064529],[120.641771,16.064258],[120.641775,16.063987],[120.642055,16.06399]]],[[[120.642889,16.064541],[120.643169,16.064544],[120.643166,16.064815],[120.642886,16.064812],[120.642889,16.064541]]],[[[120.649335,16.064612],[120.649332,16.064883],[120.649052,16.06488],[120.649055,16.064609],[120.649335,16.064612]]],[[[120.663914,16.064229],[120.663917,16.063958],[120.663921,16.063687],[120.664201,16.06369],[120.664198,16.063961],[120.664478,16.063965],[120.664758,16.063968],[120.664755,16.064239],[120.664752,16.06451],[120.664749,16.064781],[120.664468,16.064777],[120.664465,16.065048],[120.664185,16.065045],[120.663905,16.065042],[120.663908,16.064771],[120.663911,16.0645],[120.664191,16.064503],[120.664472,16.064506],[120.664475,16.064236],[120.664195,16.064232],[120.663914,16.064229]]],[[[120.669793,16.064836],[120.670074,16.064839],[120.67007,16.06511],[120.66979,16.065107],[120.669793,16.064836]]],[[[120.687651,16.06479],[120.687931,16.064793],[120.687928,16.065064],[120.687925,16.065335],[120.687645,16.065332],[120.687648,16.065061],[120.687651,16.06479]]],[[[120.707543,16.065546],[120.707263,16.065543],[120.707266,16.065272],[120.707546,16.065275],[120.707543,16.065546]]],[[[120.682606,16.064735],[120.682887,16.064738],[120.68289,16.064467],[120.68317,16.06447],[120.683167,16.064741],[120.683164,16.065012],[120.683161,16.065283],[120.68288,16.06528],[120.6826,16.065277],[120.68232,16.065274],[120.682323,16.065003],[120.682603,16.065006],[120.682606,16.064735]]],[[[120.684285,16.065024],[120.684565,16.065027],[120.684562,16.065298],[120.684282,16.065295],[120.684285,16.065024]]],[[[120.700543,16.064929],[120.70054,16.0652],[120.70082,16.065203],[120.7011,16.065206],[120.701381,16.065209],[120.701661,16.065212],[120.701664,16.064941],[120.701944,16.064944],[120.701941,16.065215],[120.701938,16.065486],[120.701658,16.065483],[120.701378,16.06548],[120.701097,16.065477],[120.700817,16.065474],[120.700537,16.065471],[120.700256,16.065468],[120.70026,16.065197],[120.699979,16.065194],[120.699982,16.064923],[120.700263,16.064926],[120.700543,16.064929]]],[[[120.70418,16.06551],[120.7039,16.065507],[120.703903,16.065236],[120.704183,16.065239],[120.70418,16.06551]]],[[[120.707546,16.065275],[120.707549,16.065004],[120.70783,16.065007],[120.70811,16.06501],[120.708107,16.065281],[120.708104,16.065552],[120.707824,16.065549],[120.707827,16.065278],[120.707546,16.065275]]],[[[120.712027,16.065594],[120.711747,16.065591],[120.71175,16.06532],[120.711753,16.065049],[120.712034,16.065052],[120.712031,16.065323],[120.712027,16.065594]]],[[[120.638682,16.064766],[120.638402,16.064762],[120.638122,16.064759],[120.638119,16.06503],[120.637838,16.065027],[120.637842,16.064756],[120.637561,16.064753],[120.637565,16.064482],[120.637845,16.064485],[120.637848,16.064214],[120.638128,16.064217],[120.638408,16.06422],[120.638405,16.064491],[120.638686,16.064495],[120.638682,16.064766]]],[[[120.640924,16.06479],[120.641205,16.064793],[120.641201,16.065064],[120.640921,16.065061],[120.640924,16.06479]]],[[[120.649052,16.06488],[120.649048,16.065151],[120.648768,16.065148],[120.648771,16.064877],[120.649052,16.06488]]],[[[120.652972,16.065194],[120.652692,16.065191],[120.652695,16.06492],[120.652975,16.064923],[120.652972,16.065194]]],[[[120.663905,16.065042],[120.663902,16.065313],[120.663621,16.06531],[120.663625,16.065039],[120.663905,16.065042]]],[[[120.6443,16.063743],[120.644297,16.064014],[120.644294,16.064285],[120.64429,16.064556],[120.644287,16.064827],[120.644284,16.065098],[120.644004,16.065095],[120.644007,16.064824],[120.64401,16.064553],[120.64373,16.06455],[120.643733,16.064279],[120.643736,16.064008],[120.644017,16.064011],[120.64402,16.06374],[120.6443,16.063743]]],[[[120.666144,16.065338],[120.666147,16.065067],[120.66615,16.064796],[120.66643,16.064799],[120.666427,16.06507],[120.666424,16.065341],[120.666144,16.065338]]],[[[120.676236,16.065177],[120.676233,16.065448],[120.675953,16.065445],[120.675672,16.065441],[120.675675,16.065171],[120.675679,16.0649],[120.675398,16.064896],[120.675402,16.064625],[120.675682,16.064629],[120.675962,16.064632],[120.675959,16.064903],[120.675956,16.065174],[120.676236,16.065177]]],[[[120.681,16.065228],[120.681281,16.065231],[120.681277,16.065502],[120.680997,16.065499],[120.680717,16.065496],[120.68072,16.065225],[120.681,16.065228]]],[[[120.711193,16.065043],[120.711196,16.064772],[120.710916,16.064769],[120.710913,16.06504],[120.710632,16.065037],[120.710629,16.065308],[120.71091,16.065311],[120.710913,16.06504],[120.711193,16.065043],[120.71119,16.065314],[120.711187,16.065585],[120.711184,16.065856],[120.710903,16.065853],[120.710623,16.06585],[120.710626,16.065579],[120.710346,16.065576],[120.710349,16.065305],[120.710352,16.065034],[120.710355,16.064763],[120.710075,16.06476],[120.710078,16.064489],[120.710081,16.064218],[120.710084,16.063947],[120.710087,16.063676],[120.71009,16.063405],[120.710094,16.063134],[120.709813,16.063131],[120.70981,16.063402],[120.709807,16.063673],[120.709804,16.063944],[120.709801,16.064215],[120.709798,16.064486],[120.709795,16.064757],[120.710075,16.06476],[120.710072,16.065031],[120.709792,16.065028],[120.709511,16.065025],[120.709231,16.065022],[120.709234,16.064751],[120.709237,16.06448],[120.709518,16.064483],[120.709521,16.064212],[120.709524,16.063941],[120.709527,16.06367],[120.70953,16.063399],[120.70925,16.063396],[120.709253,16.063125],[120.709256,16.062854],[120.709259,16.062583],[120.709539,16.062586],[120.709542,16.062315],[120.709545,16.062044],[120.709549,16.061773],[120.709552,16.061502],[120.709832,16.061505],[120.709829,16.061776],[120.710109,16.061779],[120.710112,16.061508],[120.709832,16.061505],[120.709835,16.061234],[120.710115,16.061237],[120.710118,16.060966],[120.709838,16.060963],[120.709835,16.061234],[120.709555,16.061231],[120.709558,16.06096],[120.709561,16.060689],[120.709841,16.060692],[120.709844,16.060421],[120.709847,16.06015],[120.710128,16.060153],[120.710125,16.060424],[120.710121,16.060695],[120.710402,16.060698],[120.710682,16.060701],[120.710685,16.06043],[120.710688,16.060159],[120.710408,16.060156],[120.710128,16.060153],[120.710131,16.059882],[120.709851,16.059879],[120.709854,16.059608],[120.709857,16.059337],[120.710137,16.05934],[120.71014,16.059069],[120.70986,16.059066],[120.709857,16.059337],[120.709576,16.059334],[120.70958,16.059063],[120.709299,16.05906],[120.709296,16.059331],[120.709293,16.059602],[120.70929,16.059873],[120.709287,16.060144],[120.709007,16.060141],[120.708726,16.060138],[120.708723,16.060409],[120.708443,16.060406],[120.70844,16.060677],[120.708437,16.060948],[120.708434,16.061219],[120.708153,16.061216],[120.708157,16.060945],[120.70816,16.060674],[120.707879,16.060671],[120.707883,16.0604],[120.707886,16.060129],[120.708166,16.060132],[120.708169,16.059861],[120.707889,16.059858],[120.707892,16.059587],[120.707895,16.059316],[120.708175,16.059319],[120.708455,16.059322],[120.708459,16.059051],[120.708178,16.059048],[120.708181,16.058777],[120.708462,16.05878],[120.708465,16.058509],[120.708468,16.058238],[120.708471,16.057967],[120.708751,16.05797],[120.708754,16.057699],[120.709035,16.057702],[120.709038,16.057431],[120.709318,16.057434],[120.709321,16.057163],[120.709601,16.057166],[120.709598,16.057437],[120.709595,16.057708],[120.709592,16.057979],[120.709589,16.05825],[120.709586,16.058521],[120.709583,16.058792],[120.709863,16.058795],[120.709866,16.058524],[120.709869,16.058253],[120.709872,16.057982],[120.709875,16.057711],[120.710156,16.057714],[120.710159,16.057443],[120.710162,16.057172],[120.710165,16.056901],[120.710445,16.056904],[120.710448,16.056633],[120.710728,16.056636],[120.710731,16.056435],[120.711001,16.057289],[120.710999,16.057452],[120.710996,16.057723],[120.710716,16.05772],[120.710713,16.057991],[120.710993,16.057994],[120.71099,16.058265],[120.71127,16.058268],[120.711267,16.058539],[120.711264,16.05881],[120.711261,16.059081],[120.711258,16.059352],[120.711538,16.059355],[120.711535,16.059626],[120.711532,16.059897],[120.711529,16.060168],[120.711809,16.060171],[120.711812,16.0599],[120.711815,16.059629],[120.711818,16.059358],[120.712099,16.059361],[120.712096,16.059632],[120.712093,16.059903],[120.712089,16.060174],[120.712086,16.060445],[120.712083,16.060716],[120.711803,16.060713],[120.7118,16.060984],[120.711797,16.061255],[120.711794,16.061526],[120.711791,16.061797],[120.71151,16.061794],[120.711507,16.062065],[120.711504,16.062336],[120.711501,16.062607],[120.711498,16.062878],[120.711218,16.062875],[120.710937,16.062872],[120.710657,16.062869],[120.710654,16.06314],[120.710934,16.063143],[120.710931,16.063414],[120.711211,16.063417],[120.711215,16.063146],[120.711495,16.063149],[120.711498,16.062878],[120.711778,16.062881],[120.711775,16.063152],[120.712055,16.063155],[120.712052,16.063426],[120.711772,16.063423],[120.711492,16.06342],[120.711489,16.063691],[120.711486,16.063962],[120.711766,16.063965],[120.711763,16.064236],[120.71176,16.064507],[120.711757,16.064778],[120.711476,16.064775],[120.711473,16.065046],[120.711193,16.065043]],[[120.711221,16.062604],[120.711224,16.062333],[120.711227,16.062062],[120.710947,16.062059],[120.710666,16.062056],[120.710663,16.062327],[120.710944,16.06233],[120.710941,16.062601],[120.711221,16.062604]],[[120.710676,16.061243],[120.710956,16.061246],[120.710959,16.060975],[120.710679,16.060972],[120.710676,16.061243]],[[120.710414,16.059614],[120.710411,16.059885],[120.710691,16.059888],[120.710694,16.059617],[120.710414,16.059614]]],[[[120.712691,16.056604],[120.713255,16.05625],[120.713254,16.056392],[120.713251,16.056663],[120.71297,16.05666],[120.71269,16.056657],[120.712691,16.056604]]],[[[120.71382,16.055896],[120.714667,16.055366],[120.714664,16.055594],[120.714384,16.055591],[120.714381,16.055862],[120.714378,16.056133],[120.714658,16.056136],[120.714655,16.056407],[120.714652,16.056678],[120.714649,16.056949],[120.714646,16.05722],[120.714366,16.057217],[120.714085,16.057214],[120.714088,16.056943],[120.714369,16.056946],[120.714372,16.056675],[120.714091,16.056672],[120.714095,16.056401],[120.714098,16.05613],[120.713817,16.056127],[120.71382,16.055896]]],[[[120.709649,16.053023],[120.70976,16.053373],[120.709645,16.053372],[120.709648,16.053101],[120.709649,16.053023]]],[[[120.709919,16.053876],[120.71019,16.054729],[120.71019,16.054733],[120.710191,16.054733],[120.71045,16.055549],[120.71018,16.055546],[120.710177,16.055817],[120.710458,16.05582],[120.71046,16.055582],[120.710622,16.056093],[120.710454,16.056091],[120.710174,16.056088],[120.710171,16.056359],[120.710168,16.05663],[120.709888,16.056627],[120.709891,16.056356],[120.709894,16.056085],[120.709897,16.055814],[120.7099,16.055543],[120.709903,16.055272],[120.709906,16.055001],[120.709909,16.05473],[120.709913,16.054459],[120.709916,16.054188],[120.709635,16.054185],[120.709638,16.053914],[120.709919,16.053917],[120.709919,16.053876]]],[[[120.688482,16.065612],[120.688486,16.065341],[120.688766,16.065344],[120.689046,16.065347],[120.689043,16.065618],[120.688763,16.065615],[120.688482,16.065612]]],[[[120.690728,16.065365],[120.690725,16.065636],[120.690444,16.065633],[120.690164,16.06563],[120.690167,16.065359],[120.690447,16.065362],[120.690728,16.065365]]],[[[120.706139,16.065802],[120.706142,16.065531],[120.706145,16.06526],[120.706425,16.065263],[120.706422,16.065534],[120.706702,16.065537],[120.706699,16.065808],[120.706419,16.065805],[120.706139,16.065802]]],[[[120.667542,16.065624],[120.667262,16.065621],[120.667265,16.06535],[120.667545,16.065353],[120.667542,16.065624]]],[[[120.669513,16.064832],[120.66951,16.065103],[120.66923,16.0651],[120.669226,16.065371],[120.669223,16.065642],[120.668943,16.065639],[120.668946,16.065368],[120.668666,16.065365],[120.668669,16.065094],[120.668949,16.065097],[120.668953,16.064826],[120.669233,16.064829],[120.669513,16.064832]]],[[[120.680153,16.065761],[120.680156,16.06549],[120.68016,16.065219],[120.68044,16.065222],[120.680437,16.065493],[120.680434,16.065764],[120.680153,16.065761]]],[[[120.633912,16.065255],[120.633631,16.065252],[120.633635,16.064981],[120.633915,16.064984],[120.633912,16.065255]]],[[[120.649335,16.064612],[120.649338,16.064341],[120.649341,16.06407],[120.649345,16.063799],[120.649348,16.063528],[120.649351,16.063257],[120.649354,16.062986],[120.649357,16.062715],[120.649637,16.062718],[120.649634,16.062989],[120.649631,16.06326],[120.649911,16.063263],[120.649908,16.063534],[120.649905,16.063805],[120.650185,16.063808],[120.650465,16.063811],[120.650462,16.064082],[120.650459,16.064353],[120.650179,16.06435],[120.650176,16.064621],[120.650456,16.064624],[120.650453,16.064895],[120.650173,16.064892],[120.649892,16.064889],[120.649889,16.06516],[120.649886,16.065431],[120.649606,16.065428],[120.649609,16.065157],[120.649612,16.064886],[120.649615,16.064615],[120.649335,16.064612]]],[[[120.6715,16.062686],[120.67122,16.062683],[120.671217,16.062954],[120.671497,16.062957],[120.6715,16.062686],[120.67178,16.062689],[120.671783,16.062418],[120.672064,16.062421],[120.672061,16.062692],[120.672057,16.062963],[120.671777,16.06296],[120.671774,16.063231],[120.671771,16.063502],[120.671768,16.063773],[120.671765,16.064044],[120.671761,16.064315],[120.671758,16.064586],[120.671755,16.064857],[120.671752,16.065128],[120.671472,16.065125],[120.671468,16.065396],[120.671188,16.065393],[120.671185,16.065664],[120.670905,16.065661],[120.670625,16.065658],[120.670628,16.065387],[120.670631,16.065116],[120.670634,16.064845],[120.670354,16.064842],[120.670357,16.064571],[120.670077,16.064568],[120.669796,16.064565],[120.669793,16.064836],[120.669513,16.064832],[120.669516,16.064561],[120.669236,16.064558],[120.668956,16.064555],[120.668959,16.064284],[120.668679,16.064281],[120.668682,16.06401],[120.668962,16.064013],[120.668965,16.063742],[120.669245,16.063745],[120.669526,16.063749],[120.669529,16.063478],[120.669809,16.063481],[120.670089,16.063484],[120.67037,16.063487],[120.67065,16.06349],[120.67093,16.063493],[120.670927,16.063764],[120.670647,16.063761],[120.670644,16.064032],[120.670363,16.064029],[120.670366,16.063758],[120.670086,16.063755],[120.670083,16.064026],[120.669803,16.064023],[120.6698,16.064294],[120.67008,16.064297],[120.670083,16.064026],[120.670363,16.064029],[120.67036,16.0643],[120.67064,16.064303],[120.670644,16.064032],[120.670924,16.064035],[120.670927,16.063764],[120.671207,16.063767],[120.67121,16.063496],[120.671491,16.063499],[120.671494,16.063228],[120.671213,16.063225],[120.670933,16.063222],[120.670653,16.063219],[120.670373,16.063216],[120.670092,16.063213],[120.670096,16.062942],[120.669815,16.062939],[120.669819,16.062668],[120.669822,16.062397],[120.670102,16.0624],[120.670105,16.062129],[120.670108,16.061858],[120.670388,16.061861],[120.670385,16.062132],[120.670666,16.062135],[120.670669,16.061864],[120.670949,16.061867],[120.670946,16.062138],[120.671226,16.062141],[120.671223,16.062412],[120.671503,16.062415],[120.6715,16.062686]],[[120.670659,16.062677],[120.670379,16.062674],[120.670376,16.062945],[120.670656,16.062948],[120.670659,16.062677],[120.67094,16.06268],[120.670943,16.062409],[120.670662,16.062406],[120.670659,16.062677]]],[[[120.67259,16.065408],[120.672593,16.065137],[120.672873,16.06514],[120.672876,16.064869],[120.672596,16.064866],[120.672593,16.065137],[120.672312,16.065134],[120.672309,16.065405],[120.67259,16.065408],[120.672586,16.065679],[120.672306,16.065676],[120.672026,16.065673],[120.672029,16.065402],[120.672032,16.065131],[120.672035,16.06486],[120.672316,16.064863],[120.672319,16.064592],[120.672322,16.064321],[120.672042,16.064318],[120.672045,16.064047],[120.672048,16.063776],[120.672051,16.063505],[120.672054,16.063234],[120.672334,16.063237],[120.672331,16.063508],[120.672612,16.063511],[120.672608,16.063782],[120.672328,16.063779],[120.672325,16.06405],[120.672605,16.064053],[120.672886,16.064056],[120.672882,16.064327],[120.673163,16.06433],[120.673443,16.064333],[120.67344,16.064604],[120.67372,16.064607],[120.674,16.06461],[120.67428,16.064613],[120.674284,16.064342],[120.674003,16.064339],[120.674007,16.064068],[120.674287,16.064071],[120.67429,16.0638],[120.67457,16.063803],[120.67485,16.063806],[120.674847,16.064077],[120.674567,16.064074],[120.674564,16.064345],[120.674844,16.064348],[120.674841,16.064619],[120.675121,16.064622],[120.675118,16.064893],[120.674838,16.06489],[120.674558,16.064887],[120.674277,16.064884],[120.674274,16.065155],[120.673994,16.065152],[120.673997,16.064881],[120.673717,16.064878],[120.673437,16.064875],[120.673156,16.064872],[120.673153,16.065143],[120.67315,16.065414],[120.673147,16.065685],[120.672867,16.065682],[120.67287,16.065411],[120.67259,16.065408]]],[[[120.679602,16.064942],[120.679599,16.065213],[120.679879,16.065216],[120.679876,16.065487],[120.679596,16.065484],[120.679593,16.065755],[120.679312,16.065752],[120.679316,16.065481],[120.679035,16.065478],[120.679039,16.065207],[120.679319,16.06521],[120.679322,16.064939],[120.679602,16.064942]]],[[[120.691846,16.065648],[120.691842,16.065919],[120.691562,16.065916],[120.691565,16.065645],[120.691568,16.065374],[120.691849,16.065377],[120.691846,16.065648]]],[[[120.698569,16.065992],[120.698288,16.065989],[120.698008,16.065986],[120.697728,16.065983],[120.697731,16.065712],[120.698011,16.065715],[120.698292,16.065718],[120.698572,16.065721],[120.698852,16.065724],[120.698849,16.065995],[120.698569,16.065992]]],[[[120.633912,16.065255],[120.634192,16.065258],[120.634189,16.065529],[120.633909,16.065526],[120.633912,16.065255]]],[[[120.667542,16.065624],[120.667822,16.065627],[120.667819,16.065898],[120.667539,16.065895],[120.667542,16.065624]]],[[[120.680153,16.065761],[120.68015,16.066032],[120.67987,16.066029],[120.679873,16.065758],[120.680153,16.065761]]],[[[120.635033,16.065267],[120.63503,16.065538],[120.634749,16.065535],[120.634752,16.065264],[120.635033,16.065267]]],[[[120.645959,16.065659],[120.645962,16.065388],[120.646243,16.065391],[120.646239,16.065662],[120.645959,16.065659]]],[[[120.668663,16.065636],[120.66866,16.065907],[120.668379,16.065904],[120.668383,16.065633],[120.668663,16.065636]]],[[[120.673994,16.065152],[120.673991,16.065423],[120.674271,16.065426],[120.674268,16.065697],[120.673988,16.065694],[120.673984,16.065965],[120.673704,16.065962],[120.673424,16.065959],[120.673427,16.065688],[120.67343,16.065417],[120.673711,16.06542],[120.673714,16.065149],[120.673994,16.065152]]],[[[120.690999,16.066181],[120.691002,16.06591],[120.691282,16.065913],[120.691279,16.066184],[120.690999,16.066181]]],[[[120.69661,16.065699],[120.696607,16.06597],[120.696604,16.066241],[120.696323,16.066238],[120.696327,16.065967],[120.69633,16.065696],[120.69661,16.065699]]],[[[120.68232,16.065274],[120.682317,16.065545],[120.682314,16.065816],[120.682311,16.066087],[120.68203,16.066084],[120.682033,16.065813],[120.682037,16.065542],[120.681756,16.065539],[120.681759,16.065268],[120.681763,16.064997],[120.682043,16.065],[120.68204,16.065271],[120.68232,16.065274]]],[[[120.683154,16.065825],[120.683151,16.066096],[120.682871,16.066093],[120.682874,16.065822],[120.683154,16.065825]]],[[[120.701652,16.066025],[120.701648,16.066296],[120.701368,16.066293],[120.701371,16.066022],[120.701652,16.066025]]],[[[120.701652,16.066025],[120.701655,16.065754],[120.701935,16.065757],[120.702215,16.06576],[120.702212,16.066031],[120.702209,16.066302],[120.701929,16.066299],[120.701932,16.066028],[120.701652,16.066025]]],[[[120.706413,16.066347],[120.706133,16.066344],[120.706136,16.066073],[120.706416,16.066076],[120.706413,16.066347]]],[[[120.695486,16.065958],[120.695483,16.066229],[120.695202,16.066226],[120.695206,16.065955],[120.695486,16.065958]]],[[[120.709219,16.066106],[120.709216,16.066377],[120.708935,16.066374],[120.708938,16.066103],[120.709219,16.066106]]],[[[120.710343,16.065847],[120.710063,16.065844],[120.710059,16.066115],[120.710056,16.066386],[120.709776,16.066383],[120.709779,16.066112],[120.709782,16.065841],[120.709502,16.065838],[120.709505,16.065567],[120.709785,16.06557],[120.710066,16.065573],[120.710346,16.065576],[120.710343,16.065847]]],[[[120.636431,16.065554],[120.636711,16.065557],[120.636708,16.065828],[120.636428,16.065825],[120.636431,16.065554]]],[[[120.642033,16.065887],[120.641752,16.065883],[120.641755,16.065612],[120.642036,16.065616],[120.642033,16.065887]]],[[[120.648759,16.065961],[120.648762,16.06569],[120.648765,16.065419],[120.649045,16.065422],[120.649042,16.065693],[120.649039,16.065964],[120.648759,16.065961]]],[[[120.658586,16.064442],[120.658867,16.064445],[120.658863,16.064716],[120.659144,16.064719],[120.659141,16.06499],[120.659137,16.065261],[120.659134,16.065532],[120.659131,16.065803],[120.659411,16.065806],[120.659408,16.066077],[120.659128,16.066074],[120.658848,16.066071],[120.658851,16.0658],[120.658854,16.065529],[120.658857,16.065258],[120.65886,16.064987],[120.65858,16.064984],[120.658583,16.064713],[120.658586,16.064442]]],[[[120.667819,16.065898],[120.668099,16.065901],[120.668096,16.066172],[120.667816,16.066169],[120.667819,16.065898]]],[[[120.669223,16.065642],[120.669504,16.065645],[120.669507,16.065374],[120.669787,16.065377],[120.669784,16.065648],[120.670064,16.065652],[120.670061,16.065923],[120.670058,16.066193],[120.669778,16.06619],[120.669781,16.065919],[120.6695,16.065916],[120.66922,16.065913],[120.669223,16.065642]]],[[[120.673424,16.065959],[120.673421,16.06623],[120.673141,16.066227],[120.673144,16.065956],[120.673424,16.065959]]],[[[120.637552,16.065566],[120.637832,16.065569],[120.637829,16.06584],[120.637549,16.065837],[120.637552,16.065566]]],[[[120.664453,16.066132],[120.664172,16.066129],[120.664176,16.065858],[120.664456,16.065861],[120.664453,16.066132]]],[[[120.666695,16.066157],[120.666698,16.065886],[120.666701,16.065615],[120.666981,16.065618],[120.666978,16.065889],[120.666975,16.06616],[120.666695,16.066157]]],[[[120.691839,16.06619],[120.691836,16.066461],[120.691556,16.066458],[120.691559,16.066187],[120.691839,16.06619]]],[[[120.697441,16.066522],[120.697445,16.066251],[120.697725,16.066254],[120.697722,16.066525],[120.697441,16.066522]]],[[[120.710623,16.06585],[120.71062,16.066121],[120.710617,16.066392],[120.710614,16.066663],[120.710333,16.06666],[120.710053,16.066657],[120.710056,16.066386],[120.710337,16.066389],[120.71034,16.066118],[120.710343,16.065847],[120.710623,16.06585]]],[[[120.681747,16.066352],[120.681467,16.066349],[120.68147,16.066078],[120.681473,16.065807],[120.681476,16.065536],[120.681756,16.065539],[120.681753,16.06581],[120.68175,16.066081],[120.681747,16.066352]]],[[[120.689314,16.066434],[120.689034,16.066431],[120.689037,16.06616],[120.689317,16.066163],[120.689314,16.066434]]],[[[120.699684,16.066546],[120.699403,16.066543],[120.699406,16.066272],[120.699687,16.066275],[120.699684,16.066546]]],[[[120.648759,16.065961],[120.648755,16.066232],[120.648475,16.066228],[120.648478,16.065957],[120.648759,16.065961]]],[[[120.65408,16.06629],[120.654083,16.066019],[120.654364,16.066022],[120.65436,16.066293],[120.65408,16.06629]]],[[[120.663609,16.066394],[120.663328,16.066391],[120.663332,16.06612],[120.663335,16.065849],[120.663615,16.065852],[120.663612,16.066123],[120.663609,16.066394]]],[[[120.670058,16.066193],[120.670338,16.066197],[120.670335,16.066468],[120.670055,16.066464],[120.670058,16.066193]]],[[[120.676784,16.066267],[120.676787,16.065996],[120.67679,16.065725],[120.67707,16.065728],[120.677074,16.065457],[120.677354,16.06546],[120.677351,16.065731],[120.677348,16.066002],[120.677628,16.066005],[120.677625,16.066276],[120.677344,16.066273],[120.677341,16.066544],[120.677061,16.066541],[120.677064,16.06627],[120.676784,16.066267]]],[[[120.640908,16.066145],[120.640628,16.066142],[120.640631,16.065871],[120.640634,16.0656],[120.640638,16.065329],[120.640357,16.065326],[120.640361,16.065055],[120.640364,16.064784],[120.640367,16.064513],[120.640647,16.064516],[120.64065,16.064245],[120.640654,16.063974],[120.640934,16.063977],[120.640937,16.063706],[120.641217,16.063709],[120.641214,16.06398],[120.641211,16.064251],[120.640931,16.064248],[120.640928,16.064519],[120.640924,16.06479],[120.640644,16.064787],[120.640641,16.065058],[120.640921,16.065061],[120.640918,16.065332],[120.640915,16.065603],[120.640912,16.065874],[120.640908,16.066145]]],[[[120.64988,16.065973],[120.649876,16.066244],[120.649596,16.066241],[120.649599,16.06597],[120.64988,16.065973]]],[[[120.662491,16.066111],[120.662771,16.066114],[120.663051,16.066117],[120.663048,16.066388],[120.662768,16.066385],[120.662488,16.066382],[120.662491,16.066111]]],[[[120.669778,16.06619],[120.669774,16.066461],[120.669494,16.066458],[120.669497,16.066187],[120.669778,16.06619]]],[[[120.673701,16.066233],[120.673981,16.066236],[120.673978,16.066507],[120.673698,16.066504],[120.673701,16.066233]]],[[[120.708929,16.066916],[120.708932,16.066645],[120.709212,16.066648],[120.709209,16.066919],[120.708929,16.066916]]],[[[120.680346,16.066337],[120.680626,16.06634],[120.680623,16.066611],[120.680342,16.066608],[120.680346,16.066337]]],[[[120.683425,16.066641],[120.683145,16.066638],[120.682865,16.066635],[120.682585,16.066632],[120.682588,16.066361],[120.682868,16.066364],[120.683148,16.066367],[120.683428,16.06637],[120.683425,16.066641]]],[[[120.697441,16.066522],[120.697438,16.066793],[120.697158,16.066789],[120.697161,16.066518],[120.697441,16.066522]]],[[[120.697722,16.066525],[120.698002,16.066528],[120.697999,16.066799],[120.697719,16.066796],[120.697722,16.066525]]],[[[120.698562,16.066534],[120.698843,16.066537],[120.69884,16.066808],[120.698559,16.066805],[120.698562,16.066534]]],[[[120.681747,16.066352],[120.682027,16.066355],[120.682024,16.066626],[120.681744,16.066623],[120.681747,16.066352]]],[[[120.688482,16.065612],[120.688479,16.065883],[120.688476,16.066154],[120.688756,16.066157],[120.688753,16.066428],[120.688473,16.066425],[120.68847,16.066696],[120.68819,16.066693],[120.688193,16.066422],[120.688196,16.066151],[120.688199,16.06588],[120.687919,16.065877],[120.687922,16.065606],[120.688202,16.065609],[120.688482,16.065612]]],[[[120.692954,16.066744],[120.692674,16.066741],[120.692677,16.06647],[120.692957,16.066473],[120.692954,16.066744]]],[[[120.702486,16.066576],[120.702483,16.066847],[120.702203,16.066844],[120.702206,16.066573],[120.702486,16.066576]]],[[[120.638682,16.064766],[120.638963,16.064769],[120.638959,16.06504],[120.638956,16.065311],[120.638953,16.065582],[120.63895,16.065853],[120.638947,16.066124],[120.638943,16.066394],[120.638663,16.066391],[120.638666,16.06612],[120.638386,16.066117],[120.638389,16.065846],[120.638393,16.065575],[120.638112,16.065572],[120.638115,16.065301],[120.638119,16.06503],[120.638399,16.065033],[120.638396,16.065304],[120.638676,16.065307],[120.638679,16.065037],[120.638682,16.064766]]],[[[120.640908,16.066145],[120.641189,16.066148],[120.641185,16.066419],[120.640905,16.066416],[120.640908,16.066145]]],[[[120.642587,16.066435],[120.642306,16.066432],[120.642026,16.066428],[120.642029,16.066158],[120.642033,16.065887],[120.642313,16.06589],[120.64231,16.066161],[120.64259,16.066164],[120.642587,16.066435]]],[[[120.648755,16.066232],[120.649036,16.066235],[120.649032,16.066506],[120.648752,16.066502],[120.648755,16.066232]]],[[[120.663609,16.066394],[120.663889,16.066397],[120.664169,16.0664],[120.664166,16.066671],[120.663886,16.066668],[120.663606,16.066665],[120.663609,16.066394]]],[[[120.66865,16.06672],[120.66837,16.066717],[120.66809,16.066714],[120.668093,16.066443],[120.668373,16.066446],[120.668653,16.066449],[120.66865,16.06672]]],[[[120.672013,16.066757],[120.671733,16.066754],[120.671736,16.066483],[120.672016,16.066486],[120.672013,16.066757]]],[[[120.633071,16.065246],[120.633074,16.064975],[120.632799,16.064972],[120.63277,16.064429],[120.6328,16.06443],[120.633081,16.064433],[120.633077,16.064704],[120.633358,16.064707],[120.633354,16.064978],[120.633351,16.065249],[120.633071,16.065246]]],[[[120.63287,16.066327],[120.632841,16.065785],[120.633065,16.065788],[120.633061,16.066058],[120.633058,16.066329],[120.63287,16.066327]]],[[[120.632827,16.065514],[120.632813,16.065243],[120.633071,16.065246],[120.633068,16.065517],[120.632827,16.065514]]],[[[120.634743,16.066077],[120.635023,16.06608],[120.63502,16.066351],[120.63474,16.066348],[120.634459,16.066345],[120.634463,16.066074],[120.634743,16.066077]]],[[[120.654077,16.066561],[120.653797,16.066558],[120.6538,16.066287],[120.65408,16.06629],[120.654077,16.066561]]],[[[120.65772,16.066601],[120.657723,16.06633],[120.658004,16.066333],[120.658,16.066604],[120.65772,16.066601]]],[[[120.658561,16.06661],[120.658281,16.066607],[120.658284,16.066336],[120.658564,16.066339],[120.658561,16.06661]]],[[[120.659402,16.066619],[120.659405,16.066348],[120.659685,16.066351],[120.659965,16.066354],[120.659962,16.066625],[120.659682,16.066622],[120.659402,16.066619]]],[[[120.665571,16.066416],[120.665567,16.066687],[120.665287,16.066684],[120.66529,16.066413],[120.665571,16.066416]]],[[[120.667249,16.066705],[120.667252,16.066434],[120.667532,16.066437],[120.667529,16.066708],[120.667249,16.066705]]],[[[120.681744,16.066623],[120.681741,16.066894],[120.68146,16.066891],[120.681463,16.06662],[120.681744,16.066623]]],[[[120.690999,16.066181],[120.690995,16.066452],[120.691276,16.066455],[120.691273,16.066726],[120.691269,16.066997],[120.690989,16.066994],[120.690709,16.066991],[120.690712,16.06672],[120.690715,16.066449],[120.690435,16.066446],[120.690155,16.066443],[120.690152,16.066714],[120.689871,16.066711],[120.689591,16.066708],[120.689311,16.066705],[120.689314,16.066434],[120.689594,16.066437],[120.689874,16.06644],[120.689878,16.066169],[120.690158,16.066172],[120.690438,16.066175],[120.690718,16.066178],[120.690999,16.066181]]],[[[120.700798,16.0671],[120.700801,16.066829],[120.701082,16.066832],[120.701079,16.067103],[120.700798,16.0671]]],[[[120.709767,16.067196],[120.709486,16.067193],[120.70949,16.066922],[120.70977,16.066925],[120.709767,16.067196]]],[[[120.683425,16.066641],[120.683706,16.066644],[120.683986,16.066647],[120.683983,16.066918],[120.683702,16.066915],[120.683422,16.066912],[120.683425,16.066641]]],[[[120.708649,16.066913],[120.708369,16.06691],[120.708088,16.066907],[120.708085,16.067178],[120.707805,16.067175],[120.707808,16.066904],[120.707528,16.066901],[120.707531,16.06663],[120.707251,16.066627],[120.707254,16.066356],[120.707257,16.066085],[120.707537,16.066088],[120.70754,16.065817],[120.707543,16.065546],[120.707824,16.065549],[120.70782,16.06582],[120.708101,16.065823],[120.708381,16.065826],[120.708661,16.065829],[120.708658,16.0661],[120.708655,16.066371],[120.708652,16.066642],[120.708649,16.066913]],[[120.707811,16.066633],[120.708091,16.066636],[120.708372,16.066639],[120.708375,16.066368],[120.708094,16.066365],[120.707814,16.066362],[120.707811,16.066633]]],[[[120.708929,16.066916],[120.708926,16.067187],[120.708646,16.067184],[120.708649,16.066913],[120.708929,16.066916]]],[[[120.66865,16.06672],[120.66893,16.066723],[120.668927,16.066994],[120.668647,16.066991],[120.66865,16.06672]]],[[[120.642587,16.066435],[120.642867,16.066438],[120.643147,16.066441],[120.643144,16.066712],[120.642864,16.066709],[120.642583,16.066706],[120.642587,16.066435]]],[[[120.649593,16.066512],[120.64959,16.066783],[120.649309,16.06678],[120.649313,16.066509],[120.649593,16.066512]]],[[[120.65436,16.066293],[120.654641,16.066296],[120.654644,16.066025],[120.654647,16.065754],[120.654927,16.065757],[120.654924,16.066028],[120.654921,16.066299],[120.654918,16.06657],[120.654915,16.066841],[120.654634,16.066838],[120.654354,16.066835],[120.654074,16.066832],[120.654077,16.066561],[120.654357,16.066564],[120.65436,16.066293]]],[[[120.658561,16.06661],[120.658841,16.066613],[120.658838,16.066884],[120.658558,16.066881],[120.658561,16.06661]]],[[[120.670615,16.066471],[120.670618,16.0662],[120.670899,16.066203],[120.670895,16.066474],[120.670892,16.066745],[120.670889,16.067016],[120.670609,16.067013],[120.670612,16.066742],[120.670615,16.066471]]],[[[120.703881,16.067133],[120.703601,16.06713],[120.703598,16.067401],[120.703318,16.067398],[120.703321,16.067127],[120.703324,16.066856],[120.703327,16.066585],[120.70333,16.066314],[120.70361,16.066317],[120.703613,16.066046],[120.703333,16.066043],[120.703336,16.065772],[120.703617,16.065775],[120.703897,16.065778],[120.704177,16.065781],[120.70418,16.06551],[120.70446,16.065513],[120.704457,16.065784],[120.704454,16.066055],[120.704174,16.066052],[120.704171,16.066323],[120.704451,16.066326],[120.704448,16.066597],[120.704445,16.066868],[120.704165,16.066865],[120.703884,16.066862],[120.703881,16.067133]]],[[[120.691547,16.067271],[120.69155,16.067],[120.69183,16.067003],[120.691827,16.067274],[120.691547,16.067271]]],[[[120.705843,16.067154],[120.70584,16.067425],[120.70556,16.067422],[120.705563,16.067151],[120.705566,16.06688],[120.705286,16.066877],[120.705289,16.066606],[120.705569,16.066609],[120.705572,16.066338],[120.705575,16.066067],[120.705855,16.06607],[120.705852,16.066341],[120.705849,16.066612],[120.70613,16.066615],[120.706126,16.066886],[120.705846,16.066883],[120.705843,16.067154]]],[[[120.670325,16.06728],[120.670045,16.067277],[120.670048,16.067006],[120.669768,16.067003],[120.669488,16.067],[120.669491,16.066729],[120.669771,16.066732],[120.670051,16.066735],[120.670332,16.066739],[120.670329,16.06701],[120.670325,16.06728]]],[[[120.634736,16.066619],[120.634733,16.06689],[120.634453,16.066887],[120.634456,16.066616],[120.634736,16.066619]]],[[[120.638943,16.066394],[120.639224,16.066398],[120.63922,16.066669],[120.639217,16.06694],[120.638937,16.066936],[120.638657,16.066933],[120.638377,16.06693],[120.63838,16.066659],[120.638099,16.066656],[120.638103,16.066385],[120.638383,16.066388],[120.638663,16.066391],[120.63866,16.066662],[120.63894,16.066665],[120.638943,16.066394]]],[[[120.640619,16.066955],[120.640622,16.066684],[120.640902,16.066687],[120.641182,16.06669],[120.641179,16.066961],[120.640899,16.066958],[120.640619,16.066955]]],[[[120.65772,16.066601],[120.657717,16.066872],[120.657714,16.067143],[120.657434,16.06714],[120.657437,16.066869],[120.65744,16.066598],[120.65772,16.066601]]],[[[120.658558,16.066881],[120.658555,16.067152],[120.658274,16.067149],[120.658278,16.066878],[120.658558,16.066881]]],[[[120.659402,16.066619],[120.659399,16.06689],[120.659395,16.067161],[120.659115,16.067158],[120.658835,16.067155],[120.658838,16.066884],[120.659118,16.066887],[120.659122,16.066616],[120.659402,16.066619]]],[[[120.667243,16.067247],[120.666962,16.067244],[120.666965,16.066973],[120.666685,16.06697],[120.666688,16.066699],[120.666408,16.066696],[120.666405,16.066967],[120.666125,16.066964],[120.666128,16.066693],[120.665848,16.06669],[120.665851,16.066419],[120.666131,16.066422],[120.666134,16.066151],[120.666137,16.06588],[120.665857,16.065877],[120.665854,16.066148],[120.665851,16.066419],[120.665571,16.066416],[120.665574,16.066145],[120.665293,16.066142],[120.66529,16.066413],[120.66501,16.066409],[120.665013,16.066139],[120.665016,16.065868],[120.665297,16.065871],[120.665577,16.065874],[120.66558,16.065603],[120.6653,16.0656],[120.665019,16.065597],[120.665016,16.065868],[120.664736,16.065864],[120.664739,16.065593],[120.664742,16.065322],[120.664746,16.065052],[120.665026,16.065055],[120.665306,16.065058],[120.665303,16.065329],[120.665583,16.065332],[120.665863,16.065335],[120.666144,16.065338],[120.666141,16.065609],[120.666421,16.065612],[120.666418,16.065883],[120.666414,16.066154],[120.666695,16.066157],[120.666692,16.066428],[120.666972,16.066431],[120.666969,16.066702],[120.667249,16.066705],[120.667246,16.066976],[120.667243,16.067247]]],[[[120.674539,16.066513],[120.674819,16.066516],[120.674816,16.066787],[120.674813,16.067058],[120.67481,16.067329],[120.674529,16.067326],[120.674532,16.067055],[120.674536,16.066784],[120.674539,16.066513]]],[[[120.677061,16.066541],[120.677058,16.066812],[120.676778,16.066809],[120.676774,16.06708],[120.676771,16.067351],[120.676491,16.067348],[120.676494,16.067077],[120.676497,16.066806],[120.6765,16.066535],[120.676504,16.066264],[120.676784,16.066267],[120.676781,16.066538],[120.677061,16.066541]]],[[[120.694066,16.067569],[120.693786,16.067566],[120.693789,16.067295],[120.693792,16.067024],[120.694072,16.067027],[120.694069,16.067298],[120.694066,16.067569]]],[[[120.700798,16.0671],[120.700795,16.067371],[120.700792,16.067642],[120.700512,16.067639],[120.700515,16.067368],[120.700518,16.067097],[120.700798,16.0671]]],[[[120.707238,16.067711],[120.706958,16.067708],[120.706678,16.067705],[120.706397,16.067702],[120.7064,16.067431],[120.706404,16.06716],[120.706684,16.067163],[120.706964,16.067166],[120.707244,16.067169],[120.707525,16.067172],[120.707522,16.067443],[120.707241,16.06744],[120.707238,16.067711]]],[[[120.709767,16.067196],[120.710047,16.067199],[120.710044,16.06747],[120.710041,16.067741],[120.709761,16.067738],[120.709764,16.067467],[120.709767,16.067196]]],[[[120.712021,16.066136],[120.712018,16.066407],[120.712298,16.06641],[120.712302,16.066139],[120.712021,16.066136],[120.712024,16.065865],[120.712305,16.065868],[120.712308,16.065597],[120.712311,16.065326],[120.712314,16.065055],[120.712594,16.065058],[120.712591,16.065329],[120.712588,16.0656],[120.712585,16.065871],[120.712582,16.066142],[120.712579,16.066413],[120.712576,16.066684],[120.712573,16.066955],[120.712569,16.067226],[120.712566,16.067497],[120.712286,16.067494],[120.712283,16.067765],[120.712003,16.067762],[120.712006,16.067491],[120.712009,16.06722],[120.712012,16.066949],[120.712015,16.066678],[120.711735,16.066675],[120.711738,16.066404],[120.711741,16.066133],[120.712021,16.066136]]],[[[120.642857,16.067251],[120.642577,16.067248],[120.64258,16.066977],[120.642861,16.06698],[120.642857,16.067251]]],[[[120.652122,16.065997],[120.651841,16.065994],[120.651838,16.066265],[120.652118,16.066268],[120.652122,16.065997],[120.652402,16.066001],[120.652399,16.066272],[120.652395,16.066542],[120.652115,16.066539],[120.651835,16.066536],[120.651832,16.066807],[120.651552,16.066804],[120.651555,16.066533],[120.651558,16.066262],[120.651278,16.066259],[120.650997,16.066256],[120.650717,16.066253],[120.650714,16.066524],[120.650994,16.066527],[120.650991,16.066798],[120.651271,16.066801],[120.651268,16.067072],[120.651548,16.067075],[120.651545,16.067346],[120.651265,16.067343],[120.650985,16.06734],[120.650988,16.067069],[120.650708,16.067066],[120.650704,16.067337],[120.650424,16.067334],[120.650427,16.067063],[120.65043,16.066792],[120.65015,16.066789],[120.64987,16.066786],[120.649873,16.066515],[120.650153,16.066518],[120.650434,16.066521],[120.650437,16.06625],[120.65044,16.065979],[120.65072,16.065982],[120.650723,16.065711],[120.650727,16.06544],[120.650446,16.065437],[120.65045,16.065166],[120.65073,16.065169],[120.65101,16.065172],[120.651007,16.065443],[120.651004,16.065714],[120.651001,16.065985],[120.651281,16.065988],[120.651284,16.065717],[120.651287,16.065446],[120.65129,16.065175],[120.65101,16.065172],[120.651013,16.064901],[120.650733,16.064898],[120.650736,16.064627],[120.651016,16.06463],[120.65102,16.064359],[120.6513,16.064362],[120.651297,16.064633],[120.651294,16.064904],[120.651574,16.064907],[120.651577,16.064636],[120.65158,16.064365],[120.651583,16.064094],[120.651303,16.064091],[120.651023,16.064088],[120.65102,16.064359],[120.650739,16.064356],[120.650743,16.064085],[120.650746,16.063814],[120.651026,16.063817],[120.651029,16.063546],[120.651309,16.063549],[120.651306,16.06382],[120.651586,16.063823],[120.65159,16.063552],[120.651593,16.063281],[120.651873,16.063285],[120.652153,16.063288],[120.652157,16.063017],[120.652437,16.06302],[120.652717,16.063023],[120.65272,16.062752],[120.653,16.062755],[120.653281,16.062758],[120.653278,16.063029],[120.653558,16.063032],[120.653561,16.062761],[120.653841,16.062764],[120.653844,16.062493],[120.653564,16.06249],[120.653284,16.062487],[120.653287,16.062216],[120.65329,16.061945],[120.653293,16.061674],[120.653297,16.061403],[120.653577,16.061406],[120.65358,16.061135],[120.65386,16.061138],[120.653863,16.060867],[120.654144,16.06087],[120.654147,16.060599],[120.65415,16.060328],[120.654153,16.060057],[120.654156,16.059786],[120.65416,16.059515],[120.654163,16.059244],[120.654166,16.058973],[120.654169,16.058702],[120.654449,16.058706],[120.654446,16.058977],[120.654726,16.05898],[120.654723,16.059251],[120.655003,16.059254],[120.655,16.059525],[120.654997,16.059796],[120.654994,16.060067],[120.654991,16.060338],[120.654988,16.060609],[120.654984,16.06088],[120.654704,16.060876],[120.654701,16.061147],[120.654698,16.061418],[120.654695,16.061689],[120.654414,16.061686],[120.654134,16.061683],[120.654131,16.061954],[120.654128,16.062225],[120.654408,16.062228],[120.654688,16.062231],[120.654685,16.062502],[120.654405,16.062499],[120.654125,16.062496],[120.654121,16.062767],[120.654402,16.06277],[120.654682,16.062773],[120.654679,16.063044],[120.654399,16.063041],[120.654395,16.063312],[120.654115,16.063309],[120.654112,16.06358],[120.654392,16.063583],[120.654389,16.063854],[120.654386,16.064125],[120.654666,16.064128],[120.654663,16.064399],[120.65466,16.06467],[120.654657,16.064941],[120.654937,16.064944],[120.65494,16.064673],[120.65522,16.064676],[120.655217,16.064947],[120.655214,16.065218],[120.654934,16.065215],[120.654653,16.065212],[120.65465,16.065483],[120.65437,16.06548],[120.654367,16.065751],[120.654086,16.065748],[120.65409,16.065477],[120.654093,16.065206],[120.654096,16.064935],[120.654099,16.064664],[120.654102,16.064393],[120.654106,16.064122],[120.653825,16.064119],[120.653828,16.063848],[120.653548,16.063845],[120.653551,16.063574],[120.653271,16.063571],[120.652991,16.063568],[120.652988,16.063839],[120.652707,16.063836],[120.652711,16.063565],[120.652714,16.063294],[120.652434,16.063291],[120.65243,16.063562],[120.65215,16.063559],[120.652147,16.06383],[120.652427,16.063833],[120.652707,16.063836],[120.652704,16.064107],[120.652424,16.064104],[120.652421,16.064375],[120.652141,16.064372],[120.652144,16.064101],[120.651864,16.064098],[120.65186,16.064368],[120.652141,16.064372],[120.652137,16.064643],[120.652134,16.064914],[120.652131,16.065185],[120.652128,16.065455],[120.652125,16.065726],[120.652122,16.065997]],[[120.651564,16.06572],[120.651844,16.065723],[120.651848,16.065452],[120.651567,16.065449],[120.651564,16.06572]],[[120.653567,16.062219],[120.653848,16.062222],[120.653851,16.061951],[120.65357,16.061948],[120.653567,16.062219]]],[[[120.654074,16.066832],[120.654071,16.067103],[120.65379,16.0671],[120.653787,16.067371],[120.653507,16.067368],[120.65351,16.067097],[120.653513,16.066826],[120.653794,16.066829],[120.654074,16.066832]]],[[[120.654628,16.06738],[120.654631,16.067109],[120.654911,16.067112],[120.654908,16.067383],[120.654628,16.06738]]],[[[120.667243,16.067247],[120.667523,16.06725],[120.66752,16.067521],[120.667239,16.067518],[120.667243,16.067247]]],[[[120.668083,16.067256],[120.66808,16.067527],[120.6678,16.067524],[120.667803,16.067253],[120.668083,16.067256]]],[[[120.649587,16.067054],[120.649583,16.067325],[120.649303,16.067322],[120.649306,16.067051],[120.649587,16.067054]]],[[[120.691821,16.067816],[120.691824,16.067545],[120.692104,16.067548],[120.692384,16.067551],[120.692664,16.067554],[120.692668,16.067283],[120.692948,16.067286],[120.692945,16.067557],[120.692942,16.067828],[120.692661,16.067825],[120.692381,16.067822],[120.692101,16.067819],[120.691821,16.067816]]],[[[120.694066,16.067569],[120.694346,16.067572],[120.694626,16.067575],[120.694623,16.067846],[120.694343,16.067843],[120.694063,16.06784],[120.694066,16.067569]]],[[[120.697715,16.067067],[120.697996,16.06707],[120.698276,16.067073],[120.698273,16.067344],[120.69827,16.067615],[120.698267,16.067886],[120.697986,16.067882],[120.697989,16.067612],[120.697993,16.067341],[120.697712,16.067337],[120.697715,16.067067]]],[[[120.681454,16.067433],[120.681451,16.067704],[120.681171,16.067701],[120.681174,16.06743],[120.681454,16.067433]]],[[[120.682572,16.067716],[120.682292,16.067713],[120.682011,16.06771],[120.682015,16.067439],[120.682018,16.067168],[120.682298,16.067171],[120.682295,16.067442],[120.682575,16.067445],[120.682572,16.067716]]],[[[120.69154,16.067813],[120.69126,16.06781],[120.69098,16.067807],[120.690983,16.067536],[120.690986,16.067265],[120.691266,16.067268],[120.691547,16.067271],[120.691543,16.067542],[120.69154,16.067813]]],[[[120.638093,16.067198],[120.63809,16.067469],[120.63781,16.067466],[120.637813,16.067195],[120.637816,16.066924],[120.638096,16.066927],[120.638093,16.067198]]],[[[120.633889,16.067152],[120.63417,16.067155],[120.634166,16.067426],[120.633886,16.067423],[120.633889,16.067152]]],[[[120.639775,16.067217],[120.639494,16.067214],[120.639491,16.067485],[120.639211,16.067482],[120.639214,16.067211],[120.639217,16.06694],[120.639498,16.066943],[120.639501,16.066672],[120.639781,16.066675],[120.639778,16.066946],[120.639775,16.067217]]],[[[120.639775,16.067217],[120.640055,16.06722],[120.640052,16.067491],[120.639771,16.067488],[120.639775,16.067217]]],[[[120.671163,16.067561],[120.67116,16.067832],[120.67088,16.067829],[120.670599,16.067826],[120.670319,16.067822],[120.670322,16.067551],[120.670325,16.06728],[120.670606,16.067284],[120.670602,16.067555],[120.670883,16.067558],[120.671163,16.067561]]],[[[120.636131,16.067176],[120.636128,16.067447],[120.635848,16.067444],[120.635851,16.067173],[120.636131,16.067176]]],[[[120.641736,16.067238],[120.642017,16.067241],[120.642297,16.067245],[120.642294,16.067515],[120.642013,16.067512],[120.641733,16.067509],[120.641736,16.067238]]],[[[120.656867,16.067676],[120.65687,16.067405],[120.656873,16.067134],[120.657153,16.067137],[120.65715,16.067408],[120.657147,16.067679],[120.656867,16.067676]]],[[[120.659389,16.067703],[120.659109,16.0677],[120.659112,16.067429],[120.659392,16.067432],[120.659389,16.067703]]],[[[120.680607,16.067966],[120.68061,16.067695],[120.68089,16.067698],[120.680887,16.067969],[120.680607,16.067966]]],[[[120.685375,16.067746],[120.685655,16.067749],[120.685652,16.06802],[120.685371,16.068017],[120.685375,16.067746]]],[[[120.710315,16.068286],[120.710035,16.068283],[120.710038,16.068012],[120.710318,16.068015],[120.710315,16.068286]]],[[[120.691821,16.067816],[120.691817,16.068087],[120.691537,16.068084],[120.69154,16.067813],[120.691821,16.067816]]],[[[120.701916,16.067383],[120.702197,16.067386],[120.702193,16.067657],[120.70219,16.067928],[120.702187,16.068199],[120.701907,16.068196],[120.701627,16.068193],[120.70163,16.067922],[120.701633,16.067651],[120.701636,16.06738],[120.701639,16.067109],[120.701919,16.067112],[120.701916,16.067383]]],[[[120.706675,16.067976],[120.706671,16.068247],[120.706391,16.068244],[120.706394,16.067973],[120.706675,16.067976]]],[[[120.709194,16.068274],[120.709197,16.068003],[120.709477,16.068006],[120.709474,16.068277],[120.709194,16.068274]]],[[[120.644255,16.067537],[120.644252,16.067808],[120.643972,16.067805],[120.643975,16.067534],[120.644255,16.067537]]],[[[120.641453,16.067506],[120.64145,16.067777],[120.641169,16.067774],[120.641173,16.067503],[120.641453,16.067506]]],[[[120.652943,16.067633],[120.65294,16.067904],[120.65266,16.0679],[120.652663,16.067629],[120.652943,16.067633]]],[[[120.662752,16.06774],[120.663032,16.067743],[120.663029,16.068014],[120.662749,16.068011],[120.662752,16.06774]]],[[[120.672284,16.067573],[120.672004,16.06757],[120.671724,16.067567],[120.67172,16.067838],[120.671717,16.068109],[120.671437,16.068106],[120.671157,16.068103],[120.67116,16.067832],[120.67144,16.067835],[120.671443,16.067564],[120.671163,16.067561],[120.671166,16.06729],[120.671446,16.067293],[120.67145,16.067022],[120.67173,16.067025],[120.67201,16.067028],[120.672013,16.066757],[120.672293,16.06676],[120.67229,16.067031],[120.672287,16.067302],[120.672284,16.067573]]],[[[120.672284,16.067573],[120.672564,16.067576],[120.672561,16.067847],[120.672558,16.068118],[120.672278,16.068115],[120.671997,16.068112],[120.672001,16.067841],[120.672281,16.067844],[120.672284,16.067573]]],[[[120.698263,16.068156],[120.69826,16.068427],[120.69798,16.068424],[120.697983,16.068153],[120.698263,16.068156]]],[[[120.679486,16.067954],[120.679766,16.067957],[120.679763,16.068228],[120.679483,16.068225],[120.679486,16.067954]]],[[[120.697149,16.067602],[120.697146,16.067873],[120.697142,16.068144],[120.696862,16.068141],[120.696859,16.068412],[120.696579,16.068409],[120.696582,16.068138],[120.696585,16.067867],[120.696588,16.067596],[120.696868,16.067599],[120.697149,16.067602]]],[[[120.711713,16.068572],[120.711716,16.068301],[120.711436,16.068298],[120.711439,16.068027],[120.711719,16.06803],[120.712,16.068033],[120.711996,16.068304],[120.711993,16.068575],[120.711713,16.068572]]],[[[120.65658,16.068214],[120.6563,16.068211],[120.656303,16.06794],[120.656583,16.067943],[120.65658,16.068214]]],[[[120.667236,16.067789],[120.667233,16.06806],[120.667513,16.068063],[120.66751,16.068334],[120.66723,16.068331],[120.66695,16.068328],[120.666953,16.068057],[120.666956,16.067786],[120.667236,16.067789]]],[[[120.675087,16.067603],[120.675367,16.067606],[120.675647,16.067609],[120.675927,16.067612],[120.675924,16.067883],[120.675921,16.068154],[120.675918,16.068425],[120.675638,16.068422],[120.675357,16.068419],[120.675361,16.068148],[120.675641,16.068151],[120.675644,16.06788],[120.675364,16.067877],[120.675083,16.067874],[120.675087,16.067603]]],[[[120.638644,16.068017],[120.638647,16.067746],[120.638927,16.067749],[120.638924,16.06802],[120.638644,16.068017]]],[[[120.647615,16.067845],[120.647612,16.068116],[120.647332,16.068113],[120.647335,16.067842],[120.647615,16.067845]]],[[[120.653497,16.068181],[120.653217,16.068178],[120.65322,16.067907],[120.653501,16.06791],[120.653497,16.068181]]],[[[120.654899,16.068196],[120.654618,16.068193],[120.654338,16.06819],[120.654341,16.067919],[120.654344,16.067648],[120.654348,16.067377],[120.654628,16.06738],[120.654625,16.067651],[120.654622,16.067922],[120.654902,16.067925],[120.654899,16.068196]]],[[[120.680607,16.067966],[120.680604,16.068237],[120.680601,16.068508],[120.68032,16.068505],[120.680324,16.068234],[120.680327,16.067963],[120.680607,16.067966]]],[[[120.692652,16.068638],[120.692372,16.068635],[120.692375,16.068364],[120.692655,16.068367],[120.692652,16.068638]]],[[[120.711713,16.068572],[120.71171,16.068843],[120.71143,16.06884],[120.711433,16.068569],[120.711713,16.068572]]],[[[120.67087,16.068642],[120.67059,16.068638],[120.670593,16.068367],[120.670873,16.068371],[120.67087,16.068642]]],[[[120.642287,16.068057],[120.642284,16.068328],[120.642004,16.068325],[120.642007,16.068054],[120.642287,16.068057]]],[[[120.663306,16.068288],[120.663309,16.068017],[120.663313,16.067746],[120.663593,16.067749],[120.66359,16.06802],[120.66387,16.068023],[120.663867,16.068294],[120.663864,16.068565],[120.663583,16.068562],[120.663587,16.068291],[120.663306,16.068288]]],[[[120.633889,16.067152],[120.633609,16.067149],[120.633329,16.067146],[120.633326,16.067416],[120.633322,16.067687],[120.633603,16.067691],[120.633599,16.067962],[120.633596,16.068233],[120.633316,16.068229],[120.633319,16.067958],[120.633039,16.067955],[120.632955,16.067954],[120.632927,16.067412],[120.633045,16.067413],[120.633049,16.067142],[120.632913,16.067141],[120.632884,16.066599],[120.633055,16.0666],[120.633052,16.066871],[120.633332,16.066875],[120.633335,16.066604],[120.633338,16.066333],[120.633619,16.066336],[120.633615,16.066607],[120.633896,16.06661],[120.633893,16.066881],[120.633889,16.067152]]],[[[120.648733,16.068128],[120.64873,16.068399],[120.64845,16.068396],[120.648453,16.068125],[120.648733,16.068128]]],[[[120.652937,16.068175],[120.652934,16.068446],[120.652653,16.068442],[120.652657,16.068171],[120.652937,16.068175]]],[[[120.65658,16.068214],[120.65686,16.068218],[120.657141,16.068221],[120.657138,16.068492],[120.656857,16.068489],[120.656577,16.068485],[120.65658,16.068214]]],[[[120.663306,16.068288],[120.663303,16.068559],[120.663023,16.068556],[120.662743,16.068553],[120.662462,16.06855],[120.662466,16.068279],[120.662746,16.068282],[120.663026,16.068285],[120.663306,16.068288]]],[[[120.670319,16.067822],[120.670316,16.068093],[120.670036,16.06809],[120.669755,16.068087],[120.669475,16.068084],[120.669472,16.068355],[120.669192,16.068352],[120.668911,16.068349],[120.668908,16.06862],[120.668628,16.068617],[120.668348,16.068614],[120.668068,16.068611],[120.668071,16.06834],[120.668074,16.068069],[120.668077,16.067798],[120.668357,16.067801],[120.668354,16.068072],[120.668634,16.068075],[120.668915,16.068078],[120.669195,16.068081],[120.669198,16.06781],[120.668918,16.067807],[120.668638,16.067804],[120.668641,16.067533],[120.668644,16.067262],[120.668924,16.067265],[120.669204,16.067268],[120.669201,16.067539],[120.669481,16.067542],[120.669478,16.067813],[120.669759,16.067816],[120.670039,16.067819],[120.670319,16.067822]]],[[[120.695171,16.068936],[120.695174,16.068665],[120.695177,16.068394],[120.695458,16.068397],[120.695455,16.068668],[120.695451,16.068939],[120.695171,16.068936]]],[[[120.689566,16.068876],[120.689569,16.068605],[120.689849,16.068608],[120.689846,16.068879],[120.689566,16.068876]]],[[[120.695738,16.0684],[120.696018,16.068403],[120.696299,16.068406],[120.696295,16.068677],[120.696292,16.068948],[120.696012,16.068945],[120.696015,16.068674],[120.695735,16.068671],[120.695738,16.0684]]],[[[120.70414,16.069033],[120.703859,16.06903],[120.703579,16.069027],[120.703299,16.069024],[120.703302,16.068753],[120.703305,16.068482],[120.703585,16.068485],[120.703589,16.068214],[120.703592,16.067943],[120.703595,16.067672],[120.703598,16.067401],[120.703878,16.067404],[120.703881,16.067133],[120.704161,16.067136],[120.704442,16.067139],[120.704439,16.06741],[120.704436,16.067681],[120.704155,16.067678],[120.704152,16.067949],[120.704149,16.06822],[120.704146,16.068491],[120.704426,16.068494],[120.704423,16.068765],[120.704143,16.068762],[120.70414,16.069033]]],[[[120.705261,16.069045],[120.704981,16.069042],[120.704984,16.068771],[120.705264,16.068774],[120.705261,16.069045]]],[[[120.706945,16.068792],[120.706942,16.069063],[120.706662,16.06906],[120.706665,16.068789],[120.706945,16.068792]]],[[[120.679486,16.067954],[120.679206,16.067951],[120.679203,16.068222],[120.679199,16.068493],[120.679196,16.068764],[120.678916,16.068761],[120.678919,16.06849],[120.678922,16.068219],[120.678925,16.067948],[120.678645,16.067945],[120.678648,16.067674],[120.678651,16.067403],[120.678371,16.0674],[120.678374,16.067129],[120.678378,16.066858],[120.678381,16.066587],[120.678384,16.066316],[120.678664,16.066319],[120.678661,16.06659],[120.678941,16.066593],[120.678938,16.066864],[120.678935,16.067135],[120.679215,16.067138],[120.679212,16.067409],[120.679209,16.06768],[120.679489,16.067683],[120.679486,16.067954]]],[[[120.696576,16.06868],[120.696856,16.068683],[120.696853,16.068954],[120.696573,16.068951],[120.696576,16.06868]]],[[[120.639201,16.068294],[120.639198,16.068565],[120.638918,16.068562],[120.638921,16.068291],[120.639201,16.068294]]],[[[120.640319,16.068578],[120.640039,16.068575],[120.640042,16.068304],[120.639762,16.068301],[120.639482,16.068298],[120.639485,16.068027],[120.639765,16.06803],[120.640045,16.068033],[120.640325,16.068036],[120.640606,16.068039],[120.640603,16.06831],[120.640322,16.068307],[120.640319,16.068578]]],[[[120.651809,16.068704],[120.651813,16.068433],[120.651816,16.068162],[120.652096,16.068165],[120.652093,16.068436],[120.65209,16.068707],[120.651809,16.068704]]],[[[120.661618,16.068812],[120.661338,16.068809],[120.661341,16.068538],[120.661622,16.068541],[120.661618,16.068812]]],[[[120.673112,16.068666],[120.673392,16.068669],[120.673673,16.068672],[120.67367,16.068943],[120.673389,16.06894],[120.673109,16.068937],[120.673112,16.068666]]],[[[120.674791,16.068955],[120.67451,16.068952],[120.674513,16.068681],[120.674794,16.068684],[120.674791,16.068955]]],[[[120.675635,16.068693],[120.675631,16.068964],[120.675351,16.068961],[120.675354,16.06869],[120.675635,16.068693]]],[[[120.648733,16.068128],[120.648736,16.067857],[120.649016,16.06786],[120.64902,16.067589],[120.6493,16.067593],[120.649297,16.067864],[120.649294,16.068135],[120.64929,16.068406],[120.649287,16.068677],[120.649007,16.068673],[120.64901,16.068402],[120.649013,16.068131],[120.648733,16.068128]]],[[[120.667224,16.068873],[120.666943,16.06887],[120.666947,16.068599],[120.667227,16.068602],[120.667224,16.068873]]],[[[120.680034,16.069044],[120.679754,16.069041],[120.679757,16.06877],[120.67976,16.068499],[120.68004,16.068502],[120.68032,16.068505],[120.680317,16.068776],[120.680037,16.068773],[120.680034,16.069044]]],[[[120.685085,16.068556],[120.685365,16.068559],[120.685362,16.06883],[120.685359,16.069101],[120.685079,16.069098],[120.685082,16.068827],[120.685085,16.068556]]],[[[120.690684,16.069159],[120.690404,16.069156],[120.690123,16.069153],[120.690126,16.068882],[120.690407,16.068885],[120.690687,16.068888],[120.690684,16.069159]]],[[[120.692652,16.068638],[120.692932,16.068641],[120.692929,16.068912],[120.692926,16.069183],[120.692646,16.06918],[120.692649,16.068909],[120.692652,16.068638]]],[[[120.706945,16.068792],[120.706949,16.068521],[120.707229,16.068524],[120.707509,16.068527],[120.707512,16.068256],[120.707232,16.068253],[120.707235,16.067982],[120.707515,16.067985],[120.707796,16.067988],[120.707799,16.067717],[120.707802,16.067446],[120.708082,16.067449],[120.708362,16.067452],[120.708359,16.067723],[120.708639,16.067726],[120.708636,16.067997],[120.708633,16.068268],[120.708914,16.068271],[120.70891,16.068542],[120.708907,16.068813],[120.709188,16.068816],[120.709185,16.069087],[120.708904,16.069084],[120.708901,16.069355],[120.708621,16.069352],[120.708341,16.069349],[120.708344,16.069078],[120.708347,16.068807],[120.70835,16.068536],[120.70807,16.068533],[120.708073,16.068262],[120.707792,16.068259],[120.707789,16.06853],[120.707786,16.068801],[120.707783,16.069072],[120.707503,16.069069],[120.7075,16.06934],[120.70722,16.069337],[120.707223,16.069066],[120.707226,16.068795],[120.706945,16.068792]]],[[[120.633036,16.068226],[120.633033,16.068497],[120.633029,16.068768],[120.632998,16.068768],[120.63297,16.068226],[120.633036,16.068226]]],[[[120.642001,16.068596],[120.641997,16.068867],[120.641717,16.068864],[120.64172,16.068593],[120.642001,16.068596]]],[[[120.651809,16.068704],[120.651806,16.068975],[120.651526,16.068972],[120.651529,16.068701],[120.651809,16.068704]]],[[[120.661622,16.068541],[120.661625,16.06827],[120.661628,16.067999],[120.661348,16.067996],[120.661345,16.068267],[120.661064,16.068264],[120.661067,16.067993],[120.661071,16.067722],[120.66079,16.067718],[120.660787,16.067989],[120.660784,16.06826],[120.660504,16.068257],[120.660501,16.068528],[120.660497,16.068799],[120.660217,16.068796],[120.660214,16.069067],[120.659934,16.069064],[120.659653,16.069061],[120.659657,16.06879],[120.65966,16.068519],[120.65994,16.068522],[120.659943,16.068251],[120.660224,16.068254],[120.660227,16.067983],[120.659946,16.06798],[120.659943,16.068251],[120.659663,16.068248],[120.659666,16.067977],[120.659386,16.067974],[120.659389,16.067703],[120.659669,16.067706],[120.65995,16.067709],[120.659953,16.067438],[120.660233,16.067441],[120.660513,16.067444],[120.660794,16.067448],[120.660797,16.067177],[120.6608,16.066906],[120.660803,16.066635],[120.660806,16.066364],[120.660809,16.066093],[120.66109,16.066096],[120.66137,16.066099],[120.661367,16.06637],[120.661364,16.066641],[120.661644,16.066644],[120.661641,16.066915],[120.661921,16.066918],[120.661918,16.067189],[120.661915,16.06746],[120.662195,16.067463],[120.662475,16.067466],[120.662478,16.067195],[120.662758,16.067198],[120.662755,16.067469],[120.662752,16.06774],[120.662472,16.067737],[120.662192,16.067734],[120.662188,16.068005],[120.661908,16.068002],[120.661905,16.068273],[120.661902,16.068544],[120.661622,16.068541]]],[[[120.663017,16.069098],[120.662736,16.069095],[120.662739,16.068824],[120.66302,16.068827],[120.663017,16.069098]]],[[[120.655749,16.067392],[120.655752,16.067121],[120.655472,16.067118],[120.655469,16.067389],[120.655749,16.067392],[120.655746,16.067663],[120.655743,16.067934],[120.655739,16.068205],[120.655736,16.068476],[120.655456,16.068473],[120.655453,16.068744],[120.65545,16.069015],[120.655169,16.069012],[120.655173,16.068741],[120.654892,16.068738],[120.654895,16.068467],[120.654899,16.068196],[120.655179,16.068199],[120.655182,16.067928],[120.655185,16.067657],[120.655188,16.067386],[120.655192,16.067115],[120.655195,16.066844],[120.655198,16.066573],[120.655478,16.066576],[120.655758,16.066579],[120.655762,16.066308],[120.656042,16.066311],[120.656045,16.06604],[120.656048,16.065769],[120.656051,16.065499],[120.655771,16.065495],[120.655491,16.065492],[120.655488,16.065763],[120.655485,16.066034],[120.655204,16.066031],[120.655207,16.06576],[120.655211,16.065489],[120.655214,16.065218],[120.655494,16.065221],[120.655497,16.06495],[120.655778,16.064953],[120.655781,16.064682],[120.655784,16.064412],[120.655787,16.064141],[120.655507,16.064137],[120.65551,16.063866],[120.655513,16.063595],[120.655793,16.063599],[120.655797,16.063328],[120.655516,16.063325],[120.655236,16.063321],[120.655239,16.06305],[120.654959,16.063047],[120.654962,16.062776],[120.655242,16.062779],[120.655246,16.062508],[120.654965,16.062505],[120.654969,16.062234],[120.655249,16.062238],[120.655529,16.062241],[120.655526,16.062512],[120.655523,16.062783],[120.655803,16.062786],[120.655806,16.062515],[120.656086,16.062518],[120.656083,16.062789],[120.65608,16.06306],[120.65636,16.063063],[120.656357,16.063334],[120.656077,16.063331],[120.656074,16.063602],[120.656354,16.063605],[120.656357,16.063334],[120.656637,16.063337],[120.65664,16.063066],[120.656921,16.063069],[120.657201,16.063072],[120.657481,16.063075],[120.657761,16.063078],[120.657758,16.063349],[120.657478,16.063346],[120.657475,16.063617],[120.657195,16.063614],[120.656914,16.063611],[120.656911,16.063882],[120.656908,16.064153],[120.656905,16.064424],[120.656625,16.064421],[120.656344,16.064418],[120.656341,16.064689],[120.656061,16.064686],[120.656058,16.064957],[120.656338,16.06496],[120.656341,16.064689],[120.656621,16.064692],[120.656618,16.064963],[120.656615,16.065234],[120.656612,16.065505],[120.656332,16.065502],[120.656328,16.065773],[120.656609,16.065776],[120.656612,16.065505],[120.656892,16.065508],[120.656889,16.065779],[120.656886,16.06605],[120.656606,16.066047],[120.656602,16.066318],[120.656599,16.066589],[120.656596,16.06686],[120.656316,16.066856],[120.656313,16.067127],[120.656032,16.067124],[120.656029,16.067395],[120.655749,16.067392]]],[[[120.667224,16.068873],[120.667504,16.068876],[120.667501,16.069147],[120.66722,16.069144],[120.667224,16.068873]]],[[[120.68398,16.067189],[120.683976,16.06746],[120.684257,16.067463],[120.684254,16.067734],[120.68425,16.068005],[120.68397,16.068002],[120.68369,16.067999],[120.683687,16.06827],[120.683967,16.068273],[120.683964,16.068544],[120.683961,16.068815],[120.683958,16.069086],[120.683954,16.069357],[120.683674,16.069354],[120.683394,16.069351],[120.683397,16.06908],[120.6834,16.068809],[120.683403,16.068538],[120.683406,16.068267],[120.68341,16.067996],[120.683413,16.067725],[120.683416,16.067454],[120.683419,16.067183],[120.683699,16.067186],[120.68398,16.067189]]],[[[120.679751,16.069312],[120.67947,16.069309],[120.679473,16.069038],[120.679754,16.069041],[120.679751,16.069312]]],[[[120.70414,16.069033],[120.70442,16.069036],[120.704417,16.069307],[120.704414,16.069578],[120.704133,16.069575],[120.703853,16.069572],[120.703573,16.069569],[120.703576,16.069298],[120.703856,16.069301],[120.704137,16.069304],[120.70414,16.069033]]],[[[120.634991,16.06879],[120.634988,16.069061],[120.634708,16.069058],[120.634711,16.068787],[120.634991,16.06879]]],[[[120.637513,16.068818],[120.637233,16.068815],[120.63723,16.069086],[120.63695,16.069083],[120.636953,16.068812],[120.636956,16.068541],[120.636959,16.06827],[120.63724,16.068273],[120.637243,16.068002],[120.637246,16.067731],[120.636966,16.067728],[120.636962,16.067999],[120.636959,16.06827],[120.636679,16.068267],[120.636682,16.067996],[120.636402,16.067993],[120.636405,16.067722],[120.636125,16.067718],[120.636128,16.067447],[120.636408,16.067451],[120.636689,16.067454],[120.636692,16.067183],[120.636412,16.06718],[120.636131,16.067176],[120.636135,16.066906],[120.635854,16.066902],[120.635857,16.066631],[120.635861,16.06636],[120.63558,16.066357],[120.6353,16.066354],[120.635303,16.066083],[120.635307,16.065812],[120.635026,16.065809],[120.63503,16.065538],[120.63531,16.065541],[120.635313,16.06527],[120.635033,16.065267],[120.635036,16.064996],[120.635039,16.064725],[120.634759,16.064722],[120.634762,16.064451],[120.634482,16.064448],[120.634485,16.064177],[120.634488,16.063906],[120.634208,16.063903],[120.634205,16.064174],[120.633925,16.064171],[120.633644,16.064168],[120.633364,16.064165],[120.633361,16.064436],[120.633081,16.064433],[120.633084,16.064162],[120.632804,16.064159],[120.632756,16.064158],[120.632741,16.063887],[120.632807,16.063888],[120.633087,16.063891],[120.63309,16.06362],[120.63281,16.063617],[120.632813,16.063346],[120.632816,16.063075],[120.632699,16.063073],[120.632627,16.061717],[120.632832,16.06172],[120.632829,16.061991],[120.633109,16.061994],[120.633113,16.061723],[120.633393,16.061726],[120.63339,16.061997],[120.63367,16.062],[120.633673,16.061729],[120.633953,16.061732],[120.633957,16.061461],[120.634237,16.061464],[120.634234,16.061735],[120.63423,16.062006],[120.63395,16.062003],[120.633947,16.062274],[120.633667,16.062271],[120.633664,16.062542],[120.633944,16.062545],[120.633941,16.062816],[120.633937,16.063087],[120.634218,16.06309],[120.634214,16.063361],[120.634495,16.063364],[120.634775,16.063367],[120.634772,16.063638],[120.635052,16.063641],[120.635332,16.063644],[120.635329,16.063915],[120.635326,16.064186],[120.635046,16.064183],[120.635042,16.064454],[120.635323,16.064457],[120.635326,16.064186],[120.635606,16.06419],[120.635603,16.064461],[120.635883,16.064464],[120.635886,16.064193],[120.636167,16.064196],[120.636447,16.064199],[120.636727,16.064202],[120.636724,16.064473],[120.637004,16.064476],[120.637001,16.064747],[120.636998,16.065018],[120.637278,16.065021],[120.637275,16.065292],[120.637555,16.065295],[120.637552,16.065566],[120.637272,16.065563],[120.636991,16.06556],[120.636994,16.065289],[120.636714,16.065286],[120.636434,16.065283],[120.636437,16.065012],[120.636157,16.065009],[120.635877,16.065006],[120.635873,16.065277],[120.635593,16.065273],[120.63559,16.065544],[120.635587,16.065815],[120.635867,16.065819],[120.63587,16.065548],[120.635873,16.065277],[120.636154,16.06528],[120.636434,16.065283],[120.636431,16.065554],[120.636151,16.065551],[120.636147,16.065822],[120.636428,16.065825],[120.636424,16.066096],[120.636705,16.066099],[120.636985,16.066102],[120.637265,16.066105],[120.637262,16.066376],[120.637542,16.066379],[120.637539,16.06665],[120.637259,16.066647],[120.637256,16.066918],[120.637252,16.067189],[120.636972,16.067186],[120.636969,16.067457],[120.637249,16.06746],[120.637529,16.067463],[120.637526,16.067734],[120.637523,16.068005],[120.637803,16.068008],[120.638083,16.068011],[120.638364,16.068014],[120.638644,16.068017],[120.638641,16.068288],[120.638361,16.068285],[120.63808,16.068282],[120.6378,16.068279],[120.637797,16.06855],[120.637517,16.068547],[120.637513,16.068818]],[[120.636701,16.06637],[120.636698,16.066641],[120.636978,16.066644],[120.636982,16.066373],[120.636701,16.06637]],[[120.635319,16.064728],[120.635316,16.064999],[120.635596,16.065002],[120.6356,16.064731],[120.635319,16.064728]],[[120.633093,16.063349],[120.633374,16.063352],[120.633377,16.063081],[120.633097,16.063078],[120.633093,16.063349]],[[120.633106,16.062265],[120.632826,16.062262],[120.632823,16.062533],[120.63282,16.062804],[120.6331,16.062807],[120.63338,16.06281],[120.633383,16.062539],[120.633387,16.062268],[120.633106,16.062265]]],[[[120.646759,16.069191],[120.646478,16.069188],[120.646481,16.068917],[120.646762,16.06892],[120.646759,16.069191]]],[[[120.65265,16.068713],[120.652647,16.068984],[120.652644,16.069255],[120.652364,16.069252],[120.652367,16.068981],[120.65237,16.06871],[120.65265,16.068713]]],[[[120.669459,16.069439],[120.669463,16.069168],[120.669466,16.068897],[120.669469,16.068626],[120.669749,16.068629],[120.669746,16.0689],[120.669743,16.069171],[120.66974,16.069442],[120.669459,16.069439]]],[[[120.670861,16.069454],[120.67058,16.069451],[120.670584,16.06918],[120.670864,16.069183],[120.670861,16.069454]]],[[[120.671421,16.069461],[120.671424,16.06919],[120.671427,16.068919],[120.671431,16.068648],[120.671711,16.068651],[120.671991,16.068654],[120.671988,16.068925],[120.671985,16.069196],[120.671705,16.069193],[120.671701,16.069464],[120.671421,16.069461]]],[[[120.674787,16.069226],[120.674784,16.069497],[120.674504,16.069494],[120.674507,16.069223],[120.674787,16.069226]]],[[[120.651526,16.068972],[120.651523,16.069243],[120.651243,16.06924],[120.651246,16.068969],[120.651526,16.068972]]],[[[120.655169,16.069012],[120.655166,16.069283],[120.654886,16.06928],[120.654889,16.069009],[120.655169,16.069012]]],[[[120.689566,16.068876],[120.689563,16.069147],[120.68956,16.069418],[120.689279,16.069415],[120.689276,16.069686],[120.688996,16.069683],[120.688716,16.06968],[120.688436,16.069677],[120.688439,16.069406],[120.688158,16.069403],[120.688162,16.069132],[120.688165,16.068861],[120.688168,16.06859],[120.687888,16.068587],[120.687891,16.068316],[120.688171,16.068319],[120.688451,16.068322],[120.688454,16.068051],[120.688174,16.068048],[120.688177,16.067777],[120.68818,16.067506],[120.688183,16.067235],[120.688187,16.066964],[120.688467,16.066967],[120.68847,16.066696],[120.68875,16.066699],[120.688747,16.06697],[120.688744,16.067241],[120.689024,16.067244],[120.689021,16.067515],[120.688741,16.067512],[120.688738,16.067783],[120.689018,16.067786],[120.689298,16.067789],[120.689295,16.06806],[120.689292,16.068331],[120.689289,16.068602],[120.689009,16.068599],[120.689012,16.068328],[120.688731,16.068325],[120.688728,16.068596],[120.689009,16.068599],[120.689005,16.06887],[120.689286,16.068873],[120.689566,16.068876]]],[[[120.70077,16.069539],[120.701051,16.069542],[120.701047,16.069813],[120.700767,16.06981],[120.70077,16.069539]]],[[[120.7075,16.06934],[120.70778,16.069343],[120.707777,16.069614],[120.707774,16.069885],[120.707494,16.069882],[120.707497,16.069611],[120.7075,16.06934]]],[[[120.641714,16.069135],[120.641711,16.069406],[120.641431,16.069403],[120.641434,16.069132],[120.641714,16.069135]]],[[[120.645638,16.069178],[120.645641,16.068907],[120.64536,16.068904],[120.645357,16.069175],[120.645638,16.069178],[120.645634,16.069449],[120.645354,16.069446],[120.645074,16.069443],[120.644794,16.06944],[120.644797,16.069169],[120.6448,16.068898],[120.64508,16.068901],[120.645083,16.06863],[120.644803,16.068627],[120.644523,16.068624],[120.644526,16.068353],[120.644529,16.068082],[120.644532,16.067811],[120.644536,16.06754],[120.644539,16.067269],[120.644819,16.067272],[120.644822,16.067001],[120.645103,16.067004],[120.645099,16.067275],[120.64538,16.067278],[120.645383,16.067007],[120.645663,16.067011],[120.645943,16.067014],[120.645946,16.066743],[120.64595,16.066472],[120.645953,16.066201],[120.645673,16.066198],[120.645392,16.066195],[120.645389,16.066466],[120.645386,16.066736],[120.645106,16.066733],[120.645109,16.066462],[120.644829,16.066459],[120.644548,16.066456],[120.644545,16.066727],[120.644265,16.066724],[120.644268,16.066453],[120.643988,16.06645],[120.643985,16.066721],[120.643982,16.066992],[120.644262,16.066995],[120.644542,16.066998],[120.644539,16.067269],[120.644259,16.067266],[120.643978,16.067263],[120.643698,16.06726],[120.643695,16.067531],[120.643692,16.067802],[120.643411,16.067799],[120.643408,16.06807],[120.643405,16.068341],[120.643402,16.068612],[120.643122,16.068609],[120.643118,16.06888],[120.642838,16.068877],[120.642841,16.068606],[120.642845,16.068335],[120.643125,16.068338],[120.643128,16.068067],[120.643131,16.067796],[120.642851,16.067793],[120.642854,16.067522],[120.642857,16.067251],[120.643138,16.067254],[120.643134,16.067525],[120.643415,16.067528],[120.643418,16.067257],[120.643138,16.067254],[120.643141,16.066983],[120.643421,16.066986],[120.643701,16.066989],[120.643704,16.066718],[120.643708,16.066447],[120.643427,16.066444],[120.643431,16.066173],[120.64315,16.06617],[120.64287,16.066167],[120.642873,16.065896],[120.642876,16.065625],[120.64288,16.065354],[120.64316,16.065357],[120.643157,16.065628],[120.643154,16.065899],[120.643434,16.065902],[120.643714,16.065905],[120.643711,16.066176],[120.643991,16.066179],[120.643994,16.065908],[120.644275,16.065911],[120.644278,16.06564],[120.644281,16.065369],[120.644284,16.065098],[120.644564,16.065101],[120.644568,16.06483],[120.644571,16.064559],[120.644574,16.064288],[120.644577,16.064017],[120.64458,16.063746],[120.6443,16.063743],[120.644303,16.063472],[120.644306,16.063201],[120.644026,16.063198],[120.644029,16.062927],[120.643749,16.062924],[120.643746,16.063195],[120.643743,16.063466],[120.64374,16.063737],[120.643459,16.063734],[120.643463,16.063463],[120.643182,16.06346],[120.643185,16.063189],[120.643189,16.062918],[120.642908,16.062915],[120.642905,16.063186],[120.642902,16.063457],[120.642899,16.063728],[120.642896,16.063999],[120.642892,16.06427],[120.642889,16.064541],[120.642609,16.064538],[120.642612,16.064267],[120.642615,16.063996],[120.642619,16.063725],[120.642622,16.063454],[120.642342,16.063451],[120.642345,16.06318],[120.642348,16.062909],[120.642068,16.062906],[120.642064,16.063177],[120.642061,16.063448],[120.642058,16.063719],[120.641778,16.063716],[120.641775,16.063987],[120.641494,16.063983],[120.641498,16.063713],[120.641217,16.063709],[120.641221,16.063438],[120.641224,16.063167],[120.641227,16.062896],[120.641507,16.0629],[120.641787,16.062903],[120.641791,16.062632],[120.64151,16.062629],[120.64123,16.062626],[120.641233,16.062355],[120.640953,16.062351],[120.640956,16.06208],[120.640959,16.061809],[120.640679,16.061806],[120.640682,16.061535],[120.640963,16.061538],[120.640966,16.061268],[120.640969,16.060997],[120.640689,16.060993],[120.640692,16.060722],[120.640695,16.060451],[120.640698,16.060181],[120.640702,16.05991],[120.640421,16.059906],[120.640425,16.059635],[120.640705,16.059639],[120.640708,16.059368],[120.640711,16.059097],[120.640431,16.059094],[120.640151,16.05909],[120.640147,16.059361],[120.639867,16.059358],[120.63987,16.059087],[120.639874,16.058816],[120.639877,16.058545],[120.639597,16.058542],[120.639316,16.058539],[120.63932,16.058268],[120.6396,16.058271],[120.639603,16.058],[120.639883,16.058003],[120.640163,16.058006],[120.640444,16.05801],[120.640441,16.058281],[120.640721,16.058284],[120.640724,16.058013],[120.640444,16.05801],[120.640447,16.057739],[120.640727,16.057742],[120.64073,16.057471],[120.64045,16.057468],[120.64017,16.057465],[120.640167,16.057736],[120.639886,16.057732],[120.63989,16.057461],[120.639609,16.057458],[120.639329,16.057455],[120.639049,16.057452],[120.639052,16.057181],[120.639332,16.057184],[120.639613,16.057187],[120.639616,16.056916],[120.639336,16.056913],[120.639339,16.056642],[120.639619,16.056645],[120.639899,16.056649],[120.640179,16.056652],[120.640183,16.056381],[120.640186,16.05611],[120.639906,16.056107],[120.639909,16.055836],[120.639629,16.055832],[120.639632,16.055562],[120.639912,16.055565],[120.639915,16.055294],[120.639918,16.055023],[120.639922,16.054752],[120.640202,16.054755],[120.640205,16.054484],[120.640485,16.054487],[120.640765,16.05449],[120.640762,16.054761],[120.640759,16.055032],[120.641039,16.055035],[120.641036,16.055306],[120.641033,16.055577],[120.64103,16.055848],[120.641027,16.056119],[120.641023,16.05639],[120.64102,16.056661],[120.6413,16.056664],[120.641297,16.056935],[120.641577,16.056938],[120.641581,16.056667],[120.641861,16.05667],[120.642141,16.056673],[120.642144,16.056402],[120.642147,16.056131],[120.642151,16.05586],[120.64187,16.055857],[120.64159,16.055854],[120.641593,16.055583],[120.641597,16.055312],[120.641877,16.055315],[120.642157,16.055318],[120.64216,16.055047],[120.64188,16.055044],[120.6416,16.055041],[120.641603,16.05477],[120.641883,16.054773],[120.642163,16.054776],[120.642444,16.054779],[120.642724,16.054783],[120.643004,16.054786],[120.643284,16.054789],[120.643281,16.05506],[120.643278,16.055331],[120.643275,16.055602],[120.642995,16.055599],[120.642991,16.05587],[120.642988,16.056141],[120.643268,16.056144],[120.643265,16.056415],[120.643262,16.056686],[120.642982,16.056682],[120.642979,16.056953],[120.642698,16.05695],[120.642695,16.057221],[120.642975,16.057224],[120.643256,16.057228],[120.643536,16.057231],[120.643816,16.057234],[120.644096,16.057237],[120.644093,16.057508],[120.643813,16.057505],[120.643533,16.057502],[120.64353,16.057773],[120.643526,16.058044],[120.643246,16.05804],[120.643243,16.058311],[120.643523,16.058315],[120.64352,16.058585],[120.643517,16.058856],[120.643237,16.058853],[120.642956,16.05885],[120.642953,16.059121],[120.643233,16.059124],[120.643514,16.059127],[120.64351,16.059398],[120.643507,16.059669],[120.643787,16.059673],[120.643784,16.059943],[120.643781,16.060214],[120.644061,16.060218],[120.644064,16.059947],[120.644345,16.05995],[120.644342,16.060221],[120.644338,16.060492],[120.644335,16.060763],[120.644332,16.061034],[120.644329,16.061305],[120.644609,16.061308],[120.644889,16.061311],[120.644886,16.061582],[120.645166,16.061585],[120.645447,16.061588],[120.645727,16.061591],[120.646007,16.061594],[120.646004,16.061865],[120.646284,16.061868],[120.646564,16.061871],[120.646568,16.0616],[120.646848,16.061603],[120.646845,16.061874],[120.646841,16.062145],[120.646561,16.062142],[120.646281,16.062139],[120.646001,16.062136],[120.64572,16.062133],[120.645724,16.061862],[120.645443,16.061859],[120.645163,16.061856],[120.644883,16.061853],[120.644603,16.06185],[120.644322,16.061847],[120.644326,16.061576],[120.644045,16.061572],[120.644049,16.061301],[120.644052,16.06103],[120.643771,16.061027],[120.643768,16.061298],[120.643488,16.061295],[120.643491,16.061024],[120.643211,16.061021],[120.643208,16.061292],[120.643205,16.061563],[120.643201,16.061834],[120.642921,16.061831],[120.642641,16.061828],[120.642644,16.061557],[120.642924,16.06156],[120.642928,16.061289],[120.642647,16.061286],[120.642644,16.061557],[120.642364,16.061554],[120.642084,16.061551],[120.641803,16.061548],[120.6418,16.061819],[120.64208,16.061822],[120.642361,16.061825],[120.642357,16.062096],[120.642354,16.062367],[120.642074,16.062364],[120.642071,16.062635],[120.642351,16.062638],[120.642631,16.062641],[120.642635,16.06237],[120.642915,16.062373],[120.643195,16.062376],[120.643475,16.062379],[120.643478,16.062108],[120.643759,16.062111],[120.643762,16.06184],[120.644042,16.061843],[120.644039,16.062114],[120.644319,16.062117],[120.644599,16.062121],[120.64488,16.062124],[120.644876,16.062395],[120.645157,16.062398],[120.645437,16.062401],[120.64544,16.06213],[120.64572,16.062133],[120.645717,16.062404],[120.645997,16.062407],[120.645994,16.062678],[120.645991,16.062949],[120.645988,16.06322],[120.645708,16.063217],[120.645711,16.062946],[120.645714,16.062675],[120.645434,16.062672],[120.645154,16.062669],[120.64515,16.06294],[120.645147,16.063211],[120.645144,16.063482],[120.645424,16.063485],[120.645704,16.063488],[120.645985,16.063491],[120.645982,16.063762],[120.645701,16.063759],[120.645421,16.063756],[120.645418,16.064027],[120.645415,16.064298],[120.645411,16.064569],[120.645408,16.06484],[120.645689,16.064843],[120.645685,16.065114],[120.645682,16.065385],[120.645679,16.065656],[120.645959,16.065659],[120.645956,16.06593],[120.646236,16.065933],[120.646233,16.066204],[120.64623,16.066475],[120.64651,16.066478],[120.646507,16.066749],[120.646787,16.066752],[120.64679,16.066481],[120.647071,16.066484],[120.647351,16.066487],[120.647631,16.06649],[120.647911,16.066493],[120.648192,16.066496],[120.648472,16.066499],[120.648469,16.06677],[120.648188,16.066767],[120.647908,16.066764],[120.647628,16.066761],[120.647348,16.066758],[120.647067,16.066755],[120.647064,16.067026],[120.646784,16.067023],[120.646504,16.06702],[120.646501,16.067291],[120.646781,16.067294],[120.646778,16.067565],[120.646497,16.067562],[120.646494,16.067833],[120.646491,16.068104],[120.646488,16.068375],[120.646208,16.068372],[120.646204,16.068643],[120.646485,16.068646],[120.646481,16.068917],[120.646201,16.068914],[120.646198,16.069185],[120.645918,16.069181],[120.645638,16.069178]],[[120.645931,16.068098],[120.646211,16.068101],[120.646214,16.06783],[120.645934,16.067827],[120.645931,16.068098]],[[120.645376,16.067549],[120.645096,16.067546],[120.645093,16.067817],[120.645373,16.06782],[120.645376,16.067549]],[[120.644313,16.062659],[120.644316,16.062388],[120.644036,16.062385],[120.644033,16.062656],[120.644313,16.062659]],[[120.641514,16.062358],[120.641794,16.062361],[120.641797,16.06209],[120.641517,16.062087],[120.641514,16.062358]],[[120.64124,16.061813],[120.64152,16.061816],[120.641523,16.061545],[120.641243,16.061542],[120.64124,16.061813]],[[120.641526,16.061274],[120.641807,16.061277],[120.64181,16.061006],[120.64153,16.061003],[120.641526,16.061274]],[[120.642654,16.060744],[120.64265,16.061015],[120.642931,16.061018],[120.642934,16.060747],[120.642654,16.060744]],[[120.643775,16.060756],[120.644055,16.06076],[120.644058,16.060489],[120.643778,16.060485],[120.643775,16.060756]],[[120.642093,16.060738],[120.642096,16.060467],[120.641816,16.060464],[120.641813,16.060735],[120.642093,16.060738]],[[120.642383,16.059928],[120.64238,16.060199],[120.64266,16.060202],[120.642663,16.059931],[120.642666,16.05966],[120.64267,16.059389],[120.642389,16.059386],[120.642386,16.059657],[120.642383,16.059928]],[[120.641829,16.05938],[120.641826,16.059651],[120.642106,16.059654],[120.642109,16.059383],[120.641829,16.05938],[120.641832,16.059109],[120.641835,16.058838],[120.641555,16.058835],[120.641275,16.058832],[120.641272,16.059103],[120.641552,16.059106],[120.641549,16.059377],[120.641829,16.05938]],[[120.641268,16.059374],[120.640988,16.059371],[120.640985,16.059642],[120.640982,16.059913],[120.641262,16.059916],[120.641265,16.059645],[120.641268,16.059374]],[[120.642396,16.058844],[120.642393,16.059115],[120.642673,16.059118],[120.642676,16.058847],[120.642396,16.058844],[120.642399,16.058573],[120.642679,16.058576],[120.642959,16.058579],[120.642963,16.058308],[120.642682,16.058305],[120.642686,16.058034],[120.642966,16.058037],[120.642969,16.057766],[120.642972,16.057495],[120.642692,16.057492],[120.642412,16.057489],[120.642409,16.05776],[120.642405,16.058031],[120.642402,16.058302],[120.642399,16.058573],[120.642119,16.05857],[120.642116,16.058841],[120.642396,16.058844]],[[120.640998,16.058558],[120.641278,16.058561],[120.641281,16.05829],[120.641284,16.058019],[120.641004,16.058016],[120.641001,16.058287],[120.640998,16.058558],[120.640718,16.058555],[120.640714,16.058826],[120.640995,16.058829],[120.640998,16.058558]],[[120.641565,16.058022],[120.641561,16.058293],[120.641842,16.058296],[120.641845,16.058025],[120.641565,16.058022]]],[[[120.649278,16.069489],[120.648997,16.069486],[120.649001,16.069215],[120.649281,16.069218],[120.649278,16.069489]]],[[[120.658249,16.069317],[120.658529,16.06932],[120.658526,16.069591],[120.658246,16.069588],[120.658249,16.069317]]],[[[120.660214,16.069067],[120.660494,16.06907],[120.660491,16.069341],[120.660488,16.069612],[120.660208,16.069609],[120.660211,16.069338],[120.660214,16.069067]]],[[[120.661048,16.069618],[120.660768,16.069615],[120.660771,16.069344],[120.661052,16.069347],[120.661048,16.069618]]],[[[120.661618,16.068812],[120.661899,16.068815],[120.661896,16.069086],[120.661892,16.069357],[120.661612,16.069354],[120.661609,16.069625],[120.661329,16.069622],[120.661332,16.069351],[120.661335,16.06908],[120.661615,16.069083],[120.661618,16.068812]]],[[[120.671421,16.069461],[120.671418,16.069732],[120.671138,16.069729],[120.671141,16.069458],[120.671421,16.069461]]],[[[120.677329,16.067628],[120.677326,16.067899],[120.677322,16.06817],[120.677319,16.068441],[120.6776,16.068444],[120.677596,16.068715],[120.677593,16.068986],[120.67759,16.069257],[120.67787,16.06926],[120.677867,16.069531],[120.677864,16.069802],[120.677584,16.069799],[120.677304,16.069796],[120.677307,16.069525],[120.67731,16.069254],[120.67703,16.069251],[120.677033,16.06898],[120.677313,16.068983],[120.677316,16.068712],[120.677036,16.068709],[120.677039,16.068438],[120.677042,16.068167],[120.676762,16.068164],[120.676765,16.067893],[120.677045,16.067896],[120.677048,16.067625],[120.677329,16.067628]]],[[[120.678428,16.069537],[120.678425,16.069808],[120.678144,16.069805],[120.678147,16.069534],[120.678428,16.069537]]],[[[120.658249,16.069317],[120.657969,16.069314],[120.657966,16.069585],[120.657685,16.069582],[120.657689,16.069311],[120.657692,16.06904],[120.657695,16.068769],[120.657698,16.068498],[120.657978,16.068501],[120.658259,16.068504],[120.658255,16.068775],[120.657975,16.068772],[120.657972,16.069043],[120.658252,16.069046],[120.658249,16.069317]]],[[[120.665287,16.066684],[120.665284,16.066955],[120.665564,16.066958],[120.665561,16.067229],[120.665841,16.067232],[120.665838,16.067503],[120.666118,16.067506],[120.666122,16.067235],[120.666402,16.067238],[120.666399,16.067509],[120.666395,16.06778],[120.666392,16.068051],[120.666389,16.068322],[120.666669,16.068325],[120.666666,16.068596],[120.666663,16.068867],[120.66666,16.069138],[120.666657,16.069409],[120.666654,16.06968],[120.666373,16.069677],[120.666093,16.069674],[120.666096,16.069403],[120.666099,16.069132],[120.665819,16.069129],[120.665822,16.068858],[120.665542,16.068854],[120.665262,16.068851],[120.664982,16.068848],[120.664978,16.069119],[120.664698,16.069116],[120.664695,16.069387],[120.664415,16.069384],[120.664418,16.069113],[120.664421,16.068842],[120.664701,16.068845],[120.664704,16.068574],[120.664708,16.068303],[120.664711,16.068032],[120.664431,16.068029],[120.664434,16.067758],[120.664153,16.067755],[120.664157,16.067484],[120.664437,16.067487],[120.66444,16.067216],[120.664443,16.066945],[120.664446,16.066674],[120.66445,16.066403],[120.66473,16.066406],[120.66501,16.066409],[120.665007,16.06668],[120.665287,16.066684]],[[120.666383,16.068864],[120.666386,16.068593],[120.666106,16.06859],[120.666103,16.068861],[120.666383,16.068864]]],[[[120.683671,16.069625],[120.683951,16.069628],[120.683948,16.069899],[120.683668,16.069896],[120.683388,16.069893],[120.683391,16.069622],[120.683671,16.069625]]],[[[120.690397,16.069698],[120.690678,16.069701],[120.690958,16.069704],[120.690955,16.069975],[120.690675,16.069972],[120.690394,16.069969],[120.690397,16.069698]]],[[[120.70722,16.069337],[120.707216,16.069608],[120.707213,16.069879],[120.70721,16.07015],[120.70693,16.070147],[120.706933,16.069876],[120.706936,16.069605],[120.706656,16.069602],[120.706659,16.069331],[120.706939,16.069334],[120.70722,16.069337]]],[[[120.68591,16.06992],[120.685913,16.069649],[120.685916,16.069378],[120.685919,16.069107],[120.6862,16.06911],[120.686197,16.069381],[120.686193,16.069652],[120.68619,16.069923],[120.68591,16.06992]]],[[[120.700767,16.06981],[120.700764,16.070081],[120.700484,16.070078],[120.700487,16.069807],[120.700767,16.06981]]],[[[120.704127,16.070117],[120.703847,16.070114],[120.70385,16.069843],[120.70413,16.069846],[120.704127,16.070117]]],[[[120.651243,16.06924],[120.651239,16.069511],[120.651236,16.069782],[120.650956,16.069779],[120.650959,16.069508],[120.650962,16.069237],[120.651243,16.06924]]],[[[120.657685,16.069582],[120.657682,16.069853],[120.657402,16.06985],[120.657405,16.069579],[120.657685,16.069582]]],[[[120.661329,16.069622],[120.661326,16.069892],[120.661045,16.069889],[120.661048,16.069618],[120.661329,16.069622]]],[[[120.670017,16.069716],[120.670014,16.069987],[120.669733,16.069984],[120.669736,16.069713],[120.670017,16.069716]]],[[[120.640309,16.069391],[120.64059,16.069394],[120.640587,16.069665],[120.640306,16.069662],[120.640309,16.069391]]],[[[120.664689,16.069929],[120.664408,16.069926],[120.664128,16.069923],[120.664131,16.069652],[120.664412,16.069655],[120.664692,16.069658],[120.664689,16.069929]]],[[[120.666093,16.069674],[120.66609,16.069945],[120.66581,16.069941],[120.665813,16.06967],[120.666093,16.069674]]],[[[120.669459,16.069439],[120.669456,16.06971],[120.669176,16.069707],[120.669173,16.069978],[120.668893,16.069975],[120.668612,16.069972],[120.668615,16.069701],[120.668619,16.06943],[120.668622,16.069159],[120.668902,16.069162],[120.669182,16.069165],[120.669179,16.069436],[120.669459,16.069439]]],[[[120.670577,16.069722],[120.670574,16.069993],[120.670294,16.06999],[120.670297,16.069719],[120.670577,16.069722]]],[[[120.673657,16.070027],[120.67366,16.069756],[120.67394,16.069759],[120.673944,16.069488],[120.673947,16.069217],[120.674227,16.06922],[120.674224,16.069491],[120.674221,16.069762],[120.674217,16.070033],[120.673937,16.07003],[120.673657,16.070027]]],[[[120.675905,16.069509],[120.676186,16.069512],[120.676182,16.069783],[120.676179,16.070054],[120.675899,16.070051],[120.675619,16.070048],[120.675622,16.069777],[120.675902,16.06978],[120.675905,16.069509]]],[[[120.685979,16.063959],[120.686259,16.063962],[120.686256,16.064233],[120.686253,16.064504],[120.68625,16.064775],[120.68653,16.064778],[120.686527,16.065049],[120.686807,16.065052],[120.686804,16.065323],[120.687084,16.065326],[120.687081,16.065597],[120.687078,16.065868],[120.687075,16.066139],[120.687072,16.06641],[120.687352,16.066413],[120.687349,16.066684],[120.687629,16.066687],[120.687626,16.066958],[120.687346,16.066955],[120.687343,16.067226],[120.687623,16.067229],[120.68762,16.0675],[120.68734,16.067497],[120.687336,16.067768],[120.687617,16.067771],[120.687614,16.068042],[120.68761,16.068313],[120.687607,16.068584],[120.687604,16.068855],[120.687601,16.069126],[120.687598,16.069397],[120.687595,16.069668],[120.687592,16.069939],[120.687588,16.07021],[120.687308,16.070207],[120.687028,16.070204],[120.687031,16.069933],[120.687311,16.069936],[120.687314,16.069665],[120.687318,16.069394],[120.687037,16.069391],[120.68704,16.06912],[120.687044,16.068849],[120.687047,16.068578],[120.68705,16.068307],[120.68677,16.068304],[120.686773,16.068033],[120.687053,16.068036],[120.687056,16.067765],[120.687059,16.067494],[120.687062,16.067223],[120.687066,16.066952],[120.687069,16.066681],[120.686788,16.066678],[120.686508,16.066675],[120.686511,16.066404],[120.686231,16.066401],[120.686234,16.06613],[120.686237,16.065859],[120.685957,16.065856],[120.685677,16.065853],[120.685674,16.066124],[120.685671,16.066395],[120.685951,16.066398],[120.685948,16.066669],[120.685944,16.06694],[120.685664,16.066937],[120.685661,16.067207],[120.685658,16.067478],[120.685378,16.067475],[120.685097,16.067472],[120.685101,16.067201],[120.685381,16.067204],[120.685384,16.066933],[120.685387,16.066662],[120.68539,16.066392],[120.68511,16.066388],[120.685107,16.066659],[120.684827,16.066656],[120.68483,16.066385],[120.684549,16.066382],[120.684553,16.066111],[120.684272,16.066108],[120.683992,16.066105],[120.683712,16.066102],[120.683715,16.065831],[120.683435,16.065828],[120.683438,16.065557],[120.683441,16.065286],[120.683444,16.065015],[120.683447,16.064744],[120.68345,16.064473],[120.683454,16.064202],[120.683734,16.064205],[120.684014,16.064208],[120.684011,16.064479],[120.684008,16.06475],[120.684288,16.064753],[120.684285,16.065024],[120.684005,16.065021],[120.684002,16.065292],[120.683998,16.065563],[120.684279,16.065566],[120.684559,16.065569],[120.684556,16.06584],[120.684836,16.065843],[120.685116,16.065846],[120.685113,16.066117],[120.685393,16.066121],[120.685397,16.06585],[120.685116,16.065846],[120.685119,16.065576],[120.684839,16.065572],[120.684842,16.065301],[120.685123,16.065305],[120.685403,16.065308],[120.685683,16.065311],[120.685686,16.06504],[120.685689,16.064769],[120.685692,16.064498],[120.685973,16.064501],[120.685976,16.06423],[120.685979,16.063959]],[[120.686524,16.06532],[120.686244,16.065317],[120.68624,16.065588],[120.686521,16.065591],[120.686524,16.06532]]],[[[120.689276,16.069686],[120.689557,16.069689],[120.689553,16.06996],[120.68955,16.070231],[120.68927,16.070228],[120.689273,16.069957],[120.689276,16.069686]]],[[[120.689831,16.070234],[120.689834,16.069963],[120.690114,16.069966],[120.690111,16.070237],[120.689831,16.070234]]],[[[120.696277,16.070303],[120.695996,16.0703],[120.696,16.070029],[120.695719,16.070026],[120.695722,16.069755],[120.695442,16.069752],[120.695445,16.069481],[120.695726,16.069484],[120.696006,16.069487],[120.696286,16.06949],[120.696289,16.069219],[120.696569,16.069222],[120.696566,16.069493],[120.696847,16.069496],[120.696843,16.069767],[120.696563,16.069764],[120.696283,16.069761],[120.69628,16.070032],[120.696277,16.070303]]],[[[120.68591,16.06992],[120.685907,16.070191],[120.685627,16.070188],[120.68563,16.069917],[120.68591,16.06992]]],[[[120.688432,16.069948],[120.688713,16.069951],[120.688993,16.069954],[120.68899,16.070225],[120.68871,16.070222],[120.688429,16.070219],[120.688432,16.069948]]],[[[120.695442,16.069752],[120.695439,16.070023],[120.695436,16.070294],[120.695156,16.070291],[120.695159,16.07002],[120.695162,16.069749],[120.695442,16.069752]]],[[[120.700484,16.070078],[120.700481,16.070349],[120.7002,16.070346],[120.700204,16.070075],[120.700484,16.070078]]],[[[120.700764,16.070081],[120.701044,16.070084],[120.701041,16.070355],[120.700761,16.070352],[120.700764,16.070081]]],[[[120.701605,16.07009],[120.701602,16.070361],[120.701321,16.070358],[120.701325,16.070087],[120.701605,16.07009]]],[[[120.652077,16.069791],[120.652074,16.070062],[120.651794,16.070059],[120.651797,16.069788],[120.652077,16.069791]]],[[[120.656001,16.069834],[120.656281,16.069837],[120.656278,16.070108],[120.655997,16.070105],[120.656001,16.069834]]],[[[120.662447,16.069905],[120.662727,16.069908],[120.662724,16.070179],[120.662443,16.070176],[120.662447,16.069905]]],[[[120.666367,16.070219],[120.666087,16.070216],[120.66609,16.069945],[120.66637,16.069948],[120.666367,16.070219]]],[[[120.689831,16.070234],[120.689827,16.070505],[120.689547,16.070502],[120.68955,16.070231],[120.689831,16.070234]]],[[[120.691512,16.070252],[120.691509,16.070523],[120.691229,16.07052],[120.691232,16.070249],[120.691512,16.070252]]],[[[120.696277,16.070303],[120.696557,16.070306],[120.696554,16.070577],[120.696274,16.070574],[120.696277,16.070303]]],[[[120.700761,16.070352],[120.700758,16.070623],[120.700478,16.07062],[120.700481,16.070349],[120.700761,16.070352]]],[[[120.705522,16.070674],[120.705242,16.070671],[120.705245,16.0704],[120.705526,16.070403],[120.705522,16.070674]]],[[[120.706643,16.070686],[120.706363,16.070683],[120.706366,16.070412],[120.706647,16.070415],[120.706927,16.070418],[120.706924,16.070689],[120.706643,16.070686]]],[[[120.707765,16.070698],[120.707484,16.070695],[120.707487,16.070424],[120.707768,16.070427],[120.707765,16.070698]]],[[[120.642542,16.070228],[120.642262,16.070225],[120.642265,16.069954],[120.642545,16.069957],[120.642542,16.070228]]],[[[120.678138,16.070347],[120.678141,16.070076],[120.678421,16.070079],[120.678418,16.07035],[120.678415,16.070621],[120.678135,16.070618],[120.678138,16.070347]]],[[[120.636099,16.069886],[120.636096,16.070157],[120.635816,16.070154],[120.635819,16.069883],[120.636099,16.069886]]],[[[120.656835,16.070385],[120.656838,16.070114],[120.657118,16.070117],[120.657399,16.070121],[120.657396,16.070392],[120.657115,16.070388],[120.656835,16.070385]]],[[[120.657959,16.070127],[120.657956,16.070398],[120.657676,16.070395],[120.657679,16.070124],[120.657959,16.070127]]],[[[120.677855,16.070615],[120.677574,16.070612],[120.677577,16.070341],[120.677858,16.070344],[120.677855,16.070615]]],[[[120.655434,16.07037],[120.655153,16.070367],[120.655157,16.070096],[120.655437,16.070099],[120.655434,16.07037]]],[[[120.676176,16.070325],[120.676173,16.070596],[120.675893,16.070593],[120.675896,16.070322],[120.676176,16.070325]]],[[[120.68534,16.070727],[120.685343,16.070456],[120.685623,16.070459],[120.68562,16.07073],[120.68534,16.070727]]],[[[120.687305,16.070478],[120.687302,16.070749],[120.687022,16.070745],[120.687025,16.070475],[120.687305,16.070478]]],[[[120.699089,16.06952],[120.698808,16.069517],[120.698528,16.069514],[120.698248,16.069511],[120.698245,16.069782],[120.698242,16.070053],[120.697961,16.07005],[120.697681,16.070047],[120.697678,16.070318],[120.697398,16.070315],[120.697395,16.070586],[120.697392,16.070857],[120.697111,16.070854],[120.697114,16.070583],[120.697117,16.070312],[120.697121,16.070041],[120.697401,16.070044],[120.697404,16.069773],[120.697684,16.069776],[120.697687,16.069505],[120.69769,16.069234],[120.697971,16.069237],[120.698251,16.06924],[120.698531,16.069243],[120.698812,16.069246],[120.698815,16.068976],[120.698818,16.068705],[120.698821,16.068434],[120.698824,16.068163],[120.698827,16.067892],[120.699107,16.067895],[120.699111,16.067624],[120.699114,16.067353],[120.699117,16.067082],[120.699397,16.067085],[120.699677,16.067088],[120.69968,16.066817],[120.699684,16.066546],[120.699964,16.066549],[120.700244,16.066552],[120.700241,16.066823],[120.700238,16.067094],[120.699958,16.067091],[120.699954,16.067362],[120.699951,16.067633],[120.699948,16.067904],[120.699945,16.068175],[120.699665,16.068172],[120.699385,16.068169],[120.699381,16.06844],[120.699378,16.068711],[120.699098,16.068708],[120.699095,16.068979],[120.699092,16.06925],[120.699089,16.06952]],[[120.699391,16.067627],[120.699671,16.06763],[120.699674,16.067359],[120.699394,16.067356],[120.699391,16.067627]]],[[[120.700758,16.070623],[120.701038,16.070626],[120.701035,16.070897],[120.700755,16.070894],[120.700758,16.070623]]],[[[120.637781,16.069905],[120.638061,16.069908],[120.638341,16.069911],[120.638338,16.070182],[120.638058,16.070179],[120.638055,16.07045],[120.637774,16.070447],[120.637778,16.070176],[120.637781,16.069905]]],[[[120.642542,16.070228],[120.642822,16.070231],[120.642819,16.070502],[120.642539,16.070499],[120.642542,16.070228]]],[[[120.651227,16.070595],[120.65123,16.070324],[120.65151,16.070327],[120.651507,16.070598],[120.651227,16.070595]]],[[[120.660755,16.070699],[120.660475,16.070696],[120.660478,16.070425],[120.660759,16.070428],[120.660755,16.070699]]],[[[120.666367,16.070219],[120.666647,16.070222],[120.666644,16.070493],[120.666641,16.070764],[120.666361,16.070761],[120.666364,16.07049],[120.666367,16.070219]]],[[[120.673928,16.070843],[120.673648,16.07084],[120.673651,16.070569],[120.673931,16.070572],[120.673928,16.070843]]],[[[120.643118,16.06888],[120.643399,16.068883],[120.643395,16.069154],[120.643676,16.069157],[120.643673,16.069428],[120.643669,16.069699],[120.643666,16.06997],[120.643386,16.069967],[120.643383,16.070238],[120.64338,16.070509],[120.643099,16.070506],[120.643102,16.070235],[120.643106,16.069964],[120.643109,16.069693],[120.643112,16.069422],[120.643115,16.069151],[120.643118,16.06888]]],[[[120.691226,16.070791],[120.691223,16.071062],[120.690942,16.071059],[120.690945,16.070788],[120.691226,16.070791]]],[[[120.697392,16.070857],[120.697672,16.07086],[120.697669,16.071131],[120.697388,16.071128],[120.697392,16.070857]]],[[[120.70664,16.070957],[120.706637,16.071228],[120.706357,16.071225],[120.70636,16.070954],[120.70664,16.070957]]],[[[120.648144,16.070561],[120.647864,16.070558],[120.64786,16.070829],[120.64758,16.070826],[120.647583,16.070555],[120.647303,16.070552],[120.647306,16.070281],[120.647026,16.070278],[120.647029,16.070007],[120.647032,16.069736],[120.646752,16.069733],[120.646755,16.069462],[120.646759,16.069191],[120.647039,16.069194],[120.647042,16.068923],[120.647045,16.068652],[120.647325,16.068655],[120.647329,16.068384],[120.647609,16.068387],[120.647606,16.068658],[120.647602,16.068929],[120.647322,16.068926],[120.647319,16.069197],[120.647599,16.0692],[120.647596,16.069471],[120.647593,16.069742],[120.64759,16.070013],[120.64787,16.070016],[120.647867,16.070287],[120.648147,16.07029],[120.648144,16.070561]]],[[[120.651227,16.070595],[120.651224,16.070866],[120.650943,16.070863],[120.650946,16.070592],[120.651227,16.070595]]],[[[120.662434,16.070989],[120.662154,16.070986],[120.662157,16.070715],[120.662437,16.070718],[120.662434,16.070989]]],[[[120.665517,16.071022],[120.66552,16.070751],[120.665523,16.07048],[120.665803,16.070483],[120.6658,16.070754],[120.665797,16.071025],[120.665517,16.071022]]],[[[120.677571,16.070883],[120.677568,16.071154],[120.677288,16.07115],[120.677291,16.070879],[120.677571,16.070883]]],[[[120.634969,16.070687],[120.634688,16.070684],[120.634692,16.070413],[120.634972,16.070416],[120.634969,16.070687]]],[[[120.637211,16.070712],[120.63693,16.070708],[120.636934,16.070438],[120.637214,16.070441],[120.637211,16.070712]]],[[[120.648144,16.070561],[120.648424,16.070564],[120.648421,16.070835],[120.648141,16.070832],[120.648144,16.070561]]],[[[120.653185,16.070887],[120.653189,16.070616],[120.653192,16.070345],[120.653472,16.070349],[120.653475,16.070078],[120.653195,16.070074],[120.653198,16.069803],[120.653478,16.069807],[120.653481,16.069536],[120.653485,16.069265],[120.653204,16.069262],[120.653208,16.068991],[120.653211,16.06872],[120.653214,16.068449],[120.653494,16.068452],[120.653491,16.068723],[120.653771,16.068726],[120.653774,16.068455],[120.654055,16.068458],[120.654335,16.068461],[120.654615,16.068464],[120.654612,16.068735],[120.654332,16.068732],[120.654329,16.069003],[120.654048,16.069],[120.653768,16.068997],[120.653765,16.069268],[120.653762,16.069539],[120.653759,16.06981],[120.654039,16.069813],[120.654319,16.069816],[120.654316,16.070087],[120.654036,16.070084],[120.654032,16.070355],[120.653752,16.070352],[120.653749,16.070623],[120.653746,16.070894],[120.653466,16.07089],[120.653185,16.070887]]],[[[120.68169,16.07123],[120.681694,16.070959],[120.681974,16.070962],[120.681971,16.071233],[120.68169,16.07123]]],[[[120.708319,16.071246],[120.708599,16.071249],[120.708596,16.07152],[120.708316,16.071517],[120.708319,16.071246]]],[[[120.708319,16.071246],[120.708039,16.071243],[120.708035,16.071514],[120.707755,16.071511],[120.707475,16.071508],[120.707195,16.071505],[120.707198,16.071234],[120.707478,16.071237],[120.707481,16.070966],[120.707761,16.070969],[120.707765,16.070698],[120.708045,16.070701],[120.708048,16.07043],[120.708328,16.070433],[120.708325,16.070704],[120.708605,16.070707],[120.708608,16.070436],[120.708328,16.070433],[120.708331,16.070162],[120.708051,16.070159],[120.708054,16.069888],[120.708334,16.069891],[120.708338,16.06962],[120.708618,16.069623],[120.708615,16.069894],[120.708895,16.069897],[120.708892,16.070168],[120.709172,16.070171],[120.709452,16.070174],[120.709455,16.069903],[120.709175,16.0699],[120.709178,16.069629],[120.709459,16.069632],[120.709739,16.069635],[120.710019,16.069638],[120.710299,16.069641],[120.710302,16.06937],[120.710583,16.069373],[120.710586,16.069102],[120.710589,16.068831],[120.710592,16.06856],[120.710312,16.068557],[120.710315,16.068286],[120.710595,16.068289],[120.710598,16.068018],[120.710601,16.067747],[120.710604,16.067476],[120.710608,16.067205],[120.710327,16.067202],[120.71033,16.066931],[120.710611,16.066934],[120.710891,16.066937],[120.710894,16.066666],[120.710897,16.066395],[120.711177,16.066398],[120.71118,16.066127],[120.711461,16.06613],[120.711458,16.066401],[120.711455,16.066672],[120.711174,16.066669],[120.711171,16.06694],[120.711168,16.067211],[120.710888,16.067208],[120.710885,16.067479],[120.711165,16.067482],[120.711162,16.067753],[120.711159,16.068024],[120.711156,16.068295],[120.710875,16.068292],[120.710872,16.068563],[120.711153,16.068566],[120.711149,16.068837],[120.711146,16.069108],[120.711143,16.069379],[120.710863,16.069376],[120.71086,16.069647],[120.710857,16.069918],[120.710577,16.069915],[120.710296,16.069912],[120.710016,16.069909],[120.710013,16.07018],[120.71001,16.070451],[120.710007,16.070722],[120.709726,16.070719],[120.709723,16.07099],[120.709443,16.070987],[120.709163,16.070984],[120.708883,16.070981],[120.708602,16.070978],[120.708322,16.070975],[120.708319,16.071246]]],[[[120.64338,16.070509],[120.64366,16.070512],[120.643657,16.070783],[120.643653,16.071054],[120.643373,16.071051],[120.643093,16.071047],[120.643096,16.070777],[120.643376,16.07078],[120.64338,16.070509]]],[[[120.656835,16.070385],[120.656832,16.070656],[120.656829,16.070927],[120.656826,16.071198],[120.656545,16.071195],[120.656548,16.070924],[120.656552,16.070653],[120.656555,16.070382],[120.656835,16.070385]]],[[[120.660472,16.070967],[120.660469,16.071238],[120.660189,16.071235],[120.660192,16.070964],[120.660472,16.070967]]],[[[120.638329,16.070995],[120.638048,16.070992],[120.637768,16.070989],[120.637488,16.070986],[120.637207,16.070983],[120.637211,16.070712],[120.637491,16.070715],[120.637771,16.070718],[120.638051,16.070721],[120.638055,16.07045],[120.638335,16.070453],[120.638332,16.070724],[120.638329,16.070995]]],[[[120.644214,16.07106],[120.644217,16.070789],[120.644497,16.070792],[120.644494,16.071063],[120.644214,16.07106]]],[[[120.652622,16.071152],[120.652341,16.071149],[120.652345,16.070878],[120.652625,16.070881],[120.652622,16.071152]]],[[[120.655427,16.070912],[120.655424,16.071183],[120.655144,16.07118],[120.655147,16.070909],[120.655427,16.070912]]],[[[120.655434,16.07037],[120.655714,16.070373],[120.655994,16.070376],[120.655991,16.070647],[120.656271,16.07065],[120.656268,16.070921],[120.656265,16.071192],[120.655985,16.071189],[120.655988,16.070918],[120.655708,16.070915],[120.655427,16.070912],[120.655431,16.070641],[120.655434,16.07037]]],[[[120.670839,16.071351],[120.670558,16.071348],[120.670278,16.071345],[120.669998,16.071342],[120.670001,16.071071],[120.670281,16.071074],[120.670561,16.071077],[120.670842,16.07108],[120.670845,16.070809],[120.671125,16.070812],[120.671122,16.071083],[120.671119,16.071354],[120.670839,16.071351]]],[[[120.67309,16.070563],[120.673087,16.070834],[120.673084,16.071105],[120.673081,16.071376],[120.6728,16.071373],[120.672804,16.071102],[120.672807,16.070831],[120.67281,16.07056],[120.67309,16.070563]]],[[[120.675326,16.071129],[120.675323,16.0714],[120.675043,16.071397],[120.675046,16.071126],[120.675326,16.071129]]],[[[120.691783,16.071068],[120.69178,16.071339],[120.691777,16.07161],[120.691497,16.071607],[120.6915,16.071336],[120.691503,16.071065],[120.691783,16.071068]]],[[[120.685897,16.071004],[120.685894,16.071275],[120.685891,16.071546],[120.685611,16.071543],[120.685614,16.071272],[120.685617,16.071001],[120.685897,16.071004]]],[[[120.690095,16.071592],[120.689815,16.071589],[120.689535,16.071586],[120.689538,16.071315],[120.689541,16.071044],[120.689821,16.071047],[120.689824,16.070776],[120.690105,16.070779],[120.690101,16.07105],[120.690098,16.071321],[120.690095,16.071592]]],[[[120.692646,16.06918],[120.692643,16.069451],[120.692639,16.069722],[120.692636,16.069993],[120.692633,16.070264],[120.69263,16.070535],[120.69291,16.070538],[120.692907,16.070809],[120.693188,16.070812],[120.693184,16.071083],[120.692904,16.07108],[120.692901,16.071351],[120.692898,16.071622],[120.692618,16.071619],[120.692621,16.071348],[120.692624,16.071077],[120.692344,16.071074],[120.692347,16.070803],[120.69235,16.070532],[120.69207,16.070529],[120.692073,16.070258],[120.691792,16.070255],[120.691796,16.069984],[120.691515,16.069981],[120.691518,16.06971],[120.691799,16.069713],[120.691802,16.069442],[120.691805,16.069171],[120.691525,16.069168],[120.691528,16.068897],[120.691531,16.068626],[120.691811,16.068629],[120.691808,16.0689],[120.692088,16.068903],[120.692085,16.069174],[120.692082,16.069445],[120.692079,16.069716],[120.692359,16.069719],[120.692362,16.069448],[120.692365,16.069177],[120.692646,16.06918]]],[[[120.697388,16.071128],[120.697385,16.071399],[120.697382,16.07167],[120.697102,16.071667],[120.697105,16.071396],[120.697108,16.071125],[120.697388,16.071128]]],[[[120.663272,16.071269],[120.663268,16.07154],[120.662988,16.071537],[120.662991,16.071266],[120.663272,16.071269]]],[[[120.673361,16.071379],[120.673641,16.071382],[120.673921,16.071385],[120.673918,16.071656],[120.673638,16.071653],[120.673358,16.07165],[120.673361,16.071379]]],[[[120.635806,16.070967],[120.635526,16.070964],[120.635523,16.071235],[120.635243,16.071232],[120.635246,16.070961],[120.635249,16.07069],[120.635529,16.070693],[120.635532,16.070422],[120.635813,16.070425],[120.636093,16.070428],[120.63609,16.070699],[120.635809,16.070696],[120.635806,16.070967]]],[[[120.640848,16.071294],[120.640567,16.071291],[120.640287,16.071288],[120.640007,16.071284],[120.64001,16.071014],[120.63973,16.07101],[120.639733,16.070739],[120.639736,16.070468],[120.639739,16.070197],[120.639459,16.070194],[120.639462,16.069923],[120.639182,16.06992],[120.639185,16.069649],[120.638905,16.069646],[120.638625,16.069643],[120.638345,16.06964],[120.638064,16.069637],[120.637784,16.069634],[120.637781,16.069905],[120.637501,16.069902],[120.637504,16.069631],[120.637224,16.069628],[120.63722,16.069899],[120.63694,16.069896],[120.63666,16.069892],[120.63638,16.069889],[120.636383,16.069618],[120.636663,16.069621],[120.636943,16.069625],[120.636946,16.069354],[120.637227,16.069357],[120.63723,16.069086],[120.63751,16.069089],[120.637513,16.068818],[120.637794,16.068821],[120.638074,16.068824],[120.638071,16.069095],[120.638351,16.069098],[120.638354,16.068827],[120.638074,16.068824],[120.638077,16.068553],[120.638357,16.068556],[120.638638,16.068559],[120.638634,16.06883],[120.638915,16.068833],[120.638911,16.069104],[120.639192,16.069107],[120.639195,16.068836],[120.639475,16.068839],[120.639472,16.06911],[120.639752,16.069114],[120.639755,16.068843],[120.640036,16.068846],[120.640032,16.069117],[120.640313,16.06912],[120.640309,16.069391],[120.640029,16.069388],[120.640026,16.069659],[120.640023,16.06993],[120.64002,16.070201],[120.6403,16.070204],[120.640297,16.070475],[120.640016,16.070472],[120.640013,16.070743],[120.640294,16.070746],[120.64029,16.071017],[120.640571,16.07102],[120.640851,16.071023],[120.640848,16.071294]]],[[[120.643093,16.071047],[120.64309,16.071318],[120.642809,16.071315],[120.642813,16.071044],[120.643093,16.071047]]],[[[120.677565,16.071424],[120.677845,16.071428],[120.678125,16.071431],[120.678122,16.071702],[120.677842,16.071699],[120.677562,16.071695],[120.677565,16.071424]]],[[[120.680317,16.068776],[120.680598,16.068779],[120.680594,16.06905],[120.680591,16.069321],[120.680588,16.069592],[120.680308,16.069589],[120.680305,16.06986],[120.680585,16.069863],[120.680582,16.070134],[120.680302,16.070131],[120.680298,16.070402],[120.680579,16.070405],[120.680576,16.070676],[120.680572,16.070947],[120.680292,16.070944],[120.680289,16.071215],[120.680569,16.071218],[120.680566,16.071489],[120.680286,16.071486],[120.680006,16.071483],[120.680002,16.071754],[120.679722,16.071751],[120.679725,16.07148],[120.679445,16.071477],[120.679448,16.071206],[120.679729,16.071209],[120.679732,16.070938],[120.679735,16.070667],[120.679455,16.070664],[120.679458,16.070393],[120.679461,16.070122],[120.679464,16.069851],[120.679467,16.06958],[120.679747,16.069583],[120.679751,16.069312],[120.680031,16.069315],[120.680034,16.069044],[120.680314,16.069047],[120.680317,16.068776]]],[[[120.709157,16.071526],[120.709437,16.071529],[120.709434,16.0718],[120.709431,16.072071],[120.70915,16.072068],[120.70887,16.072065],[120.708873,16.071794],[120.708876,16.071523],[120.709157,16.071526]]],[[[120.642536,16.07077],[120.642532,16.071041],[120.642529,16.071312],[120.642526,16.071583],[120.642246,16.07158],[120.642249,16.071309],[120.642252,16.071038],[120.642255,16.070767],[120.642536,16.07077]]],[[[120.653456,16.071703],[120.653176,16.0717],[120.653179,16.071429],[120.653459,16.071432],[120.653456,16.071703]]],[[[120.665507,16.071835],[120.66551,16.071564],[120.665791,16.071567],[120.665788,16.071838],[120.665507,16.071835]]],[[[120.674759,16.071665],[120.674756,16.071936],[120.674476,16.071933],[120.674479,16.071662],[120.674759,16.071665]]],[[[120.6756,16.071674],[120.675597,16.071945],[120.675316,16.071942],[120.67532,16.071671],[120.6756,16.071674]]],[[[120.640007,16.071284],[120.640004,16.071555],[120.639723,16.071552],[120.639727,16.071281],[120.640007,16.071284]]],[[[120.640848,16.071294],[120.641128,16.071297],[120.641125,16.071568],[120.640844,16.071565],[120.640848,16.071294]]],[[[120.686165,16.072091],[120.685885,16.072088],[120.685605,16.072085],[120.685608,16.071814],[120.685888,16.071817],[120.686168,16.07182],[120.686165,16.072091]]],[[[120.707469,16.07205],[120.707472,16.071779],[120.707752,16.071782],[120.707749,16.072053],[120.707746,16.072324],[120.707466,16.072321],[120.707469,16.07205]]],[[[120.708306,16.07233],[120.708026,16.072327],[120.708029,16.072056],[120.70831,16.072059],[120.708306,16.07233]]],[[[120.695171,16.068936],[120.695168,16.069207],[120.695165,16.069478],[120.694885,16.069475],[120.694604,16.069472],[120.694324,16.069469],[120.694321,16.06974],[120.694601,16.069743],[120.694598,16.070014],[120.694595,16.070285],[120.694875,16.070288],[120.694872,16.070559],[120.694592,16.070556],[120.694589,16.070827],[120.694869,16.07083],[120.694866,16.071101],[120.694863,16.071372],[120.69486,16.071643],[120.694857,16.071914],[120.694853,16.072185],[120.694573,16.072182],[120.694576,16.071911],[120.694296,16.071908],[120.694299,16.071637],[120.694579,16.07164],[120.694583,16.071369],[120.694302,16.071366],[120.694305,16.071095],[120.694309,16.070824],[120.694312,16.070553],[120.694031,16.07055],[120.693751,16.070547],[120.693754,16.070276],[120.693757,16.070005],[120.694038,16.070008],[120.694041,16.069737],[120.694044,16.069466],[120.694047,16.069195],[120.694327,16.069198],[120.69433,16.068927],[120.694611,16.06893],[120.694614,16.068659],[120.694894,16.068662],[120.694891,16.068933],[120.695171,16.068936]]],[[[120.664944,16.0721],[120.664663,16.072097],[120.664666,16.071826],[120.664947,16.071829],[120.664944,16.0721]]],[[[120.665507,16.071835],[120.665504,16.072106],[120.665224,16.072103],[120.665227,16.071832],[120.665507,16.071835]]],[[[120.673635,16.071924],[120.673632,16.072195],[120.673351,16.072192],[120.673355,16.071921],[120.673635,16.071924]]],[[[120.637758,16.071802],[120.637478,16.071799],[120.637481,16.071528],[120.637485,16.071257],[120.637765,16.07126],[120.637762,16.071531],[120.637758,16.071802]]],[[[120.649278,16.069489],[120.649558,16.069493],[120.649555,16.069764],[120.649552,16.070034],[120.649548,16.070305],[120.649545,16.070576],[120.649825,16.07058],[120.649822,16.070851],[120.649819,16.071121],[120.649816,16.071392],[120.649813,16.071663],[120.650093,16.071667],[120.65009,16.071938],[120.649809,16.071934],[120.649529,16.071931],[120.649532,16.07166],[120.649536,16.071389],[120.649539,16.071118],[120.649542,16.070847],[120.649262,16.070844],[120.649265,16.070573],[120.649268,16.070302],[120.649271,16.070031],[120.649274,16.06976],[120.649278,16.069489]]],[[[120.652332,16.071962],[120.652052,16.071959],[120.652055,16.071688],[120.652058,16.071417],[120.652061,16.071146],[120.652341,16.071149],[120.652338,16.07142],[120.652335,16.071691],[120.652332,16.071962]]],[[[120.662982,16.072079],[120.662985,16.071808],[120.663265,16.071811],[120.663262,16.072082],[120.662982,16.072079]]],[[[120.66887,16.071872],[120.668867,16.072143],[120.668587,16.07214],[120.66859,16.071869],[120.66887,16.071872]]],[[[120.697379,16.071941],[120.697376,16.072212],[120.697373,16.072483],[120.697093,16.07248],[120.697096,16.072209],[120.697099,16.071938],[120.697379,16.071941]]],[[[120.68534,16.070727],[120.685337,16.070998],[120.685334,16.071269],[120.685054,16.071266],[120.68505,16.071537],[120.685047,16.071808],[120.685044,16.072079],[120.684764,16.072076],[120.684761,16.072347],[120.68448,16.072344],[120.6842,16.072341],[120.684203,16.07207],[120.684206,16.071799],[120.68421,16.071528],[120.68449,16.071531],[120.684493,16.07126],[120.684496,16.070989],[120.684776,16.070992],[120.685057,16.070995],[120.68506,16.070724],[120.68534,16.070727]]],[[[120.702418,16.072538],[120.702421,16.072267],[120.70214,16.072264],[120.702144,16.071993],[120.702147,16.071722],[120.70215,16.071451],[120.702153,16.07118],[120.702156,16.070909],[120.702159,16.070638],[120.702439,16.070641],[120.702436,16.070912],[120.702717,16.070915],[120.702997,16.070918],[120.702994,16.071189],[120.703274,16.071192],[120.703271,16.071463],[120.702991,16.07146],[120.70271,16.071457],[120.702707,16.071728],[120.702988,16.071731],[120.702984,16.072002],[120.702981,16.072273],[120.703262,16.072276],[120.703258,16.072547],[120.702978,16.072544],[120.702698,16.072541],[120.702418,16.072538]]],[[[120.638039,16.071805],[120.638035,16.072076],[120.637755,16.072073],[120.637758,16.071802],[120.638039,16.071805]]],[[[120.651211,16.07195],[120.651208,16.072221],[120.650927,16.072218],[120.650931,16.071947],[120.651211,16.07195]]],[[[120.662982,16.072079],[120.662979,16.07235],[120.662698,16.072347],[120.662701,16.072076],[120.662982,16.072079]]],[[[120.671673,16.071902],[120.671953,16.071906],[120.67195,16.072177],[120.671947,16.072448],[120.671667,16.072444],[120.67167,16.072173],[120.671673,16.071902]]],[[[120.634672,16.072039],[120.634392,16.072036],[120.634395,16.071765],[120.634399,16.071494],[120.634679,16.071497],[120.634682,16.071226],[120.634962,16.071229],[120.634959,16.0715],[120.635239,16.071503],[120.635236,16.071774],[120.634956,16.071771],[120.634676,16.071768],[120.634672,16.072039]]],[[[120.652609,16.072236],[120.652329,16.072233],[120.652332,16.071962],[120.652612,16.071965],[120.652609,16.072236]]],[[[120.653453,16.071974],[120.65345,16.072245],[120.653169,16.072242],[120.652889,16.072239],[120.652892,16.071968],[120.652612,16.071965],[120.652615,16.071694],[120.652618,16.071423],[120.652622,16.071152],[120.652902,16.071155],[120.652905,16.070884],[120.653185,16.070887],[120.653182,16.071158],[120.653179,16.071429],[120.652899,16.071426],[120.652896,16.071697],[120.653176,16.0717],[120.653173,16.071971],[120.653453,16.071974]]],[[[120.678116,16.072244],[120.678113,16.072515],[120.677833,16.072511],[120.677836,16.07224],[120.678116,16.072244]]],[[[120.707182,16.072589],[120.707463,16.072592],[120.707459,16.072863],[120.707179,16.07286],[120.707182,16.072589]]],[[[120.700471,16.071162],[120.700191,16.071158],[120.700188,16.071429],[120.700468,16.071432],[120.700471,16.071162],[120.700752,16.071165],[120.701032,16.071168],[120.701312,16.071171],[120.701309,16.071442],[120.701306,16.071713],[120.701026,16.07171],[120.701029,16.071439],[120.700748,16.071436],[120.700745,16.071707],[120.700465,16.071703],[120.700462,16.071974],[120.700182,16.071971],[120.699901,16.071968],[120.699898,16.072239],[120.699618,16.072236],[120.699338,16.072233],[120.699341,16.071962],[120.699344,16.071691],[120.699064,16.071688],[120.699061,16.071959],[120.69878,16.071956],[120.698777,16.072227],[120.698497,16.072224],[120.698217,16.072221],[120.698214,16.072492],[120.69821,16.072763],[120.69793,16.07276],[120.697933,16.072489],[120.697936,16.072218],[120.69794,16.071947],[120.697943,16.071676],[120.698223,16.071679],[120.698503,16.071682],[120.698506,16.071411],[120.698787,16.071414],[120.69879,16.071143],[120.69907,16.071146],[120.69935,16.071149],[120.699631,16.071152],[120.699634,16.070881],[120.699353,16.070878],[120.699357,16.070607],[120.69936,16.070336],[120.699363,16.070065],[120.699082,16.070062],[120.699086,16.069791],[120.699089,16.06952],[120.699369,16.069524],[120.699372,16.069253],[120.699652,16.069256],[120.699649,16.069527],[120.699646,16.069798],[120.699926,16.069801],[120.699929,16.06953],[120.70021,16.069533],[120.700213,16.069262],[120.700216,16.068991],[120.699936,16.068988],[120.699655,16.068985],[120.699375,16.068982],[120.699378,16.068711],[120.699659,16.068714],[120.699662,16.068443],[120.699942,16.068446],[120.700222,16.068449],[120.700219,16.06872],[120.700499,16.068723],[120.700502,16.068452],[120.700506,16.068181],[120.700786,16.068184],[120.700783,16.068455],[120.701063,16.068458],[120.70106,16.068729],[120.701057,16.069],[120.700777,16.068997],[120.700773,16.069268],[120.70077,16.069539],[120.70049,16.069536],[120.700487,16.069807],[120.700207,16.069804],[120.700204,16.070075],[120.699923,16.070072],[120.699643,16.070069],[120.69964,16.070339],[120.69992,16.070343],[120.7002,16.070346],[120.700197,16.070617],[120.700478,16.07062],[120.700474,16.070891],[120.700471,16.071162]]],[[[120.699335,16.072504],[120.699615,16.072507],[120.699612,16.072778],[120.699332,16.072775],[120.699051,16.072772],[120.699054,16.072501],[120.699335,16.072504]]],[[[120.700459,16.072245],[120.700739,16.072248],[120.700736,16.072519],[120.700733,16.07279],[120.700453,16.072787],[120.700172,16.072784],[120.700175,16.072513],[120.700179,16.072242],[120.700459,16.072245]]],[[[120.702418,16.072538],[120.702415,16.072809],[120.702134,16.072806],[120.702137,16.072535],[120.702418,16.072538]]],[[[120.640558,16.072104],[120.640555,16.072375],[120.640274,16.072371],[120.639994,16.072368],[120.639997,16.072097],[120.640278,16.072101],[120.640558,16.072104]]],[[[120.634949,16.072313],[120.634669,16.07231],[120.634672,16.072039],[120.634953,16.072042],[120.634949,16.072313]]],[[[120.652889,16.072239],[120.652886,16.07251],[120.652606,16.072507],[120.652609,16.072236],[120.652889,16.072239]]],[[[120.669421,16.072691],[120.669141,16.072688],[120.669144,16.072417],[120.669148,16.072146],[120.669151,16.071875],[120.66887,16.071872],[120.668874,16.071601],[120.668877,16.07133],[120.66888,16.071059],[120.66916,16.071062],[120.669157,16.071333],[120.669437,16.071336],[120.66944,16.071065],[120.669444,16.070794],[120.669447,16.070523],[120.66945,16.070252],[120.66973,16.070255],[120.67001,16.070258],[120.670291,16.070261],[120.670288,16.070532],[120.670007,16.070529],[120.669727,16.070526],[120.669724,16.070797],[120.669721,16.071068],[120.669718,16.071339],[120.669714,16.07161],[120.669434,16.071607],[120.669431,16.071878],[120.669428,16.072149],[120.669425,16.07242],[120.669421,16.072691]]],[[[120.649523,16.072473],[120.649243,16.07247],[120.649246,16.072199],[120.649526,16.072202],[120.649523,16.072473]]],[[[120.656545,16.071195],[120.656542,16.071466],[120.656822,16.071469],[120.656819,16.07174],[120.656816,16.072011],[120.656813,16.072282],[120.65681,16.072553],[120.656529,16.07255],[120.656533,16.072279],[120.656252,16.072276],[120.656255,16.072005],[120.656536,16.072008],[120.656539,16.071737],[120.656259,16.071734],[120.656262,16.071463],[120.656265,16.071192],[120.656545,16.071195]]],[[[120.661294,16.072602],[120.661014,16.072599],[120.661017,16.072328],[120.661297,16.072331],[120.661294,16.072602]]],[[[120.665221,16.072374],[120.665501,16.072377],[120.665498,16.072648],[120.665218,16.072645],[120.664937,16.072642],[120.66494,16.072371],[120.665221,16.072374]]],[[[120.676989,16.072773],[120.676992,16.072502],[120.677272,16.072505],[120.677269,16.072776],[120.676989,16.072773]]],[[[120.683079,16.072329],[120.683076,16.0726],[120.683073,16.072871],[120.682793,16.072868],[120.682796,16.072597],[120.682799,16.072326],[120.683079,16.072329]]],[[[120.698488,16.073037],[120.698491,16.072766],[120.698494,16.072495],[120.698774,16.072498],[120.698771,16.072769],[120.698768,16.07304],[120.698488,16.073037]]],[[[120.690095,16.071592],[120.690375,16.071595],[120.690372,16.071866],[120.690369,16.072137],[120.690649,16.07214],[120.69093,16.072143],[120.690927,16.072414],[120.691207,16.072417],[120.691487,16.07242],[120.691767,16.072423],[120.691764,16.072694],[120.691484,16.072691],[120.691204,16.072688],[120.690923,16.072685],[120.690643,16.072682],[120.69064,16.072953],[120.69036,16.07295],[120.690363,16.072679],[120.690366,16.072408],[120.690086,16.072405],[120.689806,16.072402],[120.689525,16.072399],[120.689245,16.072396],[120.689248,16.072125],[120.688968,16.072122],[120.688688,16.072119],[120.688407,16.072116],[120.688404,16.072387],[120.688124,16.072384],[120.688127,16.072113],[120.68813,16.071842],[120.68841,16.071845],[120.688414,16.071574],[120.688133,16.071571],[120.688136,16.0713],[120.68814,16.071029],[120.688143,16.070758],[120.688423,16.070761],[120.688426,16.07049],[120.688706,16.070493],[120.688703,16.070764],[120.6887,16.071035],[120.68898,16.071038],[120.688977,16.071309],[120.688697,16.071306],[120.688694,16.071577],[120.688691,16.071848],[120.688971,16.071851],[120.689251,16.071854],[120.689532,16.071857],[120.689528,16.072128],[120.689809,16.072131],[120.689812,16.07186],[120.690092,16.071863],[120.690095,16.071592]]],[[[120.69429,16.07245],[120.694287,16.072721],[120.694284,16.072992],[120.694003,16.072989],[120.694006,16.072718],[120.69401,16.072447],[120.694013,16.072176],[120.694293,16.072179],[120.69429,16.07245]]],[[[120.70522,16.072568],[120.705501,16.072571],[120.705504,16.0723],[120.705223,16.072297],[120.70522,16.072568],[120.70494,16.072565],[120.704943,16.072294],[120.704946,16.072023],[120.704949,16.071752],[120.70523,16.071755],[120.70551,16.071758],[120.70579,16.071761],[120.705793,16.07149],[120.706074,16.071493],[120.706354,16.071496],[120.706351,16.071767],[120.70607,16.071764],[120.706067,16.072035],[120.706064,16.072306],[120.706061,16.072577],[120.706058,16.072848],[120.706055,16.073119],[120.705775,16.073116],[120.705494,16.073113],[120.705498,16.072842],[120.705217,16.072839],[120.70522,16.072568]]],[[[120.706899,16.072857],[120.706896,16.073128],[120.706616,16.073125],[120.706619,16.072854],[120.706899,16.072857]]],[[[120.676989,16.072773],[120.676985,16.073044],[120.676705,16.073041],[120.676708,16.07277],[120.676989,16.072773]]],[[[120.636908,16.072605],[120.636628,16.072602],[120.636631,16.072331],[120.636911,16.072334],[120.636908,16.072605]]],[[[120.645634,16.069449],[120.645915,16.069452],[120.646195,16.069456],[120.646192,16.069727],[120.645911,16.069723],[120.645908,16.069994],[120.646188,16.069998],[120.646185,16.070268],[120.645905,16.070265],[120.645902,16.070536],[120.645899,16.070807],[120.645895,16.071078],[120.645892,16.071349],[120.645612,16.071346],[120.645609,16.071617],[120.645889,16.07162],[120.645886,16.071891],[120.646166,16.071894],[120.646446,16.071897],[120.646443,16.072168],[120.646723,16.072172],[120.64672,16.072443],[120.646717,16.072713],[120.646437,16.07271],[120.64644,16.072439],[120.64616,16.072436],[120.646163,16.072165],[120.645883,16.072162],[120.645602,16.072159],[120.645322,16.072156],[120.645325,16.071885],[120.645045,16.071882],[120.644765,16.071879],[120.644485,16.071876],[120.644204,16.071873],[120.643924,16.07187],[120.643927,16.071599],[120.643647,16.071596],[120.64365,16.071325],[120.64393,16.071328],[120.643934,16.071057],[120.644214,16.07106],[120.644211,16.071331],[120.644208,16.071602],[120.644488,16.071605],[120.644768,16.071608],[120.645048,16.071611],[120.645051,16.07134],[120.645055,16.071069],[120.644774,16.071066],[120.644778,16.070795],[120.644781,16.070524],[120.644784,16.070253],[120.644504,16.07025],[120.644507,16.069979],[120.644787,16.069982],[120.64479,16.069711],[120.645071,16.069714],[120.645351,16.069717],[120.645631,16.06972],[120.645634,16.069449]],[[120.645338,16.070801],[120.645341,16.07053],[120.645061,16.070527],[120.645058,16.070798],[120.645338,16.070801]]],[[[120.650924,16.072489],[120.650921,16.07276],[120.650641,16.072757],[120.650644,16.072486],[120.650924,16.072489]]],[[[120.653163,16.072784],[120.653166,16.072513],[120.653447,16.072516],[120.653443,16.072787],[120.653163,16.072784]]],[[[120.653456,16.071703],[120.653736,16.071707],[120.653739,16.071436],[120.65402,16.071439],[120.654017,16.07171],[120.654297,16.071713],[120.654294,16.071984],[120.654574,16.071987],[120.654571,16.072258],[120.65429,16.072255],[120.654287,16.072526],[120.654284,16.072797],[120.654004,16.072794],[120.654007,16.072523],[120.65401,16.072252],[120.654013,16.071981],[120.653733,16.071978],[120.653453,16.071974],[120.653456,16.071703]]],[[[120.633184,16.072293],[120.633155,16.071751],[120.633274,16.071752],[120.633271,16.072023],[120.633551,16.072026],[120.633548,16.072297],[120.633545,16.072568],[120.633265,16.072565],[120.633268,16.072294],[120.633184,16.072293]]],[[[120.662972,16.072892],[120.662692,16.072889],[120.662695,16.072618],[120.662975,16.072621],[120.662972,16.072892]]],[[[120.684474,16.072886],[120.684471,16.073157],[120.684191,16.073154],[120.684194,16.072883],[120.684474,16.072886]]],[[[120.688675,16.073203],[120.688678,16.072932],[120.688958,16.072935],[120.689239,16.072938],[120.689519,16.072941],[120.689516,16.073212],[120.689236,16.073209],[120.688955,16.073206],[120.688675,16.073203]]],[[[120.696242,16.073284],[120.695962,16.073281],[120.695965,16.07301],[120.695685,16.073007],[120.695405,16.073004],[120.695408,16.072733],[120.695688,16.072736],[120.695691,16.072465],[120.695694,16.072194],[120.695697,16.071923],[120.695701,16.071652],[120.695704,16.071381],[120.695707,16.07111],[120.695987,16.071113],[120.69599,16.070842],[120.69627,16.070845],[120.696267,16.071116],[120.696264,16.071387],[120.696544,16.07139],[120.696541,16.071661],[120.696538,16.071932],[120.696258,16.071929],[120.696255,16.0722],[120.696535,16.072203],[120.696532,16.072474],[120.696529,16.072745],[120.696249,16.072742],[120.696245,16.073013],[120.696242,16.073284]]],[[[120.653163,16.072784],[120.65316,16.073055],[120.65288,16.073052],[120.652883,16.072781],[120.653163,16.072784]]],[[[120.636908,16.072605],[120.637188,16.072608],[120.637185,16.072879],[120.636905,16.072876],[120.636908,16.072605]]],[[[120.638329,16.070995],[120.638609,16.070998],[120.638606,16.071269],[120.638602,16.07154],[120.638883,16.071543],[120.638886,16.071272],[120.638889,16.071001],[120.638892,16.07073],[120.639172,16.070733],[120.639176,16.070462],[120.639456,16.070465],[120.639453,16.070736],[120.63945,16.071007],[120.639169,16.071004],[120.639166,16.071275],[120.639163,16.071546],[120.63916,16.071817],[120.639156,16.072088],[120.639437,16.072091],[120.639434,16.072362],[120.639714,16.072365],[120.639711,16.072636],[120.63943,16.072633],[120.639427,16.072904],[120.639147,16.072901],[120.638867,16.072898],[120.63887,16.072627],[120.638873,16.072356],[120.638593,16.072353],[120.638313,16.07235],[120.638032,16.072347],[120.638035,16.072076],[120.638316,16.072079],[120.638319,16.071808],[120.638039,16.071805],[120.638042,16.071534],[120.638045,16.071263],[120.638325,16.071266],[120.638329,16.070995]]],[[[120.648118,16.072729],[120.648115,16.073],[120.647835,16.072997],[120.647838,16.072726],[120.648118,16.072729]]],[[[120.654284,16.072797],[120.654564,16.0728],[120.654561,16.073071],[120.654281,16.073068],[120.654284,16.072797]]],[[[120.634949,16.072313],[120.63523,16.072316],[120.635226,16.072587],[120.635223,16.072858],[120.634943,16.072855],[120.634946,16.072584],[120.634949,16.072313]]],[[[120.653443,16.072787],[120.653724,16.07279],[120.65372,16.073061],[120.65344,16.073058],[120.653443,16.072787]]],[[[120.683911,16.073151],[120.683907,16.073422],[120.683627,16.073419],[120.68363,16.073148],[120.683911,16.073151]]],[[[120.696242,16.073284],[120.696523,16.073287],[120.696519,16.073558],[120.696239,16.073555],[120.696242,16.073284]]],[[[120.70409,16.073369],[120.70437,16.073372],[120.704367,16.073643],[120.704087,16.07364],[120.70409,16.073369]]],[[[120.685589,16.07344],[120.685309,16.073437],[120.685312,16.073166],[120.685592,16.073169],[120.685589,16.07344]]],[[[120.697644,16.073299],[120.697641,16.07357],[120.69736,16.073567],[120.697363,16.073296],[120.697644,16.073299]]],[[[120.698488,16.073037],[120.698485,16.073308],[120.698481,16.073579],[120.698201,16.073576],[120.698204,16.073305],[120.697924,16.073302],[120.697644,16.073299],[120.697647,16.073028],[120.69765,16.072757],[120.69793,16.07276],[120.697927,16.073031],[120.698207,16.073034],[120.698488,16.073037]]],[[[120.705217,16.072839],[120.705214,16.07311],[120.705211,16.073381],[120.704931,16.073378],[120.704928,16.073649],[120.704647,16.073646],[120.70465,16.073375],[120.704654,16.073104],[120.704934,16.073107],[120.704937,16.072836],[120.705217,16.072839]]],[[[120.639427,16.072904],[120.639707,16.072907],[120.639704,16.073178],[120.639424,16.073175],[120.639427,16.072904]]],[[[120.637185,16.072879],[120.637465,16.072883],[120.637462,16.073153],[120.637182,16.07315],[120.637185,16.072879]]],[[[120.643348,16.073218],[120.643067,16.073215],[120.643071,16.072944],[120.643351,16.072947],[120.643348,16.073218]]],[[[120.645593,16.072972],[120.64559,16.073243],[120.645309,16.07324],[120.645313,16.072969],[120.645593,16.072972]]],[[[120.646153,16.072978],[120.64615,16.073249],[120.64587,16.073246],[120.645873,16.072975],[120.646153,16.072978]]],[[[120.65344,16.073058],[120.653437,16.073329],[120.653157,16.073326],[120.65316,16.073055],[120.65344,16.073058]]],[[[120.668291,16.073492],[120.668011,16.073489],[120.668014,16.073218],[120.668017,16.072947],[120.668297,16.07295],[120.668578,16.072953],[120.668574,16.073224],[120.668294,16.073221],[120.668291,16.073492]]],[[[120.671374,16.073525],[120.671377,16.073254],[120.671097,16.073251],[120.6711,16.07298],[120.67138,16.072983],[120.67166,16.072986],[120.671657,16.073257],[120.671654,16.073528],[120.671374,16.073525]]],[[[120.633819,16.073113],[120.633539,16.07311],[120.633542,16.072839],[120.633822,16.072842],[120.633819,16.073113]]],[[[120.63494,16.073126],[120.63466,16.073123],[120.634663,16.072852],[120.634943,16.072855],[120.63494,16.073126]]],[[[120.685872,16.073172],[120.685876,16.072901],[120.686156,16.072904],[120.686436,16.072907],[120.686433,16.073178],[120.68643,16.073449],[120.686427,16.07372],[120.686146,16.073717],[120.68615,16.073446],[120.686153,16.073175],[120.685872,16.073172]]],[[[120.689513,16.073483],[120.68951,16.073754],[120.689229,16.073751],[120.689232,16.07348],[120.689513,16.073483]]],[[[120.679722,16.071751],[120.679719,16.072022],[120.679716,16.072293],[120.679713,16.072564],[120.679993,16.072567],[120.67999,16.072838],[120.67971,16.072834],[120.679707,16.073105],[120.679703,16.073376],[120.6797,16.073647],[120.67942,16.073644],[120.679423,16.073373],[120.679143,16.07337],[120.679146,16.073099],[120.678866,16.073096],[120.678869,16.072825],[120.679149,16.072828],[120.679152,16.072557],[120.679155,16.072286],[120.679159,16.072015],[120.679162,16.071744],[120.679442,16.071748],[120.679722,16.071751]]],[[[120.685589,16.07344],[120.685869,16.073443],[120.685866,16.073714],[120.685586,16.073711],[120.685589,16.07344]]],[[[120.687267,16.073729],[120.686987,16.073726],[120.68699,16.073455],[120.687271,16.073458],[120.687267,16.073729]]],[[[120.701842,16.073886],[120.701561,16.073883],[120.701564,16.073612],[120.701567,16.073341],[120.701848,16.073344],[120.701851,16.073074],[120.701854,16.072803],[120.702134,16.072806],[120.702131,16.073077],[120.702128,16.073348],[120.702125,16.073618],[120.701845,16.073615],[120.701842,16.073886]]],[[[120.706326,16.073935],[120.706329,16.073664],[120.706609,16.073667],[120.706606,16.073938],[120.706326,16.073935]]],[[[120.661007,16.073141],[120.661004,16.073412],[120.661001,16.073683],[120.660721,16.07368],[120.660724,16.073409],[120.660727,16.073138],[120.661007,16.073141]]],[[[120.635497,16.073403],[120.635217,16.0734],[120.634937,16.073397],[120.63494,16.073126],[120.63522,16.073129],[120.6355,16.073132],[120.635497,16.073403]]],[[[120.647551,16.073265],[120.647548,16.073536],[120.647268,16.073533],[120.647271,16.073262],[120.647551,16.073265]]],[[[120.664934,16.072913],[120.664931,16.073184],[120.665211,16.073187],[120.665208,16.073458],[120.665205,16.073729],[120.664925,16.073726],[120.664644,16.073723],[120.664647,16.073452],[120.664651,16.073181],[120.664654,16.07291],[120.664934,16.072913]]],[[[120.670533,16.073516],[120.670813,16.073519],[120.67081,16.07379],[120.67053,16.073787],[120.670533,16.073516]]],[[[120.671371,16.073796],[120.67109,16.073793],[120.671094,16.073522],[120.671374,16.073525],[120.671371,16.073796]]],[[[120.671654,16.073528],[120.671934,16.073531],[120.671931,16.073802],[120.671651,16.073799],[120.671654,16.073528]]],[[[120.662405,16.073428],[120.662402,16.073699],[120.662122,16.073695],[120.662125,16.073424],[120.662405,16.073428]]],[[[120.709129,16.073965],[120.709409,16.073968],[120.709406,16.074239],[120.709126,16.074236],[120.709129,16.073965]]],[[[120.687267,16.073729],[120.687548,16.073732],[120.687545,16.074003],[120.687264,16.074],[120.687267,16.073729]]],[[[120.701842,16.073886],[120.702122,16.073889],[120.702119,16.07416],[120.701838,16.074157],[120.701842,16.073886]]],[[[120.706326,16.073935],[120.706323,16.074206],[120.706043,16.074203],[120.706046,16.073932],[120.706326,16.073935]]],[[[120.635497,16.073403],[120.635777,16.073406],[120.635774,16.073677],[120.635494,16.073674],[120.635497,16.073403]]],[[[120.65288,16.073052],[120.652876,16.073323],[120.652873,16.073594],[120.65287,16.073865],[120.65259,16.073862],[120.652593,16.073591],[120.652313,16.073588],[120.652316,16.073317],[120.652319,16.073046],[120.652322,16.072775],[120.652603,16.072778],[120.652599,16.073049],[120.65288,16.073052]]],[[[120.658475,16.073927],[120.658479,16.073656],[120.658482,16.073385],[120.658485,16.073114],[120.658205,16.073111],[120.658208,16.07284],[120.658211,16.072569],[120.658491,16.072572],[120.658488,16.072843],[120.658768,16.072846],[120.658765,16.073117],[120.658762,16.073388],[120.658759,16.073659],[120.658756,16.07393],[120.658475,16.073927]]],[[[120.685583,16.073982],[120.68558,16.074253],[120.685299,16.07425],[120.685302,16.073979],[120.685583,16.073982]]],[[[120.693147,16.074335],[120.692867,16.074332],[120.692586,16.074329],[120.692589,16.074058],[120.69287,16.074061],[120.692873,16.07379],[120.692593,16.073787],[120.692596,16.073516],[120.692876,16.073519],[120.692879,16.073248],[120.692599,16.073245],[120.692602,16.072974],[120.692605,16.072703],[120.692608,16.072432],[120.692888,16.072435],[120.692885,16.072706],[120.693166,16.072709],[120.693163,16.07298],[120.693159,16.073251],[120.693156,16.073522],[120.693153,16.073793],[120.69315,16.074064],[120.693147,16.074335]]],[[[120.633819,16.073113],[120.634099,16.073116],[120.634096,16.073387],[120.634376,16.07339],[120.634373,16.073661],[120.63437,16.073932],[120.634089,16.073929],[120.634093,16.073658],[120.633812,16.073655],[120.633606,16.073653],[120.633534,16.073467],[120.633535,16.073381],[120.633816,16.073384],[120.633819,16.073113]]],[[[120.670533,16.073516],[120.670253,16.073513],[120.669973,16.07351],[120.669692,16.073507],[120.669689,16.073778],[120.669686,16.074049],[120.669966,16.074052],[120.669963,16.074323],[120.669683,16.07432],[120.669403,16.074317],[120.669406,16.074046],[120.669409,16.073775],[120.669412,16.073504],[120.669415,16.073233],[120.669695,16.073236],[120.669976,16.073239],[120.669979,16.072968],[120.669699,16.072965],[120.669418,16.072962],[120.669421,16.072691],[120.669702,16.072694],[120.669705,16.072423],[120.669708,16.072152],[120.669711,16.071881],[120.669991,16.071884],[120.669995,16.071613],[120.670275,16.071616],[120.670272,16.071887],[120.670552,16.07189],[120.670832,16.071893],[120.670829,16.072164],[120.670549,16.072161],[120.670546,16.072432],[120.670543,16.072703],[120.670262,16.0727],[120.670259,16.072971],[120.670256,16.073242],[120.670536,16.073245],[120.670533,16.073516]]],[[[120.672766,16.074354],[120.672769,16.074083],[120.672772,16.073812],[120.672775,16.073541],[120.672778,16.07327],[120.672781,16.072999],[120.672501,16.072996],[120.672504,16.072725],[120.672785,16.072728],[120.673065,16.072731],[120.673345,16.072734],[120.673342,16.073005],[120.673622,16.073008],[120.673903,16.073011],[120.673899,16.073282],[120.673896,16.073553],[120.673616,16.07355],[120.673619,16.073279],[120.673339,16.073276],[120.673336,16.073547],[120.673333,16.073818],[120.673052,16.073815],[120.673049,16.074086],[120.673046,16.074357],[120.672766,16.074354]]],[[[120.653437,16.073329],[120.653717,16.073332],[120.653997,16.073335],[120.654278,16.073339],[120.654558,16.073342],[120.654555,16.073613],[120.654552,16.073884],[120.654548,16.074155],[120.654268,16.074152],[120.654271,16.073881],[120.654275,16.07361],[120.653994,16.073606],[120.653714,16.073603],[120.653434,16.0736],[120.653437,16.073329]]],[[[120.668001,16.074302],[120.667721,16.074299],[120.667724,16.074028],[120.668004,16.074031],[120.668001,16.074302]]],[[[120.671651,16.073799],[120.671648,16.07407],[120.671928,16.074073],[120.671925,16.074344],[120.671645,16.074341],[120.671364,16.074338],[120.671368,16.074067],[120.671371,16.073796],[120.671651,16.073799]]],[[[120.688379,16.074554],[120.688099,16.074551],[120.688102,16.07428],[120.688382,16.074283],[120.688379,16.074554]]],[[[120.692035,16.07351],[120.692032,16.073781],[120.692029,16.074052],[120.692026,16.074323],[120.692023,16.074594],[120.691742,16.074591],[120.691746,16.07432],[120.691749,16.074049],[120.691752,16.073778],[120.691755,16.073507],[120.692035,16.07351]]],[[[120.681939,16.073943],[120.682219,16.073946],[120.682216,16.074217],[120.682213,16.074488],[120.681933,16.074485],[120.681936,16.074214],[120.681939,16.073943]]],[[[120.695398,16.073546],[120.695395,16.073817],[120.695115,16.073814],[120.695112,16.074085],[120.694832,16.074082],[120.694829,16.074353],[120.694825,16.074624],[120.694545,16.074621],[120.694548,16.07435],[120.694551,16.074079],[120.694554,16.073808],[120.694558,16.073537],[120.694838,16.07354],[120.695118,16.073543],[120.695398,16.073546]]],[[[120.636328,16.074225],[120.636048,16.074222],[120.636051,16.073951],[120.636054,16.07368],[120.636335,16.073683],[120.636332,16.073954],[120.636328,16.074225]]],[[[120.649784,16.074102],[120.649781,16.074373],[120.649501,16.07437],[120.649504,16.074099],[120.649784,16.074102]]],[[[120.658475,16.073927],[120.658472,16.074198],[120.658469,16.074469],[120.658189,16.074465],[120.658192,16.074194],[120.658195,16.073924],[120.658475,16.073927]]],[[[120.662112,16.074508],[120.661832,16.074505],[120.661835,16.074234],[120.662116,16.074237],[120.662112,16.074508]]],[[[120.672763,16.074625],[120.672482,16.074621],[120.672485,16.074351],[120.672766,16.074354],[120.672763,16.074625]]],[[[120.63493,16.073939],[120.63521,16.073942],[120.635207,16.074213],[120.634927,16.07421],[120.634647,16.074206],[120.63465,16.073935],[120.63493,16.073939]]],[[[120.643338,16.074031],[120.643058,16.074028],[120.643055,16.074299],[120.642774,16.074296],[120.642777,16.074025],[120.642781,16.073754],[120.643061,16.073757],[120.643064,16.073486],[120.643344,16.073489],[120.643341,16.07376],[120.643338,16.074031]]],[[[120.651462,16.074392],[120.651182,16.074389],[120.651185,16.074118],[120.651189,16.073847],[120.651192,16.073576],[120.651472,16.073579],[120.651475,16.073308],[120.651478,16.073037],[120.651482,16.072766],[120.651485,16.072495],[120.651765,16.072498],[120.651768,16.072227],[120.652048,16.07223],[120.652045,16.072501],[120.652042,16.072772],[120.652039,16.073043],[120.652036,16.073314],[120.651755,16.073311],[120.651752,16.073582],[120.651749,16.073853],[120.651469,16.07385],[120.651466,16.074121],[120.651462,16.074392]]],[[[120.668842,16.074311],[120.668839,16.074582],[120.668559,16.074579],[120.668562,16.074308],[120.668842,16.074311]]],[[[120.676979,16.073586],[120.676976,16.073857],[120.677256,16.07386],[120.677253,16.074131],[120.676973,16.074128],[120.67697,16.074399],[120.676967,16.07467],[120.676686,16.074667],[120.676689,16.074396],[120.676693,16.074125],[120.676412,16.074122],[120.676132,16.074119],[120.676135,16.073848],[120.676416,16.073851],[120.676696,16.073854],[120.676699,16.073583],[120.676979,16.073586]]],[[[120.687819,16.074548],[120.687815,16.074819],[120.687535,16.074816],[120.687538,16.074545],[120.687819,16.074548]]],[[[120.684455,16.074512],[120.684736,16.074515],[120.684732,16.074786],[120.684452,16.074783],[120.684455,16.074512]]],[[[120.690618,16.07485],[120.690621,16.074579],[120.690902,16.074582],[120.690905,16.074311],[120.690908,16.07404],[120.690911,16.073769],[120.690631,16.073766],[120.690634,16.073495],[120.690637,16.073224],[120.690917,16.073227],[120.69092,16.072956],[120.691201,16.072959],[120.691481,16.072962],[120.691478,16.073233],[120.691475,16.073504],[120.691194,16.073501],[120.691191,16.073772],[120.691188,16.074043],[120.691468,16.074046],[120.691465,16.074317],[120.691185,16.074314],[120.691182,16.074585],[120.691179,16.074856],[120.690898,16.074853],[120.690618,16.07485]]],[[[120.685293,16.074792],[120.685296,16.074521],[120.685576,16.074524],[120.685573,16.074795],[120.685293,16.074792]]],[[[120.6895,16.074567],[120.689497,16.074838],[120.689217,16.074835],[120.68922,16.074564],[120.6895,16.074567]]],[[[120.662112,16.074508],[120.662393,16.074511],[120.66239,16.074782],[120.662109,16.074779],[120.662112,16.074508]]],[[[120.636328,16.074225],[120.636609,16.074228],[120.636605,16.074499],[120.636325,16.074496],[120.636328,16.074225]]],[[[120.648141,16.070832],[120.648138,16.071103],[120.648418,16.071106],[120.648415,16.071377],[120.648695,16.07138],[120.648692,16.071651],[120.648411,16.071648],[120.648408,16.071919],[120.648405,16.07219],[120.648402,16.072461],[120.648682,16.072464],[120.648679,16.072735],[120.648676,16.073006],[120.648673,16.073277],[120.648669,16.073548],[120.648389,16.073545],[120.648386,16.073816],[120.648383,16.074087],[120.648102,16.074084],[120.648099,16.074355],[120.648096,16.074626],[120.647816,16.074623],[120.647536,16.07462],[120.647539,16.074349],[120.647542,16.074078],[120.647822,16.074081],[120.647825,16.07381],[120.647829,16.073539],[120.648109,16.073542],[120.648112,16.073271],[120.648115,16.073],[120.648395,16.073003],[120.648399,16.072732],[120.648118,16.072729],[120.648122,16.072458],[120.648125,16.072187],[120.647844,16.072184],[120.647848,16.071913],[120.647851,16.071642],[120.647854,16.071371],[120.647574,16.071368],[120.647577,16.071097],[120.647857,16.0711],[120.64786,16.070829],[120.648141,16.070832]]],[[[120.655103,16.074703],[120.654822,16.0747],[120.654826,16.074429],[120.654829,16.074158],[120.655109,16.074161],[120.655106,16.074432],[120.655103,16.074703]]],[[[120.672763,16.074625],[120.673043,16.074628],[120.67304,16.074899],[120.672759,16.074896],[120.672763,16.074625]]],[[[120.679688,16.074731],[120.679407,16.074728],[120.679404,16.074999],[120.679124,16.074996],[120.678844,16.074993],[120.678847,16.074722],[120.67885,16.074451],[120.678853,16.07418],[120.678856,16.073909],[120.678859,16.073638],[120.67914,16.073641],[120.679137,16.073912],[120.679417,16.073915],[120.679414,16.074186],[120.679694,16.074189],[120.679691,16.07446],[120.679688,16.074731]]],[[[120.687258,16.074542],[120.687255,16.074813],[120.687252,16.075084],[120.686972,16.075081],[120.686975,16.07481],[120.686694,16.074807],[120.686698,16.074536],[120.686978,16.074539],[120.687258,16.074542]]],[[[120.693698,16.075154],[120.693701,16.074883],[120.693704,16.074612],[120.693707,16.074341],[120.693711,16.07407],[120.693991,16.074073],[120.693988,16.074344],[120.694268,16.074347],[120.694265,16.074618],[120.694262,16.074889],[120.694259,16.07516],[120.693978,16.075157],[120.693698,16.075154]]],[[[120.681939,16.073943],[120.681659,16.07394],[120.681379,16.073937],[120.681098,16.073934],[120.681095,16.074205],[120.680815,16.074202],[120.680812,16.074473],[120.680809,16.074744],[120.680528,16.074741],[120.680525,16.075012],[120.680245,16.075008],[120.679965,16.075005],[120.679968,16.074734],[120.680248,16.074737],[120.680251,16.074466],[120.680254,16.074196],[120.680258,16.073925],[120.680538,16.073928],[120.680541,16.073657],[120.680544,16.073386],[120.680547,16.073115],[120.68055,16.072844],[120.680554,16.072573],[120.680834,16.072576],[120.680837,16.072305],[120.68084,16.072034],[120.680843,16.071763],[120.681124,16.071766],[120.681127,16.071495],[120.68113,16.071224],[120.68141,16.071227],[120.68169,16.07123],[120.681687,16.071501],[120.681967,16.071504],[120.681964,16.071775],[120.682245,16.071778],[120.682525,16.071781],[120.682528,16.07151],[120.682531,16.071239],[120.682534,16.070968],[120.682254,16.070965],[120.682257,16.070694],[120.681977,16.070691],[120.681697,16.070688],[120.6817,16.070417],[120.68198,16.07042],[120.68226,16.070423],[120.682263,16.070152],[120.681983,16.070149],[120.681986,16.069878],[120.681989,16.069607],[120.681993,16.069336],[120.682273,16.069339],[120.682276,16.069068],[120.682556,16.069071],[120.682559,16.0688],[120.682563,16.068529],[120.682843,16.068532],[120.683123,16.068535],[120.68312,16.068806],[120.683117,16.069077],[120.683114,16.069348],[120.683111,16.069619],[120.68283,16.069616],[120.682827,16.069887],[120.683107,16.06989],[120.683104,16.070161],[120.683101,16.070432],[120.683098,16.070703],[120.682818,16.0707],[120.682815,16.070971],[120.683095,16.070974],[120.683375,16.070977],[120.683372,16.071248],[120.683092,16.071245],[120.683089,16.071516],[120.682808,16.071513],[120.682805,16.071784],[120.682802,16.072055],[120.682522,16.072052],[120.682241,16.072049],[120.682238,16.07232],[120.682235,16.072591],[120.681955,16.072588],[120.681952,16.072859],[120.681949,16.07313],[120.681668,16.073127],[120.681665,16.073398],[120.681945,16.073401],[120.681942,16.073672],[120.681939,16.073943]],[[120.682544,16.070155],[120.682541,16.070426],[120.682821,16.070429],[120.682824,16.070158],[120.682544,16.070155]]],[[[120.682487,16.075033],[120.682207,16.07503],[120.68221,16.074759],[120.68249,16.074762],[120.682487,16.075033]]],[[[120.685293,16.074792],[120.68529,16.075063],[120.68501,16.07506],[120.684729,16.075057],[120.684732,16.074786],[120.685013,16.074789],[120.685293,16.074792]]],[[[120.69286,16.074874],[120.692857,16.075145],[120.692577,16.075142],[120.69258,16.074871],[120.69286,16.074874]]],[[[120.697064,16.074919],[120.697061,16.07519],[120.696781,16.075187],[120.696784,16.074916],[120.697064,16.074919]]],[[[120.643609,16.074847],[120.643328,16.074844],[120.643332,16.074573],[120.643335,16.074302],[120.643615,16.074305],[120.643612,16.074576],[120.643609,16.074847]]],[[[120.642771,16.074567],[120.642768,16.074838],[120.642488,16.074835],[120.642491,16.074564],[120.642771,16.074567]]],[[[120.649217,16.074638],[120.649214,16.074909],[120.648934,16.074906],[120.648937,16.074635],[120.649217,16.074638]]],[[[120.669393,16.07513],[120.669113,16.075127],[120.669116,16.074856],[120.669396,16.074859],[120.669393,16.07513]]],[[[120.701561,16.073883],[120.701558,16.074154],[120.701555,16.074425],[120.701552,16.074696],[120.701272,16.074693],[120.701269,16.074964],[120.701549,16.074967],[120.701546,16.075238],[120.701265,16.075235],[120.701262,16.075506],[120.700982,16.075503],[120.700985,16.075232],[120.700988,16.074961],[120.700991,16.07469],[120.700994,16.074419],[120.700998,16.074148],[120.701278,16.074151],[120.701281,16.07388],[120.701561,16.073883]]],[[[120.675839,16.0752],[120.675559,16.075197],[120.675556,16.075468],[120.675276,16.075465],[120.675279,16.075194],[120.674998,16.075191],[120.675002,16.07492],[120.675005,16.074649],[120.675285,16.074652],[120.675282,16.074923],[120.675562,16.074926],[120.675842,16.074929],[120.675839,16.0752]]],[[[120.672759,16.074896],[120.672756,16.075167],[120.672753,16.075438],[120.672473,16.075434],[120.672476,16.075163],[120.672479,16.074892],[120.672759,16.074896]]],[[[120.675839,16.0752],[120.676119,16.075203],[120.676116,16.075474],[120.675836,16.075471],[120.675839,16.0752]]],[[[120.636042,16.074764],[120.636038,16.075035],[120.635758,16.075032],[120.635761,16.074761],[120.636042,16.074764]]],[[[120.638867,16.072898],[120.638863,16.073169],[120.638583,16.073166],[120.63858,16.073437],[120.63886,16.07344],[120.638857,16.073711],[120.638577,16.073708],[120.638574,16.073979],[120.638854,16.073982],[120.638851,16.074253],[120.639131,16.074256],[120.639411,16.074259],[120.639408,16.07453],[120.639688,16.074533],[120.639968,16.074536],[120.639965,16.074807],[120.639962,16.075078],[120.639682,16.075075],[120.639685,16.074804],[120.639405,16.074801],[120.639125,16.074798],[120.638844,16.074795],[120.638847,16.074524],[120.638567,16.074521],[120.63857,16.07425],[120.63829,16.074247],[120.638293,16.073976],[120.638297,16.073705],[120.638016,16.073702],[120.638019,16.073431],[120.6383,16.073434],[120.638303,16.073163],[120.638306,16.072892],[120.638586,16.072895],[120.638867,16.072898]]],[[[120.655103,16.074703],[120.655383,16.074706],[120.65538,16.074977],[120.655377,16.075248],[120.655096,16.075245],[120.655099,16.074974],[120.655103,16.074703]]],[[[120.658459,16.075281],[120.658463,16.075011],[120.658743,16.075014],[120.65874,16.075285],[120.658459,16.075281]]],[[[120.662106,16.07505],[120.662103,16.075321],[120.661823,16.075318],[120.661826,16.075047],[120.662106,16.07505]]],[[[120.667431,16.075109],[120.667428,16.075379],[120.667148,16.075376],[120.667151,16.075105],[120.667431,16.075109]]],[[[120.67696,16.075212],[120.676957,16.075483],[120.676677,16.07548],[120.67668,16.075209],[120.67696,16.075212]]],[[[120.684163,16.075593],[120.684166,16.075322],[120.684446,16.075325],[120.684443,16.075596],[120.684163,16.075593]]],[[[120.683882,16.07559],[120.683602,16.075587],[120.683605,16.075316],[120.683325,16.075313],[120.683328,16.075042],[120.683331,16.074771],[120.683611,16.074774],[120.683615,16.074503],[120.683618,16.074232],[120.683898,16.074235],[120.684178,16.074238],[120.684458,16.074241],[120.684455,16.074512],[120.684175,16.074509],[120.684172,16.07478],[120.683892,16.074777],[120.683889,16.075048],[120.683885,16.075319],[120.683882,16.07559]]],[[[120.697058,16.075461],[120.697055,16.075732],[120.696775,16.075729],[120.696495,16.075726],[120.696498,16.075455],[120.696501,16.075184],[120.696781,16.075187],[120.696778,16.075458],[120.697058,16.075461]]],[[[120.703224,16.075527],[120.703221,16.075798],[120.702941,16.075795],[120.702944,16.075524],[120.703224,16.075527]]],[[[120.636876,16.075315],[120.636596,16.075312],[120.636315,16.075309],[120.636319,16.075038],[120.636599,16.075041],[120.636879,16.075044],[120.636876,16.075315]]],[[[120.639398,16.075343],[120.639118,16.07534],[120.639121,16.075069],[120.639402,16.075072],[120.639398,16.075343]]],[[[120.664638,16.074265],[120.664918,16.074268],[120.664915,16.074539],[120.664912,16.07481],[120.664909,16.075081],[120.664906,16.075352],[120.664902,16.075623],[120.664622,16.07562],[120.664625,16.075349],[120.664629,16.075078],[120.664632,16.074807],[120.664635,16.074536],[120.664355,16.074533],[120.664358,16.074262],[120.664638,16.074265]]],[[[120.667989,16.075386],[120.667985,16.075657],[120.667705,16.075654],[120.667708,16.075383],[120.667989,16.075386]]],[[[120.66939,16.075401],[120.669387,16.075672],[120.669106,16.075669],[120.66911,16.075398],[120.66939,16.075401]]],[[[120.639962,16.075078],[120.640242,16.075081],[120.640239,16.075352],[120.639959,16.075349],[120.639962,16.075078]]],[[[120.648927,16.075448],[120.64893,16.075177],[120.649211,16.07518],[120.649208,16.075451],[120.648927,16.075448]]],[[[120.652017,16.07494],[120.65202,16.074669],[120.651739,16.074666],[120.651736,16.074937],[120.652017,16.07494],[120.652013,16.075211],[120.651733,16.075208],[120.651453,16.075205],[120.65145,16.075476],[120.651169,16.075473],[120.651173,16.075202],[120.650892,16.075199],[120.650612,16.075195],[120.650615,16.074924],[120.650896,16.074928],[120.650899,16.074657],[120.651179,16.07466],[120.651459,16.074663],[120.651462,16.074392],[120.651743,16.074395],[120.651746,16.074124],[120.652026,16.074127],[120.652306,16.07413],[120.65231,16.073859],[120.65259,16.073862],[120.652587,16.074133],[120.652583,16.074404],[120.65258,16.074675],[120.652861,16.074678],[120.652857,16.074949],[120.652577,16.074946],[120.652297,16.074943],[120.652017,16.07494]]],[[[120.653412,16.075497],[120.653131,16.075494],[120.652851,16.075491],[120.652571,16.075488],[120.65229,16.075485],[120.652294,16.075214],[120.652574,16.075217],[120.652854,16.07522],[120.653134,16.075223],[120.653415,16.075226],[120.653412,16.075497]]],[[[120.655377,16.075248],[120.655657,16.075251],[120.655654,16.075522],[120.655373,16.075519],[120.655377,16.075248]]],[[[120.660979,16.07558],[120.660698,16.075577],[120.660702,16.075306],[120.660982,16.075309],[120.660979,16.07558]]],[[[120.661262,16.075312],[120.661542,16.075315],[120.661539,16.075586],[120.661259,16.075583],[120.661262,16.075312]]],[[[120.706024,16.075829],[120.706021,16.0761],[120.70574,16.076097],[120.705744,16.075826],[120.706024,16.075829]]],[[[120.681917,16.07584],[120.68192,16.075569],[120.681924,16.075298],[120.682204,16.075301],[120.682201,16.075572],[120.682197,16.075843],[120.681917,16.07584]]],[[[120.684163,16.075593],[120.684159,16.075864],[120.683879,16.075861],[120.683882,16.07559],[120.684163,16.075593]]],[[[120.685561,16.075879],[120.68528,16.075876],[120.685284,16.075605],[120.685564,16.075608],[120.685561,16.075879]]],[[[120.686405,16.075617],[120.686402,16.075888],[120.686121,16.075885],[120.686124,16.075614],[120.686405,16.075617]]],[[[120.692851,16.075687],[120.692848,16.075958],[120.692568,16.075955],[120.692571,16.075684],[120.692851,16.075687]]],[[[120.699861,16.075491],[120.699858,16.075762],[120.699855,16.076033],[120.699574,16.07603],[120.699578,16.075759],[120.699297,16.075756],[120.6993,16.075485],[120.699581,16.075488],[120.699861,16.075491]]],[[[120.650612,16.075195],[120.650609,16.075466],[120.650606,16.075737],[120.650325,16.075734],[120.650329,16.075463],[120.650332,16.075192],[120.650612,16.075195]]],[[[120.643924,16.07187],[120.643921,16.072141],[120.644201,16.072144],[120.644198,16.072415],[120.644478,16.072418],[120.644481,16.072147],[120.644762,16.07215],[120.645042,16.072153],[120.645039,16.072424],[120.644758,16.072421],[120.644755,16.072692],[120.645036,16.072695],[120.645032,16.072966],[120.645029,16.073237],[120.644749,16.073234],[120.644746,16.073505],[120.644465,16.073502],[120.644462,16.073773],[120.644743,16.073776],[120.644739,16.074047],[120.644736,16.074318],[120.645016,16.074321],[120.645013,16.074592],[120.645293,16.074595],[120.645297,16.074324],[120.645577,16.074327],[120.64558,16.074056],[120.64586,16.074059],[120.645857,16.07433],[120.645854,16.074601],[120.646134,16.074604],[120.646131,16.074875],[120.646411,16.074878],[120.646408,16.075149],[120.646688,16.075152],[120.646685,16.075423],[120.646682,16.075694],[120.646402,16.075691],[120.646121,16.075688],[120.646125,16.075417],[120.645844,16.075414],[120.645848,16.075143],[120.645567,16.07514],[120.645571,16.074869],[120.64529,16.074866],[120.64501,16.074863],[120.64473,16.07486],[120.644733,16.074589],[120.644453,16.074586],[120.644172,16.074583],[120.644176,16.074312],[120.644456,16.074315],[120.644459,16.074044],[120.644179,16.074041],[120.644176,16.074312],[120.643895,16.074309],[120.643899,16.074038],[120.643902,16.073767],[120.643905,16.073496],[120.643908,16.073225],[120.643911,16.072954],[120.643914,16.072683],[120.643918,16.072412],[120.643637,16.072409],[120.643641,16.072138],[120.643644,16.071867],[120.643924,16.07187]]],[[[120.648927,16.075448],[120.648924,16.075719],[120.648644,16.075716],[120.648647,16.075445],[120.648927,16.075448]]],[[[120.667145,16.075647],[120.667141,16.075918],[120.666861,16.075915],[120.666864,16.075644],[120.667145,16.075647]]],[[[120.67555,16.07601],[120.675553,16.075739],[120.675833,16.075742],[120.67583,16.076013],[120.67555,16.07601]]],[[[120.696488,16.076268],[120.696208,16.076265],[120.696211,16.075994],[120.696491,16.075997],[120.696488,16.076268]]],[[[120.693698,16.075154],[120.693695,16.075425],[120.693692,16.075696],[120.693689,16.075967],[120.693408,16.075964],[120.693405,16.076235],[120.693125,16.076232],[120.693128,16.075961],[120.693131,16.07569],[120.693134,16.075419],[120.693137,16.075148],[120.693418,16.075151],[120.693698,16.075154]]],[[[120.700696,16.076042],[120.700692,16.076313],[120.700412,16.07631],[120.700415,16.076039],[120.700696,16.076042]]],[[[120.706301,16.076103],[120.706298,16.076374],[120.706018,16.076371],[120.706021,16.0761],[120.706301,16.076103]]],[[[120.696513,16.0741],[120.69651,16.074371],[120.69623,16.074368],[120.696227,16.074639],[120.696224,16.07491],[120.695943,16.074907],[120.695946,16.074636],[120.695666,16.074633],[120.695663,16.074904],[120.695383,16.074901],[120.69538,16.075172],[120.695377,16.075443],[120.695657,16.075446],[120.695654,16.075717],[120.695373,16.075714],[120.69537,16.075985],[120.695367,16.076256],[120.695087,16.076253],[120.694807,16.07625],[120.69481,16.075979],[120.69509,16.075982],[120.695093,16.075711],[120.695096,16.07544],[120.694816,16.075437],[120.694819,16.075166],[120.695099,16.075169],[120.695103,16.074898],[120.695106,16.074627],[120.695109,16.074356],[120.695389,16.074359],[120.695669,16.074362],[120.69595,16.074365],[120.695953,16.074094],[120.696233,16.074097],[120.696513,16.0741]]],[[[120.696769,16.076271],[120.696772,16.076],[120.697052,16.076003],[120.697049,16.076274],[120.696769,16.076271]]],[[[120.697332,16.076006],[120.697613,16.076009],[120.697609,16.07628],[120.697329,16.076277],[120.697332,16.076006]]],[[[120.7049,16.076088],[120.704903,16.075817],[120.704622,16.075814],[120.704619,16.076085],[120.7049,16.076088],[120.704897,16.076359],[120.704616,16.076355],[120.704336,16.076352],[120.704339,16.076081],[120.704059,16.076078],[120.704062,16.075807],[120.704342,16.075811],[120.704345,16.07554],[120.704626,16.075543],[120.704629,16.075272],[120.704348,16.075269],[120.704068,16.075266],[120.704071,16.074995],[120.704074,16.074724],[120.704077,16.074453],[120.703797,16.07445],[120.703794,16.074721],[120.703791,16.074992],[120.703788,16.075263],[120.703785,16.075533],[120.703505,16.07553],[120.703224,16.075527],[120.703227,16.075256],[120.70323,16.074985],[120.703234,16.074715],[120.703514,16.074718],[120.703517,16.074447],[120.70352,16.074176],[120.7038,16.074179],[120.704081,16.074182],[120.704361,16.074185],[120.704641,16.074188],[120.704638,16.074459],[120.704635,16.07473],[120.704632,16.075001],[120.704912,16.075004],[120.704915,16.074733],[120.704918,16.074462],[120.704921,16.074191],[120.704641,16.074188],[120.704644,16.073917],[120.704925,16.07392],[120.704928,16.073649],[120.705208,16.073652],[120.705205,16.073923],[120.705485,16.073926],[120.705482,16.074197],[120.705202,16.074194],[120.705199,16.074465],[120.705195,16.074736],[120.705192,16.075007],[120.705189,16.075278],[120.705186,16.075549],[120.705183,16.07582],[120.70518,16.076091],[120.7049,16.076088]]],[[[120.643879,16.075663],[120.643883,16.075392],[120.643886,16.075121],[120.644166,16.075125],[120.644163,16.075396],[120.644443,16.075399],[120.64444,16.07567],[120.644437,16.075941],[120.644156,16.075937],[120.64416,16.075666],[120.643879,16.075663]]],[[[120.651163,16.076015],[120.650883,16.076011],[120.650886,16.07574],[120.651166,16.075744],[120.651163,16.076015]]],[[[120.655647,16.076064],[120.655367,16.076061],[120.65537,16.07579],[120.65565,16.075793],[120.655647,16.076064]]],[[[120.653412,16.075497],[120.653692,16.0755],[120.653689,16.075771],[120.653969,16.075774],[120.653966,16.076045],[120.653685,16.076042],[120.653405,16.076039],[120.653408,16.075768],[120.653412,16.075497]]],[[[120.658459,16.075281],[120.658456,16.075552],[120.658453,16.075823],[120.65845,16.076094],[120.65817,16.076091],[120.658173,16.07582],[120.658176,16.075549],[120.658179,16.075278],[120.658459,16.075281]]],[[[120.671909,16.075699],[120.671906,16.07597],[120.671903,16.076241],[120.671623,16.076238],[120.671626,16.075967],[120.671629,16.075696],[120.671909,16.075699]]],[[[120.698727,16.076563],[120.698447,16.07656],[120.69845,16.076289],[120.69817,16.076286],[120.69789,16.076283],[120.697893,16.076012],[120.697896,16.075741],[120.697616,16.075738],[120.697335,16.075735],[120.697338,16.075464],[120.697058,16.075461],[120.697061,16.07519],[120.697342,16.075193],[120.697622,16.075196],[120.697619,16.075467],[120.697899,16.07547],[120.697902,16.075199],[120.697905,16.074928],[120.697625,16.074925],[120.697345,16.074922],[120.697064,16.074919],[120.697068,16.074648],[120.697071,16.074377],[120.697074,16.074106],[120.697354,16.074109],[120.697351,16.07438],[120.697631,16.074383],[120.697911,16.074386],[120.697915,16.074115],[120.697634,16.074112],[120.697637,16.073841],[120.697918,16.073844],[120.698198,16.073847],[120.698195,16.074118],[120.698475,16.074121],[120.698478,16.07385],[120.698759,16.073853],[120.698762,16.073582],[120.699042,16.073585],[120.699039,16.073856],[120.699319,16.073859],[120.699599,16.073862],[120.69988,16.073865],[120.699883,16.073594],[120.700163,16.073597],[120.70016,16.073868],[120.700157,16.074139],[120.699877,16.074136],[120.699873,16.074407],[120.700154,16.07441],[120.700151,16.074681],[120.700147,16.074952],[120.699867,16.074949],[120.699864,16.07522],[120.699584,16.075217],[120.699304,16.075214],[120.699307,16.074943],[120.69931,16.074672],[120.699313,16.074401],[120.699033,16.074398],[120.698752,16.074395],[120.698749,16.074666],[120.698746,16.074937],[120.698743,16.075208],[120.698463,16.075205],[120.69846,16.075476],[120.698456,16.075747],[120.698453,16.076018],[120.698734,16.076021],[120.69873,16.076292],[120.698727,16.076563]],[[120.698189,16.07466],[120.698469,16.074663],[120.698472,16.074392],[120.698192,16.074389],[120.698189,16.07466]]],[[[120.696769,16.076271],[120.696765,16.076542],[120.696485,16.076539],[120.696488,16.076268],[120.696769,16.076271]]],[[[120.704336,16.076352],[120.704333,16.076623],[120.704053,16.07662],[120.704056,16.076349],[120.704336,16.076352]]],[[[120.636866,16.076128],[120.636586,16.076125],[120.636589,16.075854],[120.63687,16.075857],[120.636866,16.076128]]],[[[120.667419,16.076192],[120.667415,16.076463],[120.667135,16.07646],[120.667138,16.076189],[120.667419,16.076192]]],[[[120.676107,16.076287],[120.67611,16.076016],[120.676113,16.075745],[120.676393,16.075748],[120.676674,16.075751],[120.676954,16.075754],[120.677234,16.075757],[120.677515,16.07576],[120.677511,16.076031],[120.677231,16.076028],[120.676951,16.076025],[120.676948,16.076296],[120.676945,16.076567],[120.676664,16.076564],[120.676667,16.076293],[120.676671,16.076022],[120.67639,16.076019],[120.676387,16.07629],[120.676107,16.076287]]],[[[120.636309,16.075851],[120.636306,16.076122],[120.636026,16.076119],[120.636029,16.075848],[120.636309,16.075851]]],[[[120.646395,16.076233],[120.646115,16.07623],[120.646118,16.075959],[120.646399,16.075962],[120.646395,16.076233]]],[[[120.648918,16.076261],[120.648637,16.076258],[120.648357,16.076255],[120.64836,16.075984],[120.648641,16.075987],[120.648921,16.07599],[120.648918,16.076261]]],[[[120.655647,16.076064],[120.655928,16.076067],[120.655924,16.076338],[120.655644,16.076335],[120.655647,16.076064]]],[[[120.693405,16.076235],[120.693686,16.076238],[120.693682,16.076509],[120.693679,16.07678],[120.693399,16.076777],[120.693402,16.076506],[120.693405,16.076235]]],[[[120.701807,16.076867],[120.70181,16.076596],[120.702091,16.076599],[120.702371,16.076602],[120.702651,16.076605],[120.702648,16.076876],[120.702368,16.076873],[120.702088,16.07687],[120.701807,16.076867]]],[[[120.709129,16.073965],[120.708848,16.073962],[120.708845,16.074233],[120.708842,16.074504],[120.708839,16.074775],[120.708559,16.074772],[120.708556,16.075043],[120.708553,16.075314],[120.708272,16.075311],[120.708269,16.075582],[120.707989,16.075579],[120.707986,16.07585],[120.707983,16.076121],[120.70798,16.076392],[120.707699,16.076389],[120.707696,16.07666],[120.707693,16.076931],[120.707413,16.076928],[120.707416,16.076657],[120.707136,16.076654],[120.707139,16.076383],[120.707142,16.076112],[120.707145,16.075841],[120.707148,16.07557],[120.707151,16.075299],[120.706871,16.075296],[120.706868,16.075567],[120.706865,16.075838],[120.706862,16.076109],[120.706581,16.076106],[120.706301,16.076103],[120.706304,16.075832],[120.706024,16.075829],[120.706027,16.075558],[120.706307,16.075561],[120.706588,16.075564],[120.706591,16.075293],[120.706594,16.075022],[120.706874,16.075025],[120.706877,16.074754],[120.707157,16.074757],[120.707438,16.07476],[120.707441,16.074489],[120.707444,16.074218],[120.707447,16.073947],[120.707167,16.073944],[120.70717,16.073673],[120.70745,16.073676],[120.707453,16.073405],[120.707456,16.073134],[120.707737,16.073137],[120.70774,16.072866],[120.707743,16.072595],[120.708023,16.072598],[120.708303,16.072601],[120.708306,16.07233],[120.708587,16.072333],[120.708867,16.072336],[120.708864,16.072607],[120.708861,16.072878],[120.709141,16.072881],[120.709138,16.073152],[120.709135,16.073423],[120.709132,16.073694],[120.709129,16.073965]],[[120.708291,16.073685],[120.708011,16.073682],[120.708008,16.073953],[120.708288,16.073956],[120.708291,16.073685],[120.708571,16.073688],[120.708574,16.073417],[120.708294,16.073414],[120.708291,16.073685]],[[120.707715,16.075034],[120.707995,16.075037],[120.707998,16.074766],[120.707718,16.074763],[120.707715,16.075034],[120.707435,16.075031],[120.707431,16.075302],[120.707712,16.075305],[120.707715,16.075034]]],[[[120.695925,16.076533],[120.695921,16.076804],[120.695641,16.076801],[120.695644,16.07653],[120.695925,16.076533]]],[[[120.672753,16.075438],[120.673033,16.075441],[120.67303,16.075712],[120.673027,16.075983],[120.673024,16.076254],[120.673021,16.076524],[120.67274,16.076521],[120.67246,16.076518],[120.672457,16.076789],[120.672177,16.076786],[120.67218,16.076515],[120.672183,16.076244],[120.672186,16.075973],[120.672189,16.075702],[120.67247,16.075705],[120.672467,16.075976],[120.672747,16.075979],[120.67275,16.075708],[120.672753,16.075438]]],[[[120.633112,16.070937],[120.633084,16.070395],[120.63329,16.070397],[120.633294,16.070126],[120.633574,16.070129],[120.633571,16.0704],[120.633851,16.070403],[120.633848,16.070674],[120.634128,16.070678],[120.634125,16.070949],[120.634405,16.070952],[120.634402,16.071223],[120.634399,16.071494],[120.634118,16.07149],[120.634121,16.071219],[120.633841,16.071216],[120.633844,16.070945],[120.633564,16.070942],[120.633284,16.070939],[120.633112,16.070937]]],[[[120.637984,16.076411],[120.637704,16.076408],[120.637424,16.076405],[120.637143,16.076402],[120.637147,16.076131],[120.63715,16.07586],[120.63743,16.075863],[120.637427,16.076134],[120.637707,16.076137],[120.637987,16.07614],[120.637984,16.076411]]],[[[120.650599,16.076279],[120.650596,16.07655],[120.650316,16.076547],[120.650319,16.076276],[120.650599,16.076279]]],[[[120.681905,16.076924],[120.681624,16.076921],[120.681628,16.07665],[120.681908,16.076653],[120.681905,16.076924]]],[[[120.700683,16.077126],[120.700403,16.077123],[120.700123,16.07712],[120.700126,16.076849],[120.700406,16.076852],[120.700409,16.076581],[120.700689,16.076584],[120.700686,16.076855],[120.700683,16.077126]]],[[[120.706289,16.077187],[120.706292,16.076916],[120.706572,16.076919],[120.706569,16.07719],[120.706289,16.077187]]],[[[120.707413,16.076928],[120.70741,16.077199],[120.707129,16.077196],[120.707133,16.076925],[120.707413,16.076928]]],[[[120.655921,16.076609],[120.655918,16.07688],[120.655638,16.076877],[120.655641,16.076606],[120.655921,16.076609]]],[[[120.65817,16.076091],[120.658167,16.076362],[120.658163,16.076633],[120.65816,16.076904],[120.65788,16.076901],[120.657883,16.07663],[120.657886,16.076359],[120.657889,16.076088],[120.65817,16.076091]]],[[[120.667132,16.076731],[120.667129,16.077002],[120.666849,16.076999],[120.666852,16.076728],[120.667132,16.076731]]],[[[120.635739,16.076658],[120.635742,16.076387],[120.636022,16.07639],[120.636303,16.076393],[120.636583,16.076396],[120.63658,16.076667],[120.636299,16.076664],[120.636019,16.076661],[120.635739,16.076658]]],[[[120.641905,16.076726],[120.641908,16.076455],[120.642188,16.076458],[120.642468,16.076461],[120.642465,16.076732],[120.642185,16.076729],[120.641905,16.076726]]],[[[120.662644,16.076953],[120.662648,16.076682],[120.662928,16.076685],[120.663208,16.076689],[120.663205,16.07696],[120.662925,16.076956],[120.662644,16.076953]]],[[[120.663769,16.076695],[120.663766,16.076966],[120.663485,16.076963],[120.663488,16.076692],[120.663769,16.076695]]],[[[120.673858,16.076805],[120.673855,16.077076],[120.673575,16.077073],[120.673578,16.076802],[120.673858,16.076805]]],[[[120.67555,16.07601],[120.675546,16.076281],[120.675266,16.076278],[120.674986,16.076275],[120.674983,16.076546],[120.67498,16.076817],[120.674699,16.076814],[120.674696,16.077085],[120.674416,16.077082],[120.674419,16.076811],[120.674139,16.076808],[120.674142,16.076537],[120.674145,16.076266],[120.674425,16.076269],[120.674706,16.076272],[120.674709,16.076001],[120.674712,16.07573],[120.674992,16.075733],[120.675272,16.075736],[120.675269,16.076007],[120.67555,16.07601]]],[[[120.684144,16.077219],[120.683863,16.077216],[120.683583,16.077213],[120.683303,16.07721],[120.683023,16.077207],[120.683026,16.076936],[120.683029,16.076665],[120.683309,16.076668],[120.683312,16.076397],[120.683593,16.0764],[120.683873,16.076403],[120.68387,16.076674],[120.68415,16.076677],[120.684147,16.076948],[120.684144,16.077219]]],[[[120.690618,16.07485],[120.690615,16.075121],[120.690895,16.075124],[120.691176,16.075127],[120.691456,16.07513],[120.691736,16.075133],[120.692016,16.075136],[120.692013,16.075407],[120.691733,16.075404],[120.69173,16.075675],[120.69145,16.075672],[120.691446,16.075943],[120.691727,16.075946],[120.691724,16.076217],[120.69172,16.076488],[120.691717,16.076759],[120.691437,16.076756],[120.691434,16.077027],[120.691431,16.077298],[120.691151,16.077295],[120.691154,16.077024],[120.690873,16.077021],[120.690877,16.07675],[120.691157,16.076753],[120.69116,16.076482],[120.691163,16.076211],[120.691166,16.07594],[120.691169,16.075669],[120.691172,16.075398],[120.690892,16.075395],[120.690889,16.075666],[120.690609,16.075663],[120.690606,16.075934],[120.690325,16.075931],[120.690045,16.075928],[120.690048,16.075657],[120.690329,16.07566],[120.690332,16.075389],[120.690051,16.075386],[120.690055,16.075115],[120.690058,16.074844],[120.690061,16.074573],[120.690341,16.074576],[120.690338,16.074847],[120.690618,16.07485]]],[[[120.69424,16.076786],[120.694243,16.076515],[120.694523,16.076518],[120.694804,16.076521],[120.695084,16.076524],[120.695081,16.076795],[120.6948,16.076792],[120.694797,16.077063],[120.694794,16.077334],[120.694514,16.077331],[120.694517,16.07706],[120.69452,16.076789],[120.69424,16.076786]]],[[[120.696759,16.077084],[120.697039,16.077087],[120.697036,16.077358],[120.696756,16.077355],[120.696759,16.077084]]],[[[120.698727,16.076563],[120.699008,16.076566],[120.699005,16.076837],[120.699285,16.07684],[120.699282,16.077111],[120.699279,16.077382],[120.698998,16.077379],[120.698718,16.077376],[120.698438,16.077373],[120.698157,16.07737],[120.698161,16.077099],[120.698164,16.076828],[120.698167,16.076557],[120.698447,16.07656],[120.698444,16.076831],[120.698441,16.077102],[120.698721,16.077105],[120.698724,16.076834],[120.698727,16.076563]]],[[[120.706569,16.07719],[120.706849,16.077193],[120.706846,16.077464],[120.706566,16.077461],[120.706569,16.07719]]],[[[120.67161,16.077322],[120.671613,16.077051],[120.671616,16.07678],[120.671897,16.076783],[120.671893,16.077054],[120.67189,16.077325],[120.67161,16.077322]]],[[[120.641344,16.07672],[120.641064,16.076716],[120.641061,16.076987],[120.64078,16.076984],[120.640784,16.076713],[120.640787,16.076442],[120.64079,16.076171],[120.64051,16.076168],[120.64023,16.076165],[120.639949,16.076162],[120.639669,16.076159],[120.639389,16.076156],[120.639109,16.076153],[120.639112,16.075882],[120.639115,16.075611],[120.639395,16.075614],[120.639675,16.075617],[120.639956,16.07562],[120.639952,16.075891],[120.640233,16.075894],[120.640513,16.075897],[120.640516,16.075626],[120.640796,16.075629],[120.641077,16.075633],[120.641074,16.075903],[120.641354,16.075907],[120.641634,16.07591],[120.641631,16.076181],[120.641351,16.076178],[120.64107,16.076174],[120.641067,16.076445],[120.641347,16.076449],[120.641344,16.07672]]],[[[120.644714,16.076215],[120.644994,16.076218],[120.644991,16.076489],[120.644711,16.076486],[120.644707,16.076757],[120.644704,16.077028],[120.644424,16.077024],[120.644427,16.076754],[120.64443,16.076483],[120.64415,16.076479],[120.644153,16.076208],[120.644434,16.076212],[120.644714,16.076215]]],[[[120.665164,16.077252],[120.665167,16.076981],[120.665447,16.076984],[120.665444,16.077255],[120.665164,16.077252]]],[[[120.639659,16.076972],[120.639379,16.076969],[120.639382,16.076698],[120.639663,16.076701],[120.639659,16.076972]]],[[[120.641905,16.076726],[120.641902,16.076997],[120.641621,16.076994],[120.641341,16.076991],[120.641344,16.07672],[120.641624,16.076723],[120.641905,16.076726]]],[[[120.643879,16.075663],[120.643876,16.075934],[120.643873,16.076205],[120.64387,16.076476],[120.643867,16.076747],[120.643863,16.077018],[120.643583,16.077015],[120.643303,16.077012],[120.643306,16.076741],[120.643309,16.07647],[120.643312,16.076199],[120.643593,16.076202],[120.643596,16.075931],[120.643599,16.07566],[120.643879,16.075663]]],[[[120.662644,16.076953],[120.662641,16.077224],[120.662361,16.077221],[120.662364,16.07695],[120.662644,16.076953]]],[[[120.672731,16.077334],[120.672451,16.077331],[120.672454,16.07706],[120.672457,16.076789],[120.672737,16.076792],[120.672734,16.077063],[120.672731,16.077334]]],[[[120.701807,16.076867],[120.701804,16.077138],[120.701801,16.077409],[120.701798,16.07768],[120.701518,16.077677],[120.701521,16.077406],[120.701524,16.077135],[120.701527,16.076864],[120.701807,16.076867]]],[[[120.69395,16.077596],[120.69367,16.077593],[120.693673,16.077322],[120.693953,16.077325],[120.69395,16.077596]]],[[[120.697877,16.077367],[120.697874,16.077638],[120.697594,16.077635],[120.697597,16.077364],[120.697877,16.077367]]],[[[120.706846,16.077464],[120.707126,16.077467],[120.707123,16.077738],[120.706843,16.077735],[120.706846,16.077464]]],[[[120.635739,16.076658],[120.635736,16.076929],[120.635455,16.076926],[120.635452,16.077196],[120.635172,16.077193],[120.635175,16.076922],[120.634895,16.076919],[120.634865,16.076919],[120.634622,16.076289],[120.634624,16.076103],[120.634905,16.076106],[120.635185,16.076109],[120.635465,16.076113],[120.635462,16.076384],[120.635182,16.07638],[120.635178,16.076651],[120.635459,16.076655],[120.635739,16.076658]]],[[[120.636854,16.077212],[120.636857,16.076941],[120.637137,16.076944],[120.637134,16.077215],[120.636854,16.077212]]],[[[120.645265,16.077034],[120.645262,16.077305],[120.644981,16.077302],[120.644984,16.077031],[120.645265,16.077034]]],[[[120.651427,16.077373],[120.651431,16.077102],[120.651434,16.076831],[120.651437,16.07656],[120.65144,16.076289],[120.65172,16.076292],[120.651717,16.076563],[120.651714,16.076834],[120.651711,16.077105],[120.651708,16.077376],[120.651427,16.077373]]],[[[120.636573,16.077209],[120.636293,16.077206],[120.636296,16.076935],[120.636577,16.076938],[120.636573,16.077209]]],[[[120.640217,16.077249],[120.639936,16.077246],[120.63994,16.076975],[120.64022,16.076978],[120.640217,16.077249]]],[[[120.665164,16.077252],[120.665161,16.077523],[120.66488,16.07752],[120.664883,16.077249],[120.665164,16.077252]]],[[[120.689475,16.076735],[120.689472,16.077005],[120.689469,16.077276],[120.689466,16.077547],[120.689463,16.077818],[120.689182,16.077815],[120.689186,16.077544],[120.689189,16.077273],[120.689192,16.077002],[120.688911,16.076999],[120.688915,16.076728],[120.688634,16.076725],[120.688637,16.076454],[120.688641,16.076183],[120.688644,16.075912],[120.688924,16.075915],[120.688921,16.076186],[120.689201,16.07619],[120.689198,16.07646],[120.689478,16.076464],[120.689475,16.076735]]],[[[120.694791,16.077605],[120.694788,16.077876],[120.694508,16.077873],[120.694511,16.077602],[120.694791,16.077605]]],[[[120.698431,16.077915],[120.698151,16.077912],[120.698154,16.077641],[120.698435,16.077644],[120.698431,16.077915]]],[[[120.702075,16.077954],[120.702078,16.077683],[120.702358,16.077686],[120.702355,16.077957],[120.702075,16.077954]]],[[[120.679936,16.077444],[120.679933,16.077715],[120.679653,16.077712],[120.679656,16.077441],[120.679936,16.077444]]],[[[120.691431,16.077298],[120.691711,16.077301],[120.691708,16.077572],[120.691988,16.077575],[120.691985,16.077846],[120.691705,16.077843],[120.691425,16.07784],[120.691428,16.077569],[120.691431,16.077298]]],[[[120.695915,16.077346],[120.696196,16.077349],[120.696192,16.07762],[120.696189,16.077891],[120.695909,16.077888],[120.695912,16.077617],[120.695915,16.077346]]],[[[120.700397,16.077665],[120.700393,16.077936],[120.700113,16.077933],[120.700116,16.077662],[120.700397,16.077665]]],[[[120.645825,16.07704],[120.645822,16.077311],[120.645819,16.077582],[120.645539,16.077579],[120.645542,16.077308],[120.645545,16.077037],[120.645825,16.07704]]],[[[120.649208,16.075451],[120.649488,16.075454],[120.649485,16.075725],[120.649765,16.075728],[120.649762,16.075999],[120.649481,16.075996],[120.649478,16.076267],[120.649475,16.076538],[120.649195,16.076535],[120.649192,16.076806],[120.649188,16.077077],[120.649469,16.07708],[120.649466,16.077351],[120.649462,16.077622],[120.649182,16.077619],[120.649185,16.077348],[120.648905,16.077345],[120.648908,16.077074],[120.648911,16.076803],[120.648631,16.0768],[120.648634,16.076529],[120.648915,16.076532],[120.648918,16.076261],[120.649198,16.076264],[120.649201,16.075993],[120.649204,16.075722],[120.649208,16.075451]]],[[[120.636854,16.077212],[120.63685,16.077483],[120.63657,16.07748],[120.636573,16.077209],[120.636854,16.077212]]],[[[120.6646,16.077517],[120.664597,16.077788],[120.664317,16.077785],[120.66432,16.077514],[120.664039,16.077511],[120.663759,16.077508],[120.663762,16.077237],[120.664043,16.07724],[120.664323,16.077243],[120.664603,16.077246],[120.6646,16.077517]]],[[[120.667119,16.077815],[120.666839,16.077812],[120.666559,16.077809],[120.666562,16.077538],[120.666842,16.077541],[120.667122,16.077544],[120.667119,16.077815]]],[[[120.672731,16.077334],[120.673011,16.077337],[120.673008,16.077608],[120.673005,16.077879],[120.672725,16.077876],[120.672728,16.077605],[120.672731,16.077334]]],[[[120.681917,16.07584],[120.681914,16.076111],[120.681634,16.076108],[120.681631,16.076379],[120.68135,16.076376],[120.681354,16.076105],[120.681073,16.076102],[120.681076,16.075831],[120.680796,16.075828],[120.680516,16.075824],[120.680513,16.076095],[120.680793,16.076098],[120.68079,16.076369],[120.680787,16.07664],[120.680784,16.076911],[120.68078,16.077182],[120.681061,16.077185],[120.681058,16.077456],[120.681054,16.077727],[120.681335,16.07773],[120.681332,16.078001],[120.681051,16.077998],[120.680771,16.077995],[120.680774,16.077724],[120.680777,16.077453],[120.680497,16.07745],[120.680217,16.077447],[120.679936,16.077444],[120.67994,16.077173],[120.679659,16.07717],[120.679662,16.076899],[120.679666,16.076628],[120.679669,16.076357],[120.679672,16.076086],[120.679675,16.075815],[120.679678,16.075544],[120.679681,16.075273],[120.679684,16.075002],[120.679965,16.075005],[120.679962,16.075276],[120.680242,16.075279],[120.680239,16.07555],[120.680519,16.075553],[120.680799,16.075557],[120.68108,16.07556],[120.68136,16.075563],[120.681357,16.075834],[120.681637,16.075837],[120.681917,16.07584]]],[[[120.684981,16.077499],[120.685262,16.077502],[120.685259,16.077773],[120.685255,16.078044],[120.684975,16.078041],[120.684978,16.07777],[120.684981,16.077499]]],[[[120.686676,16.076433],[120.686672,16.076704],[120.686669,16.076975],[120.686666,16.077246],[120.686663,16.077517],[120.686943,16.07752],[120.687224,16.077523],[120.68722,16.077794],[120.687217,16.078065],[120.686937,16.078062],[120.68694,16.077791],[120.68666,16.077788],[120.68638,16.077785],[120.686383,16.077514],[120.686102,16.077511],[120.685822,16.077508],[120.685825,16.077237],[120.685828,16.076966],[120.686109,16.076969],[120.686112,16.076698],[120.686115,16.076427],[120.686395,16.07643],[120.686676,16.076433]]],[[[120.69675,16.077897],[120.69703,16.0779],[120.697027,16.078171],[120.696747,16.078168],[120.69675,16.077897]]],[[[120.703763,16.07743],[120.70376,16.077701],[120.703757,16.077972],[120.703476,16.077969],[120.703473,16.07824],[120.703193,16.078237],[120.703196,16.077966],[120.703199,16.077695],[120.70348,16.077698],[120.703483,16.077427],[120.703763,16.07743]]],[[[120.680491,16.077992],[120.68021,16.077989],[120.680214,16.077718],[120.680494,16.077721],[120.680491,16.077992]]],[[[120.697868,16.07818],[120.697588,16.078177],[120.697591,16.077906],[120.697871,16.077909],[120.697868,16.07818]]],[[[120.643857,16.07756],[120.643854,16.077831],[120.643574,16.077828],[120.643577,16.077557],[120.643857,16.07756]]],[[[120.653386,16.077665],[120.653383,16.077936],[120.653103,16.077933],[120.653106,16.077662],[120.653386,16.077665]]],[[[120.637691,16.077492],[120.637688,16.077763],[120.637408,16.07776],[120.637411,16.077489],[120.637691,16.077492]]],[[[120.655915,16.077151],[120.655912,16.077422],[120.655909,16.077693],[120.655905,16.077964],[120.655625,16.077961],[120.655628,16.07769],[120.655631,16.077419],[120.655635,16.077148],[120.655915,16.077151]]],[[[120.674123,16.078163],[120.673843,16.07816],[120.673846,16.077889],[120.673849,16.077618],[120.674129,16.077621],[120.67441,16.077624],[120.674413,16.077353],[120.674693,16.077356],[120.67469,16.077627],[120.674687,16.077898],[120.674967,16.077901],[120.674964,16.078172],[120.674683,16.078169],[120.674403,16.078166],[120.674123,16.078163]]],[[[120.692539,16.078394],[120.692259,16.078391],[120.692262,16.07812],[120.692543,16.078123],[120.692539,16.078394]]],[[[120.693947,16.077867],[120.693944,16.078138],[120.693941,16.078409],[120.693661,16.078406],[120.693664,16.078135],[120.693667,16.077864],[120.693947,16.077867]]],[[[120.687217,16.078065],[120.687498,16.078068],[120.687494,16.078339],[120.687214,16.078336],[120.687217,16.078065]]],[[[120.698992,16.077921],[120.698989,16.078192],[120.698986,16.078463],[120.698706,16.07846],[120.698425,16.078457],[120.698428,16.078186],[120.698709,16.078189],[120.698712,16.077918],[120.698715,16.077647],[120.698995,16.07765],[120.698992,16.077921]]],[[[120.700387,16.078478],[120.700107,16.078475],[120.70011,16.078204],[120.70039,16.078207],[120.700387,16.078478]]],[[[120.706843,16.077735],[120.70684,16.078005],[120.70656,16.078002],[120.706556,16.078273],[120.706276,16.07827],[120.706273,16.078541],[120.705993,16.078538],[120.705996,16.078267],[120.705999,16.077996],[120.706002,16.077725],[120.706005,16.077454],[120.705725,16.077451],[120.705445,16.077448],[120.705442,16.077719],[120.705722,16.077722],[120.705719,16.077993],[120.705438,16.07799],[120.705158,16.077987],[120.705155,16.078258],[120.704875,16.078255],[120.704594,16.078252],[120.704591,16.078523],[120.704311,16.07852],[120.704314,16.078249],[120.704317,16.077978],[120.704037,16.077975],[120.70404,16.077704],[120.704043,16.077433],[120.704324,16.077436],[120.704327,16.077165],[120.704607,16.077168],[120.704604,16.077439],[120.704601,16.07771],[120.704881,16.077713],[120.704884,16.077442],[120.704887,16.077171],[120.704607,16.077168],[120.70461,16.076897],[120.704613,16.076626],[120.704893,16.076629],[120.704897,16.076359],[120.705177,16.076362],[120.70518,16.076091],[120.70546,16.076094],[120.70574,16.076097],[120.705737,16.076368],[120.706018,16.076371],[120.706015,16.076642],[120.705734,16.076639],[120.705731,16.07691],[120.705451,16.076906],[120.705448,16.077177],[120.705728,16.07718],[120.706008,16.077184],[120.706289,16.077187],[120.706285,16.077458],[120.706282,16.077728],[120.706563,16.077732],[120.706843,16.077735]]],[[[120.635285,16.078008],[120.63518,16.077736],[120.635446,16.077738],[120.635443,16.078009],[120.635285,16.078008]]],[[[120.646093,16.078127],[120.645812,16.078124],[120.645816,16.077853],[120.646096,16.077856],[120.646093,16.078127]]],[[[120.651982,16.077921],[120.651978,16.078192],[120.651698,16.078189],[120.651701,16.077918],[120.651982,16.077921]]],[[[120.666836,16.078083],[120.666833,16.078354],[120.666552,16.078351],[120.666556,16.07808],[120.666836,16.078083]]],[[[120.667396,16.078089],[120.667677,16.078092],[120.667674,16.078363],[120.667393,16.07836],[120.667396,16.078089]]],[[[120.67993,16.077986],[120.679927,16.078257],[120.680207,16.07826],[120.680488,16.078263],[120.680768,16.078266],[120.680765,16.078537],[120.680484,16.078534],[120.680204,16.078531],[120.679924,16.078528],[120.679644,16.078525],[120.679647,16.078254],[120.67965,16.077983],[120.67993,16.077986]]],[[[120.684972,16.078312],[120.684969,16.078583],[120.684689,16.07858],[120.684692,16.078309],[120.684972,16.078312]]],[[[120.691138,16.078379],[120.691418,16.078382],[120.691699,16.078385],[120.691695,16.078656],[120.691415,16.078653],[120.691135,16.07865],[120.690855,16.078647],[120.690858,16.078376],[120.691138,16.078379]]],[[[120.702075,16.077954],[120.702072,16.078225],[120.702069,16.078496],[120.702066,16.078767],[120.701785,16.078764],[120.701789,16.078493],[120.701792,16.078222],[120.701795,16.077951],[120.702075,16.077954]]],[[[120.70319,16.078508],[120.703187,16.078779],[120.702907,16.078776],[120.70291,16.078505],[120.70319,16.078508]]],[[[120.704311,16.07852],[120.704308,16.078791],[120.704028,16.078788],[120.704031,16.078517],[120.704311,16.07852]]],[[[120.68273,16.078288],[120.682727,16.078559],[120.682446,16.078556],[120.682449,16.078285],[120.68273,16.078288]]],[[[120.68329,16.078294],[120.683287,16.078565],[120.683007,16.078562],[120.68301,16.078291],[120.68329,16.078294]]],[[[120.686931,16.078604],[120.68665,16.078601],[120.68637,16.078598],[120.68609,16.078595],[120.686093,16.078324],[120.686096,16.078053],[120.686099,16.077782],[120.68638,16.077785],[120.686376,16.078056],[120.686373,16.078327],[120.686654,16.07833],[120.686934,16.078333],[120.686931,16.078604]]],[[[120.688379,16.074554],[120.688659,16.074558],[120.688656,16.074829],[120.688653,16.075099],[120.68865,16.07537],[120.688647,16.075641],[120.688367,16.075638],[120.688363,16.075909],[120.68836,16.07618],[120.688357,16.076451],[120.688354,16.076722],[120.688351,16.076993],[120.688348,16.077264],[120.688345,16.077535],[120.688342,16.077806],[120.688338,16.078077],[120.688058,16.078074],[120.688055,16.078345],[120.688052,16.078616],[120.687772,16.078613],[120.687775,16.078342],[120.687778,16.078071],[120.687781,16.0778],[120.687501,16.077797],[120.687504,16.077526],[120.687784,16.077529],[120.687787,16.077258],[120.68779,16.076987],[120.687794,16.076716],[120.687513,16.076713],[120.687516,16.076442],[120.687236,16.076439],[120.686956,16.076436],[120.686676,16.076433],[120.686679,16.076162],[120.686959,16.076165],[120.686962,16.075894],[120.686965,16.075623],[120.687246,16.075626],[120.687249,16.075355],[120.687529,16.075358],[120.687526,16.075629],[120.687523,16.0759],[120.687803,16.075903],[120.688083,16.075906],[120.688086,16.075635],[120.687806,16.075632],[120.687809,16.075361],[120.687812,16.07509],[120.688093,16.075093],[120.688373,16.075096],[120.688376,16.074825],[120.688379,16.074554]]],[[[120.697301,16.078716],[120.697021,16.078713],[120.697024,16.078442],[120.697304,16.078445],[120.697301,16.078716]]],[[[120.707391,16.078824],[120.707111,16.078821],[120.707114,16.07855],[120.707117,16.078279],[120.707397,16.078283],[120.707678,16.078286],[120.707958,16.078289],[120.707955,16.07856],[120.707952,16.07883],[120.707671,16.078827],[120.707391,16.078824]]],[[[120.658982,16.078539],[120.658702,16.078536],[120.658421,16.078533],[120.658425,16.078262],[120.658705,16.078265],[120.658985,16.078268],[120.658982,16.078539]]],[[[120.676107,16.076287],[120.676104,16.076558],[120.676384,16.076561],[120.676381,16.076832],[120.676378,16.077103],[120.676375,16.077374],[120.676655,16.077377],[120.676935,16.07738],[120.677215,16.077383],[120.677212,16.077654],[120.677493,16.077657],[120.677773,16.07766],[120.67777,16.077931],[120.677489,16.077928],[120.677209,16.077925],[120.676929,16.077922],[120.676649,16.077919],[120.676645,16.07819],[120.676642,16.078461],[120.676362,16.078458],[120.676365,16.078187],[120.676085,16.078184],[120.675805,16.078181],[120.675801,16.078452],[120.675798,16.078723],[120.675518,16.07872],[120.675521,16.078449],[120.675524,16.078178],[120.675527,16.077907],[120.675531,16.077636],[120.675534,16.077365],[120.675537,16.077094],[120.67554,16.076823],[120.67582,16.076826],[120.675823,16.076555],[120.675827,16.076284],[120.676107,16.076287]]],[[[120.657584,16.078253],[120.657864,16.078256],[120.657861,16.078527],[120.657581,16.078524],[120.657584,16.078253]]],[[[120.669635,16.078385],[120.669632,16.078656],[120.669352,16.078653],[120.669355,16.078382],[120.669635,16.078385]]],[[[120.688052,16.078616],[120.688332,16.078619],[120.688612,16.078622],[120.688609,16.078893],[120.688329,16.07889],[120.688049,16.078887],[120.688052,16.078616]]],[[[120.652813,16.078743],[120.652533,16.07874],[120.652536,16.078469],[120.652816,16.078472],[120.652813,16.078743]]],[[[120.666826,16.078896],[120.666546,16.078893],[120.666549,16.078622],[120.66683,16.078625],[120.666826,16.078896]]],[[[120.672715,16.078689],[120.672712,16.07896],[120.672432,16.078957],[120.672435,16.078686],[120.672438,16.078415],[120.672718,16.078418],[120.672715,16.078689]]],[[[120.644128,16.078376],[120.644125,16.078647],[120.643844,16.078644],[120.643847,16.078373],[120.643851,16.078102],[120.644131,16.078105],[120.644128,16.078376]]],[[[120.658982,16.078539],[120.659262,16.078542],[120.659259,16.078813],[120.658979,16.07881],[120.658982,16.078539]]],[[[120.671034,16.078671],[120.67103,16.078942],[120.67075,16.078939],[120.670753,16.078668],[120.671034,16.078671]]],[[[120.674674,16.078982],[120.674394,16.078979],[120.674113,16.078976],[120.673833,16.078973],[120.673836,16.078702],[120.67384,16.078431],[120.67412,16.078434],[120.674117,16.078705],[120.674397,16.078708],[120.674677,16.078711],[120.674674,16.078982]]],[[[120.697295,16.079258],[120.697014,16.079255],[120.697018,16.078984],[120.697298,16.078987],[120.697295,16.079258]]],[[[120.705426,16.079074],[120.705423,16.079345],[120.705143,16.079342],[120.705146,16.079071],[120.705426,16.079074]]],[[[120.708226,16.079375],[120.707945,16.079372],[120.707949,16.079101],[120.708229,16.079104],[120.708226,16.079375]]],[[[120.69225,16.079204],[120.691969,16.079201],[120.691689,16.079198],[120.691692,16.078927],[120.691973,16.07893],[120.692253,16.078933],[120.69225,16.079204]]],[[[120.638799,16.078589],[120.638796,16.07886],[120.638516,16.078856],[120.638236,16.078853],[120.637955,16.07885],[120.637675,16.078847],[120.637395,16.078844],[120.637398,16.078573],[120.637678,16.078576],[120.637682,16.078305],[120.637401,16.078302],[120.637405,16.078031],[120.637685,16.078034],[120.637965,16.078037],[120.637962,16.078308],[120.637959,16.078579],[120.638239,16.078582],[120.638519,16.078585],[120.638799,16.078589]]],[[[120.652813,16.078743],[120.653093,16.078746],[120.653373,16.078749],[120.65337,16.07902],[120.65309,16.079017],[120.65281,16.079014],[120.652813,16.078743]]],[[[120.664304,16.078869],[120.664301,16.07914],[120.66402,16.079137],[120.664024,16.078866],[120.664304,16.078869]]],[[[120.65029,16.078715],[120.650287,16.078986],[120.650007,16.078983],[120.65001,16.078712],[120.65029,16.078715]]],[[[120.655616,16.078774],[120.655612,16.079045],[120.655332,16.079041],[120.655335,16.07877],[120.655616,16.078774]]],[[[120.659259,16.078813],[120.659539,16.078817],[120.659536,16.079088],[120.659256,16.079084],[120.659259,16.078813]]],[[[120.660657,16.0791],[120.660377,16.079097],[120.660097,16.079094],[120.6601,16.078823],[120.66038,16.078826],[120.66066,16.078829],[120.660657,16.0791]]],[[[120.683278,16.079378],[120.682997,16.079375],[120.683001,16.079104],[120.683281,16.079107],[120.683278,16.079378]]],[[[120.694209,16.079496],[120.693928,16.079493],[120.693648,16.07949],[120.693651,16.079219],[120.693654,16.078948],[120.693935,16.078951],[120.694215,16.078954],[120.694495,16.078957],[120.694492,16.079228],[120.694212,16.079225],[120.694209,16.079496]]],[[[120.705993,16.078538],[120.70599,16.078809],[120.705987,16.07908],[120.705983,16.079351],[120.70598,16.079622],[120.7057,16.079619],[120.70542,16.079616],[120.705423,16.079345],[120.705703,16.079348],[120.705706,16.079077],[120.705426,16.079074],[120.705429,16.078803],[120.705709,16.078806],[120.705712,16.078535],[120.705993,16.078538]]],[[[120.708226,16.079375],[120.708506,16.079378],[120.708503,16.079649],[120.708223,16.079646],[120.708226,16.079375]]],[[[120.692539,16.078394],[120.69282,16.078397],[120.692817,16.078668],[120.692813,16.078939],[120.69281,16.07921],[120.692807,16.079481],[120.692527,16.079478],[120.69253,16.079207],[120.692533,16.078936],[120.692536,16.078665],[120.692539,16.078394]]],[[[120.647201,16.079223],[120.646921,16.07922],[120.646924,16.078949],[120.646927,16.078678],[120.64693,16.078407],[120.647211,16.07841],[120.647207,16.078681],[120.647204,16.078952],[120.647201,16.079223]]],[[[120.672145,16.079496],[120.672148,16.079225],[120.672429,16.079228],[120.672426,16.079499],[120.672145,16.079496]]],[[[120.697301,16.078716],[120.697581,16.078719],[120.697862,16.078722],[120.697858,16.078993],[120.697855,16.079264],[120.697852,16.079535],[120.697849,16.079806],[120.697569,16.079803],[120.697289,16.0798],[120.697292,16.079529],[120.697295,16.079258],[120.697575,16.079261],[120.697578,16.07899],[120.697298,16.078987],[120.697301,16.078716]]],[[[120.706821,16.079631],[120.706818,16.079902],[120.706538,16.079899],[120.706541,16.079628],[120.706821,16.079631]]],[[[120.645806,16.078666],[120.645803,16.078937],[120.6458,16.079208],[120.645797,16.079479],[120.645516,16.079476],[120.645519,16.079205],[120.645523,16.078934],[120.645526,16.078663],[120.645806,16.078666]]],[[[120.635495,16.078552],[120.635438,16.078405],[120.635439,16.07828],[120.63572,16.078284],[120.636,16.078287],[120.63628,16.07829],[120.636277,16.078561],[120.636274,16.078832],[120.636554,16.078835],[120.636551,16.079106],[120.636831,16.079109],[120.636828,16.07938],[120.636548,16.079377],[120.636267,16.079374],[120.636271,16.079103],[120.63599,16.0791],[120.635994,16.078829],[120.635713,16.078825],[120.635717,16.078554],[120.635495,16.078552]]],[[[120.638229,16.079395],[120.637949,16.079392],[120.637669,16.079389],[120.637388,16.079386],[120.637392,16.079115],[120.637672,16.079118],[120.637952,16.079121],[120.638233,16.079124],[120.638229,16.079395]]],[[[120.67075,16.078939],[120.670747,16.07921],[120.670744,16.079481],[120.670741,16.079752],[120.67046,16.079749],[120.67018,16.079746],[120.670183,16.079475],[120.670464,16.079478],[120.670467,16.079207],[120.670186,16.079204],[120.67019,16.078933],[120.670193,16.078662],[120.669913,16.078659],[120.669916,16.078388],[120.669919,16.078117],[120.669639,16.078114],[120.669642,16.077843],[120.669361,16.07784],[120.669365,16.077569],[120.669368,16.077298],[120.669371,16.077027],[120.669374,16.076756],[120.669094,16.076753],[120.668814,16.07675],[120.668817,16.076479],[120.668536,16.076476],[120.668256,16.076473],[120.668259,16.076202],[120.667979,16.076199],[120.667699,16.076196],[120.667419,16.076192],[120.667422,16.075921],[120.667702,16.075925],[120.667982,16.075928],[120.668262,16.075931],[120.668543,16.075934],[120.668823,16.075937],[120.66882,16.076208],[120.6691,16.076211],[120.669103,16.07594],[120.669384,16.075943],[120.66938,16.076214],[120.669661,16.076217],[120.669658,16.076488],[120.669654,16.076759],[120.669651,16.07703],[120.669931,16.077033],[120.669928,16.077304],[120.670209,16.077307],[120.670212,16.077036],[120.670215,16.076765],[120.670495,16.076768],[120.670498,16.076497],[120.670501,16.076226],[120.670221,16.076223],[120.670218,16.076494],[120.669938,16.076491],[120.669941,16.07622],[120.669661,16.076217],[120.669664,16.075946],[120.669667,16.075675],[120.66967,16.075404],[120.669673,16.075133],[120.669954,16.075136],[120.669957,16.074865],[120.670237,16.074868],[120.67024,16.074597],[120.67052,16.0746],[120.670801,16.074603],[120.670798,16.074874],[120.670794,16.075145],[120.670791,16.075416],[120.670511,16.075413],[120.670514,16.075142],[120.670234,16.075139],[120.670231,16.07541],[120.670228,16.075681],[120.670508,16.075684],[120.670505,16.075955],[120.670785,16.075958],[120.670782,16.076229],[120.670779,16.0765],[120.670775,16.076771],[120.670772,16.077042],[120.670769,16.077313],[120.671049,16.077316],[120.67133,16.077319],[120.67161,16.077322],[120.671607,16.077593],[120.671887,16.077596],[120.672167,16.077599],[120.672164,16.07787],[120.672161,16.078141],[120.671881,16.078138],[120.671878,16.078409],[120.672158,16.078412],[120.672155,16.078683],[120.671874,16.07868],[120.671594,16.078677],[120.671597,16.078406],[120.671317,16.078403],[120.671314,16.078674],[120.671034,16.078671],[120.671037,16.0784],[120.67104,16.078129],[120.671043,16.077858],[120.670763,16.077855],[120.670766,16.077584],[120.670486,16.077581],[120.670483,16.077852],[120.670479,16.078123],[120.670476,16.078394],[120.670473,16.078665],[120.67047,16.078936],[120.67075,16.078939]]],[[[120.672145,16.079496],[120.672142,16.079767],[120.671862,16.079764],[120.671865,16.079493],[120.672145,16.079496]]],[[[120.674668,16.079524],[120.674665,16.079795],[120.674384,16.079792],[120.674387,16.079521],[120.674668,16.079524]]],[[[120.687479,16.079694],[120.687759,16.079697],[120.687756,16.079968],[120.687476,16.079965],[120.687479,16.079694]]],[[[120.693922,16.080035],[120.693642,16.080032],[120.693645,16.079761],[120.693925,16.079764],[120.694205,16.079767],[120.694202,16.080038],[120.693922,16.080035]]],[[[120.697289,16.0798],[120.697285,16.080071],[120.697005,16.080068],[120.697008,16.079797],[120.697289,16.0798]]],[[[120.693081,16.080026],[120.692801,16.080023],[120.692521,16.08002],[120.692524,16.079749],[120.692804,16.079752],[120.693084,16.079755],[120.693081,16.080026]]],[[[120.70234,16.079312],[120.702337,16.079583],[120.702334,16.079854],[120.70233,16.080125],[120.70205,16.080122],[120.70177,16.080119],[120.701773,16.079848],[120.701493,16.079845],[120.701496,16.079574],[120.701499,16.079303],[120.701779,16.079306],[120.70206,16.079309],[120.70234,16.079312]]],[[[120.707379,16.079908],[120.707376,16.080179],[120.707095,16.080176],[120.707098,16.079905],[120.707379,16.079908]]],[[[120.638229,16.079395],[120.63851,16.079398],[120.638506,16.079669],[120.638226,16.079666],[120.638229,16.079395]]],[[[120.662333,16.07966],[120.662329,16.079931],[120.662049,16.079928],[120.662052,16.079657],[120.662333,16.07966]]],[[[120.686351,16.080224],[120.686355,16.079953],[120.686635,16.079956],[120.686632,16.080227],[120.686351,16.080224]]],[[[120.696186,16.078162],[120.696466,16.078165],[120.696463,16.078436],[120.696183,16.078433],[120.69618,16.078704],[120.696177,16.078975],[120.696457,16.078978],[120.696454,16.079249],[120.696174,16.079246],[120.696171,16.079517],[120.696167,16.079788],[120.696164,16.080059],[120.696161,16.08033],[120.695881,16.080327],[120.695601,16.080324],[120.69532,16.080321],[120.69504,16.080318],[120.695043,16.080047],[120.695323,16.08005],[120.695327,16.079779],[120.69533,16.079508],[120.69561,16.079511],[120.695613,16.07924],[120.695333,16.079237],[120.695336,16.078966],[120.695339,16.078695],[120.695619,16.078698],[120.695622,16.078427],[120.695626,16.078156],[120.695906,16.078159],[120.696186,16.078162]]],[[[120.697285,16.080071],[120.697566,16.080074],[120.697563,16.080345],[120.697282,16.080342],[120.697285,16.080071]]],[[[120.682154,16.079637],[120.682157,16.079366],[120.682437,16.079369],[120.68244,16.079098],[120.68272,16.079101],[120.682717,16.079372],[120.682714,16.079643],[120.682434,16.07964],[120.682431,16.079911],[120.682428,16.080182],[120.682147,16.080178],[120.681867,16.080175],[120.68187,16.079904],[120.68215,16.079908],[120.682154,16.079637]]],[[[120.672136,16.080309],[120.671856,16.080306],[120.671859,16.080035],[120.672139,16.080038],[120.672136,16.080309]]],[[[120.648905,16.077345],[120.648902,16.077616],[120.648622,16.077613],[120.648618,16.077884],[120.648899,16.077887],[120.648895,16.078158],[120.648892,16.078429],[120.648612,16.078426],[120.648615,16.078155],[120.648335,16.078152],[120.648332,16.078423],[120.648329,16.078694],[120.648609,16.078697],[120.648606,16.078968],[120.648325,16.078965],[120.648322,16.079236],[120.648042,16.079232],[120.648039,16.079503],[120.648319,16.079506],[120.648316,16.079777],[120.648596,16.079781],[120.648593,16.080052],[120.648313,16.080048],[120.648032,16.080045],[120.647752,16.080042],[120.647755,16.079771],[120.647475,16.079768],[120.647478,16.079497],[120.647198,16.079494],[120.647201,16.079223],[120.647481,16.079226],[120.647485,16.078955],[120.647488,16.078684],[120.647491,16.078413],[120.647494,16.078142],[120.647214,16.078139],[120.647217,16.077868],[120.64722,16.077597],[120.6475,16.0776],[120.647497,16.077871],[120.647778,16.077874],[120.647774,16.078145],[120.647771,16.078416],[120.647768,16.078687],[120.648048,16.07869],[120.648051,16.078419],[120.648055,16.078149],[120.648058,16.077878],[120.648338,16.077881],[120.648341,16.07761],[120.648061,16.077607],[120.647781,16.077603],[120.6475,16.0776],[120.647504,16.077329],[120.647507,16.077058],[120.647227,16.077055],[120.64723,16.076784],[120.647233,16.076513],[120.647236,16.076242],[120.647239,16.075971],[120.64752,16.075974],[120.647523,16.075704],[120.647526,16.075433],[120.647246,16.075429],[120.646965,16.075426],[120.646969,16.075155],[120.646972,16.074884],[120.647252,16.074887],[120.647532,16.074891],[120.647529,16.075162],[120.647809,16.075165],[120.647813,16.074894],[120.648093,16.074897],[120.648373,16.0749],[120.64837,16.075171],[120.648367,16.075442],[120.648087,16.075439],[120.648083,16.07571],[120.64808,16.075981],[120.648077,16.076252],[120.648074,16.076523],[120.648071,16.076794],[120.648351,16.076797],[120.648348,16.077068],[120.648067,16.077065],[120.648064,16.077336],[120.648344,16.077339],[120.648348,16.077068],[120.648628,16.077071],[120.648625,16.077342],[120.648905,16.077345]]],[[[120.652517,16.080095],[120.652236,16.080092],[120.65224,16.079821],[120.65252,16.079824],[120.652517,16.080095]]],[[[120.659804,16.080175],[120.659807,16.079904],[120.660087,16.079907],[120.660367,16.07991],[120.660364,16.080181],[120.660084,16.080178],[120.659804,16.080175]]],[[[120.660934,16.079374],[120.661215,16.079377],[120.661211,16.079648],[120.661208,16.079919],[120.661205,16.08019],[120.660925,16.080187],[120.660645,16.080184],[120.660648,16.079913],[120.660928,16.079916],[120.660931,16.079645],[120.660934,16.079374]]],[[[120.667655,16.079989],[120.667651,16.08026],[120.667371,16.080257],[120.667374,16.079986],[120.667655,16.079989]]],[[[120.646911,16.080033],[120.646914,16.079762],[120.647195,16.079765],[120.647192,16.080036],[120.646911,16.080033]]],[[[120.658963,16.080165],[120.658683,16.080162],[120.658402,16.080159],[120.658122,16.080156],[120.658125,16.079885],[120.658406,16.079888],[120.658686,16.079891],[120.658966,16.079894],[120.658963,16.080165]]],[[[120.673543,16.079782],[120.67354,16.080053],[120.673537,16.080324],[120.673257,16.080321],[120.672977,16.080318],[120.67298,16.080047],[120.672699,16.080044],[120.672703,16.079773],[120.672983,16.079776],[120.673263,16.079779],[120.673543,16.079782]]],[[[120.700085,16.080372],[120.700082,16.080643],[120.699802,16.08064],[120.699805,16.080369],[120.700085,16.080372]]],[[[120.703168,16.080405],[120.703165,16.080676],[120.702885,16.080673],[120.702888,16.080402],[120.703168,16.080405]]],[[[120.694199,16.080309],[120.694479,16.080312],[120.694476,16.080583],[120.694196,16.08058],[120.694199,16.080309]]],[[[120.70541,16.080429],[120.70513,16.080426],[120.705127,16.080697],[120.704847,16.080694],[120.70485,16.080423],[120.704853,16.080152],[120.704856,16.079881],[120.705136,16.079884],[120.705133,16.080155],[120.705414,16.080158],[120.70541,16.080429]]],[[[120.70541,16.080429],[120.705691,16.080432],[120.705971,16.080435],[120.705968,16.080706],[120.705688,16.080703],[120.705407,16.0807],[120.70541,16.080429]]],[[[120.66345,16.079943],[120.663731,16.079946],[120.663728,16.080217],[120.663724,16.080488],[120.663444,16.080485],[120.663447,16.080214],[120.66345,16.079943]]],[[[120.679984,16.080394],[120.67998,16.080665],[120.6797,16.080662],[120.679703,16.080391],[120.679984,16.080394]]],[[[120.645242,16.078931],[120.645239,16.079202],[120.645236,16.079473],[120.645233,16.079744],[120.64523,16.080015],[120.645226,16.080286],[120.644946,16.080282],[120.644949,16.080011],[120.644953,16.07974],[120.644956,16.079469],[120.644959,16.079198],[120.644962,16.078928],[120.645242,16.078931]]],[[[120.648593,16.080052],[120.648873,16.080055],[120.64887,16.080326],[120.64859,16.080323],[120.648593,16.080052]]],[[[120.659804,16.080175],[120.659801,16.080446],[120.65952,16.080442],[120.65924,16.080439],[120.65896,16.080436],[120.658963,16.080165],[120.659243,16.080168],[120.659523,16.080171],[120.659804,16.080175]]],[[[120.670457,16.08002],[120.670454,16.080291],[120.670451,16.080562],[120.670171,16.080559],[120.670174,16.080288],[120.670177,16.080017],[120.670457,16.08002]]],[[[120.698117,16.080893],[120.69812,16.080622],[120.698123,16.080351],[120.698126,16.08008],[120.698407,16.080083],[120.698687,16.080086],[120.69869,16.079815],[120.698693,16.079544],[120.698696,16.079273],[120.698699,16.079002],[120.698702,16.078731],[120.698983,16.078734],[120.69898,16.079005],[120.69926,16.079008],[120.699257,16.079279],[120.698976,16.079276],[120.698973,16.079547],[120.69897,16.079818],[120.698967,16.080089],[120.698964,16.08036],[120.698961,16.080631],[120.698681,16.080628],[120.698684,16.080357],[120.698403,16.080354],[120.6984,16.080625],[120.698397,16.080896],[120.698117,16.080893]]],[[[120.703723,16.080953],[120.703442,16.08095],[120.703445,16.080679],[120.703726,16.080682],[120.703723,16.080953]]],[[[120.646905,16.080575],[120.646625,16.080572],[120.646628,16.080301],[120.646631,16.08003],[120.646911,16.080033],[120.646908,16.080304],[120.646905,16.080575]]],[[[120.64887,16.080326],[120.64915,16.080329],[120.649147,16.0806],[120.648867,16.080597],[120.64887,16.080326]]],[[[120.667085,16.080796],[120.667088,16.080525],[120.667368,16.080528],[120.667365,16.080799],[120.667085,16.080796]]],[[[120.64186,16.080519],[120.64158,16.080516],[120.641583,16.080245],[120.641863,16.080248],[120.64186,16.080519]]],[[[120.648029,16.080316],[120.648026,16.080587],[120.647746,16.080584],[120.647749,16.080313],[120.648029,16.080316]]],[[[120.668489,16.08054],[120.668486,16.080811],[120.668206,16.080808],[120.668209,16.080537],[120.668489,16.08054]]],[[[120.695878,16.080598],[120.695875,16.080869],[120.695872,16.08114],[120.695591,16.081137],[120.695594,16.080866],[120.695597,16.080595],[120.695878,16.080598]]],[[[120.703723,16.080953],[120.704003,16.080956],[120.704283,16.080959],[120.70428,16.08123],[120.704,16.081227],[120.703719,16.081224],[120.703723,16.080953]]],[[[120.689145,16.081067],[120.688864,16.081064],[120.688584,16.081061],[120.688587,16.08079],[120.688868,16.080793],[120.689148,16.080796],[120.689145,16.081067]]],[[[120.697282,16.080342],[120.697279,16.080613],[120.697276,16.080884],[120.697273,16.081155],[120.696993,16.081152],[120.696712,16.081149],[120.696715,16.080878],[120.696719,16.080607],[120.696999,16.08061],[120.697002,16.080339],[120.697282,16.080342]]],[[[120.702041,16.080935],[120.702321,16.080938],[120.702318,16.081209],[120.702038,16.081206],[120.702041,16.080935]]],[[[120.670448,16.080833],[120.670445,16.081104],[120.670164,16.081101],[120.670168,16.08083],[120.670448,16.080833]]],[[[120.678856,16.080924],[120.678576,16.080921],[120.678573,16.081192],[120.678292,16.081189],[120.678296,16.080918],[120.678015,16.080915],[120.678018,16.080644],[120.677738,16.080641],[120.677741,16.08037],[120.677461,16.080367],[120.677464,16.080096],[120.677184,16.080093],[120.677187,16.079822],[120.677467,16.079825],[120.67747,16.079554],[120.677751,16.079557],[120.678031,16.07956],[120.678028,16.079831],[120.678025,16.080102],[120.678305,16.080105],[120.678308,16.079834],[120.678588,16.079837],[120.678592,16.079566],[120.678595,16.079295],[120.678875,16.079298],[120.678872,16.079569],[120.678869,16.07984],[120.679149,16.079843],[120.679429,16.079846],[120.679426,16.080117],[120.679146,16.080114],[120.679143,16.080385],[120.67914,16.080656],[120.678859,16.080653],[120.678856,16.080924]]],[[[120.642978,16.080803],[120.642981,16.080532],[120.643261,16.080535],[120.643542,16.080538],[120.643822,16.080541],[120.643819,16.080812],[120.643538,16.080809],[120.643258,16.080806],[120.642978,16.080803]]],[[[120.664282,16.080766],[120.664279,16.081037],[120.663998,16.081033],[120.664001,16.080762],[120.664282,16.080766]]],[[[120.677735,16.080912],[120.677732,16.081183],[120.677452,16.08118],[120.677455,16.080909],[120.677735,16.080912]]],[[[120.683278,16.079378],[120.683558,16.079381],[120.683561,16.07911],[120.683841,16.079113],[120.683845,16.078842],[120.683564,16.078839],[120.683567,16.078568],[120.683571,16.078297],[120.683574,16.078026],[120.683577,16.077755],[120.683857,16.077758],[120.683854,16.078029],[120.683851,16.0783],[120.684131,16.078303],[120.684128,16.078574],[120.684125,16.078845],[120.684122,16.079116],[120.684402,16.079119],[120.684399,16.07939],[120.684119,16.079387],[120.683838,16.079384],[120.683835,16.079655],[120.684115,16.079658],[120.684112,16.079929],[120.684109,16.0802],[120.684106,16.080471],[120.684103,16.080742],[120.684383,16.080745],[120.68438,16.081016],[120.684377,16.081287],[120.684097,16.081284],[120.683816,16.081281],[120.683819,16.08101],[120.683539,16.081007],[120.683259,16.081004],[120.682979,16.081001],[120.682982,16.08073],[120.683262,16.080733],[120.683542,16.080736],[120.683545,16.080465],[120.683549,16.080194],[120.683829,16.080197],[120.683832,16.079926],[120.683552,16.079923],[120.683271,16.07992],[120.683275,16.079649],[120.683278,16.079378]]],[[[120.682135,16.081262],[120.681854,16.081259],[120.681574,16.081256],[120.681577,16.080985],[120.68158,16.080714],[120.681861,16.080717],[120.681858,16.080988],[120.682138,16.080991],[120.682135,16.081262]]],[[[120.687186,16.080775],[120.687466,16.080778],[120.687463,16.081049],[120.687743,16.081052],[120.68774,16.081323],[120.68746,16.08132],[120.68718,16.081317],[120.686899,16.081314],[120.686903,16.081043],[120.687183,16.081046],[120.687186,16.080775]]],[[[120.698117,16.080893],[120.698114,16.081164],[120.698111,16.081435],[120.69783,16.081432],[120.697833,16.081161],[120.697837,16.08089],[120.698117,16.080893]]],[[[120.702038,16.081206],[120.702035,16.081477],[120.701754,16.081474],[120.701757,16.081203],[120.702038,16.081206]]],[[[120.639051,16.08103],[120.639054,16.080759],[120.639334,16.080763],[120.639615,16.080766],[120.639611,16.081037],[120.639331,16.081034],[120.639051,16.08103]]],[[[120.649424,16.080874],[120.649704,16.080877],[120.649985,16.08088],[120.649981,16.081151],[120.649701,16.081148],[120.649421,16.081145],[120.649424,16.080874]]],[[[120.65587,16.080944],[120.655867,16.081215],[120.655587,16.081212],[120.65559,16.080941],[120.65587,16.080944]]],[[[120.642975,16.081074],[120.642971,16.081345],[120.642691,16.081342],[120.642694,16.081071],[120.642975,16.081074]]],[[[120.669881,16.081369],[120.670161,16.081372],[120.670158,16.081643],[120.669878,16.08164],[120.669881,16.081369]]],[[[120.676044,16.081707],[120.675764,16.081704],[120.675483,16.081701],[120.675486,16.08143],[120.675206,16.081427],[120.675209,16.081156],[120.675213,16.080885],[120.675493,16.080888],[120.675496,16.080617],[120.675499,16.080346],[120.675502,16.080075],[120.675505,16.079804],[120.675786,16.079807],[120.675789,16.079536],[120.675509,16.079533],[120.675512,16.079262],[120.675515,16.078991],[120.675795,16.078994],[120.676075,16.078997],[120.676356,16.079],[120.676636,16.079003],[120.676916,16.079006],[120.676913,16.079277],[120.67691,16.079548],[120.67663,16.079545],[120.676626,16.079816],[120.676346,16.079813],[120.676343,16.080084],[120.67634,16.080355],[120.676337,16.080626],[120.676334,16.080897],[120.676053,16.080894],[120.67605,16.081165],[120.676047,16.081436],[120.676044,16.081707]]],[[[120.643535,16.08108],[120.643815,16.081083],[120.643812,16.081354],[120.643532,16.081351],[120.643535,16.08108]]],[[[120.656425,16.081493],[120.656144,16.08149],[120.656147,16.081219],[120.656428,16.081222],[120.656425,16.081493]]],[[[120.672136,16.080309],[120.672416,16.080312],[120.672413,16.080583],[120.67241,16.080854],[120.67269,16.080857],[120.67297,16.08086],[120.672967,16.081131],[120.672687,16.081128],[120.672684,16.081399],[120.672681,16.08167],[120.6724,16.081667],[120.672403,16.081396],[120.672407,16.081125],[120.672126,16.081122],[120.672123,16.081393],[120.67212,16.081664],[120.67184,16.081661],[120.671843,16.08139],[120.671846,16.081119],[120.671849,16.080848],[120.672129,16.080851],[120.672133,16.08058],[120.672136,16.080309]]],[[[120.695021,16.081944],[120.694741,16.081941],[120.694744,16.08167],[120.695024,16.081673],[120.695021,16.081944]]],[[[120.687454,16.081862],[120.687173,16.081859],[120.687177,16.081588],[120.687457,16.081591],[120.687454,16.081862]]],[[[120.704551,16.082046],[120.704271,16.082043],[120.704274,16.081772],[120.703993,16.081769],[120.703997,16.081498],[120.704277,16.081501],[120.704557,16.081504],[120.704554,16.081775],[120.704551,16.082046]]],[[[120.656425,16.081493],[120.656705,16.081496],[120.656702,16.081767],[120.656421,16.081764],[120.656425,16.081493]]],[[[120.673802,16.081682],[120.674082,16.081685],[120.674079,16.081956],[120.673799,16.081953],[120.673802,16.081682]]],[[[120.676044,16.081707],[120.676324,16.08171],[120.676321,16.081981],[120.676041,16.081978],[120.676044,16.081707]]],[[[120.641567,16.0816],[120.64157,16.081329],[120.641573,16.081058],[120.641293,16.081055],[120.64129,16.081326],[120.64101,16.081323],[120.641013,16.081052],[120.640733,16.081049],[120.640736,16.080778],[120.641016,16.080781],[120.641296,16.080784],[120.641577,16.080787],[120.641857,16.08079],[120.641854,16.081061],[120.64185,16.081332],[120.641847,16.081603],[120.641567,16.0816]]],[[[120.647459,16.081123],[120.647739,16.081126],[120.647736,16.081397],[120.647733,16.081668],[120.647453,16.081665],[120.647456,16.081394],[120.647459,16.081123]]],[[[120.653338,16.08173],[120.653058,16.081727],[120.653061,16.081456],[120.653342,16.081459],[120.653338,16.08173]]],[[[120.657542,16.081776],[120.657262,16.081773],[120.657265,16.081502],[120.657546,16.081505],[120.657542,16.081776]]],[[[120.665951,16.081868],[120.66567,16.081865],[120.665674,16.081594],[120.665393,16.081591],[120.665397,16.08132],[120.665116,16.081317],[120.664836,16.081314],[120.664839,16.081043],[120.664842,16.080772],[120.665123,16.080775],[120.665126,16.080504],[120.665406,16.080507],[120.665403,16.080778],[120.6654,16.081049],[120.66568,16.081052],[120.665677,16.081323],[120.665957,16.081326],[120.665954,16.081597],[120.665951,16.081868]]],[[[120.685215,16.081567],[120.685211,16.081838],[120.685208,16.082109],[120.684928,16.082106],[120.684648,16.082103],[120.684367,16.0821],[120.684371,16.081829],[120.684374,16.081558],[120.684654,16.081561],[120.684657,16.08129],[120.68466,16.081019],[120.684663,16.080748],[120.684667,16.080477],[120.68467,16.080206],[120.68495,16.080209],[120.684947,16.08048],[120.685227,16.080483],[120.685224,16.080754],[120.685221,16.081025],[120.685218,16.081296],[120.685215,16.081567]]],[[[120.696703,16.081962],[120.6967,16.082233],[120.69642,16.08223],[120.696423,16.081959],[120.696426,16.081688],[120.696429,16.081417],[120.696709,16.08142],[120.69699,16.081423],[120.69727,16.081426],[120.697267,16.081697],[120.696986,16.081694],[120.696706,16.081691],[120.696703,16.081962]]],[[[120.704551,16.082046],[120.704831,16.082049],[120.704828,16.08232],[120.704548,16.082317],[120.704551,16.082046]]],[[[120.640166,16.081585],[120.640162,16.081856],[120.639882,16.081853],[120.639885,16.081582],[120.640166,16.081585]]],[[[120.640723,16.081862],[120.640726,16.081591],[120.641006,16.081594],[120.641003,16.081865],[120.640723,16.081862]]],[[[120.641567,16.0816],[120.641564,16.081871],[120.641283,16.081868],[120.641287,16.081597],[120.641567,16.0816]]],[[[120.643245,16.08189],[120.643249,16.081619],[120.643529,16.081622],[120.643809,16.081625],[120.643806,16.081896],[120.643526,16.081893],[120.643245,16.08189]]],[[[120.672117,16.081935],[120.672114,16.082206],[120.671833,16.082203],[120.671837,16.081932],[120.672117,16.081935]]],[[[120.657542,16.081776],[120.657823,16.081779],[120.65782,16.08205],[120.657539,16.082047],[120.657542,16.081776]]],[[[120.678856,16.080924],[120.679136,16.080927],[120.679417,16.08093],[120.679414,16.081201],[120.67941,16.081472],[120.679407,16.081743],[120.679688,16.081746],[120.679691,16.081475],[120.679971,16.081478],[120.679968,16.081749],[120.680248,16.081752],[120.680528,16.081755],[120.680809,16.081758],[120.680805,16.082029],[120.681086,16.082033],[120.681083,16.082303],[120.680802,16.0823],[120.680522,16.082297],[120.680525,16.082026],[120.680245,16.082023],[120.679965,16.08202],[120.679684,16.082017],[120.679404,16.082014],[120.679401,16.082285],[120.679121,16.082282],[120.679124,16.082011],[120.678844,16.082008],[120.678847,16.081737],[120.67885,16.081466],[120.67857,16.081463],[120.678573,16.081192],[120.678853,16.081195],[120.678856,16.080924]]],[[[120.69026,16.081621],[120.689979,16.081618],[120.689976,16.081889],[120.689973,16.08216],[120.689693,16.082157],[120.68969,16.082428],[120.689409,16.082425],[120.689413,16.082154],[120.689416,16.081883],[120.689696,16.081886],[120.689699,16.081615],[120.689419,16.081612],[120.689422,16.081341],[120.689702,16.081344],[120.689705,16.081073],[120.689425,16.08107],[120.689428,16.080799],[120.689708,16.080802],[120.689712,16.080531],[120.689431,16.080528],[120.689434,16.080257],[120.689438,16.079986],[120.689441,16.079715],[120.68916,16.079712],[120.689164,16.079441],[120.688883,16.079438],[120.688603,16.079435],[120.688323,16.079432],[120.688326,16.079161],[120.688606,16.079164],[120.688886,16.079167],[120.689167,16.07917],[120.689447,16.079173],[120.68945,16.078902],[120.68973,16.078905],[120.690011,16.078908],[120.690291,16.078911],[120.690571,16.078915],[120.690852,16.078918],[120.690848,16.079189],[120.690845,16.07946],[120.690565,16.079457],[120.690562,16.079727],[120.690842,16.079731],[120.690845,16.07946],[120.691126,16.079463],[120.691122,16.079734],[120.691119,16.080005],[120.6914,16.080008],[120.691396,16.080279],[120.691393,16.08055],[120.69139,16.080821],[120.69111,16.080818],[120.69083,16.080814],[120.690833,16.080543],[120.690552,16.08054],[120.690556,16.080269],[120.690275,16.080266],[120.690272,16.080537],[120.690269,16.080808],[120.690266,16.081079],[120.690263,16.08135],[120.69026,16.081621]]],[[[120.701468,16.082013],[120.701748,16.082016],[120.701745,16.082287],[120.701742,16.082558],[120.701462,16.082555],[120.701465,16.082284],[120.701468,16.082013]]],[[[120.683243,16.082359],[120.683246,16.082088],[120.683527,16.082091],[120.683807,16.082094],[120.683804,16.082365],[120.683523,16.082362],[120.683243,16.082359]]],[[[120.69026,16.081621],[120.69054,16.081624],[120.690537,16.081895],[120.690534,16.082166],[120.690531,16.082437],[120.69025,16.082434],[120.690253,16.082163],[120.690257,16.081892],[120.69026,16.081621]]],[[[120.643245,16.08189],[120.643242,16.082161],[120.642962,16.082158],[120.642682,16.082155],[120.642685,16.081884],[120.642688,16.081613],[120.642968,16.081616],[120.642965,16.081887],[120.643245,16.08189]]],[[[120.640723,16.081862],[120.64072,16.082133],[120.640439,16.08213],[120.640443,16.081859],[120.640723,16.081862]]],[[[120.641847,16.081603],[120.642127,16.081606],[120.642124,16.081877],[120.642121,16.082148],[120.641841,16.082145],[120.641844,16.081874],[120.641847,16.081603]]],[[[120.643806,16.081896],[120.644086,16.081899],[120.644366,16.081902],[120.644363,16.082173],[120.644083,16.08217],[120.643803,16.082167],[120.643806,16.081896]]],[[[120.644924,16.082179],[120.644644,16.082176],[120.644647,16.081905],[120.64465,16.081634],[120.64437,16.081631],[120.644089,16.081628],[120.644093,16.081357],[120.644373,16.08136],[120.644653,16.081363],[120.644933,16.081366],[120.64493,16.081637],[120.644927,16.081908],[120.644924,16.082179]]],[[[120.645765,16.082189],[120.645768,16.081918],[120.645771,16.081647],[120.646051,16.08165],[120.646048,16.081921],[120.646328,16.081924],[120.646325,16.082195],[120.646045,16.082192],[120.645765,16.082189]]],[[[120.670989,16.082465],[120.670709,16.082462],[120.670712,16.082191],[120.670993,16.082194],[120.670989,16.082465]]],[[[120.672671,16.082483],[120.672391,16.08248],[120.672394,16.082209],[120.672674,16.082212],[120.672671,16.082483]]],[[[120.688033,16.080242],[120.688313,16.080245],[120.68831,16.080516],[120.688307,16.080787],[120.688304,16.081058],[120.688301,16.081329],[120.688581,16.081332],[120.688578,16.081603],[120.688575,16.081874],[120.688572,16.082145],[120.688569,16.082416],[120.688565,16.082687],[120.688285,16.082684],[120.688288,16.082413],[120.688291,16.082142],[120.688295,16.081871],[120.688014,16.081868],[120.688017,16.081597],[120.688021,16.081326],[120.688024,16.081055],[120.688027,16.080784],[120.687747,16.080781],[120.68775,16.08051],[120.687753,16.080239],[120.688033,16.080242]]],[[[120.695021,16.081944],[120.695302,16.081947],[120.695305,16.081676],[120.695308,16.081405],[120.695588,16.081408],[120.695868,16.081411],[120.695865,16.081682],[120.695862,16.081953],[120.695859,16.082224],[120.695856,16.082495],[120.695853,16.082766],[120.695572,16.082763],[120.695292,16.08276],[120.695012,16.082757],[120.695015,16.082486],[120.695018,16.082215],[120.695021,16.081944]]],[[[120.701468,16.082013],[120.701188,16.08201],[120.700907,16.082007],[120.700904,16.082278],[120.700901,16.082549],[120.700621,16.082546],[120.70034,16.082543],[120.700337,16.082814],[120.700057,16.082811],[120.699777,16.082808],[120.69978,16.082537],[120.70006,16.08254],[120.700063,16.082269],[120.699783,16.082266],[120.699786,16.081995],[120.699789,16.081724],[120.70007,16.081727],[120.700073,16.081456],[120.700076,16.081185],[120.700356,16.081188],[120.700353,16.081459],[120.70035,16.08173],[120.70063,16.081733],[120.700633,16.081462],[120.700913,16.081465],[120.70091,16.081736],[120.701191,16.081739],[120.701194,16.081468],[120.701197,16.081197],[120.7012,16.080926],[120.701203,16.080655],[120.700923,16.080652],[120.700926,16.080381],[120.700646,16.080378],[120.700365,16.080375],[120.700085,16.080372],[120.700088,16.080101],[120.700368,16.080104],[120.700649,16.080107],[120.700929,16.08011],[120.701209,16.080113],[120.701206,16.080384],[120.701486,16.080387],[120.701767,16.08039],[120.702047,16.080393],[120.702327,16.080396],[120.702324,16.080667],[120.702044,16.080664],[120.702041,16.080935],[120.701761,16.080932],[120.701757,16.081203],[120.701477,16.0812],[120.701474,16.081471],[120.701471,16.081742],[120.701468,16.082013]],[[120.700627,16.082004],[120.700347,16.082001],[120.700344,16.082272],[120.700624,16.082275],[120.700627,16.082004]]],[[[120.642682,16.082155],[120.642678,16.082426],[120.642398,16.082422],[120.642118,16.082419],[120.642121,16.082148],[120.642401,16.082151],[120.642682,16.082155]]],[[[120.644924,16.082179],[120.645204,16.082182],[120.645201,16.082453],[120.644921,16.08245],[120.644924,16.082179]]],[[[120.647453,16.081665],[120.647449,16.081936],[120.647446,16.082207],[120.647443,16.082478],[120.647163,16.082475],[120.647166,16.082204],[120.646886,16.082201],[120.646889,16.08193],[120.646892,16.081659],[120.646895,16.081388],[120.646898,16.081117],[120.646902,16.080846],[120.646905,16.080575],[120.647185,16.080578],[120.647465,16.080581],[120.647462,16.080852],[120.647459,16.081123],[120.647179,16.08112],[120.647176,16.081391],[120.647172,16.081662],[120.647453,16.081665]]],[[[120.653049,16.08254],[120.652768,16.082537],[120.652771,16.082266],[120.653052,16.082269],[120.653049,16.08254]]],[[[120.657253,16.082586],[120.657256,16.082315],[120.657536,16.082318],[120.657533,16.082589],[120.657253,16.082586]]],[[[120.678003,16.081999],[120.678,16.08227],[120.677996,16.082541],[120.678277,16.082544],[120.678274,16.082815],[120.677993,16.082812],[120.677713,16.082809],[120.677716,16.082538],[120.677719,16.082267],[120.677722,16.081996],[120.678003,16.081999]]],[[[120.679395,16.082827],[120.679114,16.082824],[120.679118,16.082553],[120.679398,16.082556],[120.679395,16.082827]]],[[[120.683243,16.082359],[120.68324,16.08263],[120.68352,16.082633],[120.683801,16.082636],[120.683797,16.082907],[120.683517,16.082904],[120.683237,16.082901],[120.682957,16.082897],[120.68296,16.082626],[120.682963,16.082356],[120.683243,16.082359]]],[[[120.702016,16.083103],[120.702019,16.082832],[120.702022,16.082561],[120.702025,16.08229],[120.702306,16.082293],[120.702302,16.082564],[120.702299,16.082835],[120.702296,16.083106],[120.702016,16.083103]]],[[[120.704822,16.082862],[120.704819,16.083133],[120.704538,16.08313],[120.704542,16.082859],[120.704822,16.082862]]],[[[120.642678,16.082426],[120.642959,16.082429],[120.643239,16.082432],[120.643236,16.082703],[120.642956,16.0827],[120.642675,16.082697],[120.642678,16.082426]]],[[[120.661454,16.082903],[120.661457,16.082632],[120.661737,16.082635],[120.661734,16.082906],[120.661454,16.082903]]],[[[120.637634,16.08237],[120.637914,16.082373],[120.638194,16.082376],[120.638191,16.082647],[120.637911,16.082644],[120.63763,16.082641],[120.637634,16.08237]]],[[[120.657253,16.082586],[120.65725,16.082857],[120.656969,16.082854],[120.656972,16.082583],[120.657253,16.082586]]],[[[120.67576,16.081975],[120.675757,16.082246],[120.675754,16.082517],[120.675751,16.082788],[120.675471,16.082785],[120.675468,16.083056],[120.675187,16.083053],[120.67519,16.082782],[120.675194,16.082511],[120.675474,16.082514],[120.675477,16.082243],[120.675197,16.08224],[120.6752,16.081969],[120.67548,16.081972],[120.67576,16.081975]]],[[[120.679111,16.083095],[120.678831,16.083092],[120.678551,16.083089],[120.678554,16.082818],[120.678834,16.082821],[120.679114,16.082824],[120.679111,16.083095]]],[[[120.681353,16.083119],[120.681073,16.083116],[120.681076,16.082845],[120.681357,16.082849],[120.681353,16.083119]]],[[[120.679395,16.082827],[120.679675,16.08283],[120.679955,16.082833],[120.679952,16.083104],[120.679672,16.083101],[120.679391,16.083098],[120.679395,16.082827]]],[[[120.689409,16.082425],[120.689406,16.082696],[120.689403,16.082967],[120.6894,16.083238],[120.68912,16.083235],[120.689123,16.082964],[120.689126,16.082693],[120.689129,16.082422],[120.689409,16.082425]]],[[[120.684635,16.083187],[120.684355,16.083184],[120.684075,16.083181],[120.684078,16.08291],[120.684358,16.082913],[120.684361,16.082642],[120.684364,16.082371],[120.684645,16.082374],[120.684925,16.082377],[120.684922,16.082648],[120.684919,16.082919],[120.684638,16.082916],[120.684635,16.083187]]],[[[120.69139,16.080821],[120.69167,16.080824],[120.691667,16.081095],[120.691664,16.081366],[120.691944,16.081369],[120.691941,16.08164],[120.692222,16.081643],[120.692225,16.081372],[120.692228,16.081101],[120.692508,16.081104],[120.692505,16.081375],[120.692502,16.081646],[120.692499,16.081917],[120.692218,16.081914],[120.692215,16.082185],[120.692496,16.082188],[120.692776,16.082191],[120.692773,16.082462],[120.692492,16.082459],[120.692489,16.08273],[120.692486,16.083001],[120.692483,16.083272],[120.692203,16.083269],[120.692206,16.082998],[120.691926,16.082994],[120.691645,16.082991],[120.691649,16.08272],[120.691652,16.082449],[120.691932,16.082453],[120.691935,16.082182],[120.691938,16.081911],[120.691658,16.081908],[120.691378,16.081904],[120.691381,16.081633],[120.691384,16.081363],[120.691387,16.081092],[120.69139,16.080821]]],[[[120.63637,16.082627],[120.636375,16.082356],[120.636512,16.082357],[120.636793,16.082361],[120.637073,16.082364],[120.637353,16.082367],[120.63735,16.082638],[120.63707,16.082635],[120.63679,16.082632],[120.636509,16.082628],[120.63637,16.082627]]],[[[120.63638,16.082085],[120.636398,16.081001],[120.636528,16.081003],[120.636809,16.081006],[120.637089,16.081009],[120.637092,16.080738],[120.636812,16.080735],[120.636532,16.080732],[120.636334,16.080729],[120.636229,16.080457],[120.636255,16.080458],[120.636258,16.080187],[120.636124,16.080185],[120.636019,16.079913],[120.636261,16.079916],[120.636541,16.079919],[120.636822,16.079922],[120.637102,16.079925],[120.637099,16.080196],[120.636818,16.080193],[120.636538,16.08019],[120.636535,16.080461],[120.636815,16.080464],[120.637095,16.080467],[120.637099,16.080196],[120.637379,16.080199],[120.637382,16.079928],[120.637385,16.079657],[120.637666,16.07966],[120.637662,16.079931],[120.637659,16.080202],[120.637939,16.080205],[120.63822,16.080208],[120.6385,16.080211],[120.63878,16.080214],[120.638777,16.080485],[120.638497,16.080482],[120.638216,16.080479],[120.637936,16.080476],[120.637933,16.080747],[120.638213,16.08075],[120.638494,16.080753],[120.638774,16.080756],[120.638771,16.081027],[120.639051,16.08103],[120.639048,16.081301],[120.638767,16.081298],[120.638764,16.081569],[120.638484,16.081566],[120.638487,16.081295],[120.638207,16.081292],[120.637927,16.081289],[120.637646,16.081286],[120.637366,16.081283],[120.637363,16.081554],[120.637083,16.081551],[120.636802,16.081548],[120.636799,16.081819],[120.637079,16.081822],[120.63736,16.081825],[120.63764,16.081828],[120.63792,16.081831],[120.6382,16.081834],[120.638197,16.082105],[120.637917,16.082102],[120.637637,16.082099],[120.637634,16.08237],[120.637353,16.082367],[120.637356,16.082096],[120.637076,16.082093],[120.636796,16.08209],[120.636516,16.082086],[120.63638,16.082085]]],[[[120.641554,16.082684],[120.641834,16.082687],[120.641831,16.082958],[120.641551,16.082955],[120.641554,16.082684]]],[[[120.646322,16.082466],[120.646319,16.082737],[120.646599,16.08274],[120.646596,16.083011],[120.646316,16.083008],[120.646035,16.083005],[120.645755,16.083001],[120.645758,16.08273],[120.646039,16.082734],[120.646042,16.082463],[120.646322,16.082466]]],[[[120.652765,16.082808],[120.652762,16.083079],[120.652482,16.083075],[120.652485,16.082804],[120.652765,16.082808]]],[[[120.656405,16.083118],[120.656409,16.082848],[120.656412,16.082577],[120.656692,16.08258],[120.656689,16.082851],[120.656686,16.083122],[120.656405,16.083118]]],[[[120.642675,16.082697],[120.642672,16.082968],[120.642392,16.082964],[120.642395,16.082693],[120.642675,16.082697]]],[[[120.661454,16.082903],[120.66145,16.083174],[120.66117,16.083171],[120.661173,16.0829],[120.661454,16.082903]]],[[[120.667897,16.083244],[120.667617,16.083241],[120.66762,16.08297],[120.6679,16.082973],[120.667897,16.083244]]],[[[120.679388,16.083369],[120.679108,16.083366],[120.679111,16.083095],[120.679391,16.083098],[120.679388,16.083369]]],[[[120.699207,16.083615],[120.698927,16.083612],[120.69893,16.083341],[120.69921,16.083344],[120.699207,16.083615]]],[[[120.695283,16.083573],[120.695286,16.083302],[120.695289,16.083031],[120.695569,16.083034],[120.695566,16.083305],[120.695847,16.083308],[120.695843,16.083579],[120.695563,16.083576],[120.695283,16.083573]]],[[[120.696687,16.083317],[120.696684,16.083588],[120.696404,16.083585],[120.696407,16.083314],[120.696687,16.083317]]],[[[120.692203,16.083269],[120.6922,16.083539],[120.691919,16.083536],[120.691639,16.083533],[120.691642,16.083262],[120.691923,16.083265],[120.692203,16.083269]]],[[[120.642392,16.082964],[120.642389,16.083235],[120.642108,16.083232],[120.642111,16.082961],[120.642392,16.082964]]],[[[120.647994,16.083297],[120.647714,16.083294],[120.647717,16.083023],[120.647997,16.083026],[120.647994,16.083297]]],[[[120.656405,16.083118],[120.656402,16.083389],[120.656122,16.083386],[120.656125,16.083115],[120.656405,16.083118]]],[[[120.681631,16.083394],[120.681627,16.083665],[120.681347,16.083661],[120.68135,16.08339],[120.681631,16.083394]]],[[[120.638188,16.082918],[120.638184,16.083189],[120.637904,16.083186],[120.637624,16.083183],[120.637627,16.082912],[120.637907,16.082915],[120.638188,16.082918]]],[[[120.643233,16.082974],[120.643229,16.083245],[120.642949,16.083242],[120.642669,16.083238],[120.642672,16.082968],[120.642952,16.082971],[120.643233,16.082974]]],[[[120.644921,16.08245],[120.644917,16.082721],[120.644914,16.082992],[120.644911,16.083263],[120.644631,16.08326],[120.64435,16.083257],[120.64407,16.083254],[120.64379,16.083251],[120.643793,16.08298],[120.643513,16.082977],[120.643233,16.082974],[120.643236,16.082703],[120.643516,16.082706],[120.643796,16.082709],[120.644077,16.082712],[120.644357,16.082715],[120.644637,16.082718],[120.64464,16.082447],[120.644921,16.08245]]],[[[120.647163,16.082475],[120.64716,16.082746],[120.647156,16.083017],[120.647153,16.083288],[120.646873,16.083285],[120.646876,16.083014],[120.646879,16.082743],[120.646883,16.082472],[120.647163,16.082475]]],[[[120.670145,16.082727],[120.670142,16.082998],[120.670139,16.083269],[120.670136,16.08354],[120.669856,16.083537],[120.669575,16.083533],[120.669579,16.083262],[120.669859,16.083266],[120.669862,16.082995],[120.669865,16.082724],[120.670145,16.082727]]],[[[120.670989,16.082465],[120.67127,16.082468],[120.671267,16.082739],[120.671263,16.08301],[120.670983,16.083007],[120.67098,16.083278],[120.67126,16.083281],[120.671541,16.083284],[120.671821,16.083287],[120.671818,16.083558],[120.671537,16.083555],[120.671257,16.083552],[120.670977,16.083549],[120.670697,16.083546],[120.6707,16.083275],[120.670703,16.083004],[120.670706,16.082733],[120.670986,16.082736],[120.670989,16.082465]]],[[[120.674343,16.083314],[120.674624,16.083317],[120.67462,16.083588],[120.67434,16.083585],[120.674343,16.083314]]],[[[120.679388,16.083369],[120.679669,16.083372],[120.679949,16.083375],[120.679946,16.083646],[120.679665,16.083643],[120.679385,16.08364],[120.679388,16.083369]]],[[[120.683508,16.083717],[120.683228,16.083713],[120.683231,16.083442],[120.683234,16.083172],[120.683514,16.083175],[120.683511,16.083446],[120.683791,16.083449],[120.684071,16.083452],[120.684068,16.083723],[120.683788,16.08372],[120.683508,16.083717]]],[[[120.698646,16.083609],[120.698643,16.08388],[120.698363,16.083877],[120.698366,16.083606],[120.698646,16.083609]]],[[[120.653319,16.083356],[120.653316,16.083627],[120.653036,16.083624],[120.653039,16.083353],[120.653319,16.083356]]],[[[120.655839,16.083654],[120.655558,16.083651],[120.655561,16.08338],[120.655842,16.083383],[120.655839,16.083654]]],[[[120.646312,16.083279],[120.646593,16.083282],[120.646589,16.083553],[120.646309,16.08355],[120.646312,16.083279]]],[[[120.647994,16.083297],[120.648274,16.0833],[120.648271,16.083571],[120.647991,16.083568],[120.647994,16.083297]]],[[[120.670974,16.08382],[120.67097,16.084091],[120.67069,16.084088],[120.670693,16.083817],[120.670974,16.08382]]],[[[120.64042,16.083756],[120.64014,16.083753],[120.640143,16.083482],[120.640423,16.083485],[120.64042,16.083756]]],[[[120.643223,16.083787],[120.642943,16.083784],[120.642662,16.08378],[120.642666,16.083509],[120.642946,16.083513],[120.643226,16.083516],[120.643223,16.083787]]],[[[120.679946,16.083646],[120.680226,16.083649],[120.680229,16.083378],[120.680509,16.083381],[120.680506,16.083652],[120.680503,16.083923],[120.6805,16.084194],[120.68022,16.084191],[120.680223,16.08392],[120.679943,16.083917],[120.679946,16.083646]]],[[[120.667085,16.080796],[120.667081,16.081067],[120.667078,16.081338],[120.667075,16.081609],[120.667355,16.081612],[120.667352,16.081883],[120.667349,16.082154],[120.667346,16.082425],[120.667343,16.082696],[120.667339,16.082967],[120.667336,16.083238],[120.667333,16.083509],[120.66733,16.08378],[120.66705,16.083777],[120.667047,16.084048],[120.666766,16.084045],[120.666486,16.084042],[120.666489,16.083771],[120.666769,16.083774],[120.666773,16.083503],[120.667053,16.083506],[120.667056,16.083235],[120.666776,16.083232],[120.666495,16.083229],[120.666499,16.082958],[120.666502,16.082687],[120.666222,16.082684],[120.665941,16.082681],[120.665938,16.082952],[120.665658,16.082949],[120.665661,16.082678],[120.665381,16.082675],[120.665378,16.082946],[120.665097,16.082943],[120.6651,16.082672],[120.665104,16.082401],[120.665384,16.082404],[120.665387,16.082133],[120.665667,16.082136],[120.665948,16.082139],[120.665951,16.081868],[120.666231,16.081871],[120.666511,16.081874],[120.666514,16.081603],[120.666795,16.081606],[120.666798,16.081335],[120.666801,16.081064],[120.666521,16.081061],[120.666241,16.081058],[120.666244,16.080787],[120.666524,16.08079],[120.666804,16.080793],[120.667085,16.080796]],[[120.667069,16.082151],[120.666788,16.082148],[120.666785,16.082419],[120.667066,16.082422],[120.667069,16.082151]]],[[[120.684062,16.084265],[120.683782,16.084262],[120.683785,16.083991],[120.684065,16.083994],[120.684062,16.084265]]],[[[120.684626,16.084],[120.684906,16.084003],[120.684903,16.084274],[120.684623,16.084271],[120.684342,16.084268],[120.684345,16.083997],[120.684626,16.084]]],[[[120.691639,16.083533],[120.691636,16.083804],[120.691356,16.083801],[120.691353,16.084072],[120.691349,16.084343],[120.691069,16.08434],[120.690789,16.084337],[120.690792,16.084066],[120.691072,16.084069],[120.691075,16.083798],[120.691079,16.083527],[120.691359,16.08353],[120.691639,16.083533]]],[[[120.692754,16.084088],[120.692751,16.084359],[120.692471,16.084355],[120.692474,16.084084],[120.692754,16.084088]]],[[[120.641818,16.084042],[120.641822,16.083771],[120.642102,16.083774],[120.642099,16.084045],[120.641818,16.084042]]],[[[120.646583,16.084095],[120.646303,16.084092],[120.646306,16.083821],[120.646586,16.083824],[120.646583,16.084095]]],[[[120.663963,16.084014],[120.66396,16.084285],[120.66368,16.084282],[120.663683,16.084011],[120.663963,16.084014]]],[[[120.669849,16.084079],[120.67013,16.084082],[120.670126,16.084353],[120.669846,16.084349],[120.669849,16.084079]]],[[[120.645465,16.083811],[120.645462,16.084082],[120.645182,16.084079],[120.645185,16.083808],[120.645465,16.083811]]],[[[120.696391,16.084669],[120.696111,16.084666],[120.696114,16.084395],[120.696395,16.084398],[120.696391,16.084669]]],[[[120.642936,16.084325],[120.642656,16.084322],[120.642659,16.084051],[120.64294,16.084055],[120.642936,16.084325]]],[[[120.640694,16.084301],[120.640414,16.084298],[120.640417,16.084027],[120.64042,16.083756],[120.640701,16.083759],[120.640697,16.08403],[120.640694,16.084301]]],[[[120.641818,16.084042],[120.641815,16.084313],[120.641535,16.08431],[120.641538,16.084039],[120.641818,16.084042]]],[[[120.642099,16.084045],[120.642379,16.084048],[120.642376,16.084319],[120.642096,16.084316],[120.642099,16.084045]]],[[[120.649663,16.0844],[120.649383,16.084396],[120.649102,16.084393],[120.649106,16.084122],[120.649386,16.084125],[120.649666,16.084129],[120.649663,16.0844]]],[[[120.658912,16.084501],[120.658915,16.08423],[120.658918,16.083959],[120.659199,16.083962],[120.659196,16.084233],[120.659192,16.084504],[120.658912,16.084501]]],[[[120.677971,16.084709],[120.677691,16.084706],[120.677694,16.084435],[120.677414,16.084432],[120.677417,16.084161],[120.67742,16.08389],[120.6777,16.083893],[120.677981,16.083896],[120.677984,16.083625],[120.677987,16.083354],[120.678267,16.083357],[120.678548,16.08336],[120.678544,16.083631],[120.678541,16.083902],[120.678538,16.084173],[120.678818,16.084176],[120.678815,16.084447],[120.678535,16.084444],[120.678532,16.084715],[120.678251,16.084712],[120.677971,16.084709]]],[[[120.696949,16.084946],[120.696952,16.084675],[120.696672,16.084672],[120.696675,16.084401],[120.696678,16.08413],[120.696958,16.084133],[120.696961,16.083862],[120.696965,16.083591],[120.696968,16.08332],[120.696971,16.083049],[120.697251,16.083052],[120.697254,16.082781],[120.697257,16.08251],[120.69726,16.082239],[120.697264,16.081968],[120.697544,16.081971],[120.697547,16.0817],[120.697827,16.081703],[120.697824,16.081974],[120.698104,16.081977],[120.698101,16.082248],[120.697821,16.082245],[120.697541,16.082242],[120.697538,16.082513],[120.697818,16.082516],[120.697815,16.082787],[120.697812,16.083058],[120.697531,16.083055],[120.697528,16.083326],[120.697525,16.083597],[120.697522,16.083868],[120.697519,16.084139],[120.697516,16.08441],[120.697513,16.084681],[120.697232,16.084678],[120.697229,16.084949],[120.696949,16.084946]]],[[[120.684336,16.08481],[120.684056,16.084807],[120.684059,16.084536],[120.684339,16.084539],[120.684336,16.08481]]],[[[120.699207,16.083615],[120.699487,16.083618],[120.69949,16.083347],[120.699493,16.083076],[120.699774,16.083079],[120.699771,16.08335],[120.699767,16.083621],[120.700048,16.083624],[120.700045,16.083895],[120.700041,16.084166],[120.700322,16.084169],[120.700602,16.084172],[120.700599,16.084443],[120.700319,16.08444],[120.700038,16.084437],[120.700035,16.084708],[120.700032,16.084979],[120.699752,16.084976],[120.699472,16.084973],[120.699475,16.084702],[120.699478,16.084431],[120.699758,16.084434],[120.699761,16.084163],[120.699481,16.08416],[120.699201,16.084157],[120.699197,16.084428],[120.698917,16.084425],[120.69892,16.084154],[120.698923,16.083883],[120.699204,16.083886],[120.699207,16.083615]]],[[[120.702016,16.083103],[120.702013,16.083374],[120.70201,16.083645],[120.702007,16.083916],[120.702003,16.084187],[120.702,16.084458],[120.701997,16.084729],[120.701717,16.084726],[120.701437,16.084723],[120.701434,16.084994],[120.701153,16.084991],[120.701156,16.08472],[120.701159,16.084449],[120.701163,16.084178],[120.701443,16.084181],[120.701723,16.084184],[120.701726,16.083913],[120.701729,16.083642],[120.701449,16.083639],[120.701446,16.08391],[120.701166,16.083907],[120.700885,16.083904],[120.700889,16.083633],[120.701169,16.083636],[120.701172,16.083365],[120.701175,16.083094],[120.701455,16.083097],[120.701452,16.083368],[120.701733,16.083371],[120.701736,16.0831],[120.702016,16.083103]]],[[[120.68855,16.084042],[120.688547,16.084313],[120.688543,16.084584],[120.68854,16.084855],[120.68826,16.084852],[120.688263,16.084581],[120.688266,16.08431],[120.688269,16.084039],[120.68855,16.084042]]],[[[120.65695,16.08448],[120.656947,16.084751],[120.656667,16.084747],[120.65667,16.084476],[120.65695,16.08448]]],[[[120.658912,16.084501],[120.658909,16.084772],[120.658629,16.084769],[120.658632,16.084498],[120.658912,16.084501]]],[[[120.64686,16.084369],[120.646857,16.08464],[120.646577,16.084637],[120.64658,16.084366],[120.64686,16.084369]]],[[[120.649663,16.0844],[120.649943,16.084403],[120.64994,16.084674],[120.64966,16.084671],[120.649663,16.0844]]],[[[120.658071,16.084492],[120.658068,16.084763],[120.657788,16.08476],[120.657508,16.084757],[120.657227,16.084754],[120.65723,16.084483],[120.657511,16.084486],[120.657791,16.084489],[120.658071,16.084492]]],[[[120.671802,16.084913],[120.671522,16.08491],[120.671241,16.084907],[120.671244,16.084636],[120.671525,16.084639],[120.671805,16.084642],[120.671802,16.084913]]],[[[120.675726,16.084956],[120.675446,16.084952],[120.675165,16.084949],[120.675168,16.084678],[120.674888,16.084675],[120.674608,16.084672],[120.674328,16.084669],[120.674047,16.084666],[120.673767,16.084663],[120.67377,16.084392],[120.67405,16.084395],[120.674054,16.084124],[120.674334,16.084127],[120.674331,16.084398],[120.674611,16.084401],[120.674614,16.08413],[120.674894,16.084133],[120.675175,16.084136],[120.675455,16.08414],[120.675735,16.084143],[120.675732,16.084414],[120.676012,16.084417],[120.676009,16.084688],[120.675729,16.084685],[120.675726,16.084956]]],[[[120.676286,16.084962],[120.67629,16.084691],[120.67657,16.084694],[120.676567,16.084965],[120.676286,16.084962]]],[[[120.690786,16.084608],[120.691066,16.084611],[120.691063,16.084882],[120.69106,16.085153],[120.690779,16.08515],[120.690783,16.084879],[120.690502,16.084876],[120.690505,16.084605],[120.690786,16.084608]]],[[[120.696949,16.084946],[120.696946,16.085217],[120.696666,16.085214],[120.696669,16.084943],[120.696949,16.084946]]],[[[120.689658,16.085138],[120.689378,16.085135],[120.689381,16.084864],[120.689384,16.084593],[120.689387,16.084322],[120.689668,16.084325],[120.689671,16.084054],[120.689951,16.084057],[120.689948,16.084328],[120.689945,16.084599],[120.689942,16.08487],[120.689661,16.084867],[120.689658,16.085138]]],[[[120.703121,16.08447],[120.703118,16.084741],[120.703115,16.085012],[120.702835,16.085009],[120.702832,16.08528],[120.702552,16.085277],[120.702555,16.085006],[120.702558,16.084735],[120.702838,16.084738],[120.702841,16.084467],[120.702844,16.084196],[120.702847,16.083925],[120.702851,16.083654],[120.702854,16.083383],[120.702573,16.08338],[120.702576,16.083109],[120.702857,16.083112],[120.70286,16.082841],[120.702863,16.08257],[120.702866,16.082299],[120.702586,16.082296],[120.702589,16.082025],[120.702592,16.081754],[120.702872,16.081757],[120.702875,16.081486],[120.702879,16.081215],[120.703159,16.081218],[120.703156,16.081489],[120.703153,16.08176],[120.70315,16.082031],[120.703146,16.082302],[120.703427,16.082305],[120.703424,16.082576],[120.70342,16.082847],[120.703417,16.083118],[120.703414,16.083389],[120.703134,16.083386],[120.703131,16.083657],[120.703128,16.083928],[120.703125,16.084199],[120.703121,16.08447]]],[[[120.656386,16.084744],[120.656383,16.085015],[120.656103,16.085012],[120.656106,16.084741],[120.656386,16.084744]]],[[[120.655546,16.084735],[120.655542,16.085006],[120.655262,16.085003],[120.655265,16.084732],[120.655546,16.084735]]],[[[120.666476,16.084855],[120.666473,16.085126],[120.666193,16.085123],[120.666196,16.084852],[120.666476,16.084855]]],[[[120.68021,16.085004],[120.680207,16.085275],[120.679927,16.085272],[120.679647,16.085269],[120.67965,16.084998],[120.679369,16.084995],[120.679373,16.084724],[120.679653,16.084727],[120.679933,16.08473],[120.680213,16.084733],[120.68021,16.085004]]],[[[120.640694,16.084301],[120.640974,16.084304],[120.641255,16.084307],[120.641251,16.084578],[120.640971,16.084575],[120.640968,16.084846],[120.640688,16.084843],[120.640407,16.08484],[120.640411,16.084569],[120.640691,16.084572],[120.640694,16.084301]]],[[[120.668155,16.085144],[120.668158,16.084873],[120.668438,16.084876],[120.668442,16.084605],[120.668445,16.084334],[120.668448,16.084063],[120.668168,16.08406],[120.667887,16.084057],[120.667891,16.083786],[120.668171,16.083789],[120.668451,16.083792],[120.668731,16.083795],[120.668728,16.084066],[120.668725,16.084337],[120.668722,16.084608],[120.668719,16.084879],[120.668716,16.08515],[120.668435,16.085147],[120.668155,16.085144]]],[[[120.677124,16.085242],[120.676844,16.085239],[120.676563,16.085236],[120.676567,16.084965],[120.676847,16.084968],[120.677127,16.084971],[120.677124,16.085242]]],[[[120.693585,16.08491],[120.693582,16.085181],[120.693579,16.085452],[120.693299,16.085449],[120.693302,16.085178],[120.693305,16.084907],[120.693585,16.08491]]],[[[120.698067,16.085229],[120.698064,16.0855],[120.697784,16.085497],[120.697787,16.085226],[120.698067,16.085229]]],[[[120.688254,16.085394],[120.688257,16.085123],[120.688537,16.085126],[120.688534,16.085397],[120.688254,16.085394]]],[[[120.689658,16.085138],[120.689939,16.085141],[120.689936,16.085412],[120.689655,16.085409],[120.689658,16.085138]]],[[[120.696946,16.085217],[120.697226,16.08522],[120.697223,16.085491],[120.696943,16.085488],[120.696946,16.085217]]],[[[120.701153,16.084991],[120.70115,16.085262],[120.701147,16.085533],[120.700867,16.08553],[120.700586,16.085527],[120.70059,16.085256],[120.70087,16.085259],[120.700873,16.084988],[120.701153,16.084991]]],[[[120.646293,16.084905],[120.646574,16.084908],[120.64657,16.085179],[120.64629,16.085175],[120.646293,16.084905]]],[[[120.676286,16.084962],[120.676283,16.085233],[120.67628,16.085504],[120.676,16.085501],[120.676003,16.08523],[120.675723,16.085227],[120.675726,16.084956],[120.676006,16.084959],[120.676286,16.084962]]],[[[120.677124,16.085242],[120.677404,16.085245],[120.677401,16.085516],[120.677121,16.085513],[120.677124,16.085242]]],[[[120.654698,16.085268],[120.654418,16.085265],[120.654138,16.085262],[120.654141,16.084991],[120.654421,16.084994],[120.654702,16.084997],[120.654698,16.085268]]],[[[120.670117,16.085165],[120.670397,16.085169],[120.670678,16.085172],[120.670674,16.085443],[120.670394,16.08544],[120.670114,16.085436],[120.670117,16.085165]]],[[[120.684607,16.085626],[120.684327,16.085623],[120.684046,16.085619],[120.68405,16.085349],[120.683769,16.085345],[120.683772,16.085074],[120.684053,16.085078],[120.684333,16.085081],[120.684336,16.08481],[120.684616,16.084813],[120.684613,16.085084],[120.684893,16.085087],[120.68489,16.085358],[120.68461,16.085355],[120.684607,16.085626]]],[[[120.692175,16.085707],[120.692178,16.085436],[120.692181,16.085165],[120.692461,16.085168],[120.692741,16.085171],[120.693022,16.085175],[120.693019,16.085445],[120.692738,16.085442],[120.692735,16.085713],[120.692455,16.08571],[120.692175,16.085707]]],[[[120.663107,16.08536],[120.663387,16.085363],[120.663667,16.085366],[120.663664,16.085637],[120.663384,16.085634],[120.663104,16.085631],[120.663107,16.08536]]],[[[120.680201,16.085817],[120.679921,16.085814],[120.679924,16.085543],[120.680204,16.085546],[120.680201,16.085817]]],[[[120.642366,16.085132],[120.642363,16.085403],[120.642083,16.0854],[120.642086,16.085129],[120.642366,16.085132]]],[[[120.654138,16.085262],[120.654135,16.085533],[120.653854,16.08553],[120.653858,16.085259],[120.654138,16.085262]]],[[[120.654698,16.085268],[120.654979,16.085271],[120.654975,16.085542],[120.654695,16.085539],[120.654698,16.085268]]],[[[120.676,16.085501],[120.675997,16.085772],[120.675716,16.085768],[120.675436,16.085765],[120.675156,16.085762],[120.675159,16.085491],[120.675439,16.085494],[120.675719,16.085498],[120.676,16.085501]]],[[[120.688531,16.085668],[120.688528,16.085939],[120.688248,16.085936],[120.688251,16.085665],[120.688531,16.085668]]],[[[120.700583,16.085798],[120.70058,16.086069],[120.7003,16.086066],[120.700303,16.085795],[120.700583,16.085798]]],[[[120.665906,16.085662],[120.665626,16.085659],[120.665623,16.08593],[120.665343,16.085926],[120.665346,16.085655],[120.665349,16.085384],[120.665069,16.085381],[120.664788,16.085378],[120.664792,16.085107],[120.664511,16.085104],[120.664515,16.084833],[120.664518,16.084562],[120.664521,16.084291],[120.664801,16.084294],[120.665081,16.084297],[120.665078,16.084568],[120.664798,16.084565],[120.664795,16.084836],[120.665075,16.084839],[120.665355,16.084843],[120.665352,16.085114],[120.665632,16.085117],[120.665913,16.08512],[120.66591,16.085391],[120.665906,16.085662]]],[[[120.680201,16.085817],[120.680481,16.08582],[120.680478,16.086091],[120.680198,16.086088],[120.680201,16.085817]]],[[[120.638719,16.085363],[120.639,16.085366],[120.638996,16.085637],[120.638716,16.085634],[120.638719,16.085363]]],[[[120.641522,16.085394],[120.641519,16.085665],[120.641239,16.085662],[120.641242,16.085391],[120.641522,16.085394]]],[[[120.676554,16.086049],[120.676274,16.086046],[120.676277,16.085775],[120.676557,16.085778],[120.676554,16.086049]]],[[[120.692172,16.085978],[120.692168,16.086249],[120.691888,16.086246],[120.691891,16.085975],[120.692172,16.085978]]],[[[120.696373,16.086295],[120.696376,16.086024],[120.696656,16.086027],[120.696653,16.086298],[120.696373,16.086295]]],[[[120.687186,16.080775],[120.686906,16.080772],[120.686625,16.080769],[120.686345,16.080766],[120.686342,16.081037],[120.686339,16.081308],[120.686619,16.081311],[120.686616,16.081582],[120.686613,16.081853],[120.68661,16.082124],[120.686607,16.082395],[120.686326,16.082392],[120.686046,16.082389],[120.686043,16.08266],[120.686323,16.082663],[120.686603,16.082666],[120.6866,16.082937],[120.686881,16.08294],[120.686877,16.083211],[120.687158,16.083214],[120.687155,16.083485],[120.687435,16.083488],[120.687432,16.083759],[120.687429,16.08403],[120.687425,16.084301],[120.687422,16.084572],[120.687703,16.084575],[120.687699,16.084846],[120.687419,16.084843],[120.687416,16.085114],[120.687413,16.085385],[120.68741,16.085656],[120.687407,16.085927],[120.687126,16.085924],[120.687123,16.086195],[120.686843,16.086192],[120.686846,16.085921],[120.686849,16.08565],[120.686852,16.085379],[120.686855,16.085108],[120.687136,16.085111],[120.687139,16.08484],[120.687142,16.084569],[120.686862,16.084566],[120.686865,16.084295],[120.686585,16.084292],[120.686304,16.084289],[120.686301,16.08456],[120.686021,16.084557],[120.686018,16.084828],[120.685737,16.084825],[120.685741,16.084554],[120.685744,16.084283],[120.686024,16.084286],[120.686027,16.084015],[120.68603,16.083744],[120.686311,16.083747],[120.686314,16.083476],[120.686594,16.083479],[120.686597,16.083208],[120.686317,16.083205],[120.686314,16.083476],[120.686033,16.083473],[120.685753,16.08347],[120.685756,16.083199],[120.686037,16.083202],[120.68604,16.082931],[120.685759,16.082928],[120.685763,16.082657],[120.685766,16.082386],[120.685769,16.082115],[120.685772,16.081844],[120.686052,16.081847],[120.686055,16.081576],[120.685775,16.081573],[120.685778,16.081302],[120.685781,16.081031],[120.685501,16.081028],[120.685504,16.080757],[120.685785,16.08076],[120.686065,16.080763],[120.686068,16.080492],[120.685788,16.080489],[120.685791,16.080218],[120.685794,16.079947],[120.685797,16.079676],[120.685517,16.079673],[120.68552,16.079402],[120.6858,16.079405],[120.686081,16.079408],[120.686084,16.079137],[120.686087,16.078866],[120.686367,16.078869],[120.686364,16.07914],[120.686644,16.079143],[120.686924,16.079146],[120.686928,16.078875],[120.686931,16.078604],[120.687211,16.078607],[120.687491,16.07861],[120.687772,16.078613],[120.687768,16.078884],[120.687488,16.078881],[120.687485,16.079152],[120.687482,16.079423],[120.687479,16.079694],[120.687198,16.079691],[120.686918,16.079688],[120.686921,16.079417],[120.686641,16.079414],[120.686638,16.079685],[120.686358,16.079682],[120.686077,16.079679],[120.686074,16.07995],[120.686071,16.080221],[120.686351,16.080224],[120.686348,16.080495],[120.686629,16.080498],[120.686632,16.080227],[120.686912,16.08023],[120.687192,16.080233],[120.687189,16.080504],[120.687186,16.080775]]],[[[120.699472,16.084973],[120.699468,16.085244],[120.699749,16.085247],[120.699746,16.085518],[120.699742,16.085789],[120.699739,16.08606],[120.699736,16.086331],[120.699456,16.086328],[120.699176,16.086325],[120.698895,16.086322],[120.698898,16.086051],[120.698618,16.086048],[120.698621,16.085777],[120.698624,16.085506],[120.698905,16.085509],[120.699185,16.085512],[120.699188,16.085241],[120.698908,16.085238],[120.698911,16.084967],[120.699191,16.08497],[120.699472,16.084973]]],[[[120.636333,16.084795],[120.636361,16.083169],[120.636503,16.08317],[120.636783,16.083174],[120.636786,16.082903],[120.637067,16.082906],[120.637347,16.082909],[120.637344,16.08318],[120.637063,16.083177],[120.63706,16.083448],[120.63678,16.083444],[120.636777,16.083715],[120.637057,16.083719],[120.637337,16.083722],[120.63734,16.083451],[120.637344,16.08318],[120.637624,16.083183],[120.637621,16.083454],[120.637618,16.083725],[120.637898,16.083728],[120.637901,16.083457],[120.638181,16.08346],[120.638462,16.083463],[120.638465,16.083192],[120.638468,16.082921],[120.638188,16.082918],[120.638191,16.082647],[120.638471,16.08265],[120.638751,16.082653],[120.639032,16.082656],[120.639312,16.082659],[120.639592,16.082663],[120.639873,16.082666],[120.639876,16.082395],[120.640156,16.082398],[120.640153,16.082669],[120.640433,16.082672],[120.640713,16.082675],[120.640717,16.082404],[120.640997,16.082407],[120.641277,16.08241],[120.641557,16.082413],[120.641554,16.082684],[120.641274,16.082681],[120.640994,16.082678],[120.64099,16.082949],[120.640987,16.08322],[120.640707,16.083217],[120.640427,16.083214],[120.64043,16.082943],[120.64015,16.08294],[120.639869,16.082937],[120.639589,16.082933],[120.639586,16.083204],[120.639583,16.083475],[120.639863,16.083479],[120.63986,16.08375],[120.639579,16.083746],[120.639576,16.084017],[120.639573,16.084288],[120.639853,16.084291],[120.640134,16.084295],[120.640414,16.084298],[120.640411,16.084569],[120.64013,16.084566],[120.640127,16.084837],[120.640124,16.085108],[120.639844,16.085104],[120.639563,16.085101],[120.639283,16.085098],[120.639286,16.084827],[120.639567,16.08483],[120.63957,16.084559],[120.63929,16.084556],[120.639286,16.084827],[120.639006,16.084824],[120.638726,16.084821],[120.638446,16.084818],[120.638442,16.085089],[120.638723,16.085092],[120.638719,16.085363],[120.638439,16.08536],[120.638159,16.085357],[120.637879,16.085354],[120.637598,16.085351],[120.637602,16.08508],[120.637882,16.085083],[120.638162,16.085086],[120.638165,16.084815],[120.638168,16.084544],[120.638172,16.084273],[120.638452,16.084276],[120.638732,16.084279],[120.639012,16.084282],[120.639293,16.084285],[120.639296,16.084014],[120.639016,16.084011],[120.638735,16.084008],[120.638739,16.083737],[120.638458,16.083734],[120.638178,16.083731],[120.638175,16.084002],[120.637895,16.083999],[120.637614,16.083996],[120.637334,16.083993],[120.637331,16.084264],[120.637328,16.084535],[120.637047,16.084531],[120.636767,16.084528],[120.636487,16.084525],[120.636484,16.084796],[120.636333,16.084795]],[[120.639019,16.08374],[120.639299,16.083743],[120.639302,16.083472],[120.639022,16.083469],[120.639019,16.08374]],[[120.639028,16.082927],[120.639025,16.083198],[120.639306,16.083201],[120.639309,16.08293],[120.639028,16.082927]]],[[[120.663944,16.08564],[120.664225,16.085643],[120.664505,16.085646],[120.664502,16.085917],[120.664499,16.086188],[120.664218,16.086185],[120.664222,16.085914],[120.663941,16.085911],[120.663944,16.08564]]],[[[120.665062,16.085923],[120.665059,16.086194],[120.664779,16.086191],[120.664782,16.08592],[120.665062,16.085923]]],[[[120.667024,16.085945],[120.666744,16.085942],[120.666741,16.086213],[120.666461,16.08621],[120.666464,16.085939],[120.666184,16.085936],[120.665903,16.085933],[120.665906,16.085662],[120.666187,16.085665],[120.66619,16.085394],[120.66647,16.085397],[120.66675,16.0854],[120.666747,16.085671],[120.667028,16.085674],[120.667024,16.085945]]],[[[120.667024,16.085945],[120.667305,16.085948],[120.667302,16.086219],[120.667021,16.086216],[120.667024,16.085945]]],[[[120.670385,16.086252],[120.670388,16.085982],[120.670668,16.085985],[120.670665,16.086256],[120.670385,16.086252]]],[[[120.674869,16.086301],[120.674589,16.086298],[120.674592,16.086027],[120.674312,16.086024],[120.674315,16.085753],[120.674318,16.085482],[120.674038,16.085479],[120.674041,16.085208],[120.674321,16.085211],[120.674324,16.08494],[120.674605,16.084943],[120.674885,16.084946],[120.674882,16.085217],[120.674879,16.085488],[120.674875,16.085759],[120.674872,16.08603],[120.674869,16.086301]]],[[[120.684607,16.085626],[120.684887,16.085629],[120.684884,16.0859],[120.684881,16.086171],[120.684878,16.086442],[120.684598,16.086439],[120.684601,16.086168],[120.68432,16.086165],[120.684324,16.085894],[120.684604,16.085897],[120.684607,16.085626]]],[[[120.701695,16.086623],[120.701415,16.08662],[120.701418,16.086349],[120.701698,16.086352],[120.701695,16.086623]]],[[[120.688525,16.08621],[120.688522,16.086481],[120.688241,16.086478],[120.688244,16.086207],[120.688525,16.08621]]],[[[120.690776,16.085421],[120.690773,16.085692],[120.69077,16.085963],[120.690767,16.086234],[120.690487,16.086231],[120.690484,16.086502],[120.690203,16.086499],[120.690206,16.086228],[120.69021,16.085957],[120.690213,16.085686],[120.690493,16.085689],[120.690496,16.085418],[120.690776,16.085421]]],[[[120.698618,16.086048],[120.698615,16.086319],[120.698612,16.08659],[120.698332,16.086587],[120.698335,16.086316],[120.698338,16.086045],[120.698618,16.086048]]],[[[120.63927,16.086182],[120.63899,16.086179],[120.638993,16.085908],[120.639274,16.085911],[120.63927,16.086182]]],[[[120.637031,16.085886],[120.637028,16.086157],[120.636748,16.086154],[120.636468,16.086151],[120.636471,16.08588],[120.636751,16.085883],[120.636754,16.085612],[120.637035,16.085615],[120.637031,16.085886]]],[[[120.67907,16.086618],[120.67879,16.086615],[120.67851,16.086612],[120.678513,16.086341],[120.678516,16.08607],[120.678796,16.086073],[120.679077,16.086076],[120.679073,16.086347],[120.67907,16.086618]]],[[[120.672347,16.086274],[120.672627,16.086277],[120.672624,16.086548],[120.672343,16.086545],[120.672347,16.086274]]],[[[120.677949,16.086606],[120.677952,16.086335],[120.677672,16.086332],[120.677669,16.086603],[120.677389,16.0866],[120.677108,16.086597],[120.677111,16.086326],[120.676831,16.086323],[120.676834,16.086052],[120.677115,16.086055],[120.677118,16.085784],[120.677398,16.085787],[120.677678,16.08579],[120.677681,16.085519],[120.677962,16.085522],[120.677959,16.085793],[120.677955,16.086064],[120.678236,16.086067],[120.678233,16.086338],[120.678229,16.086609],[120.677949,16.086606]]],[[[120.695535,16.086015],[120.695532,16.086286],[120.695529,16.086557],[120.695526,16.086828],[120.695245,16.086825],[120.695248,16.086554],[120.695252,16.086283],[120.695255,16.086012],[120.695535,16.086015]]],[[[120.700577,16.08634],[120.700574,16.086611],[120.700571,16.086882],[120.700291,16.086879],[120.700294,16.086608],[120.700297,16.086337],[120.700577,16.08634]]],[[[120.698332,16.086587],[120.698329,16.086858],[120.698048,16.086855],[120.698051,16.086584],[120.698332,16.086587]]],[[[120.696373,16.086295],[120.69637,16.086566],[120.696366,16.086837],[120.696086,16.086834],[120.696089,16.086563],[120.696092,16.086292],[120.696373,16.086295]]],[[[120.674869,16.086301],[120.675149,16.086304],[120.675146,16.086575],[120.675143,16.086846],[120.674863,16.086843],[120.674866,16.086572],[120.674869,16.086301]]],[[[120.680469,16.086904],[120.680188,16.086901],[120.680191,16.08663],[120.680472,16.086633],[120.680469,16.086904]]],[[[120.680749,16.086907],[120.680752,16.086636],[120.681032,16.086639],[120.681029,16.08691],[120.680749,16.086907]]],[[[120.682449,16.0853],[120.682453,16.085029],[120.682456,16.084758],[120.682459,16.084487],[120.682739,16.08449],[120.682736,16.084761],[120.683016,16.084764],[120.683013,16.085035],[120.68301,16.085306],[120.683007,16.085577],[120.683287,16.08558],[120.683567,16.085583],[120.683564,16.085854],[120.683845,16.085857],[120.683841,16.086128],[120.684122,16.086131],[120.684119,16.086402],[120.683838,16.086399],[120.683835,16.08667],[120.684115,16.086673],[120.684112,16.086944],[120.683832,16.086941],[120.683552,16.086938],[120.683555,16.086667],[120.683275,16.086664],[120.683271,16.086935],[120.682991,16.086932],[120.682994,16.086661],[120.682714,16.086658],[120.682717,16.086387],[120.68272,16.086116],[120.68244,16.086113],[120.682443,16.085842],[120.682723,16.085845],[120.682727,16.085574],[120.68273,16.085303],[120.682449,16.0853]]],[[[120.687114,16.087008],[120.686834,16.087005],[120.686837,16.086734],[120.686556,16.086731],[120.68656,16.08646],[120.68684,16.086463],[120.68712,16.086466],[120.687117,16.086737],[120.687114,16.087008]]],[[[120.692162,16.086791],[120.692159,16.087062],[120.691879,16.087059],[120.691882,16.086788],[120.692162,16.086791]]],[[[120.696086,16.086834],[120.696083,16.087105],[120.695803,16.087102],[120.695806,16.086831],[120.696086,16.086834]]],[[[120.685164,16.085903],[120.685445,16.085906],[120.685442,16.086177],[120.685438,16.086448],[120.685719,16.086451],[120.685716,16.086722],[120.685712,16.086993],[120.685432,16.08699],[120.685152,16.086987],[120.685155,16.086716],[120.685158,16.086445],[120.685161,16.086174],[120.685164,16.085903]]],[[[120.647675,16.086546],[120.647672,16.086817],[120.647392,16.086814],[120.647395,16.086543],[120.647675,16.086546]]],[[[120.669815,16.087059],[120.669534,16.087056],[120.669537,16.086785],[120.669818,16.086788],[120.669815,16.087059]]],[[[120.672624,16.086548],[120.672904,16.086551],[120.672901,16.086822],[120.672898,16.087093],[120.672617,16.08709],[120.672621,16.086819],[120.672624,16.086548]]],[[[120.674038,16.085479],[120.674035,16.08575],[120.674031,16.086021],[120.674028,16.086292],[120.674025,16.086563],[120.674305,16.086566],[120.674302,16.086837],[120.674299,16.087108],[120.674019,16.087105],[120.673739,16.087102],[120.673742,16.086831],[120.673461,16.086828],[120.673465,16.086557],[120.673745,16.08656],[120.673748,16.086289],[120.673751,16.086018],[120.673754,16.085747],[120.673758,16.085476],[120.674038,16.085479]]],[[[120.680749,16.086907],[120.680746,16.087178],[120.680465,16.087175],[120.680469,16.086904],[120.680749,16.086907]]],[[[120.697481,16.087391],[120.697485,16.08712],[120.697765,16.087123],[120.697762,16.087394],[120.697481,16.087391]]],[[[120.646841,16.085995],[120.646561,16.085992],[120.64628,16.085988],[120.646277,16.086259],[120.646558,16.086262],[120.646838,16.086266],[120.646841,16.085995],[120.647121,16.085998],[120.647118,16.086269],[120.647115,16.08654],[120.646835,16.086537],[120.646831,16.086808],[120.646828,16.087079],[120.646548,16.087075],[120.646268,16.087072],[120.646271,16.086801],[120.645991,16.086798],[120.645994,16.086527],[120.645997,16.086256],[120.645717,16.086253],[120.64572,16.085982],[120.646,16.085985],[120.646003,16.085714],[120.646007,16.085443],[120.646287,16.085446],[120.646567,16.08545],[120.646847,16.085453],[120.646844,16.085724],[120.646841,16.085995]]],[[[120.660842,16.087232],[120.660562,16.087229],[120.660282,16.087226],[120.660001,16.087223],[120.660005,16.086952],[120.660285,16.086955],[120.660565,16.086958],[120.660846,16.086961],[120.660842,16.087232]]],[[[120.677102,16.087139],[120.677099,16.08741],[120.676819,16.087407],[120.676822,16.087136],[120.677102,16.087139]]],[[[120.67907,16.086618],[120.679351,16.086621],[120.679347,16.086892],[120.679344,16.087163],[120.679341,16.087434],[120.679061,16.087431],[120.679064,16.08716],[120.678784,16.087157],[120.678787,16.086886],[120.679067,16.086889],[120.67907,16.086618]]],[[[120.682443,16.085842],[120.682163,16.085838],[120.681883,16.085835],[120.681602,16.085832],[120.681599,16.086103],[120.681879,16.086106],[120.681876,16.086377],[120.682157,16.08638],[120.682153,16.086651],[120.681873,16.086648],[120.68187,16.086919],[120.681867,16.08719],[120.681864,16.087461],[120.681583,16.087458],[120.681587,16.087187],[120.681306,16.087184],[120.681309,16.086913],[120.681313,16.086642],[120.681316,16.086371],[120.681319,16.0861],[120.681322,16.085829],[120.681325,16.085558],[120.681045,16.085555],[120.681048,16.085284],[120.681328,16.085287],[120.681331,16.085016],[120.681051,16.085013],[120.681054,16.084742],[120.681335,16.084745],[120.681338,16.084474],[120.681341,16.084203],[120.681344,16.083932],[120.681624,16.083935],[120.681621,16.084206],[120.681901,16.08421],[120.681898,16.084481],[120.681895,16.084751],[120.681892,16.085022],[120.681889,16.085293],[120.682169,16.085297],[120.682449,16.0853],[120.682446,16.085571],[120.682443,16.085842]]],[[[120.645707,16.087066],[120.645427,16.087063],[120.64543,16.086792],[120.64571,16.086795],[120.645707,16.087066]]],[[[120.654676,16.087165],[120.654396,16.087162],[120.654399,16.086891],[120.654679,16.086894],[120.654676,16.087165]]],[[[120.671496,16.087078],[120.671493,16.087349],[120.671213,16.087346],[120.671216,16.087075],[120.671496,16.087078]]],[[[120.684389,16.087218],[120.68467,16.087221],[120.684667,16.087492],[120.684386,16.087489],[120.684389,16.087218]]],[[[120.687114,16.087008],[120.687394,16.087011],[120.687391,16.087282],[120.687671,16.087285],[120.687668,16.087556],[120.687388,16.087553],[120.687108,16.08755],[120.687111,16.087279],[120.687114,16.087008]]],[[[120.700284,16.087421],[120.700281,16.087692],[120.700001,16.087689],[120.700004,16.087418],[120.700284,16.087421]]],[[[120.697481,16.087391],[120.697478,16.087662],[120.697198,16.087659],[120.697201,16.087388],[120.697481,16.087391]]],[[[120.645707,16.087066],[120.645987,16.087069],[120.645984,16.08734],[120.645704,16.087337],[120.645707,16.087066]]],[[[120.654956,16.087168],[120.655237,16.087171],[120.655517,16.087174],[120.655797,16.087177],[120.655794,16.087448],[120.655514,16.087445],[120.655234,16.087442],[120.654953,16.087439],[120.654956,16.087168]]],[[[120.663645,16.087263],[120.663642,16.087534],[120.663362,16.087531],[120.663365,16.08726],[120.663645,16.087263]]],[[[120.677937,16.08769],[120.677656,16.087687],[120.677659,16.087416],[120.677663,16.087145],[120.677943,16.087148],[120.67794,16.087419],[120.677937,16.08769]]],[[[120.681583,16.087458],[120.68158,16.087729],[120.6813,16.087726],[120.681303,16.087455],[120.681583,16.087458]]],[[[120.660842,16.087232],[120.661123,16.087235],[120.661119,16.087506],[120.660839,16.087503],[120.660842,16.087232]]],[[[120.666731,16.087026],[120.666451,16.087023],[120.666448,16.087294],[120.666445,16.087565],[120.666165,16.087562],[120.665884,16.087558],[120.665604,16.087555],[120.665324,16.087552],[120.665327,16.087281],[120.66533,16.08701],[120.66561,16.087013],[120.665891,16.087017],[120.665887,16.087288],[120.666168,16.087291],[120.666171,16.08702],[120.666174,16.086749],[120.666454,16.086752],[120.666458,16.086481],[120.666738,16.086484],[120.666741,16.086213],[120.667021,16.086216],[120.667018,16.086487],[120.667015,16.086758],[120.666735,16.086755],[120.666731,16.087026]]],[[[120.668974,16.08705],[120.668971,16.087321],[120.668967,16.087592],[120.668687,16.087589],[120.66869,16.087318],[120.668693,16.087047],[120.668974,16.08705]]],[[[120.686264,16.087812],[120.686267,16.087541],[120.686547,16.087544],[120.686544,16.087815],[120.686264,16.087812]]],[[[120.687108,16.08755],[120.687104,16.087821],[120.686824,16.087818],[120.686827,16.087547],[120.687108,16.08755]]],[[[120.688509,16.087565],[120.688506,16.087836],[120.688226,16.087833],[120.688229,16.087562],[120.688509,16.087565]]],[[[120.69973,16.086873],[120.699727,16.087144],[120.699724,16.087415],[120.699721,16.087686],[120.699717,16.087957],[120.699437,16.087954],[120.69944,16.087683],[120.699443,16.087412],[120.699447,16.087141],[120.69945,16.08687],[120.699453,16.086599],[120.699733,16.086602],[120.69973,16.086873]]],[[[120.685703,16.087806],[120.685423,16.087803],[120.685426,16.087532],[120.685706,16.087535],[120.685703,16.087806]]],[[[120.694118,16.087355],[120.694121,16.087084],[120.693841,16.087081],[120.693838,16.087351],[120.694118,16.087355],[120.694115,16.087626],[120.694112,16.087896],[120.693831,16.087893],[120.693834,16.087622],[120.693554,16.087619],[120.693274,16.087616],[120.692994,16.087613],[120.692997,16.087342],[120.693277,16.087345],[120.69328,16.087074],[120.693283,16.086803],[120.693286,16.086532],[120.693567,16.086535],[120.693847,16.086539],[120.69385,16.086268],[120.693853,16.085997],[120.693573,16.085994],[120.693576,16.085723],[120.693856,16.085726],[120.69386,16.085455],[120.693863,16.085184],[120.693866,16.084913],[120.693585,16.08491],[120.693589,16.084639],[120.693869,16.084642],[120.694149,16.084645],[120.694152,16.084374],[120.693872,16.084371],[120.693875,16.0841],[120.693878,16.083829],[120.693881,16.083558],[120.693885,16.083287],[120.693888,16.083016],[120.693891,16.082745],[120.693611,16.082742],[120.693614,16.082471],[120.693617,16.0822],[120.69362,16.081929],[120.6939,16.081932],[120.693897,16.082203],[120.694177,16.082206],[120.694458,16.082209],[120.694738,16.082212],[120.694735,16.082483],[120.694732,16.082754],[120.694451,16.082751],[120.694171,16.082748],[120.694168,16.083019],[120.694448,16.083022],[120.694445,16.083293],[120.694442,16.083564],[120.694722,16.083567],[120.694725,16.083296],[120.695006,16.083299],[120.695003,16.08357],[120.695283,16.083573],[120.69528,16.083844],[120.695277,16.084115],[120.695273,16.084386],[120.694993,16.084383],[120.694996,16.084112],[120.694716,16.084109],[120.694719,16.083838],[120.694439,16.083835],[120.694436,16.084106],[120.694716,16.084109],[120.694713,16.08438],[120.694993,16.084383],[120.69499,16.084654],[120.694987,16.084925],[120.694984,16.085196],[120.695264,16.085199],[120.695544,16.085202],[120.695541,16.085473],[120.695538,16.085744],[120.695258,16.085741],[120.694978,16.085738],[120.694974,16.086009],[120.694971,16.08628],[120.694691,16.086277],[120.694411,16.086274],[120.694408,16.086545],[120.694127,16.086542],[120.694124,16.086813],[120.694404,16.086816],[120.694401,16.087087],[120.694398,16.087358],[120.694118,16.087355]]],[[[120.639547,16.086456],[120.639828,16.086459],[120.639824,16.08673],[120.639821,16.087001],[120.639818,16.087272],[120.639815,16.087543],[120.639535,16.08754],[120.639538,16.087269],[120.639541,16.086998],[120.639544,16.086727],[120.639547,16.086456]]],[[[120.651026,16.087667],[120.651029,16.087396],[120.65131,16.087399],[120.651306,16.08767],[120.651026,16.087667]]],[[[120.67485,16.087927],[120.674853,16.087656],[120.675134,16.087659],[120.675131,16.08793],[120.67485,16.087927]]],[[[120.637015,16.087241],[120.637296,16.087244],[120.637292,16.087515],[120.637012,16.087512],[120.636757,16.087509],[120.636732,16.087466],[120.636735,16.087238],[120.637015,16.087241]]],[[[120.645143,16.087331],[120.64514,16.087602],[120.64486,16.087599],[120.644863,16.087328],[120.645143,16.087331]]],[[[120.645984,16.08734],[120.646265,16.087343],[120.646261,16.087614],[120.645981,16.087611],[120.645984,16.08734]]],[[[120.661119,16.087506],[120.6614,16.087509],[120.661397,16.08778],[120.661116,16.087777],[120.661119,16.087506]]],[[[120.672328,16.0879],[120.672047,16.087897],[120.671767,16.087894],[120.67177,16.087623],[120.672051,16.087626],[120.672054,16.087355],[120.671773,16.087352],[120.671777,16.087081],[120.671496,16.087078],[120.671499,16.086807],[120.671503,16.086536],[120.671783,16.086539],[120.671786,16.086268],[120.671789,16.085997],[120.671792,16.085726],[120.671796,16.085455],[120.671515,16.085452],[120.671518,16.085181],[120.671799,16.085184],[120.671802,16.084913],[120.672082,16.084916],[120.672079,16.085187],[120.672359,16.08519],[120.672356,16.085461],[120.672076,16.085458],[120.672073,16.085729],[120.672353,16.085732],[120.67235,16.086003],[120.672347,16.086274],[120.672066,16.086271],[120.672063,16.086542],[120.67206,16.086813],[120.67234,16.086816],[120.672337,16.087087],[120.672334,16.087358],[120.672331,16.087629],[120.672328,16.0879]]],[[[120.679341,16.087434],[120.679621,16.087437],[120.679902,16.08744],[120.679899,16.087711],[120.679895,16.087982],[120.679615,16.087979],[120.679618,16.087708],[120.679338,16.087705],[120.679341,16.087434]]],[[[120.691025,16.088134],[120.690745,16.088131],[120.690748,16.08786],[120.690751,16.087589],[120.691032,16.087592],[120.691312,16.087595],[120.691309,16.087866],[120.691028,16.087863],[120.691025,16.088134]]],[[[120.686264,16.087812],[120.68626,16.088083],[120.68598,16.08808],[120.6857,16.088077],[120.685703,16.087806],[120.685983,16.087809],[120.686264,16.087812]]],[[[120.687662,16.088098],[120.687382,16.088095],[120.687385,16.087824],[120.687665,16.087827],[120.687662,16.088098]]],[[[120.656629,16.087999],[120.656348,16.087996],[120.656351,16.087725],[120.656632,16.087728],[120.656629,16.087999]]],[[[120.661954,16.088058],[120.661957,16.087787],[120.662237,16.08779],[120.662518,16.087793],[120.662798,16.087796],[120.663078,16.087799],[120.663075,16.08807],[120.662795,16.088067],[120.662515,16.088064],[120.662234,16.088061],[120.661954,16.088058]]],[[[120.675688,16.088207],[120.675408,16.088204],[120.675411,16.087933],[120.675691,16.087936],[120.675688,16.088207]]],[[[120.692146,16.088146],[120.692143,16.088417],[120.691863,16.088414],[120.691866,16.088143],[120.692146,16.088146]]],[[[120.69859,16.088487],[120.69831,16.088484],[120.698313,16.088213],[120.698593,16.088216],[120.69859,16.088487]]],[[[120.643175,16.087851],[120.643172,16.088122],[120.642892,16.088119],[120.642895,16.087848],[120.643175,16.087851]]],[[[120.661954,16.088058],[120.661951,16.088329],[120.661671,16.088325],[120.661674,16.088054],[120.661954,16.088058]]],[[[120.67485,16.087927],[120.674847,16.088198],[120.674844,16.088469],[120.674564,16.088466],[120.674567,16.088195],[120.674287,16.088192],[120.674006,16.088189],[120.674009,16.087918],[120.674013,16.087647],[120.674293,16.08765],[120.67429,16.087921],[120.67457,16.087924],[120.67485,16.087927]]],[[[120.646535,16.088159],[120.646255,16.088156],[120.645975,16.088153],[120.645978,16.087882],[120.646258,16.087885],[120.646261,16.087614],[120.646542,16.087617],[120.646538,16.087888],[120.646535,16.088159]]],[[[120.670923,16.088155],[120.67092,16.088426],[120.67064,16.088423],[120.670643,16.088152],[120.670923,16.088155]]],[[[120.681291,16.088539],[120.68101,16.088536],[120.681013,16.088265],[120.681294,16.088268],[120.681291,16.088539]]],[[[120.683533,16.088564],[120.683253,16.088561],[120.683256,16.08829],[120.683536,16.088293],[120.683533,16.088564]]],[[[120.685495,16.088585],[120.685215,16.088582],[120.685218,16.088311],[120.685498,16.088314],[120.685495,16.088585]]],[[[120.691025,16.088134],[120.691306,16.088137],[120.691302,16.088408],[120.691299,16.088679],[120.691019,16.088676],[120.690739,16.088673],[120.690742,16.088402],[120.691022,16.088405],[120.691025,16.088134]]],[[[120.645691,16.088421],[120.645411,16.088418],[120.645414,16.088147],[120.645694,16.08815],[120.645691,16.088421]]],[[[120.646535,16.088159],[120.646816,16.088162],[120.647096,16.088166],[120.647093,16.088437],[120.646812,16.088433],[120.646532,16.08843],[120.646535,16.088159]]],[[[120.672041,16.088439],[120.672038,16.08871],[120.671758,16.088707],[120.671761,16.088436],[120.672041,16.088439]]],[[[120.685495,16.088585],[120.685775,16.088588],[120.685772,16.088859],[120.685492,16.088856],[120.685495,16.088585]]],[[[120.683533,16.088564],[120.683813,16.088567],[120.68381,16.088838],[120.68353,16.088835],[120.683533,16.088564]]],[[[120.693539,16.088974],[120.693258,16.088971],[120.692978,16.088968],[120.692981,16.088697],[120.692984,16.088426],[120.693265,16.088429],[120.693268,16.088158],[120.692987,16.088155],[120.692984,16.088426],[120.692704,16.088423],[120.692707,16.088152],[120.69271,16.087881],[120.69299,16.087884],[120.693271,16.087887],[120.693551,16.08789],[120.693831,16.087893],[120.693828,16.088164],[120.693548,16.088161],[120.693545,16.088432],[120.693542,16.088703],[120.693539,16.088974]]],[[[120.695803,16.087102],[120.6958,16.087373],[120.695797,16.087644],[120.695793,16.087915],[120.69579,16.088186],[120.695787,16.088457],[120.695784,16.088728],[120.695504,16.088725],[120.695501,16.088996],[120.69522,16.088993],[120.695223,16.088722],[120.694943,16.088719],[120.69494,16.08899],[120.69466,16.088986],[120.694663,16.088716],[120.694666,16.088445],[120.694946,16.088448],[120.695227,16.088451],[120.69523,16.08818],[120.694949,16.088177],[120.694953,16.087906],[120.695233,16.087909],[120.695236,16.087638],[120.695239,16.087367],[120.695242,16.087096],[120.695522,16.087099],[120.695803,16.087102]]],[[[120.696622,16.089008],[120.696341,16.089005],[120.696061,16.089002],[120.696064,16.088731],[120.696345,16.088734],[120.696625,16.088737],[120.696622,16.089008]]],[[[120.679322,16.08906],[120.679042,16.089057],[120.679045,16.088786],[120.679325,16.088789],[120.679322,16.08906]]],[[[120.65746,16.088821],[120.65718,16.088818],[120.657183,16.088547],[120.657463,16.08855],[120.65746,16.088821]]],[[[120.662788,16.088609],[120.662785,16.08888],[120.662505,16.088877],[120.662508,16.088606],[120.662788,16.088609]]],[[[120.653536,16.088778],[120.653256,16.088775],[120.653259,16.088504],[120.653539,16.088507],[120.653536,16.088778]]],[[[120.671754,16.088978],[120.671474,16.088975],[120.671477,16.088704],[120.671758,16.088707],[120.671754,16.088978]]],[[[120.673997,16.089002],[120.673716,16.088999],[120.67372,16.088728],[120.674,16.088731],[120.673997,16.089002]]],[[[120.679338,16.087705],[120.679335,16.087976],[120.679055,16.087973],[120.678774,16.08797],[120.678771,16.088241],[120.679051,16.088244],[120.679332,16.088247],[120.679329,16.088518],[120.679048,16.088515],[120.678768,16.088512],[120.678765,16.088783],[120.678485,16.08878],[120.678481,16.089051],[120.678201,16.089048],[120.678204,16.088777],[120.678207,16.088506],[120.677927,16.088503],[120.677647,16.0885],[120.677367,16.088497],[120.67737,16.088226],[120.67765,16.088229],[120.67793,16.088232],[120.677933,16.087961],[120.677937,16.08769],[120.678217,16.087693],[120.678497,16.087696],[120.678777,16.087699],[120.678781,16.087428],[120.679061,16.087431],[120.679058,16.087702],[120.679338,16.087705]]],[[[120.692978,16.088968],[120.692975,16.089239],[120.692695,16.089236],[120.692698,16.088965],[120.692978,16.088968]]],[[[120.698581,16.0893],[120.6983,16.089297],[120.698304,16.089026],[120.698584,16.089029],[120.698581,16.0893]]],[[[120.697478,16.087662],[120.697759,16.087665],[120.698039,16.087668],[120.698042,16.087397],[120.698045,16.087126],[120.698325,16.087129],[120.698322,16.0874],[120.698319,16.087671],[120.698316,16.087942],[120.698036,16.087939],[120.697755,16.087936],[120.697752,16.088207],[120.697749,16.088478],[120.697746,16.088749],[120.697743,16.08902],[120.69774,16.089291],[120.69746,16.089288],[120.697463,16.089017],[120.697466,16.088746],[120.697185,16.088743],[120.696905,16.08874],[120.696908,16.088469],[120.696911,16.088198],[120.697192,16.088201],[120.697472,16.088204],[120.697475,16.087933],[120.697478,16.087662]]],[[[120.671754,16.088978],[120.672035,16.088981],[120.672032,16.089252],[120.671751,16.089249],[120.671754,16.088978]]],[[[120.684925,16.089392],[120.684645,16.089389],[120.684648,16.089118],[120.684928,16.089121],[120.684925,16.089392]]],[[[120.66026,16.089123],[120.659979,16.08912],[120.659982,16.088849],[120.660263,16.088852],[120.66026,16.089123]]],[[[120.676803,16.088762],[120.6768,16.089033],[120.676797,16.089303],[120.676516,16.0893],[120.676519,16.089029],[120.676523,16.088758],[120.676803,16.088762]]],[[[120.680721,16.089346],[120.68044,16.089343],[120.680443,16.089072],[120.680724,16.089075],[120.680721,16.089346]]],[[[120.689655,16.085409],[120.689652,16.08568],[120.689649,16.085951],[120.689646,16.086222],[120.689643,16.086493],[120.68964,16.086764],[120.689636,16.087035],[120.689633,16.087306],[120.689914,16.087309],[120.690194,16.087312],[120.690197,16.087041],[120.6902,16.08677],[120.69048,16.086773],[120.690477,16.087044],[120.690758,16.087047],[120.690754,16.087318],[120.690474,16.087315],[120.690471,16.087586],[120.690191,16.087583],[120.690188,16.087854],[120.690184,16.088125],[120.690181,16.088396],[120.690178,16.088667],[120.689898,16.088664],[120.689895,16.088935],[120.689892,16.089206],[120.689889,16.089477],[120.689608,16.089474],[120.689328,16.089471],[120.689048,16.089468],[120.688767,16.089465],[120.688487,16.089462],[120.68849,16.089191],[120.688493,16.08892],[120.688774,16.088923],[120.688777,16.088652],[120.689057,16.088655],[120.68906,16.088384],[120.689063,16.088113],[120.689344,16.088116],[120.68934,16.088387],[120.689337,16.088658],[120.689618,16.088661],[120.689621,16.08839],[120.689624,16.088119],[120.689627,16.087848],[120.68963,16.087577],[120.68935,16.087574],[120.68907,16.087571],[120.689073,16.0873],[120.689076,16.087029],[120.689079,16.086758],[120.689359,16.086761],[120.689362,16.08649],[120.689082,16.086487],[120.689085,16.086216],[120.689088,16.085945],[120.689092,16.085674],[120.689095,16.085403],[120.689375,16.085406],[120.689655,16.085409]]],[[[120.690729,16.089486],[120.690449,16.089483],[120.690452,16.089212],[120.690733,16.089215],[120.690729,16.089486]]],[[[120.692414,16.089233],[120.692411,16.089504],[120.692131,16.089501],[120.692134,16.08923],[120.692414,16.089233]]],[[[120.693539,16.088974],[120.693819,16.088977],[120.694099,16.08898],[120.694096,16.089251],[120.693816,16.089248],[120.693813,16.089519],[120.693532,16.089516],[120.693535,16.089245],[120.693539,16.088974]]],[[[120.69774,16.089291],[120.69802,16.089294],[120.698017,16.089565],[120.697737,16.089562],[120.69774,16.089291]]],[[[120.657454,16.089363],[120.657173,16.08936],[120.657176,16.089089],[120.657457,16.089092],[120.657454,16.089363]]],[[[120.679596,16.089605],[120.679316,16.089602],[120.679319,16.089331],[120.679599,16.089334],[120.679596,16.089605]]],[[[120.637556,16.088927],[120.637526,16.088873],[120.637557,16.088873],[120.637556,16.088927]]],[[[120.645137,16.087873],[120.645134,16.088144],[120.645131,16.088415],[120.645127,16.088686],[120.645124,16.088957],[120.645121,16.089228],[120.644841,16.089225],[120.644844,16.088954],[120.644847,16.088683],[120.64485,16.088412],[120.644854,16.088141],[120.644857,16.08787],[120.645137,16.087873]]],[[[120.646803,16.089246],[120.646806,16.088975],[120.647086,16.088978],[120.647083,16.089249],[120.646803,16.089246]]],[[[120.66082,16.089129],[120.660817,16.0894],[120.660537,16.089397],[120.66054,16.089126],[120.66082,16.089129]]],[[[120.684361,16.089657],[120.684081,16.089654],[120.684084,16.089383],[120.684364,16.089386],[120.684361,16.089657]]],[[[120.697737,16.089562],[120.697734,16.089833],[120.697453,16.08983],[120.697456,16.089559],[120.697737,16.089562]]],[[[120.64428,16.089219],[120.644277,16.08949],[120.643997,16.089486],[120.644,16.089215],[120.64428,16.089219]]],[[[120.646803,16.089246],[120.6468,16.089517],[120.646519,16.089514],[120.646522,16.089243],[120.646803,16.089246]]],[[[120.670063,16.089772],[120.670066,16.089501],[120.669786,16.089498],[120.669789,16.089227],[120.669792,16.088956],[120.669796,16.088685],[120.669799,16.088414],[120.669802,16.088143],[120.670082,16.088146],[120.670079,16.088417],[120.670076,16.088688],[120.670356,16.088691],[120.670353,16.088962],[120.670073,16.088959],[120.67007,16.08923],[120.67035,16.089233],[120.67063,16.089236],[120.670627,16.089507],[120.670624,16.089778],[120.670344,16.089775],[120.670063,16.089772]]],[[[120.675688,16.088207],[120.675968,16.08821],[120.675965,16.088481],[120.675962,16.088752],[120.675682,16.088749],[120.675679,16.08902],[120.675398,16.089017],[120.675395,16.089288],[120.675115,16.089285],[120.675112,16.089556],[120.675108,16.089827],[120.674828,16.089824],[120.674548,16.089821],[120.674551,16.08955],[120.674554,16.089279],[120.674557,16.089008],[120.674561,16.088737],[120.674841,16.08874],[120.675121,16.088743],[120.675124,16.088472],[120.675127,16.088201],[120.675408,16.088204],[120.675405,16.088475],[120.675685,16.088478],[120.675688,16.088207]]],[[[120.678195,16.08959],[120.678192,16.089861],[120.677911,16.089858],[120.677915,16.089587],[120.678195,16.08959]]],[[[120.682399,16.089635],[120.682679,16.089638],[120.682676,16.089909],[120.682396,16.089906],[120.682399,16.089635]]],[[[120.642876,16.089474],[120.642595,16.089471],[120.642315,16.089468],[120.642035,16.089465],[120.642038,16.089194],[120.642318,16.089197],[120.642599,16.0892],[120.642879,16.089203],[120.642876,16.089474]]],[[[120.653813,16.089052],[120.65381,16.089323],[120.653807,16.089594],[120.653526,16.089591],[120.65353,16.08932],[120.653533,16.089049],[120.653813,16.089052]]],[[[120.657454,16.089363],[120.657734,16.089366],[120.657731,16.089637],[120.65745,16.089634],[120.657454,16.089363]]],[[[120.67623,16.089839],[120.675949,16.089836],[120.675952,16.089565],[120.676233,16.089568],[120.67623,16.089839]]],[[[120.697453,16.08983],[120.69745,16.090101],[120.69717,16.090098],[120.697173,16.089827],[120.697453,16.08983]]],[[[120.651001,16.089835],[120.65072,16.089831],[120.650724,16.089561],[120.651004,16.089564],[120.651001,16.089835]]],[[[120.651561,16.089841],[120.651564,16.08957],[120.651845,16.089573],[120.652125,16.089576],[120.652122,16.089847],[120.651841,16.089844],[120.651561,16.089841]]],[[[120.653246,16.089588],[120.653243,16.089859],[120.652963,16.089856],[120.652966,16.089585],[120.653246,16.089588]]],[[[120.65745,16.089634],[120.657447,16.089905],[120.657167,16.089902],[120.65717,16.089631],[120.65745,16.089634]]],[[[120.643436,16.08948],[120.643433,16.089751],[120.643153,16.089748],[120.643156,16.089477],[120.643436,16.08948]]],[[[120.658568,16.089918],[120.658288,16.089915],[120.658008,16.089911],[120.658011,16.08964],[120.658291,16.089644],[120.658571,16.089647],[120.658568,16.089918]]],[[[120.665856,16.089997],[120.665575,16.089994],[120.665579,16.089723],[120.665859,16.089726],[120.665856,16.089997]]],[[[120.684925,16.089392],[120.685205,16.089395],[120.685485,16.089398],[120.685766,16.089401],[120.686046,16.089404],[120.686043,16.089675],[120.685763,16.089672],[120.68576,16.089943],[120.685756,16.090214],[120.685476,16.090211],[120.685196,16.090208],[120.684915,16.090205],[120.684919,16.089934],[120.684922,16.089663],[120.684925,16.089392]]],[[[120.697734,16.089833],[120.698014,16.089836],[120.698011,16.090107],[120.698291,16.09011],[120.698288,16.090381],[120.698008,16.090378],[120.697727,16.090375],[120.69773,16.090104],[120.697734,16.089833]]],[[[120.668378,16.090025],[120.668659,16.090028],[120.668656,16.090299],[120.668375,16.090296],[120.668378,16.090025]]],[[[120.637831,16.089413],[120.63768,16.089146],[120.637834,16.089147],[120.637831,16.089413]]],[[[120.651561,16.089841],[120.651558,16.090112],[120.651278,16.090109],[120.651281,16.089838],[120.651561,16.089841]]],[[[120.652682,16.089853],[120.652679,16.090124],[120.652399,16.090121],[120.652402,16.08985],[120.652682,16.089853]]],[[[120.672328,16.0879],[120.672608,16.087903],[120.672888,16.087906],[120.672885,16.088177],[120.672882,16.088448],[120.672879,16.088719],[120.672876,16.08899],[120.672872,16.089261],[120.672592,16.089258],[120.672589,16.089529],[120.672869,16.089532],[120.672866,16.089803],[120.672863,16.090074],[120.67286,16.090345],[120.67258,16.090342],[120.672583,16.090071],[120.672302,16.090068],[120.672306,16.089797],[120.672309,16.089526],[120.672312,16.089255],[120.672315,16.088984],[120.672318,16.088713],[120.672321,16.088442],[120.672041,16.088439],[120.672044,16.088168],[120.672325,16.088171],[120.672328,16.0879]]],[[[120.676784,16.090387],[120.676504,16.090384],[120.676507,16.090113],[120.676787,16.090116],[120.676784,16.090387]]],[[[120.678189,16.090132],[120.678185,16.090403],[120.677905,16.0904],[120.677908,16.090129],[120.678189,16.090132]]],[[[120.679596,16.089605],[120.679877,16.089608],[120.679873,16.089879],[120.67987,16.09015],[120.679867,16.090421],[120.679587,16.090418],[120.67959,16.090147],[120.679593,16.089876],[120.679596,16.089605]]],[[[120.682673,16.09018],[120.68267,16.090451],[120.68239,16.090448],[120.682393,16.090177],[120.682673,16.09018]]],[[[120.689315,16.090555],[120.689035,16.090552],[120.689038,16.090281],[120.689041,16.09001],[120.689044,16.089739],[120.689325,16.089742],[120.689605,16.089745],[120.689602,16.090016],[120.689599,16.090287],[120.689319,16.090284],[120.689315,16.090555]]],[[[120.696046,16.090357],[120.696042,16.090628],[120.695762,16.090625],[120.695765,16.090354],[120.696046,16.090357]]],[[[120.658845,16.090192],[120.659126,16.090195],[120.659123,16.090466],[120.658842,16.090463],[120.658845,16.090192]]],[[[120.660524,16.090481],[120.660527,16.09021],[120.660807,16.090213],[120.660804,16.090484],[120.660524,16.090481]]],[[[120.680721,16.089346],[120.681001,16.089349],[120.681281,16.089352],[120.681278,16.089623],[120.681275,16.089894],[120.681272,16.090165],[120.680991,16.090162],[120.680988,16.090433],[120.680708,16.09043],[120.680705,16.090701],[120.680425,16.090698],[120.680428,16.090427],[120.680431,16.090156],[120.680711,16.090159],[120.680714,16.089888],[120.680717,16.089617],[120.680721,16.089346]]],[[[120.646516,16.089785],[120.646796,16.089788],[120.646793,16.090059],[120.64679,16.09033],[120.64651,16.090327],[120.646513,16.090056],[120.646516,16.089785]]],[[[120.659683,16.090472],[120.659403,16.090469],[120.659406,16.090198],[120.659686,16.090201],[120.659683,16.090472]]],[[[120.674538,16.090634],[120.674258,16.090631],[120.674261,16.09036],[120.674542,16.090363],[120.674538,16.090634]]],[[[120.68295,16.090454],[120.683231,16.090457],[120.683227,16.090728],[120.682947,16.090725],[120.68295,16.090454]]],[[[120.691835,16.090853],[120.691555,16.09085],[120.691558,16.090579],[120.691561,16.090308],[120.691841,16.090311],[120.692121,16.090314],[120.692402,16.090317],[120.692682,16.09032],[120.692685,16.090049],[120.692965,16.090052],[120.693246,16.090055],[120.693243,16.090326],[120.693239,16.090597],[120.692959,16.090594],[120.692679,16.090591],[120.692399,16.090588],[120.692395,16.090859],[120.692115,16.090856],[120.692118,16.090585],[120.691838,16.090582],[120.691835,16.090853]]],[[[120.694077,16.090877],[120.69408,16.090606],[120.694361,16.090609],[120.694358,16.09088],[120.694077,16.090877]]],[[[120.644551,16.090035],[120.644831,16.090038],[120.644828,16.090309],[120.644825,16.09058],[120.644545,16.090577],[120.644548,16.090306],[120.644551,16.090035]]],[[[120.660524,16.090481],[120.660521,16.090752],[120.660241,16.090749],[120.65996,16.090746],[120.659963,16.090475],[120.659967,16.090204],[120.660247,16.090207],[120.660244,16.090478],[120.660524,16.090481]]],[[[120.676784,16.090387],[120.677064,16.09039],[120.677061,16.090661],[120.677058,16.090932],[120.676778,16.090929],[120.676781,16.090658],[120.676784,16.090387]]],[[[120.689315,16.090555],[120.689596,16.090558],[120.689593,16.090829],[120.689589,16.0911],[120.689309,16.091097],[120.689312,16.090826],[120.689315,16.090555]]],[[[120.690717,16.09057],[120.690714,16.090841],[120.690711,16.091112],[120.69043,16.091109],[120.690433,16.090838],[120.690437,16.090567],[120.69044,16.090296],[120.69072,16.090299],[120.690717,16.09057]]],[[[120.694077,16.090877],[120.694074,16.091148],[120.693794,16.091145],[120.693797,16.090874],[120.694077,16.090877]]],[[[120.640617,16.090804],[120.640337,16.090801],[120.64034,16.09053],[120.640621,16.090533],[120.640617,16.090804]]],[[[120.667525,16.0911],[120.667245,16.091097],[120.667248,16.090826],[120.667251,16.090555],[120.667531,16.090558],[120.667811,16.090561],[120.667808,16.090832],[120.667528,16.090829],[120.667525,16.0911]]],[[[120.661642,16.090764],[120.661639,16.091035],[120.661358,16.091032],[120.661362,16.090761],[120.661642,16.090764]]],[[[120.677058,16.090932],[120.677338,16.090936],[120.677335,16.091206],[120.677055,16.091203],[120.677058,16.090932]]],[[[120.678462,16.090677],[120.678743,16.09068],[120.67874,16.090951],[120.678736,16.091222],[120.678456,16.091219],[120.678459,16.090948],[120.678462,16.090677]]],[[[120.684903,16.091289],[120.684623,16.091286],[120.684626,16.091015],[120.684345,16.091012],[120.684349,16.090741],[120.684352,16.09047],[120.684632,16.090473],[120.684912,16.090476],[120.684909,16.090747],[120.684906,16.091018],[120.684903,16.091289]]],[[[120.687986,16.091322],[120.687706,16.091319],[120.687426,16.091316],[120.687429,16.091045],[120.687432,16.090774],[120.687712,16.090777],[120.687709,16.091048],[120.687989,16.091051],[120.687986,16.091322]]],[[[120.695756,16.091167],[120.695753,16.091437],[120.695472,16.091434],[120.695476,16.091163],[120.695756,16.091167]]],[[[120.689589,16.0911],[120.68987,16.091103],[120.689867,16.091374],[120.689586,16.091371],[120.689589,16.0911]]],[[[120.687986,16.091322],[120.688266,16.091325],[120.688263,16.091596],[120.687983,16.091593],[120.687986,16.091322]]],[[[120.640894,16.091078],[120.640614,16.091075],[120.640617,16.090804],[120.640898,16.090807],[120.640894,16.091078]]],[[[120.663881,16.09106],[120.663878,16.091331],[120.663598,16.091328],[120.663601,16.091057],[120.663881,16.09106]]],[[[120.671169,16.091139],[120.671449,16.091142],[120.671729,16.091145],[120.672009,16.091149],[120.672006,16.09142],[120.671726,16.091416],[120.671446,16.091413],[120.671165,16.09141],[120.671169,16.091139]]],[[[120.673128,16.091432],[120.672847,16.091429],[120.67285,16.091158],[120.67257,16.091155],[120.672573,16.090884],[120.672576,16.090613],[120.672857,16.090616],[120.673137,16.090619],[120.673417,16.090622],[120.673414,16.090893],[120.673411,16.091164],[120.673131,16.091161],[120.673128,16.091432]]],[[[120.681259,16.091249],[120.681539,16.091252],[120.681536,16.091523],[120.681256,16.09152],[120.681259,16.091249]]],[[[120.684903,16.091289],[120.685183,16.091292],[120.685464,16.091295],[120.68546,16.091566],[120.68518,16.091563],[120.6849,16.09156],[120.684903,16.091289]]],[[[120.693227,16.091681],[120.692947,16.091678],[120.692666,16.091675],[120.69267,16.091404],[120.69295,16.091407],[120.69323,16.09141],[120.693227,16.091681]]],[[[120.696591,16.091718],[120.696594,16.091447],[120.696597,16.091176],[120.696316,16.091173],[120.69632,16.090902],[120.6966,16.090905],[120.696603,16.090634],[120.696883,16.090637],[120.696886,16.090366],[120.697167,16.090369],[120.697164,16.09064],[120.697444,16.090643],[120.697441,16.090914],[120.69716,16.090911],[120.697157,16.091182],[120.697154,16.091453],[120.696874,16.09145],[120.696871,16.091721],[120.696591,16.091718]]],[[[120.644815,16.091393],[120.644818,16.091122],[120.645099,16.091125],[120.645095,16.091396],[120.644815,16.091393]]],[[[120.675647,16.09173],[120.675367,16.091727],[120.67537,16.091456],[120.67565,16.091459],[120.675647,16.09173]]],[[[120.678733,16.091493],[120.67873,16.091764],[120.67845,16.091761],[120.678453,16.09149],[120.678733,16.091493]]],[[[120.688263,16.091596],[120.688544,16.091599],[120.68854,16.09187],[120.68826,16.091867],[120.688263,16.091596]]],[[[120.640894,16.091078],[120.641175,16.091081],[120.641171,16.091352],[120.640891,16.091349],[120.640894,16.091078]]],[[[120.666974,16.090281],[120.666977,16.09001],[120.666697,16.090007],[120.666693,16.090278],[120.666974,16.090281],[120.666971,16.090552],[120.666967,16.090823],[120.666964,16.091094],[120.666684,16.09109],[120.666687,16.090819],[120.66669,16.090548],[120.66641,16.090545],[120.666407,16.090816],[120.666127,16.090813],[120.66613,16.090542],[120.665849,16.090539],[120.665569,16.090536],[120.665566,16.090807],[120.665846,16.09081],[120.665843,16.091081],[120.665563,16.091078],[120.66556,16.091349],[120.665556,16.09162],[120.665276,16.091617],[120.665279,16.091346],[120.664999,16.091343],[120.665002,16.091072],[120.665005,16.090801],[120.665009,16.09053],[120.664728,16.090527],[120.664731,16.090256],[120.665012,16.090259],[120.665015,16.089988],[120.665018,16.089717],[120.665298,16.08972],[120.665295,16.089991],[120.665292,16.090262],[120.665572,16.090265],[120.665853,16.090268],[120.666133,16.090271],[120.666136,16.09],[120.666416,16.090003],[120.66642,16.089732],[120.666423,16.089461],[120.666703,16.089465],[120.666706,16.089194],[120.666426,16.089191],[120.666429,16.08892],[120.666149,16.088916],[120.666146,16.089187],[120.666142,16.089458],[120.665862,16.089455],[120.665865,16.089184],[120.665868,16.088913],[120.665588,16.08891],[120.665585,16.089181],[120.665305,16.089178],[120.665024,16.089175],[120.665021,16.089446],[120.664741,16.089443],[120.664461,16.08944],[120.664464,16.089169],[120.664467,16.088898],[120.664187,16.088895],[120.664184,16.089166],[120.663903,16.089163],[120.663623,16.08916],[120.663343,16.089157],[120.663346,16.088886],[120.663066,16.088883],[120.663069,16.088612],[120.663072,16.088341],[120.663075,16.08807],[120.663355,16.088073],[120.663636,16.088076],[120.663632,16.088347],[120.663913,16.08835],[120.664193,16.088353],[120.664473,16.088356],[120.66447,16.088627],[120.66475,16.08863],[120.664754,16.088359],[120.665034,16.088362],[120.665037,16.088091],[120.664757,16.088088],[120.66476,16.087817],[120.66504,16.08782],[120.665321,16.087823],[120.665601,16.087826],[120.665881,16.087829],[120.665878,16.0881],[120.665598,16.088097],[120.665317,16.088094],[120.665314,16.088365],[120.665594,16.088368],[120.665875,16.088371],[120.666155,16.088374],[120.666158,16.088104],[120.666439,16.088107],[120.666442,16.087836],[120.666722,16.087839],[120.666725,16.087568],[120.667005,16.087571],[120.667286,16.087574],[120.667289,16.087303],[120.667009,16.0873],[120.666728,16.087297],[120.666731,16.087026],[120.667012,16.087029],[120.667292,16.087032],[120.667295,16.086761],[120.667298,16.08649],[120.667579,16.086493],[120.667582,16.086222],[120.667585,16.085951],[120.667865,16.085954],[120.667868,16.085683],[120.667588,16.08568],[120.667308,16.085677],[120.667028,16.085674],[120.667031,16.085403],[120.667311,16.085406],[120.667314,16.085135],[120.667317,16.084864],[120.667598,16.084867],[120.667594,16.085138],[120.667591,16.085409],[120.667872,16.085412],[120.667875,16.085141],[120.668155,16.085144],[120.668152,16.085415],[120.668432,16.085418],[120.668429,16.085689],[120.668426,16.08596],[120.668423,16.086231],[120.668142,16.086228],[120.668139,16.086499],[120.668136,16.08677],[120.667856,16.086767],[120.667853,16.087038],[120.668133,16.087041],[120.66813,16.087312],[120.667849,16.087309],[120.667846,16.08758],[120.667843,16.087851],[120.66784,16.088122],[120.667837,16.088393],[120.668117,16.088396],[120.66812,16.088125],[120.668401,16.088128],[120.668397,16.088399],[120.668394,16.08867],[120.668114,16.088667],[120.667834,16.088664],[120.66783,16.088935],[120.66755,16.088932],[120.667547,16.089203],[120.667827,16.089206],[120.667824,16.089477],[120.668104,16.08948],[120.668385,16.089483],[120.668382,16.089754],[120.668378,16.090025],[120.668098,16.090022],[120.668095,16.090293],[120.667815,16.09029],[120.667534,16.090287],[120.667538,16.090016],[120.667818,16.090019],[120.667821,16.089748],[120.667541,16.089745],[120.667538,16.090016],[120.667257,16.090013],[120.667254,16.090284],[120.666974,16.090281]],[[120.667273,16.088658],[120.666993,16.088655],[120.66699,16.088926],[120.66727,16.088929],[120.667273,16.088658],[120.667553,16.088661],[120.667556,16.08839],[120.667276,16.088387],[120.667273,16.088658]],[[120.666712,16.088652],[120.666716,16.088381],[120.666435,16.088378],[120.666432,16.088649],[120.666712,16.088652]]],[[[120.674538,16.090634],[120.674819,16.090637],[120.675099,16.09064],[120.675379,16.090643],[120.675376,16.090914],[120.675096,16.090911],[120.674816,16.090908],[120.674812,16.091179],[120.674809,16.09145],[120.674529,16.091447],[120.674526,16.091718],[120.674246,16.091715],[120.674249,16.091444],[120.674252,16.091173],[120.674255,16.090902],[120.674535,16.090905],[120.674538,16.090634]]],[[[120.683508,16.090731],[120.683788,16.090734],[120.683785,16.091005],[120.683782,16.091276],[120.683779,16.091547],[120.683498,16.091544],[120.683218,16.091541],[120.683215,16.091812],[120.682935,16.091809],[120.682938,16.091538],[120.682941,16.091267],[120.682944,16.090996],[120.683224,16.090999],[120.683221,16.09127],[120.683501,16.091273],[120.683505,16.091002],[120.683508,16.090731]]],[[[120.685741,16.091569],[120.685744,16.091298],[120.685747,16.091027],[120.685467,16.091024],[120.685186,16.091021],[120.685189,16.09075],[120.68547,16.090753],[120.68575,16.090756],[120.68603,16.090759],[120.686034,16.090488],[120.686037,16.090217],[120.686317,16.09022],[120.686314,16.090491],[120.686311,16.090762],[120.686308,16.091033],[120.686027,16.09103],[120.686024,16.091301],[120.686304,16.091304],[120.686585,16.091307],[120.686588,16.091036],[120.686591,16.090765],[120.686871,16.090768],[120.686874,16.090497],[120.687155,16.0905],[120.687152,16.090771],[120.687148,16.091042],[120.687145,16.091313],[120.687142,16.091584],[120.686862,16.091581],[120.686582,16.091578],[120.686301,16.091575],[120.686298,16.091846],[120.686018,16.091843],[120.686021,16.091572],[120.685741,16.091569]]],[[[120.695747,16.091979],[120.695466,16.091976],[120.695186,16.091973],[120.695189,16.091702],[120.695469,16.091705],[120.69575,16.091708],[120.695747,16.091979]]],[[[120.696591,16.091718],[120.696587,16.091989],[120.696307,16.091986],[120.69631,16.091715],[120.696591,16.091718]]],[[[120.641449,16.091626],[120.641168,16.091623],[120.641171,16.091352],[120.641452,16.091355],[120.641449,16.091626]]],[[[120.675647,16.09173],[120.675927,16.091733],[120.675924,16.092004],[120.675644,16.092001],[120.675647,16.09173]]],[[[120.679291,16.09177],[120.679288,16.092041],[120.679007,16.092038],[120.67901,16.091767],[120.679291,16.09177]]],[[[120.681259,16.091249],[120.680979,16.091246],[120.680976,16.091517],[120.680695,16.091514],[120.680692,16.091785],[120.680689,16.092056],[120.680409,16.092053],[120.680412,16.091782],[120.680415,16.091511],[120.680418,16.09124],[120.680421,16.090969],[120.680702,16.090972],[120.680982,16.090975],[120.680985,16.090704],[120.681265,16.090707],[120.681262,16.090978],[120.681259,16.091249]]],[[[120.68125,16.092062],[120.680969,16.092059],[120.680973,16.091788],[120.681253,16.091791],[120.68125,16.092062]]],[[[120.690137,16.09219],[120.689857,16.092187],[120.68986,16.091916],[120.689863,16.091645],[120.690144,16.091648],[120.690424,16.091651],[120.690421,16.091922],[120.690701,16.091925],[120.690698,16.092196],[120.690418,16.092193],[120.690137,16.09219]]],[[[120.692383,16.091943],[120.69238,16.092214],[120.6921,16.092211],[120.691819,16.092208],[120.691822,16.091937],[120.692103,16.09194],[120.692383,16.091943]]],[[[120.646213,16.091679],[120.646494,16.091682],[120.646491,16.091953],[120.64621,16.09195],[120.646213,16.091679]]],[[[120.683769,16.09236],[120.683489,16.092357],[120.683209,16.092354],[120.683212,16.092083],[120.683492,16.092086],[120.683772,16.092089],[120.683769,16.09236]]],[[[120.641449,16.091626],[120.641729,16.09163],[120.641726,16.091901],[120.641445,16.091897],[120.641449,16.091626]]],[[[120.673401,16.091977],[120.673398,16.092248],[120.673118,16.092245],[120.673121,16.091974],[120.673401,16.091977]]],[[[120.678163,16.0923],[120.678166,16.092029],[120.678447,16.092032],[120.678444,16.092303],[120.678163,16.0923]]],[[[120.68125,16.092062],[120.68153,16.092065],[120.681527,16.092336],[120.681247,16.092333],[120.68125,16.092062]]],[[[120.687139,16.091855],[120.687419,16.091858],[120.687416,16.092129],[120.687413,16.0924],[120.687133,16.092397],[120.686852,16.092394],[120.686856,16.092123],[120.686859,16.091852],[120.687139,16.091855]]],[[[120.664146,16.092418],[120.663865,16.092415],[120.663868,16.092144],[120.664149,16.092147],[120.664146,16.092418]]],[[[120.6748,16.092263],[120.674797,16.092534],[120.674516,16.092531],[120.674519,16.09226],[120.6748,16.092263]]],[[[120.642283,16.092178],[120.642003,16.092175],[120.642006,16.091904],[120.642286,16.091907],[120.642283,16.092178]]],[[[120.644251,16.091657],[120.643971,16.091654],[120.643968,16.091925],[120.643965,16.092196],[120.643684,16.092193],[120.643688,16.091922],[120.643691,16.091651],[120.643694,16.09138],[120.643697,16.091109],[120.643978,16.091112],[120.643974,16.091383],[120.644255,16.091386],[120.644251,16.091657]]],[[[120.645927,16.092218],[120.645646,16.092215],[120.64565,16.091944],[120.645653,16.091673],[120.645373,16.09167],[120.645376,16.091399],[120.645656,16.091402],[120.645659,16.091131],[120.645662,16.09086],[120.645666,16.090589],[120.645669,16.090318],[120.645949,16.090321],[120.645952,16.09005],[120.645956,16.089779],[120.645959,16.089508],[120.645678,16.089505],[120.645682,16.089234],[120.645685,16.088963],[120.645688,16.088692],[120.645968,16.088695],[120.645965,16.088966],[120.645962,16.089237],[120.646242,16.08924],[120.646239,16.089511],[120.646236,16.089782],[120.646233,16.090053],[120.646229,16.090324],[120.646226,16.090595],[120.645946,16.090592],[120.645943,16.090863],[120.646223,16.090866],[120.646503,16.090869],[120.6465,16.09114],[120.64622,16.091137],[120.646217,16.091408],[120.646213,16.091679],[120.645933,16.091676],[120.64593,16.091947],[120.645927,16.092218]]],[[[120.671997,16.092232],[120.671994,16.092503],[120.671713,16.0925],[120.671717,16.092229],[120.671997,16.092232]]],[[[120.67816,16.092571],[120.67788,16.092568],[120.6776,16.092564],[120.677603,16.092293],[120.677883,16.092297],[120.678163,16.0923],[120.67816,16.092571]]],[[[120.685741,16.091569],[120.685738,16.09184],[120.685734,16.092111],[120.686015,16.092114],[120.686012,16.092385],[120.686008,16.092656],[120.685728,16.092653],[120.685731,16.092382],[120.685451,16.092379],[120.685171,16.092376],[120.685174,16.092105],[120.685454,16.092108],[120.685457,16.091837],[120.68546,16.091566],[120.685741,16.091569]]],[[[120.685728,16.092653],[120.685725,16.092924],[120.685445,16.092921],[120.685448,16.09265],[120.685728,16.092653]]],[[[120.672551,16.092781],[120.672271,16.092778],[120.672274,16.092507],[120.672277,16.092236],[120.672557,16.092239],[120.672554,16.09251],[120.672551,16.092781]]],[[[120.63948,16.092147],[120.639477,16.092418],[120.639197,16.092415],[120.6392,16.092144],[120.63948,16.092147]]],[[[120.642283,16.092178],[120.642563,16.092181],[120.64256,16.092452],[120.64228,16.092449],[120.642283,16.092178]]],[[[120.645927,16.092218],[120.646207,16.092221],[120.646204,16.092492],[120.645924,16.092489],[120.645927,16.092218]]],[[[120.681524,16.092607],[120.681521,16.092878],[120.68124,16.092875],[120.681243,16.092604],[120.681524,16.092607]]],[[[120.690408,16.093006],[120.690128,16.093003],[120.690131,16.092732],[120.690411,16.092735],[120.690408,16.093006]]],[[[120.691533,16.092747],[120.69153,16.093018],[120.691249,16.093015],[120.691252,16.092744],[120.691533,16.092747]]],[[[120.643404,16.09219],[120.643401,16.092461],[120.643398,16.092732],[120.643118,16.092729],[120.643121,16.092458],[120.643124,16.092187],[120.643404,16.09219]]],[[[120.645646,16.092215],[120.645643,16.092486],[120.645363,16.092483],[120.64536,16.092754],[120.64508,16.092751],[120.645083,16.09248],[120.645086,16.092209],[120.645366,16.092212],[120.645646,16.092215]]],[[[120.67816,16.092571],[120.67844,16.092574],[120.678437,16.092845],[120.678434,16.093116],[120.678154,16.093113],[120.678157,16.092842],[120.67816,16.092571]]],[[[120.693227,16.091681],[120.693507,16.091684],[120.69351,16.091413],[120.693791,16.091416],[120.694071,16.091419],[120.694068,16.09169],[120.694065,16.091961],[120.693784,16.091958],[120.693781,16.092229],[120.694062,16.092232],[120.694058,16.092503],[120.693778,16.0925],[120.693498,16.092497],[120.693495,16.092768],[120.693492,16.093039],[120.693211,16.093036],[120.693208,16.093307],[120.692928,16.093304],[120.692931,16.093033],[120.692934,16.092762],[120.693214,16.092765],[120.693218,16.092494],[120.693221,16.092223],[120.693501,16.092226],[120.693504,16.091955],[120.693224,16.091952],[120.693227,16.091681]]],[[[120.644235,16.093012],[120.643955,16.093009],[120.643958,16.092738],[120.644239,16.092741],[120.644235,16.093012]]],[[[120.687123,16.09321],[120.68712,16.093481],[120.68684,16.093478],[120.68656,16.093475],[120.686279,16.093472],[120.685999,16.093469],[120.686002,16.093198],[120.686282,16.093201],[120.686563,16.093204],[120.686843,16.093207],[120.687123,16.09321]]],[[[120.689646,16.093237],[120.689643,16.093508],[120.689363,16.093505],[120.689366,16.093234],[120.689646,16.093237]]],[[[120.671165,16.09141],[120.671162,16.091681],[120.670882,16.091678],[120.670602,16.091675],[120.670321,16.091672],[120.670318,16.091943],[120.670599,16.091946],[120.670595,16.092217],[120.670876,16.09222],[120.670873,16.092491],[120.670592,16.092488],[120.670312,16.092485],[120.670032,16.092482],[120.669751,16.092479],[120.669748,16.09275],[120.669745,16.093021],[120.669742,16.093292],[120.669739,16.093563],[120.669458,16.09356],[120.669462,16.093289],[120.669465,16.093018],[120.669184,16.093015],[120.669188,16.092744],[120.669468,16.092747],[120.669471,16.092476],[120.669474,16.092205],[120.669477,16.091934],[120.669197,16.091931],[120.668917,16.091928],[120.668637,16.091925],[120.668633,16.092196],[120.668353,16.092193],[120.668073,16.09219],[120.66807,16.092461],[120.667789,16.092458],[120.667792,16.092187],[120.667512,16.092184],[120.667509,16.092455],[120.667229,16.092451],[120.667232,16.092181],[120.666952,16.092177],[120.666955,16.091906],[120.666958,16.091635],[120.666678,16.091632],[120.666681,16.091361],[120.666961,16.091365],[120.667241,16.091368],[120.667522,16.091371],[120.667525,16.0911],[120.667805,16.091103],[120.668085,16.091106],[120.668082,16.091377],[120.668363,16.09138],[120.668366,16.091109],[120.668085,16.091106],[120.668089,16.090835],[120.668092,16.090564],[120.668372,16.090567],[120.668369,16.090838],[120.668649,16.090841],[120.668929,16.090844],[120.66921,16.090847],[120.669213,16.090576],[120.669216,16.090305],[120.669219,16.090034],[120.669222,16.089763],[120.669503,16.089766],[120.6695,16.090037],[120.66978,16.09004],[120.669783,16.089769],[120.670063,16.089772],[120.67006,16.090043],[120.670057,16.090314],[120.670337,16.090317],[120.670334,16.090588],[120.670614,16.090591],[120.670618,16.09032],[120.670621,16.090049],[120.670901,16.090052],[120.670898,16.090323],[120.670895,16.090594],[120.671175,16.090597],[120.671172,16.090868],[120.671169,16.091139],[120.670888,16.091136],[120.670608,16.091133],[120.670611,16.090862],[120.670331,16.090859],[120.670328,16.09113],[120.670608,16.091133],[120.670605,16.091404],[120.670885,16.091407],[120.671165,16.09141]],[[120.667519,16.091642],[120.667238,16.091639],[120.667235,16.09191],[120.667515,16.091913],[120.667519,16.091642]],[[120.667796,16.091916],[120.668076,16.091919],[120.668356,16.091922],[120.668359,16.091651],[120.668079,16.091648],[120.667799,16.091645],[120.667796,16.091916]],[[120.669484,16.091392],[120.669764,16.091395],[120.669767,16.091124],[120.670047,16.091127],[120.670051,16.090856],[120.670054,16.090585],[120.669773,16.090582],[120.669493,16.090579],[120.66949,16.09085],[120.669487,16.091121],[120.669484,16.091392]]],[[[120.646194,16.093305],[120.645914,16.093302],[120.645917,16.093031],[120.646197,16.093034],[120.646194,16.093305]]],[[[120.678154,16.093113],[120.678151,16.093384],[120.678431,16.093387],[120.678428,16.093658],[120.678148,16.093655],[120.677867,16.093651],[120.677587,16.093648],[120.67759,16.093377],[120.677593,16.093106],[120.677874,16.093109],[120.678154,16.093113]]],[[[120.680673,16.093411],[120.680954,16.093414],[120.680951,16.093685],[120.68067,16.093682],[120.68039,16.093679],[120.68011,16.093676],[120.679829,16.093673],[120.679832,16.093402],[120.679836,16.093131],[120.680116,16.093134],[120.680113,16.093405],[120.680393,16.093408],[120.680673,16.093411]]],[[[120.683757,16.093444],[120.683753,16.093715],[120.683473,16.093712],[120.683476,16.093441],[120.683757,16.093444]]],[[[120.685158,16.09346],[120.685155,16.093731],[120.684875,16.093727],[120.684594,16.093724],[120.684598,16.093453],[120.684878,16.093457],[120.685158,16.09346]]],[[[120.688799,16.09377],[120.688519,16.093767],[120.688238,16.093764],[120.688241,16.093493],[120.688244,16.093222],[120.688248,16.092951],[120.688251,16.09268],[120.688254,16.092409],[120.688257,16.092138],[120.688537,16.092141],[120.688818,16.092144],[120.689098,16.092147],[120.689378,16.09215],[120.689375,16.092421],[120.689372,16.092692],[120.689092,16.092689],[120.689089,16.09296],[120.689085,16.093231],[120.689082,16.093502],[120.688802,16.093499],[120.688799,16.09377]]],[[[120.64535,16.093567],[120.645353,16.093296],[120.645357,16.093025],[120.645637,16.093028],[120.645634,16.093299],[120.645631,16.09357],[120.64535,16.093567]]],[[[120.664133,16.093502],[120.66413,16.093773],[120.663849,16.09377],[120.663853,16.093499],[120.663572,16.093496],[120.663292,16.093493],[120.663295,16.093222],[120.663575,16.093225],[120.663856,16.093228],[120.664136,16.093231],[120.664133,16.093502]]],[[[120.664413,16.093505],[120.664693,16.093508],[120.664974,16.093511],[120.664971,16.093782],[120.66469,16.093779],[120.66441,16.093776],[120.664413,16.093505]]],[[[120.669739,16.093563],[120.670019,16.093566],[120.670016,16.093837],[120.669736,16.093834],[120.669739,16.093563]]],[[[120.639471,16.09296],[120.639467,16.093231],[120.639464,16.093502],[120.639184,16.093499],[120.639187,16.093228],[120.63919,16.092957],[120.639471,16.09296]]],[[[120.671417,16.093852],[120.671137,16.093849],[120.67114,16.093578],[120.67142,16.093581],[120.671417,16.093852]]],[[[120.672551,16.092781],[120.672831,16.092784],[120.672835,16.092513],[120.673115,16.092516],[120.673112,16.092787],[120.673109,16.093058],[120.673389,16.093061],[120.673669,16.093064],[120.673666,16.093335],[120.673663,16.093606],[120.67366,16.093877],[120.673379,16.093874],[120.673383,16.093603],[120.673386,16.093332],[120.673105,16.093329],[120.673102,16.0936],[120.672822,16.093597],[120.672825,16.093326],[120.672545,16.093323],[120.672548,16.093052],[120.672551,16.092781]]],[[[120.690477,16.094059],[120.690481,16.093788],[120.690761,16.093791],[120.690758,16.094062],[120.690477,16.094059]]],[[[120.647589,16.093862],[120.647309,16.093859],[120.647312,16.093588],[120.647593,16.093591],[120.647589,16.093862]]],[[[120.646194,16.093305],[120.646475,16.093308],[120.646471,16.093579],[120.646468,16.09385],[120.646188,16.093847],[120.646191,16.093576],[120.646194,16.093305]]],[[[120.678985,16.093935],[120.678982,16.094206],[120.678702,16.094203],[120.678422,16.0942],[120.678425,16.093929],[120.678705,16.093932],[120.678708,16.093661],[120.678711,16.09339],[120.678992,16.093393],[120.678988,16.093664],[120.678985,16.093935]]],[[[120.64535,16.093567],[120.645347,16.093838],[120.645344,16.094109],[120.645064,16.094105],[120.645067,16.093834],[120.644786,16.093831],[120.64479,16.09356],[120.644509,16.093557],[120.644513,16.093286],[120.644232,16.093283],[120.644235,16.093012],[120.644516,16.093015],[120.644519,16.092744],[120.644522,16.092473],[120.644242,16.09247],[120.644245,16.092199],[120.644525,16.092202],[120.644529,16.091931],[120.644532,16.09166],[120.644812,16.091664],[120.645092,16.091667],[120.645089,16.091938],[120.645086,16.092209],[120.644806,16.092206],[120.644802,16.092477],[120.644799,16.092747],[120.644796,16.093018],[120.645076,16.093022],[120.645073,16.093293],[120.64507,16.093564],[120.64535,16.093567]]],[[[120.647589,16.093862],[120.64787,16.093865],[120.647866,16.094136],[120.647586,16.094133],[120.647589,16.093862]]],[[[120.64843,16.093872],[120.648427,16.094143],[120.648147,16.094139],[120.64815,16.093868],[120.64843,16.093872]]],[[[120.64871,16.093875],[120.648991,16.093878],[120.648988,16.094149],[120.648707,16.094146],[120.64871,16.093875]]],[[[120.665245,16.094327],[120.665248,16.094056],[120.665528,16.094059],[120.665525,16.09433],[120.665245,16.094327]]],[[[120.640299,16.094053],[120.640018,16.09405],[120.639738,16.094047],[120.639458,16.094044],[120.639461,16.093773],[120.639741,16.093776],[120.640022,16.093779],[120.640302,16.093782],[120.640299,16.094053]]],[[[120.666926,16.094345],[120.666646,16.094342],[120.666649,16.094071],[120.666652,16.0938],[120.666655,16.093529],[120.666659,16.093258],[120.666378,16.093255],[120.666098,16.093252],[120.666095,16.093523],[120.665815,16.09352],[120.665811,16.093791],[120.665531,16.093788],[120.665251,16.093785],[120.665254,16.093514],[120.665257,16.093243],[120.665537,16.093246],[120.665541,16.092975],[120.665544,16.092704],[120.665824,16.092707],[120.665827,16.092436],[120.665547,16.092433],[120.665544,16.092704],[120.665264,16.092701],[120.665267,16.09243],[120.66527,16.092159],[120.66555,16.092162],[120.665553,16.091891],[120.665556,16.09162],[120.665837,16.091623],[120.665834,16.091894],[120.666114,16.091897],[120.666394,16.0919],[120.666674,16.091903],[120.666671,16.092174],[120.666952,16.092177],[120.666948,16.092448],[120.666668,16.092445],[120.666665,16.092716],[120.666662,16.092987],[120.666942,16.09299],[120.666945,16.092719],[120.667226,16.092722],[120.667222,16.092993],[120.667219,16.093264],[120.667216,16.093535],[120.667213,16.093806],[120.666933,16.093803],[120.666929,16.094074],[120.666926,16.094345]]],[[[120.671978,16.093858],[120.671975,16.094129],[120.671972,16.0944],[120.671691,16.094397],[120.671694,16.094126],[120.671698,16.093855],[120.671978,16.093858]]],[[[120.675641,16.092272],[120.675921,16.092275],[120.675918,16.092546],[120.675915,16.092817],[120.675911,16.093088],[120.675908,16.093359],[120.675905,16.09363],[120.675902,16.093901],[120.675899,16.094172],[120.675896,16.094443],[120.675615,16.09444],[120.675619,16.094169],[120.675622,16.093898],[120.675625,16.093627],[120.675628,16.093356],[120.675348,16.093353],[120.675351,16.093082],[120.675354,16.092811],[120.675357,16.09254],[120.67536,16.092269],[120.675641,16.092272]]],[[[120.677581,16.09419],[120.677578,16.094461],[120.677297,16.094458],[120.6773,16.094187],[120.677581,16.09419]]],[[[120.681502,16.094504],[120.681221,16.094501],[120.680941,16.094498],[120.680944,16.094227],[120.681225,16.09423],[120.681505,16.094233],[120.681502,16.094504]]],[[[120.642828,16.093539],[120.643108,16.093542],[120.643105,16.093813],[120.642824,16.09381],[120.642544,16.093807],[120.642541,16.094078],[120.642538,16.094349],[120.642257,16.094346],[120.642261,16.094075],[120.642264,16.093804],[120.641984,16.0938],[120.641987,16.09353],[120.64199,16.093259],[120.641993,16.092988],[120.641996,16.092717],[120.642277,16.09272],[120.642273,16.092991],[120.64227,16.093262],[120.642551,16.093265],[120.642547,16.093536],[120.642828,16.093539]]],[[[120.640299,16.094053],[120.640579,16.094056],[120.640859,16.094059],[120.640856,16.09433],[120.640576,16.094327],[120.640295,16.094324],[120.640299,16.094053]]],[[[120.646465,16.094121],[120.646462,16.094392],[120.646182,16.094389],[120.646185,16.094118],[120.646465,16.094121]]],[[[120.666926,16.094345],[120.667207,16.094348],[120.667203,16.094619],[120.666923,16.094616],[120.666926,16.094345]]],[[[120.674775,16.094431],[120.674771,16.094702],[120.674491,16.094699],[120.674494,16.094428],[120.674775,16.094431]]],[[[120.681502,16.094504],[120.681782,16.094507],[120.681779,16.094778],[120.681499,16.094775],[120.681502,16.094504]]],[[[120.645621,16.094383],[120.645618,16.094654],[120.645337,16.094651],[120.645341,16.09438],[120.645621,16.094383]]],[[[120.688506,16.094851],[120.688503,16.095122],[120.688223,16.095119],[120.688226,16.094848],[120.687945,16.094845],[120.687949,16.094574],[120.688229,16.094577],[120.688232,16.094306],[120.688512,16.094309],[120.688793,16.094312],[120.688789,16.094583],[120.688509,16.09458],[120.688506,16.094851]]],[[[120.690194,16.094327],[120.690474,16.09433],[120.690755,16.094333],[120.690752,16.094604],[120.690748,16.094875],[120.690745,16.095146],[120.690465,16.095143],[120.690468,16.094872],[120.690188,16.094869],[120.690191,16.094598],[120.690194,16.094327]]],[[[120.665245,16.094327],[120.665241,16.094598],[120.664961,16.094595],[120.664958,16.094866],[120.664678,16.094863],[120.664397,16.09486],[120.6644,16.094589],[120.664681,16.094592],[120.664684,16.094321],[120.664964,16.094324],[120.665245,16.094327]]],[[[120.682903,16.094519],[120.6829,16.09479],[120.68318,16.094793],[120.683177,16.095064],[120.682897,16.095061],[120.682617,16.095058],[120.68262,16.094787],[120.682339,16.094784],[120.682343,16.094513],[120.682623,16.094516],[120.682903,16.094519]]],[[[120.685983,16.094824],[120.68598,16.095095],[120.6857,16.095092],[120.685703,16.094821],[120.685706,16.09455],[120.685709,16.094279],[120.685712,16.094008],[120.685993,16.094011],[120.685996,16.09374],[120.686276,16.093743],[120.686273,16.094014],[120.686553,16.094017],[120.68655,16.094288],[120.686547,16.094559],[120.686827,16.094562],[120.686824,16.094833],[120.686544,16.09483],[120.686264,16.094827],[120.685983,16.094824]]],[[[120.664397,16.09486],[120.664394,16.095131],[120.664114,16.095128],[120.663834,16.095125],[120.663837,16.094854],[120.664117,16.094857],[120.664397,16.09486]]],[[[120.642535,16.09462],[120.642531,16.094891],[120.642251,16.094888],[120.642254,16.094617],[120.642535,16.09462]]]]},"properties":{"Var":1}},
{"type":"Feature","geometry":{"type":"MultiPolygon","coordinates":[[[[120.657394,16.046542],[120.657675,16.046545],[120.657678,16.046274],[120.657681,16.046003],[120.657684,16.045771],[120.658802,16.045997],[120.658802,16.046015],[120.658522,16.046012],[120.658518,16.046283],[120.658238,16.04628],[120.658235,16.046551],[120.658232,16.046822],[120.658229,16.047093],[120.657949,16.04709],[120.657952,16.046819],[120.657671,16.046816],[120.657391,16.046813],[120.657394,16.046542]]],[[[120.653162,16.048935],[120.653443,16.048938],[120.65344,16.049209],[120.653159,16.049206],[120.653162,16.048935]]],[[[120.653997,16.049486],[120.653994,16.049757],[120.653713,16.049754],[120.653717,16.049483],[120.653997,16.049486]]],[[[120.703193,16.053845],[120.703473,16.053848],[120.70347,16.054119],[120.70319,16.054116],[120.703193,16.053845]]],[[[120.65951,16.057406],[120.659506,16.057677],[120.659503,16.057948],[120.659783,16.057951],[120.65978,16.058222],[120.66006,16.058225],[120.660057,16.058496],[120.659777,16.058493],[120.659497,16.05849],[120.659494,16.058761],[120.659774,16.058764],[120.660054,16.058767],[120.660334,16.05877],[120.660331,16.059041],[120.660611,16.059044],[120.660892,16.059047],[120.661172,16.05905],[120.661452,16.059053],[120.661449,16.059324],[120.661729,16.059327],[120.66201,16.05933],[120.66229,16.059333],[120.66257,16.059336],[120.66285,16.059339],[120.663131,16.059342],[120.663127,16.059613],[120.663408,16.059617],[120.663688,16.05962],[120.663685,16.059891],[120.663965,16.059894],[120.664245,16.059897],[120.664242,16.060168],[120.663962,16.060165],[120.663682,16.060162],[120.663401,16.060159],[120.663398,16.060429],[120.663395,16.0607],[120.663115,16.060697],[120.663112,16.060968],[120.662831,16.060965],[120.662834,16.060694],[120.662554,16.060691],[120.662557,16.06042],[120.662277,16.060417],[120.661997,16.060414],[120.661717,16.060411],[120.661436,16.060408],[120.66144,16.060137],[120.661443,16.059866],[120.661162,16.059863],[120.660882,16.05986],[120.660885,16.059589],[120.660605,16.059586],[120.660608,16.059315],[120.660328,16.059312],[120.660048,16.059309],[120.659768,16.059306],[120.659487,16.059303],[120.659491,16.059032],[120.65921,16.059029],[120.65893,16.059026],[120.65865,16.059023],[120.658653,16.058752],[120.658373,16.058748],[120.658092,16.058745],[120.657812,16.058742],[120.657532,16.058739],[120.657535,16.058468],[120.657255,16.058465],[120.657258,16.058194],[120.657538,16.058197],[120.657819,16.0582],[120.658099,16.058203],[120.658102,16.057932],[120.658382,16.057936],[120.658662,16.057939],[120.658666,16.057668],[120.658946,16.057671],[120.658949,16.0574],[120.659229,16.057403],[120.65951,16.057406]]],[[[120.655287,16.058986],[120.655567,16.058989],[120.655564,16.05926],[120.655561,16.059531],[120.655558,16.059802],[120.655277,16.059799],[120.655281,16.059528],[120.655284,16.059257],[120.655287,16.058986]]],[[[120.666201,16.06046],[120.666197,16.060731],[120.666478,16.060734],[120.666474,16.061005],[120.666471,16.061276],[120.666191,16.061273],[120.665911,16.06127],[120.665631,16.061267],[120.665634,16.060996],[120.665637,16.060725],[120.66564,16.060454],[120.66592,16.060457],[120.666201,16.06046]]],[[[120.658911,16.060651],[120.658914,16.060381],[120.659194,16.060384],[120.659475,16.060387],[120.659471,16.060658],[120.659468,16.060929],[120.659188,16.060926],[120.658908,16.060922],[120.658911,16.060651]]],[[[120.664793,16.060987],[120.664796,16.060716],[120.665076,16.060719],[120.665073,16.06099],[120.664793,16.060987]]],[[[120.655274,16.06007],[120.654994,16.060067],[120.654997,16.059796],[120.655277,16.059799],[120.655274,16.06007]]],[[[120.662245,16.063127],[120.662526,16.06313],[120.662806,16.063133],[120.663086,16.063136],[120.663366,16.063139],[120.663647,16.063142],[120.663644,16.063413],[120.66364,16.063684],[120.66336,16.063681],[120.66308,16.063678],[120.6628,16.063675],[120.662519,16.063672],[120.662239,16.063669],[120.662236,16.06394],[120.661956,16.063937],[120.661953,16.064208],[120.662233,16.064211],[120.66223,16.064482],[120.662226,16.064753],[120.662223,16.065024],[120.661943,16.065021],[120.66194,16.065292],[120.66166,16.065289],[120.661663,16.065018],[120.661383,16.065015],[120.661102,16.065012],[120.661105,16.064741],[120.660825,16.064738],[120.660828,16.064467],[120.661109,16.06447],[120.661112,16.064199],[120.660832,16.064196],[120.660828,16.064467],[120.660548,16.064464],[120.660268,16.064461],[120.660271,16.06419],[120.660274,16.063919],[120.660277,16.063648],[120.659997,16.063645],[120.659717,16.063641],[120.65972,16.063371],[120.66,16.063374],[120.660281,16.063377],[120.660284,16.063106],[120.660287,16.062835],[120.660567,16.062838],[120.660847,16.062841],[120.661128,16.062844],[120.661124,16.063115],[120.661405,16.063118],[120.661402,16.063389],[120.661682,16.063392],[120.661685,16.063121],[120.661688,16.06285],[120.661968,16.062853],[120.661965,16.063124],[120.662245,16.063127]]],[[[120.654701,16.061147],[120.654981,16.061151],[120.654978,16.061421],[120.654698,16.061418],[120.654701,16.061147]]],[[[120.671717,16.068109],[120.671714,16.06838],[120.671434,16.068377],[120.671437,16.068106],[120.671717,16.068109]]],[[[120.670864,16.069183],[120.670867,16.068912],[120.67087,16.068642],[120.67115,16.068645],[120.671147,16.068916],[120.671144,16.069187],[120.671141,16.069458],[120.671138,16.069729],[120.670858,16.069725],[120.670861,16.069454],[120.670864,16.069183]]],[[[120.687629,16.066687],[120.687632,16.066416],[120.687913,16.066419],[120.687909,16.06669],[120.687906,16.066961],[120.687626,16.066958],[120.687629,16.066687]]],[[[120.654039,16.069813],[120.654042,16.069542],[120.653762,16.069539],[120.653765,16.069268],[120.654045,16.069271],[120.654048,16.069],[120.654329,16.069003],[120.654325,16.069274],[120.654606,16.069277],[120.654603,16.069548],[120.654883,16.069551],[120.65488,16.069822],[120.654599,16.069819],[120.654319,16.069816],[120.654039,16.069813]]],[[[120.673081,16.071376],[120.673078,16.071647],[120.673074,16.071918],[120.672794,16.071915],[120.672797,16.071644],[120.672517,16.071641],[120.67252,16.07137],[120.672523,16.071099],[120.672526,16.070828],[120.672807,16.070831],[120.672804,16.071102],[120.6728,16.071373],[120.673081,16.071376]]],[[[120.6756,16.071674],[120.67588,16.071677],[120.675877,16.071948],[120.676157,16.071951],[120.676154,16.072222],[120.675874,16.072219],[120.675871,16.07249],[120.67559,16.072487],[120.675594,16.072216],[120.675313,16.072213],[120.675316,16.071942],[120.675597,16.071945],[120.6756,16.071674]]],[[[120.665504,16.072106],[120.665501,16.072377],[120.665221,16.072374],[120.665224,16.072103],[120.665504,16.072106]]],[[[120.662979,16.07235],[120.662975,16.072621],[120.662695,16.072618],[120.662698,16.072347],[120.662979,16.07235]]],[[[120.669714,16.07161],[120.669711,16.071881],[120.669708,16.072152],[120.669705,16.072423],[120.669425,16.07242],[120.669428,16.072149],[120.669431,16.071878],[120.669434,16.071607],[120.669714,16.07161]]],[[[120.673899,16.073282],[120.67418,16.073285],[120.67446,16.073288],[120.67474,16.073291],[120.674737,16.073562],[120.675017,16.073565],[120.675014,16.073836],[120.674734,16.073833],[120.674454,16.07383],[120.67445,16.074101],[120.674447,16.074372],[120.674444,16.074643],[120.674164,16.07464],[120.674167,16.074369],[120.67417,16.074098],[120.674173,16.073827],[120.673893,16.073824],[120.673896,16.073553],[120.673899,16.073282]]],[[[120.66239,16.074782],[120.662386,16.075053],[120.662106,16.07505],[120.662109,16.074779],[120.66239,16.074782]]],[[[120.658463,16.075011],[120.658466,16.07474],[120.658469,16.074469],[120.658749,16.074472],[120.658746,16.074743],[120.658743,16.075014],[120.658463,16.075011]]],[[[120.655654,16.075522],[120.65565,16.075793],[120.65537,16.07579],[120.655373,16.075519],[120.655654,16.075522]]],[[[120.660982,16.075309],[120.661262,16.075312],[120.661259,16.075583],[120.660979,16.07558],[120.660982,16.075309]]],[[[120.674992,16.075733],[120.674995,16.075462],[120.675276,16.075465],[120.675272,16.075736],[120.674992,16.075733]]],[[[120.6646,16.077517],[120.66488,16.07752],[120.664877,16.077791],[120.664597,16.077788],[120.6646,16.077517]]],[[[120.652816,16.078472],[120.652819,16.078201],[120.653099,16.078204],[120.653096,16.078475],[120.653093,16.078746],[120.652813,16.078743],[120.652816,16.078472]]],[[[120.659539,16.078817],[120.65982,16.07882],[120.659816,16.079091],[120.659536,16.079088],[120.659539,16.078817]]],[[[120.636828,16.07938],[120.637108,16.079383],[120.637105,16.079654],[120.636825,16.079651],[120.636544,16.079648],[120.636548,16.079377],[120.636828,16.07938]]],[[[120.668814,16.07675],[120.668533,16.076747],[120.668536,16.076476],[120.668817,16.076479],[120.668814,16.07675]]],[[[120.638506,16.079669],[120.638503,16.07994],[120.638223,16.079937],[120.637943,16.079934],[120.637662,16.079931],[120.637666,16.07966],[120.637946,16.079663],[120.638226,16.079666],[120.638506,16.079669]]],[[[120.662333,16.07966],[120.662613,16.079663],[120.66261,16.079934],[120.662329,16.079931],[120.662333,16.07966]]],[[[120.663447,16.080214],[120.663167,16.080211],[120.66317,16.07994],[120.66345,16.079943],[120.663447,16.080214]]],[[[120.668486,16.080811],[120.668483,16.081082],[120.668763,16.081085],[120.66876,16.081356],[120.66904,16.081359],[120.669037,16.08163],[120.668757,16.081627],[120.668754,16.081898],[120.66875,16.082169],[120.669031,16.082172],[120.669311,16.082175],[120.669308,16.082446],[120.669027,16.082443],[120.668747,16.08244],[120.668467,16.082437],[120.66847,16.082166],[120.66819,16.082163],[120.668193,16.081892],[120.667913,16.081889],[120.66791,16.08216],[120.667629,16.082157],[120.667632,16.081886],[120.667636,16.081615],[120.667639,16.081344],[120.667642,16.081073],[120.667645,16.080802],[120.667925,16.080805],[120.667928,16.080534],[120.668209,16.080537],[120.668206,16.080808],[120.668486,16.080811]]],[[[120.656705,16.081496],[120.656985,16.081499],[120.656982,16.08177],[120.656702,16.081767],[120.656705,16.081496]]],[[[120.653049,16.08254],[120.653045,16.082811],[120.653042,16.083082],[120.652762,16.083079],[120.652765,16.082808],[120.652768,16.082537],[120.653049,16.08254]]],[[[120.645755,16.083001],[120.645475,16.082998],[120.645478,16.082727],[120.645481,16.082456],[120.645761,16.08246],[120.645758,16.08273],[120.645755,16.083001]]],[[[120.645465,16.083811],[120.645468,16.08354],[120.645749,16.083543],[120.645752,16.083272],[120.646032,16.083276],[120.646029,16.083547],[120.646026,16.083818],[120.645745,16.083814],[120.645742,16.084085],[120.645462,16.084082],[120.645465,16.083811]]],[[[120.656103,16.085012],[120.655823,16.085009],[120.655826,16.084738],[120.656106,16.084741],[120.656103,16.085012]]],[[[120.656386,16.084744],[120.656667,16.084747],[120.656664,16.085018],[120.656383,16.085015],[120.656386,16.084744]]],[[[120.660005,16.086952],[120.660008,16.086681],[120.660288,16.086684],[120.660285,16.086955],[120.660005,16.086952]]],[[[120.651306,16.08767],[120.651587,16.087673],[120.651583,16.087944],[120.651303,16.087941],[120.651023,16.087938],[120.651026,16.087667],[120.651306,16.08767]]],[[[120.64486,16.087599],[120.64458,16.087596],[120.644583,16.087325],[120.644863,16.087328],[120.64486,16.087599]]],[[[120.644277,16.08949],[120.644274,16.089761],[120.643994,16.089757],[120.643997,16.089486],[120.644277,16.08949]]],[[[120.64428,16.089219],[120.644283,16.088948],[120.644287,16.088677],[120.644567,16.08868],[120.644564,16.088951],[120.64456,16.089222],[120.644557,16.089493],[120.644277,16.08949],[120.64428,16.089219]]],[[[120.660804,16.090484],[120.661085,16.090487],[120.661081,16.090758],[120.660801,16.090755],[120.660521,16.090752],[120.660524,16.090481],[120.660804,16.090484]]],[[[120.643694,16.09138],[120.643414,16.091377],[120.643417,16.091106],[120.643697,16.091109],[120.643694,16.09138]]],[[[120.64843,16.093872],[120.64871,16.093875],[120.648707,16.094146],[120.648427,16.094143],[120.64843,16.093872]]],[[[120.637281,16.08844],[120.637218,16.088328],[120.637283,16.088328],[120.637281,16.08844]]],[[[120.648991,16.046179],[120.649271,16.046182],[120.649268,16.046453],[120.648988,16.04645],[120.648991,16.046179]]],[[[120.651784,16.047023],[120.651503,16.04702],[120.651506,16.046749],[120.651787,16.046752],[120.651784,16.047023]]],[[[120.656134,16.058453],[120.656414,16.058456],[120.656694,16.058459],[120.656691,16.05873],[120.656411,16.058727],[120.656131,16.058724],[120.656134,16.058453]]],[[[120.664242,16.060168],[120.664522,16.060171],[120.664519,16.060442],[120.664239,16.060439],[120.664242,16.060168]]],[[[120.664519,16.060442],[120.664799,16.060445],[120.664796,16.060716],[120.664516,16.060713],[120.664519,16.060442]]],[[[120.67263,16.061885],[120.672911,16.061888],[120.672908,16.062159],[120.672627,16.062156],[120.67263,16.061885]]],[[[120.673408,16.067314],[120.673405,16.067585],[120.673125,16.067582],[120.673128,16.067311],[120.673408,16.067314]]],[[[120.673119,16.068124],[120.672838,16.068121],[120.672841,16.06785],[120.673122,16.067853],[120.673119,16.068124]]],[[[120.671434,16.068377],[120.671431,16.068648],[120.67115,16.068645],[120.671154,16.068374],[120.671434,16.068377]]],[[[120.671985,16.069196],[120.672265,16.069199],[120.672268,16.068928],[120.672271,16.068657],[120.672552,16.06866],[120.672555,16.068389],[120.672835,16.068392],[120.672832,16.068663],[120.672829,16.068934],[120.672549,16.068931],[120.672545,16.069202],[120.672542,16.069473],[120.672539,16.069744],[120.672536,16.070015],[120.672256,16.070012],[120.671975,16.070009],[120.671979,16.069738],[120.671982,16.069467],[120.671985,16.069196]]],[[[120.670574,16.069993],[120.670854,16.069996],[120.670851,16.070267],[120.670571,16.070264],[120.670574,16.069993]]],[[[120.672526,16.070828],[120.672246,16.070825],[120.672249,16.070554],[120.67253,16.070557],[120.672526,16.070828]]],[[[120.671686,16.070819],[120.671966,16.070822],[120.671963,16.071093],[120.671683,16.07109],[120.671686,16.070819]]],[[[120.673351,16.072192],[120.673348,16.072463],[120.673068,16.07246],[120.673071,16.072189],[120.673351,16.072192]]],[[[120.675313,16.072213],[120.67531,16.072484],[120.67503,16.072481],[120.675033,16.07221],[120.675313,16.072213]]],[[[120.672501,16.072996],[120.672498,16.073267],[120.672218,16.073264],[120.672221,16.072993],[120.672501,16.072996]]],[[[120.669138,16.072959],[120.669135,16.07323],[120.669132,16.073501],[120.668851,16.073498],[120.668855,16.073227],[120.668858,16.072956],[120.669138,16.072959]]],[[[120.668291,16.073492],[120.668571,16.073495],[120.668568,16.073766],[120.668288,16.073763],[120.668291,16.073492]]],[[[120.675014,16.073836],[120.675294,16.073839],[120.675575,16.073842],[120.675572,16.074113],[120.675568,16.074384],[120.675288,16.074381],[120.675291,16.07411],[120.675011,16.074107],[120.675014,16.073836]]],[[[120.674444,16.074643],[120.674724,16.074646],[120.674721,16.074917],[120.674441,16.074914],[120.674444,16.074643]]],[[[120.659854,16.075839],[120.659851,16.07611],[120.659571,16.076107],[120.659574,16.075836],[120.659854,16.075839]]],[[[120.653963,16.076316],[120.653959,16.076587],[120.653679,16.076584],[120.653682,16.076313],[120.653963,16.076316]]],[[[120.66881,16.077021],[120.668807,16.077292],[120.668804,16.077563],[120.668524,16.07756],[120.668527,16.077289],[120.66853,16.077018],[120.66881,16.077021]]],[[[120.655902,16.078235],[120.655899,16.078506],[120.655896,16.078777],[120.655616,16.078774],[120.655619,16.078503],[120.655622,16.078232],[120.655902,16.078235]]],[[[120.657294,16.079063],[120.657014,16.07906],[120.657017,16.078789],[120.657297,16.078792],[120.657294,16.079063]]],[[[120.653364,16.079562],[120.653361,16.079833],[120.653357,16.080104],[120.653077,16.080101],[120.65308,16.07983],[120.653084,16.079559],[120.653364,16.079562]]],[[[120.643268,16.079993],[120.643265,16.080264],[120.642984,16.080261],[120.642987,16.07999],[120.643268,16.079993]]],[[[120.644937,16.081095],[120.644656,16.081092],[120.644659,16.080821],[120.64494,16.080824],[120.644937,16.081095]]],[[[120.644937,16.081095],[120.645217,16.081098],[120.645214,16.081369],[120.644933,16.081366],[120.644937,16.081095]]],[[[120.64521,16.08164],[120.645491,16.081643],[120.645488,16.081914],[120.645207,16.081911],[120.64521,16.08164]]],[[[120.6581,16.082053],[120.658097,16.082324],[120.657816,16.082321],[120.65782,16.08205],[120.6581,16.082053]]],[[[120.658941,16.082062],[120.658938,16.082333],[120.658657,16.08233],[120.65866,16.082059],[120.658941,16.082062]]],[[[120.660055,16.082616],[120.659775,16.082613],[120.659778,16.082342],[120.660059,16.082345],[120.660055,16.082616]]],[[[120.673512,16.082492],[120.673509,16.082763],[120.673228,16.08276],[120.673232,16.082489],[120.673512,16.082492]]],[[[120.668467,16.082437],[120.668464,16.082708],[120.668183,16.082705],[120.66818,16.082976],[120.6679,16.082973],[120.667903,16.082702],[120.667623,16.082699],[120.667626,16.082428],[120.667906,16.082431],[120.668187,16.082434],[120.668467,16.082437]]],[[[120.660055,16.082616],[120.660336,16.08262],[120.660333,16.08289],[120.660052,16.082887],[120.660055,16.082616]]],[[[120.669298,16.083259],[120.669301,16.082988],[120.669582,16.082992],[120.669579,16.083262],[120.669298,16.083259]]],[[[120.669298,16.083259],[120.669295,16.08353],[120.669292,16.083801],[120.669012,16.083798],[120.669015,16.083527],[120.669018,16.083256],[120.669298,16.083259]]],[[[120.673499,16.083576],[120.673496,16.083847],[120.673216,16.083844],[120.673219,16.083573],[120.673499,16.083576]]],[[[120.659479,16.083965],[120.659759,16.083968],[120.659756,16.084239],[120.659476,16.084236],[120.659479,16.083965]]],[[[120.660597,16.084248],[120.660594,16.084519],[120.660314,16.084516],[120.660317,16.084245],[120.660597,16.084248]]],[[[120.661428,16.085071],[120.661148,16.085068],[120.661151,16.084797],[120.661431,16.0848],[120.661428,16.085071]]],[[[120.655262,16.085003],[120.655259,16.085274],[120.654979,16.085271],[120.654982,16.085],[120.655262,16.085003]]],[[[120.645449,16.085166],[120.645446,16.085437],[120.645166,16.085434],[120.645169,16.085163],[120.645449,16.085166]]],[[[120.645159,16.085976],[120.645156,16.086247],[120.644876,16.086244],[120.644879,16.085973],[120.645159,16.085976]]],[[[120.661693,16.086429],[120.66169,16.0867],[120.661409,16.086697],[120.661412,16.086426],[120.661693,16.086429]]],[[[120.644873,16.086515],[120.645153,16.086518],[120.64515,16.086789],[120.64487,16.086786],[120.644873,16.086515]]],[[[120.656074,16.087451],[120.656071,16.087722],[120.655791,16.087719],[120.655794,16.087448],[120.656074,16.087451]]],[[[120.637289,16.087786],[120.637286,16.088057],[120.637064,16.088055],[120.637007,16.087953],[120.637009,16.087783],[120.637289,16.087786]]],[[[120.644576,16.087867],[120.644573,16.088138],[120.644293,16.088135],[120.644296,16.087864],[120.644576,16.087867]]],[[[120.652424,16.087953],[120.652705,16.087956],[120.652701,16.088227],[120.652698,16.088498],[120.652418,16.088495],[120.652421,16.088224],[120.652424,16.087953]]],[[[120.682689,16.088825],[120.682969,16.088828],[120.682966,16.089099],[120.682686,16.089096],[120.682405,16.089093],[120.682409,16.088822],[120.682689,16.088825]]],[[[120.64007,16.089714],[120.640066,16.089985],[120.639786,16.089982],[120.639789,16.089711],[120.64007,16.089714]]],[[[120.655205,16.089881],[120.655202,16.090152],[120.654921,16.090149],[120.654641,16.090146],[120.654644,16.089875],[120.654925,16.089878],[120.655205,16.089881]]],[[[120.65632,16.090435],[120.656316,16.090706],[120.656036,16.090703],[120.656039,16.090432],[120.65632,16.090435]]],[[[120.643984,16.09057],[120.643981,16.090841],[120.6437,16.090838],[120.643704,16.090567],[120.643984,16.09057]]]]},"properties":{"Var":3}},
{"type":"Feature","geometry":{"type":"MultiPolygon","coordinates":[[[[120.631942,16.042248],[120.635019,16.042682],[120.635018,16.042773],[120.634738,16.04277],[120.634458,16.042767],[120.634178,16.042764],[120.634174,16.043035],[120.633894,16.043032],[120.633614,16.043028],[120.633334,16.043025],[120.63333,16.043296],[120.63305,16.043293],[120.63277,16.04329],[120.632767,16.043561],[120.632764,16.043832],[120.632483,16.043829],[120.632487,16.043558],[120.632206,16.043555],[120.631926,16.043552],[120.631929,16.043281],[120.631657,16.043278],[120.631628,16.042735],[120.631656,16.042736],[120.631659,16.042465],[120.631939,16.042468],[120.631942,16.042248]]],[[[120.64145,16.043928],[120.64117,16.043925],[120.64089,16.043922],[120.640887,16.044193],[120.640607,16.04419],[120.64061,16.043919],[120.640613,16.043648],[120.640893,16.043651],[120.640895,16.04351],[120.641454,16.043589],[120.641454,16.043657],[120.64145,16.043928]]],[[[120.641734,16.043628],[120.642014,16.043668],[120.642011,16.043934],[120.642008,16.044205],[120.642288,16.044208],[120.642285,16.044479],[120.642565,16.044482],[120.642562,16.044753],[120.642842,16.044756],[120.643122,16.044759],[120.643119,16.04503],[120.643399,16.045033],[120.643396,16.045304],[120.643393,16.045575],[120.643673,16.045578],[120.643953,16.045582],[120.643956,16.045311],[120.644237,16.045314],[120.644517,16.045317],[120.64452,16.045046],[120.6448,16.045049],[120.644797,16.04532],[120.645077,16.045323],[120.645074,16.045594],[120.645354,16.045597],[120.645351,16.045868],[120.645631,16.045871],[120.645628,16.046142],[120.645625,16.046413],[120.645622,16.046684],[120.645619,16.046955],[120.645338,16.046952],[120.645335,16.047223],[120.645055,16.04722],[120.645058,16.046949],[120.645061,16.046678],[120.644781,16.046675],[120.644784,16.046404],[120.644504,16.046401],[120.644507,16.04613],[120.644227,16.046127],[120.643947,16.046123],[120.643667,16.04612],[120.643663,16.046391],[120.643383,16.046388],[120.64338,16.046659],[120.6431,16.046656],[120.64282,16.046653],[120.642539,16.04665],[120.642259,16.046647],[120.642262,16.046376],[120.642543,16.046379],[120.642546,16.046108],[120.642549,16.045837],[120.642269,16.045834],[120.642272,16.045563],[120.641992,16.04556],[120.641995,16.045289],[120.641998,16.045018],[120.641718,16.045015],[120.641721,16.044744],[120.641441,16.044741],[120.641438,16.045012],[120.641157,16.045009],[120.641161,16.044738],[120.641164,16.044467],[120.641444,16.04447],[120.641447,16.044199],[120.64145,16.043928],[120.641731,16.043931],[120.641734,16.04366],[120.641734,16.043628]]],[[[120.640055,16.043392],[120.640335,16.043431],[120.640333,16.043645],[120.640052,16.043641],[120.640055,16.043392]]],[[[120.636416,16.043059],[120.636136,16.043056],[120.636138,16.04284],[120.636418,16.042879],[120.636416,16.043059]]],[[[120.649294,16.044218],[120.6499,16.0442],[120.650973,16.044417],[120.650971,16.044575],[120.650968,16.044846],[120.651249,16.044849],[120.651245,16.04512],[120.651242,16.045391],[120.650962,16.045387],[120.650682,16.045384],[120.650685,16.045113],[120.650405,16.04511],[120.650408,16.044839],[120.650411,16.044568],[120.650131,16.044565],[120.650128,16.044836],[120.650124,16.045107],[120.650405,16.04511],[120.650401,16.045381],[120.650121,16.045378],[120.650118,16.045649],[120.650398,16.045652],[120.650401,16.045381],[120.650682,16.045384],[120.650679,16.045655],[120.650675,16.045926],[120.650956,16.045929],[120.650952,16.0462],[120.650672,16.046197],[120.650669,16.046468],[120.650949,16.046471],[120.650946,16.046742],[120.651226,16.046745],[120.651506,16.046749],[120.651503,16.04702],[120.651223,16.047016],[120.65122,16.047287],[120.65094,16.047284],[120.650659,16.047281],[120.650663,16.04701],[120.650382,16.047007],[120.650379,16.047278],[120.650099,16.047275],[120.650102,16.047004],[120.649822,16.047001],[120.649819,16.047272],[120.650099,16.047275],[120.650096,16.047546],[120.650093,16.047817],[120.650089,16.048088],[120.65037,16.048091],[120.65065,16.048094],[120.65093,16.048097],[120.65121,16.0481],[120.651207,16.048371],[120.651487,16.048374],[120.651768,16.048377],[120.652048,16.048381],[120.652045,16.048652],[120.651764,16.048648],[120.651761,16.048919],[120.652042,16.048923],[120.652322,16.048926],[120.652319,16.049197],[120.652038,16.049194],[120.652035,16.049464],[120.652032,16.049735],[120.652312,16.049739],[120.652592,16.049742],[120.652589,16.050013],[120.652309,16.05001],[120.652029,16.050006],[120.652026,16.050277],[120.652306,16.050281],[120.652586,16.050284],[120.652866,16.050287],[120.652863,16.050558],[120.653143,16.050561],[120.65314,16.050832],[120.653137,16.051103],[120.653417,16.051106],[120.653698,16.051109],[120.653701,16.050838],[120.653704,16.050567],[120.653984,16.05057],[120.653987,16.050299],[120.653707,16.050296],[120.65371,16.050025],[120.65343,16.050022],[120.653433,16.049751],[120.653436,16.04948],[120.653156,16.049477],[120.653159,16.049206],[120.65344,16.049209],[120.653443,16.048938],[120.653162,16.048935],[120.652882,16.048932],[120.652885,16.048661],[120.652889,16.04839],[120.652892,16.048119],[120.652612,16.048116],[120.652331,16.048113],[120.652051,16.04811],[120.652054,16.047839],[120.652057,16.047568],[120.651777,16.047565],[120.65178,16.047294],[120.6515,16.04729],[120.651503,16.04702],[120.651784,16.047023],[120.652064,16.047026],[120.652344,16.047029],[120.652341,16.0473],[120.652621,16.047303],[120.652901,16.047306],[120.652898,16.047577],[120.653178,16.04758],[120.653459,16.047583],[120.653455,16.047854],[120.653736,16.047857],[120.653732,16.048128],[120.653729,16.048399],[120.653726,16.04867],[120.653723,16.048941],[120.65372,16.049212],[120.653717,16.049483],[120.653713,16.049754],[120.653994,16.049757],[120.654274,16.04976],[120.654271,16.050031],[120.654267,16.050302],[120.654548,16.050305],[120.654545,16.050576],[120.654825,16.050579],[120.655105,16.050582],[120.655385,16.050585],[120.655382,16.050856],[120.655662,16.050859],[120.655659,16.05113],[120.655379,16.051127],[120.655099,16.051124],[120.655095,16.051395],[120.655376,16.051398],[120.655373,16.051669],[120.655369,16.05194],[120.65565,16.051943],[120.655653,16.051672],[120.655933,16.051675],[120.65593,16.051946],[120.655927,16.052217],[120.656207,16.05222],[120.656204,16.052491],[120.656201,16.052762],[120.656481,16.052765],[120.656478,16.053036],[120.656758,16.053039],[120.656755,16.05331],[120.657035,16.053313],[120.657032,16.053584],[120.656752,16.053581],[120.656748,16.053852],[120.657029,16.053855],[120.657025,16.054126],[120.657022,16.054397],[120.657019,16.054668],[120.657299,16.054671],[120.657296,16.054942],[120.657576,16.054946],[120.657573,16.055216],[120.657853,16.05522],[120.65785,16.055491],[120.658131,16.055494],[120.658127,16.055765],[120.658408,16.055768],[120.658688,16.055771],[120.658685,16.056042],[120.658681,16.056313],[120.658678,16.056584],[120.658959,16.056587],[120.658955,16.056858],[120.659236,16.056861],[120.659232,16.057132],[120.658952,16.057129],[120.658949,16.0574],[120.658669,16.057397],[120.658389,16.057394],[120.658385,16.057665],[120.658105,16.057661],[120.657825,16.057658],[120.657828,16.057387],[120.657831,16.057116],[120.657551,16.057113],[120.657271,16.05711],[120.657274,16.056839],[120.656994,16.056836],[120.656997,16.056565],[120.656717,16.056562],[120.656713,16.056833],[120.65671,16.057104],[120.65643,16.057101],[120.656433,16.05683],[120.656436,16.056559],[120.656156,16.056556],[120.656159,16.056285],[120.655879,16.056282],[120.655882,16.056011],[120.655602,16.056008],[120.655605,16.055737],[120.655608,16.055466],[120.655889,16.055469],[120.655892,16.055198],[120.655612,16.055195],[120.655615,16.054924],[120.655334,16.054921],[120.655054,16.054918],[120.655051,16.055189],[120.655048,16.05546],[120.654768,16.055457],[120.654764,16.055728],[120.654484,16.055725],[120.654487,16.055454],[120.654491,16.055183],[120.654771,16.055186],[120.654774,16.054915],[120.654777,16.054644],[120.65478,16.054373],[120.654784,16.054102],[120.654787,16.053831],[120.654506,16.053828],[120.654226,16.053825],[120.654229,16.053554],[120.654233,16.053283],[120.654513,16.053286],[120.654516,16.053015],[120.654519,16.052744],[120.654239,16.052741],[120.654236,16.053012],[120.654233,16.053283],[120.653952,16.05328],[120.653956,16.053009],[120.653675,16.053006],[120.653678,16.052735],[120.653398,16.052732],[120.653401,16.052461],[120.653121,16.052458],[120.653124,16.052187],[120.652844,16.052184],[120.652841,16.052455],[120.652838,16.052725],[120.652558,16.052722],[120.652561,16.052451],[120.652564,16.05218],[120.652567,16.051909],[120.65257,16.051638],[120.65229,16.051635],[120.652293,16.051364],[120.652013,16.051361],[120.651733,16.051358],[120.651736,16.051087],[120.652016,16.05109],[120.652019,16.050819],[120.651739,16.050816],[120.651742,16.050545],[120.651462,16.050542],[120.651182,16.050539],[120.651185,16.050268],[120.651465,16.050271],[120.651468,16.05],[120.651749,16.050003],[120.651752,16.049732],[120.651472,16.049729],[120.651468,16.05],[120.651188,16.049997],[120.650908,16.049994],[120.650911,16.049723],[120.651191,16.049726],[120.651195,16.049455],[120.650914,16.049452],[120.650634,16.049449],[120.650637,16.049178],[120.650357,16.049175],[120.65036,16.048904],[120.65008,16.048901],[120.6498,16.048898],[120.649519,16.048895],[120.649523,16.048624],[120.649242,16.048621],[120.649246,16.04835],[120.649249,16.048079],[120.648969,16.048076],[120.648972,16.047805],[120.649252,16.047808],[120.649255,16.047537],[120.649258,16.047266],[120.648978,16.047263],[120.648981,16.046992],[120.648984,16.046721],[120.648988,16.04645],[120.649268,16.046453],[120.649271,16.046182],[120.648991,16.046179],[120.648994,16.045908],[120.649274,16.045911],[120.649277,16.04564],[120.649281,16.045369],[120.649284,16.045098],[120.649004,16.045095],[120.649007,16.044824],[120.64901,16.044553],[120.64929,16.044556],[120.649293,16.044285],[120.649294,16.044218]],[[120.654248,16.051928],[120.654245,16.052199],[120.654242,16.05247],[120.654522,16.052473],[120.654526,16.052202],[120.654806,16.052205],[120.654803,16.052476],[120.654799,16.052747],[120.654796,16.053018],[120.655076,16.053021],[120.655357,16.053024],[120.655354,16.053295],[120.65535,16.053566],[120.655631,16.053569],[120.655634,16.053298],[120.655914,16.053301],[120.655911,16.053572],[120.656191,16.053575],[120.656194,16.053304],[120.655914,16.053301],[120.655917,16.05303],[120.655637,16.053027],[120.65564,16.052756],[120.65536,16.052753],[120.65508,16.05275],[120.655083,16.052479],[120.655086,16.052208],[120.654806,16.052205],[120.654809,16.051934],[120.654812,16.051663],[120.654815,16.051392],[120.654535,16.051389],[120.654538,16.051118],[120.654258,16.051115],[120.654255,16.051386],[120.653975,16.051383],[120.653971,16.051654],[120.653968,16.051925],[120.654248,16.051928]],[[120.656182,16.054388],[120.655901,16.054385],[120.655898,16.054656],[120.655895,16.054927],[120.656175,16.05493],[120.656455,16.054933],[120.656459,16.054662],[120.656178,16.054659],[120.656182,16.054388],[120.656462,16.054391],[120.656465,16.05412],[120.656185,16.054117],[120.656182,16.054388]],[[120.656732,16.055207],[120.656452,16.055204],[120.656449,16.055475],[120.656446,16.055746],[120.656443,16.056017],[120.656723,16.05602],[120.657003,16.056023],[120.657006,16.055752],[120.65701,16.055481],[120.656729,16.055478],[120.656732,16.055207]],[[120.655344,16.054108],[120.655341,16.054379],[120.655621,16.054382],[120.655624,16.054111],[120.655344,16.054108]]],[[[120.653769,16.044981],[120.654328,16.045094],[120.654328,16.045153],[120.654325,16.045424],[120.654044,16.045421],[120.654041,16.045692],[120.654038,16.045963],[120.654035,16.046234],[120.654032,16.046505],[120.653751,16.046502],[120.653755,16.046231],[120.653758,16.04596],[120.653761,16.045689],[120.653764,16.045418],[120.653767,16.045147],[120.653769,16.044981]]],[[[120.638078,16.044704],[120.638358,16.044707],[120.638639,16.04471],[120.638919,16.044713],[120.639199,16.044716],[120.639196,16.044987],[120.639193,16.045258],[120.639189,16.045529],[120.638909,16.045526],[120.638629,16.045523],[120.638349,16.04552],[120.638352,16.045249],[120.638072,16.045246],[120.637792,16.045243],[120.637511,16.04524],[120.637515,16.044969],[120.637795,16.044972],[120.637798,16.044701],[120.638078,16.044704]]],[[[120.6672,16.046848],[120.66776,16.046866],[120.66776,16.046926],[120.66804,16.046929],[120.66832,16.046932],[120.668317,16.047203],[120.668037,16.0472],[120.667756,16.047197],[120.667476,16.047194],[120.667196,16.047191],[120.667199,16.04692],[120.6672,16.046848]]],[[[120.655447,16.04532],[120.657684,16.045771],[120.657681,16.046003],[120.657678,16.046274],[120.657675,16.046545],[120.657394,16.046542],[120.657398,16.046271],[120.657117,16.046268],[120.656837,16.046265],[120.656557,16.046262],[120.656277,16.046259],[120.655996,16.046256],[120.656,16.045985],[120.655719,16.045982],[120.655716,16.046253],[120.655436,16.04625],[120.655156,16.046246],[120.655159,16.045975],[120.655162,16.045704],[120.655442,16.045708],[120.655446,16.045437],[120.655447,16.04532]]],[[[120.673644,16.047056],[120.673924,16.047065],[120.673921,16.047264],[120.673641,16.047261],[120.673644,16.047056]]],[[[120.673361,16.047258],[120.673081,16.047255],[120.673083,16.047038],[120.673363,16.047047],[120.673361,16.047258]]],[[[120.673641,16.047261],[120.673638,16.047532],[120.673358,16.047529],[120.673361,16.047258],[120.673641,16.047261]]],[[[120.654032,16.046505],[120.654312,16.046508],[120.654309,16.046779],[120.654306,16.04705],[120.654302,16.047321],[120.654299,16.047592],[120.654579,16.047595],[120.654576,16.047866],[120.654573,16.048137],[120.654293,16.048134],[120.654296,16.047863],[120.654016,16.04786],[120.654019,16.047589],[120.654022,16.047318],[120.654025,16.047047],[120.654029,16.046776],[120.654032,16.046505]]],[[[120.658802,16.045997],[120.659641,16.046166],[120.659639,16.046295],[120.65992,16.046299],[120.65992,16.046222],[120.6608,16.0464],[120.661599,16.046465],[120.661598,16.046588],[120.661595,16.046859],[120.661314,16.046856],[120.661034,16.046853],[120.661031,16.047124],[120.660751,16.047121],[120.660471,16.047118],[120.66019,16.047115],[120.65991,16.047112],[120.659907,16.047382],[120.660187,16.047386],[120.660467,16.047389],[120.660748,16.047392],[120.661028,16.047395],[120.661025,16.047666],[120.661305,16.047669],[120.661302,16.04794],[120.661299,16.048211],[120.661295,16.048482],[120.661292,16.048753],[120.661572,16.048756],[120.661569,16.049027],[120.661566,16.049298],[120.661846,16.049301],[120.661843,16.049572],[120.662123,16.049575],[120.66212,16.049846],[120.66184,16.049843],[120.66156,16.04984],[120.66128,16.049837],[120.661283,16.049566],[120.661003,16.049563],[120.661006,16.049292],[120.660725,16.049289],[120.660729,16.049018],[120.660732,16.048747],[120.660452,16.048744],[120.660448,16.049015],[120.660168,16.049011],[120.660171,16.04874],[120.659891,16.048737],[120.659611,16.048734],[120.659614,16.048463],[120.659617,16.048192],[120.65962,16.047921],[120.65934,16.047918],[120.659343,16.047647],[120.659063,16.047644],[120.658783,16.047641],[120.658786,16.04737],[120.658506,16.047367],[120.658509,16.047096],[120.658229,16.047093],[120.658232,16.046822],[120.658235,16.046551],[120.658238,16.04628],[120.658518,16.046283],[120.658522,16.046012],[120.658802,16.046015],[120.658802,16.045997]],[[120.659359,16.046292],[120.659079,16.046289],[120.659076,16.04656],[120.659356,16.046563],[120.659359,16.046292]]],[[[120.669154,16.047483],[120.669151,16.047754],[120.669148,16.048025],[120.669428,16.048028],[120.669425,16.048299],[120.669422,16.04857],[120.669702,16.048573],[120.669699,16.048844],[120.669979,16.048847],[120.669983,16.048576],[120.670263,16.048579],[120.670543,16.048582],[120.670823,16.048586],[120.671103,16.048589],[120.671384,16.048592],[120.671664,16.048595],[120.671661,16.048866],[120.671658,16.049137],[120.671377,16.049134],[120.671381,16.048863],[120.6711,16.04886],[120.671097,16.049131],[120.670817,16.049128],[120.670814,16.049398],[120.671094,16.049402],[120.671091,16.049673],[120.670811,16.049669],[120.670807,16.04994],[120.670527,16.049937],[120.670247,16.049934],[120.669967,16.049931],[120.66997,16.04966],[120.669973,16.049389],[120.669976,16.049118],[120.669696,16.049115],[120.669416,16.049112],[120.669413,16.049383],[120.669409,16.049654],[120.669406,16.049925],[120.669403,16.050196],[120.6694,16.050467],[120.669397,16.050738],[120.669394,16.051009],[120.669391,16.05128],[120.669387,16.051551],[120.669107,16.051548],[120.66911,16.051277],[120.66883,16.051274],[120.668827,16.051545],[120.669107,16.051548],[120.669104,16.051819],[120.669101,16.05209],[120.669381,16.052093],[120.669378,16.052364],[120.669658,16.052367],[120.669655,16.052638],[120.669375,16.052635],[120.669372,16.052906],[120.669368,16.053177],[120.669649,16.05318],[120.669646,16.053451],[120.669365,16.053448],[120.669085,16.053445],[120.669088,16.053174],[120.669091,16.052903],[120.669095,16.052632],[120.669098,16.052361],[120.668817,16.052358],[120.668821,16.052087],[120.66854,16.052084],[120.668544,16.051813],[120.668547,16.051542],[120.66855,16.051271],[120.668553,16.051],[120.668556,16.050729],[120.668559,16.050458],[120.668562,16.050187],[120.668566,16.049916],[120.668846,16.049919],[120.668849,16.049648],[120.668852,16.049377],[120.668855,16.049106],[120.668858,16.048835],[120.668578,16.048832],[120.668581,16.048561],[120.668585,16.04829],[120.668588,16.048019],[120.668307,16.048016],[120.668304,16.048287],[120.668024,16.048284],[120.667744,16.048281],[120.667747,16.04801],[120.667467,16.048007],[120.667187,16.048004],[120.66719,16.047733],[120.667193,16.047462],[120.667473,16.047465],[120.667753,16.047468],[120.668034,16.047471],[120.66803,16.047742],[120.668311,16.047745],[120.668591,16.047748],[120.668594,16.047477],[120.668874,16.04748],[120.669154,16.047483]],[[120.668833,16.051003],[120.669113,16.051006],[120.669117,16.050735],[120.668836,16.050732],[120.668833,16.051003]]],[[[120.661591,16.04713],[120.661595,16.046859],[120.661875,16.046862],[120.661872,16.047133],[120.661869,16.047404],[120.661865,16.047675],[120.661585,16.047672],[120.661588,16.047401],[120.661591,16.04713]]],[[[120.661865,16.047675],[120.662146,16.047678],[120.662142,16.047949],[120.662139,16.04822],[120.661859,16.048217],[120.661862,16.047946],[120.661865,16.047675]]],[[[120.640008,16.047435],[120.640288,16.047438],[120.640568,16.047441],[120.640565,16.047712],[120.640562,16.047983],[120.640282,16.04798],[120.640278,16.048251],[120.640275,16.048522],[120.639995,16.048519],[120.639998,16.048248],[120.639718,16.048245],[120.639721,16.047974],[120.639441,16.047971],[120.639444,16.0477],[120.639447,16.047429],[120.639728,16.047432],[120.639724,16.047703],[120.640005,16.047706],[120.640008,16.047435]]],[[[120.691482,16.04857],[120.691479,16.048841],[120.691199,16.048838],[120.691202,16.048567],[120.691482,16.04857]]],[[[120.688969,16.047751],[120.69317,16.047995],[120.69317,16.048046],[120.693166,16.048317],[120.692886,16.048314],[120.692606,16.048311],[120.692603,16.048582],[120.692883,16.048585],[120.69288,16.048856],[120.69316,16.048859],[120.69344,16.048862],[120.693437,16.049133],[120.693434,16.049404],[120.693714,16.049407],[120.693711,16.049678],[120.693708,16.049949],[120.693988,16.049952],[120.693985,16.050223],[120.693982,16.050494],[120.693979,16.050765],[120.693699,16.050762],[120.693419,16.050759],[120.693138,16.050756],[120.693135,16.051027],[120.692855,16.051024],[120.692575,16.051021],[120.692295,16.051018],[120.692298,16.050747],[120.692017,16.050744],[120.692021,16.050473],[120.692024,16.050202],[120.692027,16.049931],[120.69203,16.04966],[120.692033,16.049389],[120.692036,16.049118],[120.691756,16.049115],[120.691476,16.049112],[120.691479,16.048841],[120.691759,16.048844],[120.691762,16.048573],[120.691482,16.04857],[120.691485,16.048299],[120.691205,16.048296],[120.691202,16.048567],[120.690921,16.048564],[120.690918,16.048835],[120.690915,16.049106],[120.690635,16.049103],[120.690355,16.0491],[120.690358,16.048829],[120.690078,16.048826],[120.689797,16.048823],[120.689801,16.048552],[120.68952,16.048549],[120.68924,16.048546],[120.689243,16.048275],[120.689246,16.048004],[120.688966,16.048001],[120.688969,16.047751]]],[[[120.697927,16.048639],[120.697924,16.04891],[120.697921,16.049181],[120.697641,16.049178],[120.697638,16.049449],[120.697358,16.049446],[120.697361,16.049175],[120.69708,16.049172],[120.697084,16.048901],[120.697364,16.048904],[120.697367,16.048633],[120.697647,16.048636],[120.697927,16.048639]]],[[[120.681127,16.047298],[120.6812,16.0473],[120.681967,16.047345],[120.681967,16.047383],[120.682247,16.047386],[120.682527,16.047389],[120.682524,16.04766],[120.682521,16.047931],[120.682241,16.047928],[120.682237,16.048199],[120.682518,16.048202],[120.682514,16.048473],[120.682795,16.048476],[120.682792,16.048747],[120.682788,16.049018],[120.682785,16.049289],[120.682782,16.04956],[120.683062,16.049563],[120.683059,16.049834],[120.683339,16.049837],[120.683336,16.050108],[120.683617,16.050111],[120.683613,16.050382],[120.683333,16.050379],[120.68333,16.05065],[120.68361,16.050653],[120.683891,16.050656],[120.683887,16.050927],[120.683884,16.051198],[120.684165,16.051201],[120.684161,16.051472],[120.684158,16.051743],[120.683878,16.05174],[120.683598,16.051737],[120.683595,16.052008],[120.683875,16.052011],[120.684155,16.052014],[120.684152,16.052285],[120.683872,16.052282],[120.683869,16.052553],[120.684149,16.052556],[120.684146,16.052827],[120.684143,16.053098],[120.684423,16.053101],[120.68442,16.053372],[120.6847,16.053375],[120.684697,16.053646],[120.684417,16.053643],[120.684136,16.05364],[120.684133,16.053911],[120.683853,16.053908],[120.68385,16.054179],[120.68413,16.054182],[120.684127,16.054453],[120.684124,16.054724],[120.684404,16.054727],[120.684401,16.054998],[120.684121,16.054995],[120.684118,16.055266],[120.683837,16.055263],[120.683834,16.055534],[120.684114,16.055537],[120.684395,16.05554],[120.684391,16.055811],[120.684388,16.056082],[120.684385,16.056353],[120.684665,16.056356],[120.684662,16.056627],[120.684659,16.056898],[120.684939,16.056901],[120.684936,16.057172],[120.685217,16.057175],[120.685213,16.057446],[120.68521,16.057717],[120.685207,16.057988],[120.685487,16.057991],[120.685484,16.058262],[120.685481,16.058533],[120.685201,16.05853],[120.685198,16.058801],[120.684918,16.058798],[120.684914,16.059069],[120.684634,16.059066],[120.684631,16.059337],[120.684628,16.059608],[120.684908,16.059611],[120.685188,16.059614],[120.685469,16.059617],[120.685749,16.05962],[120.685746,16.059891],[120.685743,16.060162],[120.685462,16.060159],[120.685182,16.060156],[120.685179,16.060427],[120.685459,16.06043],[120.685739,16.060433],[120.685736,16.060704],[120.685456,16.060701],[120.685176,16.060698],[120.684896,16.060695],[120.684892,16.060966],[120.684889,16.061237],[120.684886,16.061508],[120.684883,16.061779],[120.684603,16.061776],[120.6846,16.062047],[120.684597,16.062318],[120.684593,16.062589],[120.684874,16.062592],[120.68487,16.062863],[120.684867,16.063134],[120.685148,16.063137],[120.685144,16.063408],[120.685425,16.063411],[120.685422,16.063682],[120.685418,16.063953],[120.685699,16.063956],[120.685979,16.063959],[120.685976,16.06423],[120.685973,16.064501],[120.685692,16.064498],[120.685689,16.064769],[120.685686,16.06504],[120.685683,16.065311],[120.685403,16.065308],[120.685123,16.065305],[120.684842,16.065301],[120.684845,16.06503],[120.685126,16.065034],[120.685406,16.065037],[120.685409,16.064766],[120.685412,16.064495],[120.685132,16.064492],[120.685135,16.064221],[120.684855,16.064218],[120.684575,16.064215],[120.684571,16.064485],[120.684291,16.064482],[120.684288,16.064753],[120.684008,16.06475],[120.684011,16.064479],[120.684014,16.064208],[120.683734,16.064205],[120.683454,16.064202],[120.683457,16.063931],[120.683737,16.063934],[120.68374,16.063663],[120.68346,16.06366],[120.683463,16.063389],[120.683466,16.063118],[120.683746,16.063121],[120.683749,16.06285],[120.683753,16.062579],[120.683756,16.062308],[120.683759,16.062038],[120.684039,16.062041],[120.684042,16.06177],[120.684045,16.061499],[120.684049,16.061228],[120.684052,16.060957],[120.684055,16.060686],[120.684058,16.060415],[120.684061,16.060144],[120.684064,16.059873],[120.684067,16.059602],[120.683787,16.059599],[120.68379,16.059328],[120.68351,16.059325],[120.683513,16.059054],[120.683793,16.059057],[120.683797,16.058786],[120.6838,16.058515],[120.683803,16.058244],[120.683806,16.057973],[120.683526,16.05797],[120.683529,16.057699],[120.683249,16.057696],[120.683252,16.057425],[120.683255,16.057154],[120.683258,16.056883],[120.683261,16.056612],[120.683264,16.056341],[120.683267,16.05607],[120.682987,16.056067],[120.68299,16.055796],[120.682993,16.055525],[120.682713,16.055522],[120.682716,16.055251],[120.682719,16.05498],[120.682439,16.054977],[120.682159,16.054974],[120.682162,16.054703],[120.681882,16.0547],[120.681885,16.054429],[120.681888,16.054158],[120.682168,16.054161],[120.682172,16.05389],[120.682452,16.053893],[120.682732,16.053896],[120.682735,16.053625],[120.682455,16.053622],[120.682458,16.053351],[120.682461,16.05308],[120.682181,16.053077],[120.682184,16.052806],[120.682464,16.052809],[120.682467,16.052538],[120.682471,16.052267],[120.68219,16.052264],[120.682193,16.051993],[120.682197,16.051722],[120.682477,16.051725],[120.68248,16.051454],[120.6822,16.051451],[120.682203,16.05118],[120.681923,16.051177],[120.681926,16.050906],[120.681929,16.050635],[120.681649,16.050632],[120.681652,16.050361],[120.681655,16.05009],[120.681658,16.049819],[120.681661,16.049548],[120.681664,16.049277],[120.681384,16.049274],[120.681104,16.049271],[120.681107,16.049],[120.68111,16.048729],[120.681113,16.048458],[120.681394,16.048461],[120.681674,16.048464],[120.681677,16.048193],[120.681397,16.04819],[120.6814,16.047919],[120.681403,16.047648],[120.681406,16.047377],[120.681126,16.047374],[120.681127,16.047298]],[[120.683296,16.053631],[120.683015,16.053628],[120.683012,16.053899],[120.683292,16.053902],[120.683296,16.053631]],[[120.684861,16.063676],[120.684864,16.063405],[120.684584,16.063402],[120.684581,16.063673],[120.684578,16.063944],[120.684858,16.063947],[120.685138,16.06395],[120.685141,16.063679],[120.684861,16.063676]],[[120.681387,16.049003],[120.681667,16.049006],[120.681671,16.048735],[120.68139,16.048732],[120.681387,16.049003]]],[[[120.662719,16.046557],[120.663279,16.046602],[120.663279,16.046606],[120.663334,16.046607],[120.663839,16.046648],[120.663836,16.046883],[120.663556,16.04688],[120.663553,16.047151],[120.66355,16.047422],[120.66327,16.047419],[120.662989,16.047416],[120.662993,16.047145],[120.662996,16.046874],[120.662999,16.046603],[120.662719,16.0466],[120.662719,16.046557]]],[[[120.66298,16.048229],[120.662977,16.0485],[120.662974,16.048771],[120.66297,16.049042],[120.662967,16.049313],[120.662964,16.049584],[120.663244,16.049587],[120.663241,16.049858],[120.663238,16.050129],[120.663235,16.0504],[120.663515,16.050403],[120.663512,16.050674],[120.663792,16.050677],[120.663789,16.050948],[120.663786,16.051219],[120.664066,16.051222],[120.664063,16.051493],[120.664343,16.051496],[120.664623,16.051499],[120.66462,16.05177],[120.664617,16.052041],[120.664897,16.052044],[120.664894,16.052315],[120.664891,16.052586],[120.664888,16.052857],[120.665168,16.05286],[120.665165,16.053131],[120.665162,16.053402],[120.665159,16.053673],[120.665155,16.053944],[120.665152,16.054215],[120.665149,16.054486],[120.664869,16.054483],[120.664589,16.05448],[120.664592,16.054209],[120.664312,16.054206],[120.664031,16.054203],[120.664034,16.053932],[120.664038,16.053661],[120.663757,16.053658],[120.663761,16.053387],[120.664041,16.05339],[120.664044,16.053119],[120.664324,16.053122],[120.664327,16.052851],[120.664331,16.05258],[120.66405,16.052577],[120.664053,16.052306],[120.663773,16.052303],[120.663776,16.052032],[120.66378,16.051761],[120.663499,16.051758],[120.663502,16.051487],[120.663506,16.051216],[120.663509,16.050945],[120.663229,16.050942],[120.663232,16.050671],[120.662951,16.050668],[120.662671,16.050665],[120.662674,16.050394],[120.662955,16.050397],[120.662958,16.050126],[120.662678,16.050123],[120.662681,16.049852],[120.662401,16.049849],[120.662404,16.049578],[120.662407,16.049307],[120.662687,16.04931],[120.66269,16.049039],[120.662693,16.048768],[120.662413,16.048765],[120.662133,16.048762],[120.662136,16.048491],[120.662139,16.04822],[120.662419,16.048223],[120.662416,16.048494],[120.662697,16.048497],[120.6627,16.048226],[120.66298,16.048229]]],[[[120.701848,16.048952],[120.701844,16.049223],[120.701841,16.049494],[120.702122,16.049497],[120.702118,16.049768],[120.701838,16.049765],[120.701835,16.050036],[120.701832,16.050307],[120.702112,16.05031],[120.702109,16.050581],[120.702106,16.050852],[120.701826,16.050849],[120.701829,16.050578],[120.701549,16.050575],[120.701552,16.050304],[120.701555,16.050033],[120.701558,16.049762],[120.701561,16.049491],[120.701564,16.04922],[120.701567,16.048949],[120.701848,16.048952]]],[[[120.665779,16.048531],[120.666059,16.048534],[120.666056,16.048805],[120.665776,16.048802],[120.665779,16.048531]]],[[[120.65457,16.048408],[120.65485,16.048411],[120.654847,16.048682],[120.654567,16.048679],[120.65457,16.048408]]],[[[120.70493,16.049037],[120.705769,16.049122],[120.705768,16.049265],[120.705488,16.049262],[120.705207,16.049259],[120.705204,16.04953],[120.705201,16.049801],[120.705198,16.050072],[120.705478,16.050075],[120.705475,16.050346],[120.705472,16.050617],[120.705752,16.05062],[120.706033,16.050623],[120.706029,16.050894],[120.706026,16.051165],[120.705746,16.051162],[120.705466,16.051159],[120.705469,16.050888],[120.705189,16.050885],[120.704908,16.050882],[120.704912,16.050611],[120.704631,16.050608],[120.704628,16.050879],[120.704348,16.050876],[120.704345,16.051147],[120.704342,16.051418],[120.704339,16.051689],[120.704058,16.051686],[120.704055,16.051957],[120.704052,16.052228],[120.704332,16.052231],[120.704329,16.052502],[120.704049,16.052499],[120.704046,16.05277],[120.704043,16.053041],[120.70404,16.053312],[120.704037,16.053583],[120.703756,16.05358],[120.703753,16.053851],[120.704034,16.053854],[120.70403,16.054125],[120.704027,16.054396],[120.704308,16.054399],[120.704304,16.05467],[120.704301,16.054941],[120.704582,16.054944],[120.704862,16.054947],[120.704859,16.055218],[120.704856,16.055489],[120.705136,16.055492],[120.705133,16.055763],[120.704853,16.05576],[120.704572,16.055757],[120.704569,16.056028],[120.704566,16.056299],[120.704286,16.056296],[120.704289,16.056025],[120.704292,16.055754],[120.704012,16.055751],[120.704015,16.05548],[120.703735,16.055477],[120.703738,16.055206],[120.703741,16.054935],[120.703461,16.054932],[120.703464,16.054661],[120.703183,16.054658],[120.703187,16.054387],[120.70319,16.054116],[120.70347,16.054119],[120.703473,16.053848],[120.703193,16.053845],[120.703196,16.053574],[120.703199,16.053303],[120.703202,16.053032],[120.702922,16.053029],[120.702925,16.052758],[120.702928,16.052487],[120.703208,16.05249],[120.703211,16.052219],[120.702931,16.052216],[120.702934,16.051945],[120.703215,16.051948],[120.703218,16.051677],[120.703498,16.05168],[120.703501,16.051409],[120.703504,16.051138],[120.703784,16.051141],[120.704065,16.051144],[120.704068,16.050873],[120.704071,16.050602],[120.704351,16.050605],[120.704354,16.050334],[120.704074,16.050331],[120.703794,16.050328],[120.703797,16.050057],[120.7038,16.049786],[120.70408,16.049789],[120.704083,16.049518],[120.704086,16.049247],[120.704089,16.048976],[120.70409,16.048952],[120.70437,16.04898],[120.704367,16.04925],[120.704647,16.049253],[120.704644,16.049524],[120.704363,16.049521],[120.70436,16.049792],[120.704357,16.050063],[120.704638,16.050066],[120.704634,16.050337],[120.704915,16.05034],[120.704918,16.050069],[120.704921,16.049798],[120.704641,16.049795],[120.704644,16.049524],[120.704924,16.049527],[120.704927,16.049256],[120.70493,16.049037]]],[[[120.699051,16.048439],[120.699331,16.048468],[120.699329,16.048654],[120.699048,16.048651],[120.699051,16.048439]]],[[[120.699599,16.04947],[120.699596,16.049741],[120.699593,16.050012],[120.69959,16.050283],[120.69931,16.05028],[120.699307,16.050551],[120.699304,16.050822],[120.699023,16.050819],[120.698743,16.050816],[120.698463,16.050813],[120.698466,16.050542],[120.698746,16.050545],[120.698749,16.050274],[120.69903,16.050277],[120.699033,16.050006],[120.699036,16.049735],[120.698756,16.049732],[120.698759,16.049461],[120.698762,16.04919],[120.698765,16.048919],[120.699045,16.048922],[120.699325,16.048925],[120.699322,16.049196],[120.699319,16.049467],[120.699599,16.04947]]],[[[120.634107,16.048725],[120.63411,16.048454],[120.634114,16.048183],[120.634394,16.048186],[120.634397,16.047915],[120.634677,16.047918],[120.634674,16.048189],[120.634671,16.04846],[120.634391,16.048457],[120.634387,16.048728],[120.634107,16.048725]]],[[[120.634387,16.048728],[120.634668,16.048731],[120.634948,16.048734],[120.635228,16.048738],[120.635225,16.049009],[120.635222,16.04928],[120.635218,16.04955],[120.634938,16.049547],[120.634941,16.049276],[120.634661,16.049273],[120.634664,16.049002],[120.634384,16.048999],[120.634387,16.048728]]],[[[120.655118,16.049498],[120.655115,16.049769],[120.655111,16.05004],[120.654831,16.050037],[120.654834,16.049766],[120.654837,16.049495],[120.655118,16.049498]]],[[[120.676985,16.048923],[120.676982,16.049194],[120.677262,16.049197],[120.677259,16.049468],[120.677539,16.049472],[120.677542,16.049201],[120.677823,16.049204],[120.67782,16.049475],[120.677816,16.049746],[120.678097,16.049749],[120.678094,16.05002],[120.677813,16.050017],[120.67781,16.050288],[120.67753,16.050284],[120.677533,16.050013],[120.677253,16.05001],[120.677256,16.049739],[120.676976,16.049736],[120.676696,16.049733],[120.676415,16.04973],[120.676418,16.049459],[120.676699,16.049462],[120.676702,16.049191],[120.676705,16.04892],[120.676985,16.048923]]],[[[120.64979,16.049711],[120.649787,16.049982],[120.649784,16.050253],[120.649504,16.05025],[120.6495,16.050521],[120.64922,16.050518],[120.649223,16.050247],[120.648943,16.050244],[120.648946,16.049973],[120.648666,16.04997],[120.648669,16.049699],[120.648389,16.049696],[120.648109,16.049692],[120.648112,16.049421],[120.647832,16.049418],[120.647835,16.049147],[120.647838,16.048876],[120.647558,16.048873],[120.647561,16.048602],[120.647564,16.048331],[120.647284,16.048328],[120.647287,16.048057],[120.647567,16.04806],[120.647848,16.048063],[120.647844,16.048334],[120.648125,16.048338],[120.648122,16.048608],[120.648118,16.048879],[120.648399,16.048883],[120.648395,16.049154],[120.648676,16.049157],[120.648672,16.049428],[120.648953,16.049431],[120.648949,16.049702],[120.64923,16.049705],[120.64951,16.049708],[120.64979,16.049711]]],[[[120.694851,16.048093],[120.695131,16.048109],[120.695128,16.048338],[120.694848,16.048335],[120.694851,16.048093]]],[[[120.634098,16.049538],[120.634378,16.049541],[120.634658,16.049544],[120.634655,16.049815],[120.634935,16.049818],[120.635215,16.049821],[120.635212,16.050092],[120.635492,16.050096],[120.635772,16.050099],[120.635769,16.05037],[120.636049,16.050373],[120.63633,16.050376],[120.63661,16.050379],[120.636607,16.05065],[120.636887,16.050653],[120.637167,16.050656],[120.637164,16.050927],[120.637444,16.05093],[120.637441,16.051201],[120.637161,16.051198],[120.636881,16.051195],[120.636884,16.050924],[120.636604,16.050921],[120.6366,16.051192],[120.63632,16.051189],[120.63604,16.051186],[120.636043,16.050915],[120.635763,16.050912],[120.635766,16.050641],[120.635486,16.050638],[120.635483,16.050908],[120.635202,16.050905],[120.635206,16.050634],[120.634925,16.050631],[120.634929,16.05036],[120.634648,16.050357],[120.634652,16.050086],[120.634371,16.050083],[120.634375,16.049812],[120.634094,16.049809],[120.634098,16.049538]]],[[[120.633817,16.049535],[120.63382,16.049264],[120.634101,16.049267],[120.634098,16.049538],[120.633817,16.049535]]],[[[120.635218,16.04955],[120.635499,16.049554],[120.635495,16.049825],[120.635215,16.049821],[120.635218,16.04955]]],[[[120.684482,16.047952],[120.684479,16.048223],[120.684476,16.048494],[120.684473,16.048765],[120.68447,16.049036],[120.68419,16.049033],[120.684193,16.048762],[120.683912,16.048759],[120.683916,16.048488],[120.683919,16.048217],[120.683922,16.047946],[120.684202,16.047949],[120.684482,16.047952]]],[[[120.702386,16.050855],[120.702383,16.051126],[120.702103,16.051123],[120.702106,16.050852],[120.702386,16.050855]]],[[[120.640533,16.050422],[120.640813,16.050425],[120.64081,16.050696],[120.64053,16.050693],[120.640527,16.050964],[120.640246,16.050961],[120.640243,16.051232],[120.64024,16.051503],[120.640237,16.051774],[120.640234,16.052045],[120.640231,16.052316],[120.63995,16.052313],[120.63967,16.05231],[120.639673,16.052039],[120.639393,16.052036],[120.639396,16.051765],[120.639676,16.051768],[120.639957,16.051771],[120.63996,16.0515],[120.63968,16.051497],[120.639683,16.051226],[120.639403,16.051223],[120.639122,16.05122],[120.639126,16.050949],[120.638845,16.050946],[120.638565,16.050942],[120.638568,16.050672],[120.638288,16.050668],[120.638291,16.050397],[120.638572,16.050401],[120.638852,16.050404],[120.638855,16.050133],[120.639135,16.050136],[120.639415,16.050139],[120.639412,16.05041],[120.639692,16.050413],[120.639973,16.050416],[120.640253,16.050419],[120.640533,16.050422]]],[[[120.638021,16.049581],[120.638301,16.049585],[120.638298,16.049855],[120.638578,16.049859],[120.638858,16.049862],[120.638855,16.050133],[120.638575,16.05013],[120.638294,16.050126],[120.638014,16.050123],[120.638017,16.049852],[120.638021,16.049581]]],[[[120.63746,16.049575],[120.63718,16.049572],[120.637183,16.049301],[120.637463,16.049304],[120.63746,16.049575]]],[[[120.656799,16.049517],[120.656802,16.049246],[120.657082,16.049249],[120.657079,16.04952],[120.656799,16.049517]]],[[[120.666881,16.050169],[120.666884,16.049898],[120.667164,16.049901],[120.667161,16.050172],[120.666881,16.050169]]],[[[120.670234,16.051018],[120.670231,16.051289],[120.669951,16.051286],[120.669671,16.051283],[120.669674,16.051012],[120.669677,16.050741],[120.669957,16.050744],[120.669954,16.051015],[120.670234,16.051018]]],[[[120.684725,16.051207],[120.684445,16.051204],[120.684448,16.050933],[120.684728,16.050936],[120.684725,16.051207]]],[[[120.659863,16.051176],[120.659859,16.051447],[120.659856,16.051718],[120.659853,16.051989],[120.659573,16.051986],[120.659576,16.051715],[120.659296,16.051712],[120.659299,16.051441],[120.659302,16.05117],[120.659582,16.051173],[120.659586,16.050902],[120.659866,16.050905],[120.659863,16.051176]]],[[[120.660442,16.049556],[120.660445,16.049285],[120.660725,16.049289],[120.660722,16.04956],[120.660442,16.049556]]],[[[120.660442,16.049556],[120.660439,16.049827],[120.660436,16.050098],[120.660155,16.050095],[120.660159,16.049824],[120.660162,16.049553],[120.660442,16.049556]]],[[[120.705743,16.051433],[120.706023,16.051436],[120.70602,16.051707],[120.70574,16.051704],[120.705743,16.051433]]],[[[120.637721,16.051204],[120.637718,16.051475],[120.637438,16.051472],[120.637441,16.051201],[120.637721,16.051204]]],[[[120.669668,16.051554],[120.669664,16.051825],[120.669384,16.051822],[120.669387,16.051551],[120.669668,16.051554]]],[[[120.670508,16.051563],[120.670505,16.051834],[120.670502,16.052105],[120.670222,16.052102],[120.670225,16.051831],[120.670228,16.05156],[120.670508,16.051563]]],[[[120.702934,16.051945],[120.702654,16.051942],[120.702657,16.051671],[120.702937,16.051674],[120.702934,16.051945]]],[[[120.639992,16.04879],[120.639712,16.048787],[120.639715,16.048516],[120.639995,16.048519],[120.639992,16.04879]]],[[[120.640269,16.049064],[120.639989,16.049061],[120.639992,16.04879],[120.640272,16.048793],[120.640269,16.049064]]],[[[120.641125,16.047719],[120.641122,16.04799],[120.640842,16.047986],[120.640845,16.047715],[120.641125,16.047719]]],[[[120.691725,16.051825],[120.691722,16.052096],[120.692002,16.052099],[120.692005,16.051828],[120.691725,16.051825],[120.691728,16.051554],[120.692008,16.051557],[120.692011,16.051286],[120.692291,16.051289],[120.692288,16.05156],[120.692285,16.051831],[120.692282,16.052102],[120.692562,16.052105],[120.692843,16.052108],[120.693123,16.052111],[120.69312,16.052382],[120.6934,16.052385],[120.69368,16.052388],[120.69396,16.052391],[120.694241,16.052394],[120.694238,16.052665],[120.694234,16.052936],[120.693954,16.052933],[120.693951,16.053204],[120.693948,16.053475],[120.693668,16.053472],[120.693387,16.053469],[120.693391,16.053198],[120.693671,16.053201],[120.693674,16.05293],[120.693394,16.052927],[120.693391,16.053198],[120.69311,16.053195],[120.693113,16.052924],[120.692833,16.052921],[120.692553,16.052918],[120.692273,16.052915],[120.69227,16.053186],[120.691989,16.053183],[120.691986,16.053454],[120.691983,16.053725],[120.69198,16.053996],[120.691977,16.054267],[120.691697,16.054264],[120.691416,16.054261],[120.691419,16.05399],[120.6917,16.053993],[120.691703,16.053722],[120.691706,16.053451],[120.691426,16.053448],[120.691145,16.053445],[120.691149,16.053174],[120.691429,16.053177],[120.691432,16.052906],[120.691435,16.052635],[120.691155,16.052632],[120.691158,16.052361],[120.691161,16.05209],[120.691441,16.052093],[120.691444,16.051822],[120.691725,16.051825]]],[[[120.659573,16.051986],[120.65957,16.052257],[120.659567,16.052528],[120.659847,16.052531],[120.659844,16.052802],[120.660124,16.052805],[120.660404,16.052808],[120.660684,16.052811],[120.660965,16.052814],[120.661245,16.052817],[120.661242,16.053088],[120.661522,16.053092],[120.661519,16.053362],[120.661238,16.053359],[120.660958,16.053356],[120.660955,16.053627],[120.661235,16.05363],[120.661516,16.053633],[120.661796,16.053637],[120.661799,16.053366],[120.661802,16.053095],[120.662082,16.053098],[120.662079,16.053369],[120.662076,16.05364],[120.662073,16.053911],[120.66207,16.054182],[120.661789,16.054179],[120.661509,16.054175],[120.661506,16.054446],[120.661226,16.054443],[120.661229,16.054172],[120.660949,16.054169],[120.660668,16.054166],[120.660672,16.053895],[120.660391,16.053892],[120.660395,16.053621],[120.660675,16.053624],[120.660678,16.053353],[120.660398,16.05335],[120.660395,16.053621],[120.660114,16.053618],[120.660118,16.053347],[120.659837,16.053344],[120.659557,16.053341],[120.659277,16.053338],[120.65928,16.053067],[120.659283,16.052796],[120.659003,16.052793],[120.658723,16.05279],[120.658726,16.052519],[120.658729,16.052248],[120.659009,16.052251],[120.659289,16.052254],[120.659293,16.051983],[120.659573,16.051986]]],[[[120.670782,16.052108],[120.670779,16.052379],[120.671059,16.052382],[120.671056,16.052653],[120.671336,16.052656],[120.671333,16.052927],[120.671053,16.052924],[120.67105,16.053195],[120.67077,16.053192],[120.670773,16.052921],[120.670493,16.052918],[120.670212,16.052915],[120.670215,16.052644],[120.669935,16.052641],[120.669938,16.05237],[120.670219,16.052373],[120.670499,16.052376],[120.670502,16.052105],[120.670782,16.052108]]],[[[120.679473,16.051932],[120.679476,16.051661],[120.679756,16.051664],[120.679753,16.051935],[120.67975,16.052206],[120.67947,16.052203],[120.679473,16.051932]]],[[[120.672747,16.051859],[120.673027,16.051862],[120.673308,16.051865],[120.673588,16.051868],[120.673585,16.052139],[120.673581,16.05241],[120.673862,16.052413],[120.673859,16.052684],[120.674139,16.052687],[120.674136,16.052958],[120.674132,16.053229],[120.673852,16.053226],[120.673572,16.053223],[120.673575,16.052952],[120.673578,16.052681],[120.673298,16.052678],[120.673301,16.052407],[120.673021,16.052404],[120.673024,16.052133],[120.672744,16.05213],[120.672747,16.051859]]],[[[120.672199,16.050769],[120.672479,16.050772],[120.67276,16.050775],[120.672756,16.051046],[120.672476,16.051043],[120.672473,16.051314],[120.672193,16.051311],[120.672196,16.05104],[120.672199,16.050769]]],[[[120.670807,16.04994],[120.671088,16.049944],[120.671085,16.050214],[120.670804,16.050211],[120.670807,16.04994]]],[[[120.669661,16.052096],[120.669942,16.052099],[120.669938,16.05237],[120.669658,16.052367],[120.669661,16.052096]]],[[[120.67975,16.052206],[120.68003,16.052209],[120.680027,16.05248],[120.680024,16.052751],[120.680021,16.053022],[120.67974,16.053019],[120.679744,16.052748],[120.679747,16.052477],[120.67975,16.052206]]],[[[120.641074,16.052054],[120.641071,16.052325],[120.641068,16.052596],[120.641348,16.052599],[120.641345,16.05287],[120.641065,16.052867],[120.641062,16.053138],[120.641342,16.053141],[120.641339,16.053412],[120.641335,16.053683],[120.641332,16.053954],[120.641613,16.053957],[120.641609,16.054228],[120.64189,16.054231],[120.641886,16.054502],[120.642167,16.054505],[120.64217,16.054234],[120.64245,16.054237],[120.64273,16.054241],[120.642727,16.054512],[120.643007,16.054515],[120.643288,16.054518],[120.643284,16.054789],[120.643004,16.054786],[120.642724,16.054783],[120.642444,16.054779],[120.642163,16.054776],[120.641883,16.054773],[120.641603,16.05477],[120.641606,16.054499],[120.641326,16.054496],[120.641329,16.054225],[120.641049,16.054222],[120.640769,16.054219],[120.640772,16.053948],[120.640775,16.053677],[120.640778,16.053406],[120.640781,16.053135],[120.640501,16.053132],[120.640221,16.053129],[120.640224,16.052858],[120.639944,16.052855],[120.639947,16.052584],[120.640227,16.052587],[120.640231,16.052316],[120.640511,16.052319],[120.640514,16.052048],[120.640517,16.051777],[120.640797,16.05178],[120.640794,16.052051],[120.641074,16.052054]],[[120.640788,16.052593],[120.640508,16.05259],[120.640504,16.052861],[120.640785,16.052864],[120.640788,16.052593]]],[[[120.635199,16.051176],[120.634919,16.051173],[120.634922,16.050902],[120.635202,16.050905],[120.635199,16.051176]]],[[[120.63547,16.051992],[120.63519,16.051989],[120.635193,16.051718],[120.635196,16.051447],[120.635199,16.051176],[120.635479,16.051179],[120.635476,16.05145],[120.635473,16.051721],[120.63547,16.051992]]],[[[120.635747,16.052266],[120.635467,16.052263],[120.63547,16.051992],[120.63575,16.051995],[120.635747,16.052266]]],[[[120.636307,16.052273],[120.636588,16.052276],[120.636584,16.052547],[120.636304,16.052544],[120.636024,16.052541],[120.635744,16.052537],[120.635747,16.052266],[120.636027,16.05227],[120.636307,16.052273]]],[[[120.705447,16.052785],[120.70545,16.052514],[120.705731,16.052517],[120.705734,16.052246],[120.706014,16.052249],[120.706011,16.05252],[120.706291,16.052523],[120.706288,16.052794],[120.706008,16.052791],[120.706005,16.053062],[120.706001,16.053333],[120.705998,16.053604],[120.705718,16.053601],[120.705715,16.053872],[120.705435,16.053869],[120.705438,16.053598],[120.705441,16.053327],[120.705444,16.053056],[120.705724,16.053059],[120.705727,16.052788],[120.705447,16.052785]]],[[[120.636865,16.05255],[120.637145,16.052553],[120.637142,16.052824],[120.636861,16.052821],[120.636581,16.052818],[120.636584,16.052547],[120.636865,16.05255]]],[[[120.665219,16.048525],[120.664938,16.048521],[120.664942,16.04825],[120.665222,16.048254],[120.665219,16.048525]]],[[[120.66411,16.047428],[120.664107,16.047699],[120.663827,16.047696],[120.66383,16.047425],[120.66411,16.047428]]],[[[120.680301,16.053025],[120.680298,16.053296],[120.680295,16.053567],[120.680014,16.053564],[120.680017,16.053293],[120.680021,16.053022],[120.680301,16.053025]]],[[[120.64701,16.047783],[120.64729,16.047786],[120.647287,16.048057],[120.647007,16.048054],[120.64701,16.047783]]],[[[120.64701,16.047783],[120.64673,16.04778],[120.646733,16.047509],[120.646736,16.047238],[120.647017,16.047241],[120.647013,16.047512],[120.64701,16.047783]]],[[[120.645603,16.04831],[120.645606,16.048039],[120.645886,16.048042],[120.646166,16.048045],[120.646163,16.048316],[120.645883,16.048313],[120.645603,16.04831]]],[[[120.671327,16.053469],[120.671047,16.053466],[120.67105,16.053195],[120.67133,16.053198],[120.671327,16.053469]]],[[[120.671607,16.053472],[120.671604,16.053743],[120.671324,16.05374],[120.671327,16.053469],[120.671607,16.053472]]],[[[120.67161,16.053201],[120.671891,16.053204],[120.671887,16.053475],[120.671607,16.053472],[120.67161,16.053201]]],[[[120.680575,16.05357],[120.680572,16.053841],[120.680569,16.054112],[120.680288,16.054109],[120.680291,16.053838],[120.680295,16.053567],[120.680575,16.05357]]],[[[120.695626,16.053764],[120.695623,16.054035],[120.695343,16.054032],[120.695346,16.053761],[120.695626,16.053764]]],[[[120.705435,16.053869],[120.705432,16.05414],[120.705429,16.054411],[120.705425,16.054682],[120.705706,16.054685],[120.705703,16.054956],[120.705422,16.054953],[120.705142,16.05495],[120.705145,16.054679],[120.704865,16.054676],[120.704868,16.054405],[120.705148,16.054408],[120.705151,16.054137],[120.705155,16.053866],[120.705435,16.053869]]],[[[120.653389,16.053545],[120.653386,16.053816],[120.653105,16.053812],[120.653108,16.053542],[120.653389,16.053545]]],[[[120.635447,16.053889],[120.635444,16.05416],[120.635441,16.054431],[120.635161,16.054428],[120.635164,16.054157],[120.635167,16.053886],[120.635447,16.053889]]],[[[120.679444,16.054371],[120.679441,16.054642],[120.679722,16.054645],[120.679718,16.054916],[120.679438,16.054913],[120.679435,16.055184],[120.679432,16.055455],[120.679152,16.055451],[120.678871,16.055448],[120.678875,16.055177],[120.678878,16.054906],[120.678597,16.054903],[120.678601,16.054632],[120.678604,16.054361],[120.678323,16.054358],[120.678327,16.054087],[120.678607,16.05409],[120.67861,16.053819],[120.67889,16.053823],[120.678887,16.054093],[120.679167,16.054097],[120.679164,16.054368],[120.679444,16.054371]]],[[[120.64246,16.053425],[120.642456,16.053696],[120.642453,16.053966],[120.642173,16.053963],[120.641893,16.05396],[120.641896,16.053689],[120.641899,16.053418],[120.642179,16.053421],[120.64246,16.053425]]],[[[120.653386,16.053816],[120.653666,16.053819],[120.653946,16.053822],[120.653943,16.054093],[120.654223,16.054096],[120.65422,16.054367],[120.654217,16.054638],[120.653936,16.054635],[120.653656,16.054632],[120.653659,16.054361],[120.653379,16.054358],[120.653382,16.054087],[120.653386,16.053816]]],[[[120.679476,16.051661],[120.679196,16.051658],[120.679199,16.051387],[120.679479,16.05139],[120.679476,16.051661]]],[[[120.676445,16.047147],[120.677286,16.047174],[120.677284,16.047301],[120.677281,16.047572],[120.677001,16.047569],[120.677004,16.047298],[120.676724,16.047295],[120.676444,16.047291],[120.676445,16.047147]]],[[[120.675605,16.04712],[120.675885,16.047129],[120.675883,16.047285],[120.675603,16.047282],[120.675605,16.04712]]],[[[120.676371,16.053524],[120.676374,16.053253],[120.676094,16.05325],[120.676097,16.052979],[120.6761,16.052708],[120.676381,16.052711],[120.676378,16.052982],[120.676658,16.052985],[120.676938,16.052988],[120.676935,16.053259],[120.676932,16.05353],[120.676651,16.053527],[120.676371,16.053524]]],[[[120.673887,16.050245],[120.674167,16.050248],[120.674164,16.050519],[120.673884,16.050516],[120.673887,16.050245]]],[[[120.689171,16.054507],[120.689168,16.054778],[120.689165,16.055049],[120.688885,16.055046],[120.688888,16.054775],[120.688891,16.054504],[120.689171,16.054507]]],[[[120.706609,16.049274],[120.706605,16.049545],[120.706602,16.049816],[120.706322,16.049813],[120.706042,16.04981],[120.706045,16.049539],[120.705765,16.049536],[120.705768,16.049265],[120.706048,16.049268],[120.706328,16.049271],[120.706609,16.049274]]],[[[120.706879,16.05009],[120.706883,16.049819],[120.707163,16.049822],[120.70716,16.050093],[120.706879,16.05009]]],[[[120.636565,16.054173],[120.636285,16.05417],[120.636288,16.053899],[120.636568,16.053902],[120.636565,16.054173]]],[[[120.662066,16.054453],[120.662063,16.054724],[120.661783,16.05472],[120.661503,16.054717],[120.661506,16.054446],[120.661786,16.054449],[120.662066,16.054453]]],[[[120.66291,16.054191],[120.662914,16.05392],[120.663194,16.053923],[120.663191,16.054194],[120.66291,16.054191]]],[[[120.664031,16.054203],[120.664028,16.054474],[120.664308,16.054477],[120.664305,16.054748],[120.664025,16.054745],[120.664022,16.055016],[120.664019,16.055287],[120.664016,16.055558],[120.664296,16.055561],[120.664293,16.055832],[120.664289,16.056103],[120.664286,16.056374],[120.664006,16.056371],[120.664003,16.056642],[120.664283,16.056645],[120.66428,16.056916],[120.664,16.056913],[120.663719,16.05691],[120.663439,16.056907],[120.663436,16.057178],[120.663156,16.057175],[120.663159,16.056904],[120.663162,16.056633],[120.663442,16.056636],[120.663446,16.056365],[120.663449,16.056094],[120.663452,16.055823],[120.663455,16.055552],[120.663175,16.055549],[120.662895,16.055546],[120.662898,16.055275],[120.663178,16.055278],[120.663181,16.055007],[120.663461,16.05501],[120.663465,16.054739],[120.663184,16.054736],[120.663187,16.054465],[120.663468,16.054468],[120.663748,16.054471],[120.663751,16.0542],[120.664031,16.054203]]],[[[120.663483,16.053113],[120.663203,16.05311],[120.663206,16.052839],[120.663487,16.052842],[120.663483,16.053113]]],[[[120.673837,16.054581],[120.674117,16.054584],[120.674114,16.054855],[120.673833,16.054852],[120.673837,16.054581]]],[[[120.703458,16.055203],[120.703454,16.055474],[120.703451,16.055745],[120.703732,16.055748],[120.704012,16.055751],[120.704009,16.056022],[120.704006,16.056293],[120.704286,16.056296],[120.704283,16.056567],[120.70428,16.056838],[120.703999,16.056835],[120.703996,16.057106],[120.704277,16.057109],[120.704557,16.057112],[120.70456,16.056841],[120.70484,16.056844],[120.704837,16.057115],[120.704834,16.057386],[120.704831,16.057657],[120.704551,16.057654],[120.704547,16.057925],[120.704267,16.057922],[120.703987,16.057919],[120.703984,16.05819],[120.703981,16.058461],[120.703978,16.058732],[120.703974,16.059003],[120.703971,16.059274],[120.703968,16.059545],[120.703965,16.059816],[120.703685,16.059813],[120.703682,16.060084],[120.703962,16.060087],[120.703959,16.060358],[120.703679,16.060355],[120.703398,16.060352],[120.703118,16.060349],[120.703115,16.06062],[120.702835,16.060617],[120.702832,16.060888],[120.702551,16.060885],[120.702555,16.060614],[120.702274,16.060611],[120.702271,16.060882],[120.702268,16.061153],[120.702548,16.061156],[120.702545,16.061427],[120.702542,16.061698],[120.702262,16.061695],[120.702259,16.061966],[120.701979,16.061963],[120.701975,16.062234],[120.701695,16.062231],[120.701692,16.062502],[120.701689,16.062773],[120.701686,16.063044],[120.701683,16.063315],[120.701402,16.063312],[120.701399,16.063583],[120.701396,16.063854],[120.701676,16.063857],[120.701673,16.064128],[120.70167,16.064399],[120.701667,16.06467],[120.701664,16.064941],[120.701661,16.065212],[120.701381,16.065209],[120.7011,16.065206],[120.70082,16.065203],[120.70054,16.0652],[120.700543,16.064929],[120.700823,16.064932],[120.700826,16.064661],[120.700829,16.06439],[120.700833,16.064119],[120.700836,16.063848],[120.700839,16.063577],[120.700842,16.063306],[120.700845,16.063035],[120.701125,16.063038],[120.701128,16.062767],[120.701132,16.062496],[120.701135,16.062225],[120.701138,16.061954],[120.701418,16.061957],[120.701421,16.061686],[120.701701,16.061689],[120.701704,16.061418],[120.701985,16.061421],[120.701988,16.06115],[120.701708,16.061147],[120.701711,16.060876],[120.70143,16.060873],[120.701434,16.060602],[120.701437,16.060331],[120.701717,16.060334],[120.701997,16.060337],[120.702277,16.06034],[120.702281,16.060069],[120.702284,16.059798],[120.702564,16.059801],[120.702567,16.05953],[120.70257,16.059259],[120.702573,16.058988],[120.702576,16.058717],[120.702579,16.058446],[120.702583,16.058175],[120.702863,16.058178],[120.702866,16.057907],[120.702869,16.057636],[120.703149,16.057639],[120.703152,16.057368],[120.703433,16.057371],[120.703713,16.057374],[120.703716,16.057103],[120.703719,16.056832],[120.703722,16.056561],[120.703442,16.056558],[120.703439,16.056829],[120.703159,16.056826],[120.703156,16.057097],[120.702875,16.057094],[120.702878,16.056823],[120.702881,16.056552],[120.703162,16.056555],[120.703165,16.056284],[120.703168,16.056013],[120.703171,16.055742],[120.703174,16.055471],[120.702894,16.055468],[120.702897,16.055197],[120.703177,16.0552],[120.703458,16.055203]],[[120.703417,16.058726],[120.70342,16.058455],[120.70314,16.058452],[120.70286,16.058449],[120.702857,16.05872],[120.702853,16.058991],[120.70285,16.059262],[120.703131,16.059265],[120.703411,16.059268],[120.703414,16.058997],[120.703417,16.058726]]],[[[120.665143,16.055028],[120.664863,16.055025],[120.664866,16.054754],[120.665146,16.054757],[120.665143,16.055028]]],[[[120.665703,16.055034],[120.6657,16.055305],[120.66598,16.055308],[120.665977,16.055579],[120.665697,16.055576],[120.665417,16.055573],[120.665414,16.055844],[120.665133,16.055841],[120.665136,16.05557],[120.66514,16.055299],[120.665143,16.055028],[120.665423,16.055031],[120.665703,16.055034]]],[[[120.643565,16.054792],[120.643561,16.055063],[120.643842,16.055066],[120.643838,16.055337],[120.643558,16.055334],[120.643555,16.055605],[120.643552,16.055876],[120.643549,16.056147],[120.643829,16.05615],[120.643826,16.056421],[120.643545,16.056418],[120.643542,16.056689],[120.643539,16.05696],[120.643259,16.056957],[120.643262,16.056686],[120.643265,16.056415],[120.643268,16.056144],[120.642988,16.056141],[120.642991,16.05587],[120.642995,16.055599],[120.643275,16.055602],[120.643278,16.055331],[120.643281,16.05506],[120.643284,16.054789],[120.643565,16.054792]]],[[[120.672158,16.054291],[120.672161,16.05402],[120.672442,16.054024],[120.672438,16.054295],[120.672158,16.054291]]],[[[120.661777,16.055262],[120.661497,16.055259],[120.6615,16.054988],[120.66178,16.054991],[120.661777,16.055262]]],[[[120.66206,16.054995],[120.66234,16.054998],[120.662337,16.055269],[120.662334,16.05554],[120.662331,16.055811],[120.662611,16.055814],[120.662608,16.056085],[120.662605,16.056356],[120.662602,16.056627],[120.662598,16.056898],[120.662318,16.056894],[120.662315,16.057165],[120.662595,16.057169],[120.662592,16.057439],[120.662872,16.057443],[120.662869,16.057714],[120.662866,16.057985],[120.663146,16.057988],[120.663143,16.058259],[120.66314,16.05853],[120.66286,16.058526],[120.66258,16.058523],[120.662299,16.05852],[120.662296,16.058791],[120.662016,16.058788],[120.661736,16.058785],[120.661732,16.059056],[120.662013,16.059059],[120.662293,16.059062],[120.662573,16.059065],[120.662853,16.059068],[120.66285,16.059339],[120.66257,16.059336],[120.66229,16.059333],[120.66201,16.05933],[120.661729,16.059327],[120.661449,16.059324],[120.661452,16.059053],[120.661455,16.058782],[120.661459,16.058511],[120.661462,16.05824],[120.661181,16.058237],[120.661185,16.057966],[120.660904,16.057963],[120.660908,16.057692],[120.660911,16.057421],[120.661191,16.057424],[120.661194,16.057153],[120.661197,16.056882],[120.661478,16.056885],[120.661758,16.056888],[120.661761,16.056617],[120.661764,16.056346],[120.661767,16.056075],[120.662048,16.056078],[120.662051,16.055807],[120.66177,16.055804],[120.66149,16.055801],[120.661493,16.05553],[120.661774,16.055533],[120.661777,16.055262],[120.662057,16.055265],[120.66206,16.054995]]],[[[120.705413,16.055766],[120.70541,16.056037],[120.70513,16.056034],[120.705133,16.055763],[120.705413,16.055766]]],[[[120.639641,16.054749],[120.639645,16.054478],[120.639925,16.054481],[120.639922,16.054752],[120.639918,16.055023],[120.639915,16.055294],[120.639912,16.055565],[120.639632,16.055562],[120.639635,16.055291],[120.639638,16.05502],[120.639641,16.054749]]],[[[120.687288,16.047654],[120.688129,16.047702],[120.688129,16.047721],[120.687848,16.047718],[120.687568,16.047714],[120.687288,16.047711],[120.687288,16.047654]]],[[[120.687552,16.049069],[120.687549,16.04934],[120.687269,16.049337],[120.687272,16.049066],[120.687552,16.049069]]],[[[120.671299,16.055908],[120.671295,16.056179],[120.671015,16.056176],[120.671018,16.055905],[120.671299,16.055908]]],[[[120.669916,16.054267],[120.669636,16.054264],[120.669639,16.053993],[120.669919,16.053996],[120.669916,16.054267]]],[[[120.665414,16.055844],[120.665694,16.055847],[120.665691,16.056118],[120.66541,16.056115],[120.665414,16.055844]]],[[[120.674661,16.055945],[120.674658,16.056216],[120.674655,16.056487],[120.674652,16.056758],[120.674649,16.057029],[120.674369,16.057026],[120.674088,16.057023],[120.673808,16.05702],[120.673811,16.056749],[120.673814,16.056478],[120.674095,16.056481],[120.674098,16.05621],[120.674101,16.055939],[120.674381,16.055942],[120.674661,16.055945]]],[[[120.697868,16.053788],[120.697588,16.053785],[120.697591,16.053514],[120.697594,16.053243],[120.697597,16.052972],[120.6976,16.052701],[120.697881,16.052704],[120.697884,16.052433],[120.698164,16.052436],[120.698161,16.052707],[120.698158,16.052978],[120.698155,16.053249],[120.697874,16.053246],[120.697871,16.053517],[120.697868,16.053788]]],[[[120.697862,16.05433],[120.697865,16.054059],[120.698145,16.054062],[120.698142,16.054333],[120.697862,16.05433]]],[[[120.698681,16.056236],[120.698678,16.056507],[120.698675,16.056778],[120.698394,16.056775],[120.698114,16.056772],[120.698117,16.056501],[120.698398,16.056504],[120.698401,16.056233],[120.698681,16.056236]]],[[[120.698454,16.051626],[120.69845,16.051897],[120.69817,16.051894],[120.698167,16.052165],[120.697887,16.052162],[120.69789,16.051891],[120.697893,16.05162],[120.698173,16.051623],[120.698454,16.051626]]],[[[120.698454,16.051626],[120.698457,16.051355],[120.698737,16.051358],[120.698734,16.051629],[120.698454,16.051626]]],[[[120.637954,16.055272],[120.63795,16.055543],[120.63767,16.05554],[120.637673,16.055269],[120.637954,16.055272]]],[[[120.653077,16.056251],[120.653074,16.056522],[120.652793,16.056519],[120.652796,16.056248],[120.653077,16.056251]]],[[[120.653357,16.056254],[120.653077,16.056251],[120.65308,16.05598],[120.65336,16.055983],[120.653357,16.056254]]],[[[120.709888,16.056627],[120.710168,16.05663],[120.710171,16.056359],[120.710174,16.056088],[120.710454,16.056091],[120.710622,16.056093],[120.710731,16.056435],[120.710728,16.056636],[120.710448,16.056633],[120.710445,16.056904],[120.710165,16.056901],[120.710162,16.057172],[120.710159,16.057443],[120.710156,16.057714],[120.709875,16.057711],[120.709872,16.057982],[120.709869,16.058253],[120.709866,16.058524],[120.709863,16.058795],[120.709583,16.058792],[120.709586,16.058521],[120.709589,16.05825],[120.709592,16.057979],[120.709595,16.057708],[120.709598,16.057437],[120.709601,16.057166],[120.709604,16.056895],[120.709885,16.056898],[120.709888,16.056627]]],[[[120.643823,16.056692],[120.644103,16.056695],[120.6441,16.056966],[120.64438,16.056969],[120.644377,16.05724],[120.644373,16.057511],[120.644654,16.057514],[120.64465,16.057785],[120.64437,16.057782],[120.64409,16.057779],[120.644093,16.057508],[120.644096,16.057237],[120.643816,16.057234],[120.643819,16.056963],[120.643823,16.056692]]],[[[120.682971,16.057422],[120.682968,16.057693],[120.682965,16.057964],[120.683245,16.057967],[120.683242,16.058238],[120.683239,16.058509],[120.683236,16.05878],[120.682956,16.058777],[120.682959,16.058506],[120.682679,16.058503],[120.682682,16.058232],[120.682685,16.057961],[120.682688,16.05769],[120.682691,16.057419],[120.682971,16.057422]]],[[[120.702869,16.057636],[120.702589,16.057633],[120.702592,16.057362],[120.702595,16.057091],[120.702875,16.057094],[120.702872,16.057365],[120.702869,16.057636]]],[[[120.653628,16.05707],[120.653908,16.057073],[120.653905,16.057344],[120.653624,16.057341],[120.653628,16.05707]]],[[[120.63681,16.057156],[120.63653,16.057153],[120.63625,16.05715],[120.636253,16.056879],[120.636533,16.056882],[120.636813,16.056885],[120.63681,16.057156]]],[[[120.653902,16.057615],[120.653898,16.057886],[120.654179,16.05789],[120.654459,16.057893],[120.654739,16.057896],[120.655019,16.057899],[120.6553,16.057902],[120.655296,16.058173],[120.655293,16.058444],[120.65529,16.058715],[120.65501,16.058712],[120.655007,16.058983],[120.655003,16.059254],[120.654723,16.059251],[120.654726,16.05898],[120.654446,16.058977],[120.654449,16.058706],[120.654452,16.058435],[120.654172,16.058431],[120.654175,16.05816],[120.653895,16.058157],[120.653615,16.058154],[120.653335,16.058151],[120.653054,16.058148],[120.652774,16.058145],[120.652777,16.057874],[120.652781,16.057603],[120.653061,16.057606],[120.653341,16.057609],[120.653621,16.057612],[120.653902,16.057615]]],[[[120.687729,16.058015],[120.687726,16.058286],[120.687446,16.058283],[120.687449,16.058012],[120.687729,16.058015]]],[[[120.631942,16.048701],[120.631928,16.04843],[120.632149,16.048433],[120.632146,16.048704],[120.631942,16.048701]]],[[[120.634429,16.045206],[120.634709,16.045209],[120.634706,16.04548],[120.634426,16.045477],[120.634429,16.045206]]],[[[120.631714,16.044363],[120.631685,16.04382],[120.631923,16.043823],[120.632203,16.043826],[120.6322,16.044097],[120.632197,16.044368],[120.631917,16.044365],[120.631714,16.044363]]],[[[120.631814,16.046261],[120.631742,16.044905],[120.63191,16.044907],[120.631907,16.045178],[120.632187,16.045181],[120.632184,16.045452],[120.632464,16.045455],[120.632467,16.045184],[120.632748,16.045187],[120.632744,16.045458],[120.632988,16.045461],[120.633025,16.045461],[120.633021,16.045732],[120.633302,16.045735],[120.633298,16.046006],[120.633018,16.046003],[120.633015,16.046274],[120.632735,16.046271],[120.632455,16.046268],[120.632458,16.045997],[120.632178,16.045994],[120.632174,16.046265],[120.631894,16.046262],[120.631814,16.046261]]],[[[120.634114,16.048183],[120.633833,16.04818],[120.633836,16.047909],[120.634117,16.047912],[120.634114,16.048183]]],[[[120.639457,16.046616],[120.63946,16.046345],[120.63974,16.046348],[120.639737,16.046619],[120.639457,16.046616]]],[[[120.644928,16.058059],[120.644924,16.05833],[120.644921,16.058601],[120.644641,16.058598],[120.644638,16.058869],[120.644635,16.05914],[120.644354,16.059137],[120.644351,16.059408],[120.644071,16.059405],[120.643791,16.059402],[120.643794,16.059131],[120.643797,16.05886],[120.644077,16.058863],[120.644357,16.058866],[120.644361,16.058595],[120.644364,16.058324],[120.644367,16.058053],[120.644647,16.058056],[120.644928,16.058059]]],[[[120.639606,16.057729],[120.639886,16.057732],[120.640167,16.057736],[120.640447,16.057739],[120.640444,16.05801],[120.640163,16.058006],[120.639883,16.058003],[120.639603,16.058],[120.639606,16.057729]]],[[[120.656137,16.058182],[120.656417,16.058185],[120.656698,16.058188],[120.656978,16.058191],[120.657258,16.058194],[120.657255,16.058465],[120.657535,16.058468],[120.657532,16.058739],[120.657812,16.058742],[120.658092,16.058745],[120.658373,16.058748],[120.658653,16.058752],[120.65865,16.059023],[120.65893,16.059026],[120.65921,16.059029],[120.659491,16.059032],[120.659487,16.059303],[120.659768,16.059306],[120.660048,16.059309],[120.660328,16.059312],[120.660608,16.059315],[120.660605,16.059586],[120.660885,16.059589],[120.660882,16.05986],[120.661162,16.059863],[120.661443,16.059866],[120.66144,16.060137],[120.661436,16.060408],[120.661717,16.060411],[120.661997,16.060414],[120.662277,16.060417],[120.662557,16.06042],[120.662554,16.060691],[120.662834,16.060694],[120.662831,16.060965],[120.663112,16.060968],[120.663115,16.060697],[120.663395,16.0607],[120.663398,16.060429],[120.663401,16.060159],[120.663682,16.060162],[120.663962,16.060165],[120.664242,16.060168],[120.664239,16.060439],[120.664519,16.060442],[120.664516,16.060713],[120.664796,16.060716],[120.664793,16.060987],[120.664513,16.060984],[120.66451,16.061255],[120.66479,16.061258],[120.66507,16.061261],[120.665073,16.06099],[120.665076,16.060719],[120.664796,16.060716],[120.664799,16.060445],[120.664519,16.060442],[120.664522,16.060171],[120.664242,16.060168],[120.664245,16.059897],[120.663965,16.059894],[120.663685,16.059891],[120.663688,16.05962],[120.663968,16.059623],[120.664248,16.059626],[120.664529,16.059629],[120.664525,16.0599],[120.664806,16.059903],[120.665086,16.059906],[120.665366,16.059909],[120.665646,16.059912],[120.665643,16.060183],[120.665923,16.060186],[120.66592,16.060457],[120.66564,16.060454],[120.665637,16.060725],[120.665634,16.060996],[120.665631,16.061267],[120.665911,16.06127],[120.666191,16.061273],[120.666471,16.061276],[120.666468,16.061547],[120.666748,16.06155],[120.666752,16.061279],[120.666755,16.061008],[120.667035,16.061011],[120.667038,16.06074],[120.667318,16.060743],[120.667315,16.061014],[120.667595,16.061017],[120.667599,16.060746],[120.667879,16.060749],[120.667876,16.06102],[120.668156,16.061023],[120.668436,16.061026],[120.668433,16.061297],[120.668713,16.061301],[120.668994,16.061304],[120.668997,16.061033],[120.669,16.060762],[120.66928,16.060765],[120.66956,16.060768],[120.669841,16.060771],[120.669837,16.061042],[120.670118,16.061045],[120.670121,16.060774],[120.670401,16.060777],[120.670681,16.06078],[120.670962,16.060783],[120.671242,16.060786],[120.671522,16.060789],[120.671519,16.06106],[120.671799,16.061063],[120.671796,16.061334],[120.672076,16.061337],[120.672357,16.06134],[120.672353,16.061611],[120.672634,16.061614],[120.67263,16.061885],[120.672627,16.062156],[120.672908,16.062159],[120.673188,16.062162],[120.673468,16.062165],[120.673465,16.062436],[120.673745,16.062439],[120.673742,16.06271],[120.674022,16.062713],[120.674019,16.062984],[120.674299,16.062987],[120.674296,16.063258],[120.674576,16.063261],[120.674857,16.063264],[120.674854,16.063535],[120.67485,16.063806],[120.67457,16.063803],[120.67429,16.0638],[120.674287,16.064071],[120.674007,16.064068],[120.674003,16.064339],[120.674284,16.064342],[120.67428,16.064613],[120.674,16.06461],[120.67372,16.064607],[120.67344,16.064604],[120.673443,16.064333],[120.673163,16.06433],[120.672882,16.064327],[120.672886,16.064056],[120.672605,16.064053],[120.672608,16.063782],[120.672612,16.063511],[120.672331,16.063508],[120.672334,16.063237],[120.672054,16.063234],[120.672057,16.062963],[120.672061,16.062692],[120.672064,16.062421],[120.671783,16.062418],[120.67178,16.062689],[120.6715,16.062686],[120.671503,16.062415],[120.671223,16.062412],[120.671226,16.062141],[120.670946,16.062138],[120.670949,16.061867],[120.670669,16.061864],[120.670666,16.062135],[120.670385,16.062132],[120.670388,16.061861],[120.670108,16.061858],[120.670105,16.062129],[120.670102,16.0624],[120.669822,16.062397],[120.669819,16.062668],[120.669815,16.062939],[120.669535,16.062936],[120.669255,16.062933],[120.669252,16.063204],[120.668971,16.0632],[120.668975,16.062929],[120.668694,16.062926],[120.668691,16.063197],[120.668688,16.063468],[120.668408,16.063465],[120.668411,16.063194],[120.668414,16.062923],[120.668417,16.062652],[120.66842,16.062381],[120.66814,16.062378],[120.668137,16.062649],[120.668134,16.06292],[120.668131,16.063191],[120.66785,16.063188],[120.667847,16.063459],[120.668128,16.063462],[120.668124,16.063733],[120.667844,16.06373],[120.667841,16.064001],[120.668121,16.064004],[120.668118,16.064275],[120.668115,16.064546],[120.668395,16.064549],[120.668675,16.064552],[120.668679,16.064281],[120.668959,16.064284],[120.668956,16.064555],[120.669236,16.064558],[120.669516,16.064561],[120.669513,16.064832],[120.669233,16.064829],[120.668953,16.064826],[120.668949,16.065097],[120.668669,16.065094],[120.668666,16.065365],[120.668946,16.065368],[120.668943,16.065639],[120.669223,16.065642],[120.66922,16.065913],[120.6695,16.065916],[120.669781,16.065919],[120.669778,16.06619],[120.669497,16.066187],[120.669494,16.066458],[120.669774,16.066461],[120.669778,16.06619],[120.670058,16.066193],[120.670055,16.066464],[120.670051,16.066735],[120.669771,16.066732],[120.669491,16.066729],[120.669488,16.067],[120.669768,16.067003],[120.670048,16.067006],[120.670045,16.067277],[120.670325,16.06728],[120.670322,16.067551],[120.670319,16.067822],[120.670039,16.067819],[120.669759,16.067816],[120.669478,16.067813],[120.669481,16.067542],[120.669201,16.067539],[120.669204,16.067268],[120.668924,16.067265],[120.668644,16.067262],[120.668641,16.067533],[120.668638,16.067804],[120.668357,16.067801],[120.668077,16.067798],[120.668074,16.068069],[120.667794,16.068066],[120.667797,16.067795],[120.667517,16.067792],[120.66752,16.067521],[120.667523,16.06725],[120.667243,16.067247],[120.667246,16.066976],[120.667249,16.066705],[120.667529,16.066708],[120.667526,16.066979],[120.667806,16.066982],[120.667809,16.066711],[120.667529,16.066708],[120.667532,16.066437],[120.667252,16.066434],[120.667249,16.066705],[120.666969,16.066702],[120.666972,16.066431],[120.666692,16.066428],[120.666695,16.066157],[120.666975,16.06616],[120.666978,16.065889],[120.666981,16.065618],[120.666701,16.065615],[120.666698,16.065886],[120.666695,16.066157],[120.666414,16.066154],[120.666418,16.065883],[120.666421,16.065612],[120.666141,16.065609],[120.666144,16.065338],[120.666424,16.065341],[120.666427,16.06507],[120.66643,16.064799],[120.66615,16.064796],[120.666147,16.065067],[120.666144,16.065338],[120.665863,16.065335],[120.665867,16.065064],[120.66587,16.064793],[120.665589,16.06479],[120.665593,16.064519],[120.665312,16.064516],[120.665032,16.064513],[120.664752,16.06451],[120.664755,16.064239],[120.664758,16.063968],[120.664478,16.063965],[120.664198,16.063961],[120.664201,16.06369],[120.663921,16.063687],[120.663917,16.063958],[120.663914,16.064229],[120.663634,16.064226],[120.663354,16.064223],[120.663351,16.064494],[120.663347,16.064765],[120.663628,16.064768],[120.663625,16.065039],[120.663621,16.06531],[120.663618,16.065581],[120.663615,16.065852],[120.663335,16.065849],[120.663332,16.06612],[120.663328,16.066391],[120.663048,16.066388],[120.663051,16.066117],[120.662771,16.066114],[120.662491,16.066111],[120.662211,16.066108],[120.66193,16.066105],[120.66165,16.066102],[120.66137,16.066099],[120.66109,16.066096],[120.660809,16.066093],[120.660806,16.066364],[120.660803,16.066635],[120.6608,16.066906],[120.660797,16.067177],[120.660794,16.067448],[120.660513,16.067444],[120.660233,16.067441],[120.659953,16.067438],[120.65995,16.067709],[120.659669,16.067706],[120.659389,16.067703],[120.659392,16.067432],[120.659112,16.067429],[120.659115,16.067158],[120.659395,16.067161],[120.659399,16.06689],[120.659402,16.066619],[120.659682,16.066622],[120.659962,16.066625],[120.659965,16.066354],[120.659685,16.066351],[120.659688,16.06608],[120.659408,16.066077],[120.659411,16.065806],[120.659131,16.065803],[120.659134,16.065532],[120.659137,16.065261],[120.659141,16.06499],[120.659144,16.064719],[120.658863,16.064716],[120.658867,16.064445],[120.658586,16.064442],[120.65859,16.064171],[120.658593,16.0639],[120.658873,16.063903],[120.658876,16.063632],[120.658879,16.063361],[120.658599,16.063358],[120.658602,16.063087],[120.658882,16.06309],[120.659163,16.063093],[120.659166,16.062822],[120.659446,16.062825],[120.659726,16.062829],[120.660007,16.062832],[120.660287,16.062835],[120.660284,16.063106],[120.660281,16.063377],[120.66,16.063374],[120.65972,16.063371],[120.659717,16.063641],[120.659997,16.063645],[120.660277,16.063648],[120.660274,16.063919],[120.660271,16.06419],[120.660268,16.064461],[120.660548,16.064464],[120.660828,16.064467],[120.660825,16.064738],[120.661105,16.064741],[120.661102,16.065012],[120.661383,16.065015],[120.661663,16.065018],[120.66166,16.065289],[120.66194,16.065292],[120.661943,16.065021],[120.662223,16.065024],[120.662226,16.064753],[120.66223,16.064482],[120.662233,16.064211],[120.661953,16.064208],[120.661956,16.063937],[120.662236,16.06394],[120.662239,16.063669],[120.662519,16.063672],[120.6628,16.063675],[120.66308,16.063678],[120.66336,16.063681],[120.66364,16.063684],[120.663644,16.063413],[120.663647,16.063142],[120.663927,16.063145],[120.663924,16.063416],[120.664204,16.063419],[120.664207,16.063149],[120.664487,16.063152],[120.664768,16.063155],[120.664771,16.062884],[120.665051,16.062887],[120.665054,16.062616],[120.665057,16.062345],[120.664777,16.062342],[120.66478,16.062071],[120.664784,16.0618],[120.664503,16.061797],[120.664223,16.061794],[120.663943,16.061791],[120.66394,16.062062],[120.663936,16.062332],[120.664217,16.062336],[120.664497,16.062339],[120.664494,16.06261],[120.664491,16.062881],[120.66421,16.062878],[120.66393,16.062874],[120.66365,16.062871],[120.663653,16.0626],[120.663373,16.062597],[120.66337,16.062868],[120.663089,16.062865],[120.663093,16.062594],[120.663096,16.062323],[120.663376,16.062326],[120.663656,16.062329],[120.663659,16.062058],[120.663379,16.062055],[120.663099,16.062052],[120.662819,16.062049],[120.662538,16.062046],[120.662258,16.062043],[120.661978,16.06204],[120.661981,16.061769],[120.661701,16.061766],[120.661421,16.061763],[120.66114,16.06176],[120.66086,16.061757],[120.66058,16.061754],[120.6603,16.061751],[120.660019,16.061748],[120.659739,16.061745],[120.659459,16.061742],[120.659462,16.061471],[120.659742,16.061474],[120.659745,16.061203],[120.659465,16.0612],[120.659185,16.061197],[120.658905,16.061193],[120.658908,16.060922],[120.659188,16.060926],[120.659468,16.060929],[120.659471,16.060658],[120.659475,16.060387],[120.659194,16.060384],[120.658914,16.060381],[120.658911,16.060651],[120.658631,16.060648],[120.658634,16.060377],[120.658354,16.060374],[120.658357,16.060103],[120.658077,16.0601],[120.657796,16.060097],[120.6578,16.059826],[120.65808,16.059829],[120.658083,16.059558],[120.657803,16.059555],[120.6578,16.059826],[120.657519,16.059823],[120.657522,16.059552],[120.657242,16.059549],[120.656962,16.059546],[120.656959,16.059817],[120.656679,16.059814],[120.656398,16.059811],[120.656401,16.05954],[120.656405,16.059269],[120.656124,16.059266],[120.655844,16.059263],[120.655841,16.059534],[120.655561,16.059531],[120.655564,16.05926],[120.655567,16.058989],[120.655287,16.058986],[120.65529,16.058715],[120.65557,16.058718],[120.655573,16.058447],[120.655577,16.058176],[120.655857,16.058179],[120.655854,16.05845],[120.655851,16.058721],[120.656131,16.058724],[120.656411,16.058727],[120.656691,16.05873],[120.656694,16.058459],[120.656414,16.058456],[120.656134,16.058453],[120.656137,16.058182]],[[120.659201,16.059842],[120.658921,16.059839],[120.658917,16.06011],[120.659198,16.060113],[120.659201,16.059842]],[[120.663666,16.061516],[120.663946,16.06152],[120.663949,16.061249],[120.663669,16.061246],[120.663672,16.060975],[120.663392,16.060971],[120.663389,16.061242],[120.663385,16.061513],[120.663666,16.061516]],[[120.669267,16.061849],[120.669264,16.06212],[120.668984,16.062117],[120.668704,16.062113],[120.668701,16.062384],[120.668981,16.062387],[120.668978,16.062658],[120.669258,16.062662],[120.669261,16.062391],[120.669264,16.06212],[120.669545,16.062123],[120.669548,16.061852],[120.669267,16.061849],[120.669271,16.061578],[120.66899,16.061575],[120.668987,16.061846],[120.669267,16.061849]],[[120.666742,16.062092],[120.666462,16.062089],[120.666459,16.06236],[120.666178,16.062357],[120.666175,16.062628],[120.665895,16.062625],[120.665615,16.062622],[120.665335,16.062619],[120.665331,16.06289],[120.665328,16.063161],[120.665608,16.063164],[120.665889,16.063167],[120.665892,16.062896],[120.666172,16.062899],[120.666169,16.06317],[120.666449,16.063173],[120.666452,16.062902],[120.666456,16.062631],[120.666459,16.06236],[120.666739,16.062363],[120.666742,16.062092],[120.667022,16.062095],[120.667026,16.061824],[120.666745,16.061821],[120.666742,16.062092]],[[120.667013,16.062908],[120.66701,16.063179],[120.667007,16.06345],[120.667287,16.063453],[120.667567,16.063456],[120.66757,16.063185],[120.667573,16.062914],[120.667577,16.062643],[120.667296,16.06264],[120.667016,16.062637],[120.666736,16.062634],[120.666733,16.062905],[120.667013,16.062908]],[[120.667542,16.065624],[120.667539,16.065895],[120.667819,16.065898],[120.667816,16.066169],[120.668096,16.066172],[120.668099,16.065901],[120.667819,16.065898],[120.667822,16.065627],[120.667542,16.065624],[120.667545,16.065353],[120.667265,16.06535],[120.667262,16.065621],[120.667542,16.065624]],[[120.668663,16.065636],[120.668383,16.065633],[120.668379,16.065904],[120.66866,16.065907],[120.668663,16.065636]],[[120.66865,16.06672],[120.668647,16.066991],[120.668927,16.066994],[120.66893,16.066723],[120.66865,16.06672],[120.668653,16.066449],[120.668373,16.066446],[120.668093,16.066443],[120.66809,16.066714],[120.66837,16.066717],[120.66865,16.06672]],[[120.668083,16.067256],[120.667803,16.067253],[120.6678,16.067524],[120.66808,16.067527],[120.668083,16.067256]]],[[[120.669595,16.057787],[120.669875,16.05779],[120.669872,16.058061],[120.669592,16.058058],[120.669312,16.058055],[120.669031,16.058052],[120.669035,16.057781],[120.669315,16.057784],[120.669595,16.057787]]],[[[120.668761,16.057236],[120.668764,16.056965],[120.669044,16.056968],[120.669324,16.056971],[120.669321,16.057242],[120.669318,16.057513],[120.669038,16.05751],[120.669041,16.057239],[120.668761,16.057236]]],[[[120.70706,16.058765],[120.707063,16.058494],[120.707344,16.058497],[120.707341,16.058768],[120.70706,16.058765]]],[[[120.707057,16.059036],[120.706777,16.059033],[120.70678,16.058762],[120.70706,16.058765],[120.707057,16.059036]]],[[[120.702013,16.058982],[120.70201,16.059253],[120.702007,16.059524],[120.701726,16.059521],[120.701446,16.059518],[120.701449,16.059247],[120.701729,16.05925],[120.701732,16.058979],[120.702013,16.058982]]],[[[120.637915,16.058524],[120.637635,16.058521],[120.637638,16.05825],[120.637918,16.058253],[120.637915,16.058524]]],[[[120.663417,16.058804],[120.663137,16.058801],[120.66314,16.05853],[120.66342,16.058533],[120.663417,16.058804]]],[[[120.637632,16.058792],[120.637629,16.059063],[120.637625,16.059334],[120.637345,16.05933],[120.637348,16.05906],[120.637351,16.058789],[120.637632,16.058792]]],[[[120.634269,16.058754],[120.633989,16.058751],[120.633992,16.05848],[120.634272,16.058484],[120.634269,16.058754]]],[[[120.634011,16.056855],[120.634291,16.056858],[120.634288,16.057129],[120.634008,16.057126],[120.634011,16.056855]]],[[[120.636504,16.059321],[120.636224,16.059318],[120.636227,16.059047],[120.636508,16.05905],[120.636504,16.059321]]],[[[120.674347,16.058923],[120.674343,16.059194],[120.674063,16.059191],[120.674066,16.05892],[120.674347,16.058923]]],[[[120.672656,16.059717],[120.672375,16.059714],[120.672379,16.059443],[120.672659,16.059446],[120.672656,16.059717]]],[[[120.634826,16.059032],[120.635106,16.059035],[120.635387,16.059038],[120.635383,16.059309],[120.635103,16.059306],[120.634823,16.059303],[120.634826,16.059032]]],[[[120.663688,16.05962],[120.663408,16.059617],[120.663127,16.059613],[120.663131,16.059342],[120.663411,16.059346],[120.663691,16.059349],[120.663688,16.05962]]],[[[120.632527,16.059819],[120.632485,16.059006],[120.632584,16.059007],[120.632864,16.05901],[120.632861,16.059281],[120.633142,16.059284],[120.633138,16.059555],[120.632858,16.059552],[120.632578,16.059549],[120.632575,16.05982],[120.632527,16.059819]]],[[[120.645189,16.059688],[120.644908,16.059685],[120.644912,16.059414],[120.645192,16.059417],[120.645189,16.059688]]],[[[120.665404,16.056657],[120.665407,16.056386],[120.665687,16.056389],[120.665684,16.05666],[120.665404,16.056657]]],[[[120.635937,16.059857],[120.635934,16.060128],[120.635654,16.060125],[120.635374,16.060122],[120.635377,16.059851],[120.635657,16.059854],[120.635937,16.059857]]],[[[120.681057,16.06035],[120.681054,16.060621],[120.681051,16.060892],[120.68077,16.060889],[120.680773,16.060618],[120.680777,16.060347],[120.681057,16.06035]]],[[[120.632566,16.060553],[120.632556,16.060362],[120.632568,16.060362],[120.632566,16.060553]]],[[[120.632845,16.060636],[120.632842,16.060907],[120.632584,16.060904],[120.63257,16.060633],[120.632845,16.060636]]],[[[120.666478,16.060734],[120.666197,16.060731],[120.666201,16.06046],[120.666481,16.060463],[120.666761,16.060466],[120.666758,16.060737],[120.666478,16.060734]]],[[[120.707876,16.060942],[120.707873,16.061213],[120.70787,16.061484],[120.707867,16.061755],[120.707864,16.062026],[120.708144,16.062029],[120.708141,16.0623],[120.708138,16.062571],[120.708135,16.062842],[120.708132,16.063113],[120.708129,16.063384],[120.708126,16.063655],[120.708122,16.063926],[120.708403,16.063929],[120.7084,16.0642],[120.708396,16.064471],[120.708116,16.064468],[120.708113,16.064739],[120.707833,16.064736],[120.707836,16.064465],[120.707839,16.064194],[120.707842,16.063923],[120.707845,16.063652],[120.707848,16.063381],[120.707851,16.06311],[120.707855,16.062839],[120.707858,16.062568],[120.707861,16.062297],[120.707581,16.062294],[120.707584,16.062023],[120.707587,16.061752],[120.70759,16.061481],[120.707593,16.06121],[120.707596,16.060939],[120.707876,16.060942]]],[[[120.686571,16.061255],[120.686568,16.061526],[120.686565,16.061797],[120.686561,16.062068],[120.686558,16.062339],[120.686278,16.062336],[120.686275,16.062607],[120.686555,16.06261],[120.686552,16.062881],[120.686549,16.063152],[120.686546,16.063423],[120.686826,16.063426],[120.686823,16.063697],[120.687103,16.0637],[120.6871,16.063971],[120.687097,16.064242],[120.687094,16.064513],[120.687374,16.064516],[120.687654,16.064519],[120.687651,16.06479],[120.687648,16.065061],[120.687645,16.065332],[120.687925,16.065335],[120.688205,16.065338],[120.688486,16.065341],[120.688482,16.065612],[120.688202,16.065609],[120.687922,16.065606],[120.687919,16.065877],[120.688199,16.06588],[120.688196,16.066151],[120.688193,16.066422],[120.68819,16.066693],[120.68847,16.066696],[120.688467,16.066967],[120.688187,16.066964],[120.688183,16.067235],[120.68818,16.067506],[120.688177,16.067777],[120.688174,16.068048],[120.688454,16.068051],[120.688451,16.068322],[120.688171,16.068319],[120.687891,16.068316],[120.687888,16.068587],[120.688168,16.06859],[120.688165,16.068861],[120.688162,16.069132],[120.688158,16.069403],[120.688439,16.069406],[120.688436,16.069677],[120.688432,16.069948],[120.688429,16.070219],[120.688426,16.07049],[120.688423,16.070761],[120.688143,16.070758],[120.68814,16.071029],[120.688136,16.0713],[120.688133,16.071571],[120.68813,16.071842],[120.688127,16.072113],[120.688124,16.072384],[120.688404,16.072387],[120.688401,16.072658],[120.688398,16.072929],[120.688395,16.0732],[120.688392,16.073471],[120.688389,16.073742],[120.688385,16.074013],[120.688382,16.074283],[120.688102,16.07428],[120.688099,16.074551],[120.688379,16.074554],[120.688376,16.074825],[120.688373,16.075096],[120.688093,16.075093],[120.687812,16.07509],[120.687809,16.075361],[120.687806,16.075632],[120.687526,16.075629],[120.687529,16.075358],[120.687249,16.075355],[120.687246,16.075626],[120.686965,16.075623],[120.686962,16.075894],[120.686959,16.076165],[120.686679,16.076162],[120.686676,16.076433],[120.686395,16.07643],[120.686115,16.076427],[120.686112,16.076698],[120.686109,16.076969],[120.685828,16.076966],[120.685832,16.076695],[120.685835,16.076424],[120.685838,16.076153],[120.686118,16.076156],[120.686121,16.075885],[120.686402,16.075888],[120.686405,16.075617],[120.686408,16.075346],[120.686411,16.075075],[120.686691,16.075078],[120.686694,16.074807],[120.686975,16.07481],[120.686972,16.075081],[120.687252,16.075084],[120.687255,16.074813],[120.687258,16.074542],[120.687261,16.074271],[120.687264,16.074],[120.687545,16.074003],[120.687548,16.073732],[120.687267,16.073729],[120.687271,16.073458],[120.687274,16.073187],[120.687277,16.072916],[120.68728,16.072645],[120.687283,16.072374],[120.687286,16.072103],[120.687289,16.071832],[120.687293,16.071561],[120.687012,16.071558],[120.687015,16.071287],[120.687019,16.071016],[120.687022,16.070745],[120.687302,16.070749],[120.687305,16.070478],[120.687308,16.070207],[120.687588,16.07021],[120.687592,16.069939],[120.687595,16.069668],[120.687598,16.069397],[120.687601,16.069126],[120.687604,16.068855],[120.687607,16.068584],[120.68761,16.068313],[120.687614,16.068042],[120.687617,16.067771],[120.687336,16.067768],[120.68734,16.067497],[120.68762,16.0675],[120.687623,16.067229],[120.687343,16.067226],[120.687346,16.066955],[120.687626,16.066958],[120.687906,16.066961],[120.687909,16.06669],[120.687913,16.066419],[120.687632,16.066416],[120.687629,16.066687],[120.687349,16.066684],[120.687352,16.066413],[120.687072,16.06641],[120.687075,16.066139],[120.687078,16.065868],[120.687081,16.065597],[120.687084,16.065326],[120.686804,16.065323],[120.686807,16.065052],[120.686527,16.065049],[120.68653,16.064778],[120.68625,16.064775],[120.686253,16.064504],[120.686256,16.064233],[120.686259,16.063962],[120.685979,16.063959],[120.685982,16.063688],[120.686262,16.063691],[120.686265,16.06342],[120.686269,16.063149],[120.685988,16.063146],[120.685992,16.062875],[120.685995,16.062604],[120.685998,16.062333],[120.686001,16.062062],[120.686281,16.062065],[120.686284,16.061794],[120.686004,16.061791],[120.685724,16.061788],[120.685727,16.061517],[120.68573,16.061246],[120.685733,16.060975],[120.685736,16.060704],[120.686017,16.060707],[120.686013,16.060978],[120.686294,16.060981],[120.686291,16.061252],[120.686571,16.061255]],[[120.687819,16.074548],[120.687538,16.074545],[120.687535,16.074816],[120.687815,16.074819],[120.687819,16.074548]]],[[[120.68602,16.060436],[120.685739,16.060433],[120.685743,16.060162],[120.686023,16.060165],[120.68602,16.060436]]],[[[120.637332,16.060414],[120.637613,16.060417],[120.637609,16.060688],[120.637329,16.060685],[120.637049,16.060682],[120.637052,16.060411],[120.637332,16.060414]]],[[[120.632627,16.061717],[120.632599,16.061175],[120.632839,16.061178],[120.632836,16.061449],[120.632832,16.06172],[120.632627,16.061717]]],[[[120.648886,16.055121],[120.648889,16.05485],[120.649169,16.054853],[120.649166,16.055124],[120.648886,16.055121]]],[[[120.649784,16.050253],[120.650064,16.050256],[120.650061,16.050527],[120.650341,16.05053],[120.650338,16.050801],[120.650058,16.050798],[120.649777,16.050795],[120.649781,16.050524],[120.649784,16.050253]]],[[[120.648902,16.053766],[120.649182,16.053769],[120.649462,16.053773],[120.649459,16.054044],[120.649179,16.05404],[120.648899,16.054037],[120.648902,16.053766]]],[[[120.656096,16.061705],[120.656093,16.061976],[120.655812,16.061973],[120.655816,16.061702],[120.656096,16.061705]]],[[[120.633113,16.061723],[120.633109,16.061994],[120.632829,16.061991],[120.632832,16.06172],[120.633113,16.061723]]],[[[120.651618,16.061114],[120.651615,16.061385],[120.651612,16.061656],[120.651609,16.061927],[120.651606,16.062198],[120.651325,16.062194],[120.651329,16.061924],[120.651332,16.061653],[120.651335,16.061382],[120.651338,16.061111],[120.651618,16.061114]]],[[[120.643478,16.062108],[120.643475,16.062379],[120.643195,16.062376],[120.642915,16.062373],[120.642635,16.06237],[120.642631,16.062641],[120.642351,16.062638],[120.642071,16.062635],[120.642074,16.062364],[120.642354,16.062367],[120.642357,16.062096],[120.642361,16.061825],[120.64208,16.061822],[120.6418,16.061819],[120.641803,16.061548],[120.642084,16.061551],[120.642364,16.061554],[120.642644,16.061557],[120.642641,16.061828],[120.642921,16.061831],[120.643201,16.061834],[120.643198,16.062105],[120.643478,16.062108]]],[[[120.643482,16.061837],[120.643762,16.06184],[120.643759,16.062111],[120.643478,16.062108],[120.643482,16.061837]]],[[[120.654978,16.061421],[120.654981,16.061151],[120.654701,16.061147],[120.654704,16.060876],[120.654984,16.06088],[120.654988,16.060609],[120.654991,16.060338],[120.654994,16.060067],[120.655274,16.06007],[120.655271,16.060341],[120.655268,16.060612],[120.655265,16.060883],[120.655261,16.061154],[120.655258,16.061425],[120.654978,16.061421]]],[[[120.654695,16.061689],[120.654698,16.061418],[120.654978,16.061421],[120.654975,16.061692],[120.654695,16.061689]]],[[[120.654691,16.06196],[120.654411,16.061957],[120.654408,16.062228],[120.654128,16.062225],[120.654131,16.061954],[120.654134,16.061683],[120.654414,16.061686],[120.654695,16.061689],[120.654691,16.06196]]],[[[120.65693,16.062256],[120.656927,16.062527],[120.657207,16.06253],[120.657488,16.062533],[120.657484,16.062804],[120.657765,16.062807],[120.658045,16.06281],[120.658042,16.063081],[120.657761,16.063078],[120.657481,16.063075],[120.657201,16.063072],[120.656921,16.063069],[120.65664,16.063066],[120.656644,16.062795],[120.656363,16.062792],[120.65636,16.063063],[120.65608,16.06306],[120.656083,16.062789],[120.656086,16.062518],[120.655806,16.062515],[120.655809,16.062244],[120.65609,16.062247],[120.65637,16.06225],[120.65665,16.062253],[120.65693,16.062256]]],[[[120.65751,16.060636],[120.657507,16.060907],[120.657226,16.060904],[120.65723,16.060633],[120.65751,16.060636]]],[[[120.656653,16.061982],[120.656656,16.061711],[120.656937,16.061714],[120.656933,16.061985],[120.656653,16.061982]]],[[[120.661694,16.062308],[120.661975,16.062311],[120.661972,16.062582],[120.661691,16.062579],[120.661411,16.062576],[120.661131,16.062573],[120.660851,16.06257],[120.660854,16.062299],[120.661134,16.062302],[120.661414,16.062305],[120.661694,16.062308]]],[[[120.698606,16.06274],[120.698886,16.062743],[120.699167,16.062746],[120.699163,16.063017],[120.699444,16.06302],[120.699441,16.063291],[120.69916,16.063288],[120.699157,16.063559],[120.698877,16.063556],[120.698874,16.063827],[120.698594,16.063824],[120.698313,16.063821],[120.698033,16.063818],[120.698036,16.063547],[120.698316,16.06355],[120.69832,16.063279],[120.6986,16.063282],[120.698603,16.063011],[120.698323,16.063008],[120.698326,16.062737],[120.698606,16.06274]]],[[[120.657771,16.062265],[120.658051,16.062268],[120.658048,16.062539],[120.657768,16.062536],[120.657771,16.062265]]],[[[120.651879,16.062743],[120.65216,16.062746],[120.65244,16.062749],[120.652443,16.062478],[120.652723,16.062481],[120.65272,16.062752],[120.652717,16.063023],[120.652437,16.06302],[120.652157,16.063017],[120.652153,16.063288],[120.651873,16.063285],[120.651593,16.063281],[120.651596,16.063011],[120.651876,16.063014],[120.651879,16.062743]]],[[[120.662249,16.062856],[120.662529,16.062859],[120.662809,16.062862],[120.662806,16.063133],[120.662526,16.06313],[120.662245,16.063127],[120.662249,16.062856]]],[[[120.679432,16.055455],[120.679712,16.055458],[120.679709,16.055729],[120.679429,16.055725],[120.679432,16.055455]]],[[[120.696638,16.063261],[120.696918,16.063264],[120.696915,16.063535],[120.696912,16.063806],[120.696632,16.063803],[120.696629,16.064074],[120.696348,16.064071],[120.696352,16.0638],[120.696355,16.063529],[120.696635,16.063532],[120.696638,16.063261]]],[[[120.646275,16.062681],[120.645994,16.062678],[120.645997,16.062407],[120.646278,16.06241],[120.646275,16.062681]]],[[[120.669249,16.063474],[120.669529,16.063478],[120.669526,16.063749],[120.669245,16.063745],[120.668965,16.063742],[120.668962,16.064013],[120.668682,16.06401],[120.668401,16.064007],[120.668121,16.064004],[120.668124,16.063733],[120.668405,16.063736],[120.668685,16.063739],[120.668688,16.063468],[120.668968,16.063471],[120.669249,16.063474]]],[[[120.648233,16.062974],[120.647953,16.062971],[120.647956,16.0627],[120.648236,16.062703],[120.648233,16.062974]]],[[[120.654953,16.063589],[120.654949,16.06386],[120.654946,16.064131],[120.654943,16.064402],[120.65494,16.064673],[120.654937,16.064944],[120.654657,16.064941],[120.65466,16.06467],[120.654663,16.064399],[120.654666,16.064128],[120.654386,16.064125],[120.654389,16.063854],[120.654392,16.063583],[120.654395,16.063312],[120.654399,16.063041],[120.654679,16.063044],[120.654959,16.063047],[120.655239,16.06305],[120.655236,16.063321],[120.654956,16.063318],[120.654953,16.063589]]],[[[120.681577,16.063879],[120.681573,16.06415],[120.681293,16.064147],[120.681296,16.063876],[120.681577,16.063879]]],[[[120.675131,16.063809],[120.675134,16.063538],[120.675414,16.063542],[120.675411,16.063813],[120.675131,16.063809]]],[[[120.675411,16.063813],[120.675691,16.063816],[120.675971,16.063819],[120.676252,16.063822],[120.676532,16.063825],[120.676529,16.064096],[120.676809,16.064099],[120.676806,16.06437],[120.677086,16.064373],[120.677083,16.064644],[120.676803,16.064641],[120.6768,16.064912],[120.676519,16.064909],[120.676239,16.064906],[120.676236,16.065177],[120.675956,16.065174],[120.675959,16.064903],[120.675962,16.064632],[120.675682,16.064629],[120.675402,16.064625],[120.675121,16.064622],[120.675124,16.064351],[120.675128,16.06408],[120.675408,16.064084],[120.675411,16.063813]]],[[[120.682893,16.064196],[120.68289,16.064467],[120.682887,16.064738],[120.682606,16.064735],[120.68261,16.064464],[120.682329,16.064461],[120.682049,16.064458],[120.682052,16.064187],[120.682333,16.06419],[120.682336,16.063919],[120.682616,16.063922],[120.682613,16.064193],[120.682893,16.064196]]],[[[120.635606,16.06419],[120.635326,16.064186],[120.635329,16.063915],[120.635609,16.063919],[120.635606,16.06419]]],[[[120.688775,16.064531],[120.688495,16.064528],[120.688498,16.064257],[120.688501,16.063986],[120.688504,16.063715],[120.688785,16.063718],[120.688782,16.063989],[120.688778,16.06426],[120.688775,16.064531]]],[[[120.700546,16.064658],[120.700266,16.064655],[120.700269,16.064384],[120.700549,16.064387],[120.700546,16.064658]]],[[[120.708671,16.065016],[120.708667,16.065287],[120.708664,16.065558],[120.708661,16.065829],[120.708381,16.065826],[120.708101,16.065823],[120.70782,16.06582],[120.707824,16.065549],[120.708104,16.065552],[120.708107,16.065281],[120.70811,16.06501],[120.70839,16.065013],[120.708671,16.065016]]],[[[120.649055,16.064609],[120.649052,16.06488],[120.648771,16.064877],[120.648774,16.064606],[120.649055,16.064609]]],[[[120.691871,16.06348],[120.691874,16.063209],[120.692154,16.063212],[120.692151,16.063483],[120.691871,16.06348]]],[[[120.695302,16.057555],[120.695305,16.057284],[120.695586,16.057287],[120.695583,16.057558],[120.695579,16.057829],[120.695299,16.057826],[120.695302,16.057555]]],[[[120.69227,16.053186],[120.69255,16.053189],[120.69283,16.053192],[120.692827,16.053463],[120.692547,16.05346],[120.692266,16.053457],[120.69227,16.053186]]],[[[120.691419,16.05399],[120.691139,16.053987],[120.691142,16.053716],[120.691423,16.053719],[120.691419,16.05399]]],[[[120.693092,16.054821],[120.693372,16.054824],[120.693369,16.055095],[120.693649,16.055098],[120.693646,16.055369],[120.693366,16.055366],[120.693085,16.055363],[120.693088,16.055092],[120.692808,16.055089],[120.692528,16.055086],[120.692531,16.054815],[120.692811,16.054818],[120.693092,16.054821]]],[[[120.692254,16.054541],[120.692251,16.054812],[120.691971,16.054809],[120.69169,16.054806],[120.691693,16.054535],[120.691974,16.054538],[120.692254,16.054541]]],[[[120.689788,16.049636],[120.689791,16.049365],[120.690071,16.049368],[120.690352,16.049371],[120.690349,16.049642],[120.690068,16.049639],[120.689788,16.049636]]],[[[120.709231,16.065022],[120.709511,16.065025],[120.709792,16.065028],[120.710072,16.065031],[120.710352,16.065034],[120.710349,16.065305],[120.710346,16.065576],[120.710066,16.065573],[120.709785,16.06557],[120.709505,16.065567],[120.709502,16.065838],[120.709782,16.065841],[120.709779,16.066112],[120.709776,16.066383],[120.709773,16.066654],[120.70977,16.066925],[120.70949,16.066922],[120.709486,16.067193],[120.709767,16.067196],[120.709764,16.067467],[120.709761,16.067738],[120.709757,16.068009],[120.710038,16.068012],[120.710035,16.068283],[120.710032,16.068554],[120.710028,16.068825],[120.710309,16.068828],[120.710306,16.069099],[120.710586,16.069102],[120.710583,16.069373],[120.710302,16.06937],[120.710299,16.069641],[120.710019,16.069638],[120.709739,16.069635],[120.709459,16.069632],[120.709178,16.069629],[120.709181,16.069358],[120.709462,16.069361],[120.709465,16.06909],[120.709468,16.068819],[120.709748,16.068822],[120.709751,16.068551],[120.709754,16.06828],[120.709474,16.068277],[120.709477,16.068006],[120.709197,16.068003],[120.709194,16.068274],[120.708914,16.068271],[120.708633,16.068268],[120.708636,16.067997],[120.708639,16.067726],[120.70892,16.067729],[120.708923,16.067458],[120.708926,16.067187],[120.708929,16.066916],[120.709209,16.066919],[120.709212,16.066648],[120.709493,16.066651],[120.709496,16.06638],[120.709216,16.066377],[120.709219,16.066106],[120.709222,16.065835],[120.709225,16.065564],[120.709228,16.065293],[120.709231,16.065022]]],[[[120.664191,16.064503],[120.664195,16.064232],[120.664475,16.064236],[120.664472,16.064506],[120.664191,16.064503]]],[[[120.66979,16.065107],[120.66951,16.065103],[120.669513,16.064832],[120.669793,16.064836],[120.66979,16.065107]]],[[[120.670074,16.064839],[120.670077,16.064568],[120.670357,16.064571],[120.670354,16.064842],[120.670634,16.064845],[120.670631,16.065116],[120.670628,16.065387],[120.670625,16.065658],[120.670905,16.065661],[120.671185,16.065664],[120.671188,16.065393],[120.671468,16.065396],[120.671472,16.065125],[120.671752,16.065128],[120.672032,16.065131],[120.672029,16.065402],[120.672026,16.065673],[120.672306,16.065676],[120.672586,16.065679],[120.672867,16.065682],[120.673147,16.065685],[120.67315,16.065414],[120.67343,16.065417],[120.673427,16.065688],[120.673424,16.065959],[120.673144,16.065956],[120.673141,16.066227],[120.673421,16.06623],[120.673424,16.065959],[120.673704,16.065962],[120.673701,16.066233],[120.673698,16.066504],[120.673978,16.066507],[120.673975,16.066778],[120.673695,16.066775],[120.673692,16.067046],[120.673411,16.067043],[120.673408,16.067314],[120.673128,16.067311],[120.673125,16.067582],[120.673122,16.067853],[120.672841,16.06785],[120.672838,16.068121],[120.673119,16.068124],[120.673115,16.068395],[120.673112,16.068666],[120.673109,16.068937],[120.673106,16.069208],[120.673103,16.069479],[120.6731,16.06975],[120.673096,16.070021],[120.673093,16.070292],[120.67309,16.070563],[120.67281,16.07056],[120.672807,16.070831],[120.672526,16.070828],[120.67253,16.070557],[120.672249,16.070554],[120.672246,16.070825],[120.672526,16.070828],[120.672523,16.071099],[120.67252,16.07137],[120.672517,16.071641],[120.672797,16.071644],[120.672794,16.071915],[120.673074,16.071918],[120.673078,16.071647],[120.673081,16.071376],[120.673361,16.071379],[120.673358,16.07165],[120.673638,16.071653],[120.673918,16.071656],[120.674199,16.071659],[120.674195,16.07193],[120.673915,16.071927],[120.673635,16.071924],[120.673355,16.071921],[120.673351,16.072192],[120.673071,16.072189],[120.673068,16.07246],[120.673348,16.072463],[120.673629,16.072466],[120.673625,16.072737],[120.673906,16.07274],[120.673903,16.073011],[120.673622,16.073008],[120.673342,16.073005],[120.673345,16.072734],[120.673065,16.072731],[120.672785,16.072728],[120.672504,16.072725],[120.672501,16.072996],[120.672221,16.072993],[120.672218,16.073264],[120.672498,16.073267],[120.672501,16.072996],[120.672781,16.072999],[120.672778,16.07327],[120.672775,16.073541],[120.672772,16.073812],[120.672769,16.074083],[120.672766,16.074354],[120.672485,16.074351],[120.672482,16.074621],[120.672763,16.074625],[120.672759,16.074896],[120.672479,16.074892],[120.672476,16.075163],[120.672473,16.075434],[120.672753,16.075438],[120.67275,16.075708],[120.672747,16.075979],[120.672467,16.075976],[120.67247,16.075705],[120.672189,16.075702],[120.672186,16.075973],[120.672183,16.076244],[120.67218,16.076515],[120.672177,16.076786],[120.672457,16.076789],[120.672454,16.07706],[120.672451,16.077331],[120.672731,16.077334],[120.672728,16.077605],[120.672725,16.077876],[120.673005,16.077879],[120.673002,16.07815],[120.672999,16.078421],[120.672996,16.078692],[120.672992,16.078963],[120.673273,16.078966],[120.673269,16.079237],[120.673266,16.079508],[120.673547,16.079511],[120.673543,16.079782],[120.673263,16.079779],[120.672983,16.079776],[120.672703,16.079773],[120.672699,16.080044],[120.67298,16.080047],[120.672977,16.080318],[120.673257,16.080321],[120.673537,16.080324],[120.673534,16.080595],[120.673531,16.080866],[120.673528,16.081137],[120.673808,16.08114],[120.673805,16.081411],[120.673802,16.081682],[120.673799,16.081953],[120.673795,16.082224],[120.673515,16.082221],[120.673235,16.082218],[120.673232,16.082489],[120.673228,16.08276],[120.673509,16.082763],[120.673512,16.082492],[120.673792,16.082495],[120.674072,16.082498],[120.674353,16.082501],[120.67435,16.082772],[120.674346,16.083043],[120.674343,16.083314],[120.67434,16.083585],[120.67462,16.083588],[120.674617,16.083859],[120.674898,16.083862],[120.675178,16.083865],[120.675175,16.084136],[120.674894,16.084133],[120.674614,16.08413],[120.674611,16.084401],[120.674331,16.084398],[120.674334,16.084127],[120.674054,16.084124],[120.673773,16.084121],[120.67377,16.084392],[120.673767,16.084663],[120.674047,16.084666],[120.674328,16.084669],[120.674608,16.084672],[120.674888,16.084675],[120.675168,16.084678],[120.675165,16.084949],[120.675446,16.084952],[120.675726,16.084956],[120.675723,16.085227],[120.675719,16.085498],[120.675439,16.085494],[120.675159,16.085491],[120.675156,16.085762],[120.675153,16.086033],[120.675149,16.086304],[120.674869,16.086301],[120.674872,16.08603],[120.674875,16.085759],[120.674879,16.085488],[120.674882,16.085217],[120.674885,16.084946],[120.674605,16.084943],[120.674324,16.08494],[120.674321,16.085211],[120.674041,16.085208],[120.674038,16.085479],[120.673758,16.085476],[120.673754,16.085747],[120.673751,16.086018],[120.673748,16.086289],[120.673745,16.08656],[120.673465,16.086557],[120.673468,16.086286],[120.673471,16.086015],[120.673474,16.085744],[120.673477,16.085473],[120.673197,16.08547],[120.672917,16.085467],[120.672913,16.085738],[120.67291,16.086009],[120.67263,16.086006],[120.672627,16.086277],[120.672347,16.086274],[120.67235,16.086003],[120.672353,16.085732],[120.672073,16.085729],[120.672076,16.085458],[120.672356,16.085461],[120.672359,16.08519],[120.672079,16.085187],[120.672082,16.084916],[120.671802,16.084913],[120.671805,16.084642],[120.671525,16.084639],[120.671528,16.084368],[120.671531,16.084097],[120.671534,16.083826],[120.671814,16.083829],[120.671818,16.083558],[120.671821,16.083287],[120.671824,16.083016],[120.671544,16.083013],[120.671547,16.082742],[120.671827,16.082745],[120.672107,16.082748],[120.672111,16.082477],[120.672391,16.08248],[120.672671,16.082483],[120.672951,16.082486],[120.672955,16.082215],[120.672674,16.082212],[120.672394,16.082209],[120.672397,16.081938],[120.6724,16.081667],[120.672681,16.08167],[120.672684,16.081399],[120.672687,16.081128],[120.672967,16.081131],[120.67297,16.08086],[120.67269,16.080857],[120.67241,16.080854],[120.672413,16.080583],[120.672416,16.080312],[120.672136,16.080309],[120.672139,16.080038],[120.671859,16.080035],[120.671862,16.079764],[120.672142,16.079767],[120.672422,16.07977],[120.672426,16.079499],[120.672429,16.079228],[120.672148,16.079225],[120.672152,16.078954],[120.672155,16.078683],[120.672158,16.078412],[120.671878,16.078409],[120.671881,16.078138],[120.672161,16.078141],[120.672164,16.07787],[120.672167,16.077599],[120.671887,16.077596],[120.67189,16.077325],[120.671893,16.077054],[120.671897,16.076783],[120.671616,16.07678],[120.671613,16.077051],[120.67161,16.077322],[120.67133,16.077319],[120.671049,16.077316],[120.670769,16.077313],[120.670772,16.077042],[120.670775,16.076771],[120.670779,16.0765],[120.670782,16.076229],[120.670785,16.075958],[120.670505,16.075955],[120.670508,16.075684],[120.670511,16.075413],[120.670791,16.075416],[120.670794,16.075145],[120.670798,16.074874],[120.670801,16.074603],[120.670804,16.074332],[120.670807,16.074061],[120.67081,16.07379],[120.670813,16.073519],[120.670533,16.073516],[120.670536,16.073245],[120.670539,16.072974],[120.670543,16.072703],[120.670546,16.072432],[120.670549,16.072161],[120.670829,16.072164],[120.670826,16.072435],[120.670823,16.072706],[120.67082,16.072977],[120.670816,16.073248],[120.671097,16.073251],[120.671094,16.073522],[120.67109,16.073793],[120.671371,16.073796],[120.671368,16.074067],[120.671364,16.074338],[120.671645,16.074341],[120.671925,16.074344],[120.671928,16.074073],[120.671648,16.07407],[120.671651,16.073799],[120.671931,16.073802],[120.671934,16.073531],[120.671654,16.073528],[120.671657,16.073257],[120.67166,16.072986],[120.671664,16.072715],[120.671667,16.072444],[120.671947,16.072448],[120.67195,16.072177],[120.671953,16.071906],[120.671673,16.071902],[120.671676,16.071632],[120.671679,16.071361],[120.671683,16.07109],[120.671963,16.071093],[120.671966,16.070822],[120.671686,16.070819],[120.671689,16.070548],[120.671692,16.070277],[120.671695,16.070006],[120.671698,16.069735],[120.671418,16.069732],[120.671421,16.069461],[120.671701,16.069464],[120.671705,16.069193],[120.671985,16.069196],[120.671982,16.069467],[120.671979,16.069738],[120.671975,16.070009],[120.672256,16.070012],[120.672536,16.070015],[120.672539,16.069744],[120.672542,16.069473],[120.672545,16.069202],[120.672549,16.068931],[120.672829,16.068934],[120.672832,16.068663],[120.672835,16.068392],[120.672555,16.068389],[120.672552,16.06866],[120.672271,16.068657],[120.672268,16.068928],[120.672265,16.069199],[120.671985,16.069196],[120.671988,16.068925],[120.671991,16.068654],[120.671711,16.068651],[120.671431,16.068648],[120.671434,16.068377],[120.671714,16.06838],[120.671717,16.068109],[120.67172,16.067838],[120.671724,16.067567],[120.672004,16.06757],[120.672001,16.067841],[120.671997,16.068112],[120.672278,16.068115],[120.672558,16.068118],[120.672561,16.067847],[120.672564,16.067576],[120.672567,16.067305],[120.672571,16.067034],[120.672574,16.066763],[120.672293,16.06676],[120.672013,16.066757],[120.672016,16.066486],[120.67202,16.066215],[120.671739,16.066212],[120.671736,16.066483],[120.671733,16.066754],[120.672013,16.066757],[120.67201,16.067028],[120.67173,16.067025],[120.67145,16.067022],[120.671446,16.067293],[120.671166,16.06729],[120.671163,16.067561],[120.670883,16.067558],[120.670602,16.067555],[120.670606,16.067284],[120.670325,16.06728],[120.670329,16.06701],[120.670332,16.066739],[120.670612,16.066742],[120.670609,16.067013],[120.670889,16.067016],[120.670892,16.066745],[120.670895,16.066474],[120.670899,16.066203],[120.670618,16.0662],[120.670615,16.066471],[120.670335,16.066468],[120.670338,16.066197],[120.670058,16.066193],[120.670061,16.065923],[120.670064,16.065652],[120.669784,16.065648],[120.669787,16.065377],[120.66979,16.065107],[120.67007,16.06511],[120.670074,16.064839]],[[120.671909,16.075699],[120.671629,16.075696],[120.671626,16.075967],[120.671623,16.076238],[120.671903,16.076241],[120.671906,16.07597],[120.671909,16.075699]],[[120.672715,16.078689],[120.672718,16.078418],[120.672438,16.078415],[120.672435,16.078686],[120.672432,16.078957],[120.672712,16.07896],[120.672715,16.078689]],[[120.673499,16.083576],[120.673219,16.083573],[120.673216,16.083844],[120.673496,16.083847],[120.673499,16.083576]]],[[[120.707543,16.065546],[120.70754,16.065817],[120.707537,16.066088],[120.707257,16.066085],[120.70726,16.065814],[120.707263,16.065543],[120.707543,16.065546]]],[[[120.684562,16.065298],[120.684559,16.065569],[120.684279,16.065566],[120.683998,16.065563],[120.684002,16.065292],[120.684005,16.065021],[120.684285,16.065024],[120.684282,16.065295],[120.684562,16.065298]]],[[[120.701938,16.065486],[120.702218,16.065489],[120.702215,16.06576],[120.701935,16.065757],[120.701655,16.065754],[120.701652,16.066025],[120.701371,16.066022],[120.701368,16.066293],[120.701365,16.066564],[120.701362,16.066835],[120.701082,16.066832],[120.700801,16.066829],[120.700798,16.0671],[120.700518,16.067097],[120.700515,16.067368],[120.700512,16.067639],[120.700509,16.06791],[120.700506,16.068181],[120.700502,16.068452],[120.700499,16.068723],[120.700219,16.06872],[120.700222,16.068449],[120.699942,16.068446],[120.699662,16.068443],[120.699665,16.068172],[120.699945,16.068175],[120.699948,16.067904],[120.699951,16.067633],[120.699954,16.067362],[120.699958,16.067091],[120.700238,16.067094],[120.700241,16.066823],[120.700244,16.066552],[120.699964,16.066549],[120.699684,16.066546],[120.699687,16.066275],[120.699406,16.066272],[120.699409,16.066001],[120.699413,16.06573],[120.699693,16.065733],[120.699973,16.065736],[120.700253,16.065739],[120.700534,16.065742],[120.700537,16.065471],[120.700817,16.065474],[120.701097,16.065477],[120.701378,16.06548],[120.701658,16.065483],[120.701938,16.065486]]],[[[120.704183,16.065239],[120.704464,16.065242],[120.70446,16.065513],[120.70418,16.06551],[120.704183,16.065239]]],[[[120.70418,16.06551],[120.704177,16.065781],[120.703897,16.065778],[120.703617,16.065775],[120.703336,16.065772],[120.703333,16.066043],[120.703053,16.06604],[120.703056,16.065769],[120.703059,16.065498],[120.703339,16.065501],[120.70362,16.065504],[120.7039,16.065507],[120.70418,16.06551]]],[[[120.707549,16.065004],[120.707553,16.064733],[120.707833,16.064736],[120.70783,16.065007],[120.707549,16.065004]]],[[[120.712031,16.065323],[120.712311,16.065326],[120.712308,16.065597],[120.712305,16.065868],[120.712024,16.065865],[120.712027,16.065594],[120.712031,16.065323]]],[[[120.649048,16.065151],[120.649045,16.065422],[120.648765,16.065419],[120.648768,16.065148],[120.649048,16.065151]]],[[[120.709835,16.061234],[120.709832,16.061505],[120.709552,16.061502],[120.709555,16.061231],[120.709835,16.061234]]],[[[120.710934,16.063143],[120.710937,16.062872],[120.711218,16.062875],[120.711498,16.062878],[120.711495,16.063149],[120.711215,16.063146],[120.711211,16.063417],[120.710931,16.063414],[120.710934,16.063143]]],[[[120.710128,16.060153],[120.710408,16.060156],[120.710688,16.060159],[120.710685,16.06043],[120.710682,16.060701],[120.710402,16.060698],[120.710121,16.060695],[120.710125,16.060424],[120.710128,16.060153]]],[[[120.709835,16.061234],[120.709838,16.060963],[120.710118,16.060966],[120.710115,16.061237],[120.709835,16.061234]]],[[[120.709832,16.061505],[120.710112,16.061508],[120.710109,16.061779],[120.709829,16.061776],[120.709832,16.061505]]],[[[120.710075,16.06476],[120.709795,16.064757],[120.709798,16.064486],[120.709801,16.064215],[120.709804,16.063944],[120.709807,16.063673],[120.70981,16.063402],[120.709813,16.063131],[120.710094,16.063134],[120.71009,16.063405],[120.710087,16.063676],[120.710084,16.063947],[120.710081,16.064218],[120.710078,16.064489],[120.710075,16.06476]]],[[[120.710913,16.06504],[120.71091,16.065311],[120.710629,16.065308],[120.710632,16.065037],[120.710913,16.06504]]],[[[120.711221,16.062604],[120.710941,16.062601],[120.710944,16.06233],[120.710663,16.062327],[120.710666,16.062056],[120.710947,16.062059],[120.711227,16.062062],[120.711224,16.062333],[120.711221,16.062604]]],[[[120.710676,16.061243],[120.710679,16.060972],[120.710959,16.060975],[120.710956,16.061246],[120.710676,16.061243]]],[[[120.710414,16.059614],[120.710694,16.059617],[120.710691,16.059888],[120.710411,16.059885],[120.710414,16.059614]]],[[[120.71045,16.055549],[120.71046,16.055582],[120.710458,16.05582],[120.710177,16.055817],[120.71018,16.055546],[120.71045,16.055549]]],[[[120.71019,16.054729],[120.710191,16.054733],[120.71019,16.054733],[120.71019,16.054729]]],[[[120.670933,16.063222],[120.67093,16.063493],[120.67065,16.06349],[120.67037,16.063487],[120.670089,16.063484],[120.670092,16.063213],[120.670373,16.063216],[120.670653,16.063219],[120.670933,16.063222]]],[[[120.670927,16.063764],[120.67093,16.063493],[120.67121,16.063496],[120.671207,16.063767],[120.670927,16.063764]]],[[[120.671774,16.063231],[120.672054,16.063234],[120.672051,16.063505],[120.671771,16.063502],[120.671774,16.063231]]],[[[120.670644,16.064032],[120.670647,16.063761],[120.670927,16.063764],[120.670924,16.064035],[120.670644,16.064032]]],[[[120.670363,16.064029],[120.670644,16.064032],[120.67064,16.064303],[120.67036,16.0643],[120.670363,16.064029]]],[[[120.670083,16.064026],[120.67008,16.064297],[120.6698,16.064294],[120.669803,16.064023],[120.670083,16.064026]]],[[[120.670659,16.062677],[120.670662,16.062406],[120.670943,16.062409],[120.67094,16.06268],[120.670659,16.062677]]],[[[120.673994,16.065152],[120.673714,16.065149],[120.673717,16.064878],[120.673997,16.064881],[120.673994,16.065152]]],[[[120.674274,16.065155],[120.674271,16.065426],[120.673991,16.065423],[120.673994,16.065152],[120.674274,16.065155]]],[[[120.672319,16.064592],[120.672038,16.064589],[120.672042,16.064318],[120.672322,16.064321],[120.672319,16.064592]]],[[[120.698569,16.065992],[120.698566,16.066263],[120.698562,16.066534],[120.698559,16.066805],[120.698279,16.066802],[120.698276,16.067073],[120.697996,16.06707],[120.697715,16.067067],[120.697719,16.066796],[120.697999,16.066799],[120.698002,16.066528],[120.697722,16.066525],[120.697725,16.066254],[120.697728,16.065983],[120.698008,16.065986],[120.698288,16.065989],[120.698569,16.065992]]],[[[120.67343,16.065417],[120.673433,16.065146],[120.673714,16.065149],[120.673711,16.06542],[120.67343,16.065417]]],[[[120.69661,16.065699],[120.69689,16.065703],[120.697171,16.065706],[120.697167,16.065977],[120.697448,16.06598],[120.697445,16.066251],[120.697441,16.066522],[120.697161,16.066518],[120.697158,16.066789],[120.697438,16.066793],[120.697435,16.067063],[120.697155,16.06706],[120.697152,16.067331],[120.697149,16.067602],[120.696868,16.067599],[120.696588,16.067596],[120.696585,16.067867],[120.696582,16.068138],[120.696579,16.068409],[120.696576,16.06868],[120.696573,16.068951],[120.696292,16.068948],[120.696295,16.068677],[120.696299,16.068406],[120.696018,16.068403],[120.695738,16.0684],[120.695458,16.068397],[120.695177,16.068394],[120.695181,16.068123],[120.6949,16.06812],[120.694903,16.067849],[120.694623,16.067846],[120.694626,16.067575],[120.694346,16.067572],[120.694066,16.067569],[120.694069,16.067298],[120.694072,16.067027],[120.693792,16.067024],[120.693795,16.066753],[120.693798,16.066482],[120.693801,16.066211],[120.693804,16.06594],[120.694085,16.065943],[120.694365,16.065946],[120.694645,16.065949],[120.694925,16.065952],[120.695206,16.065955],[120.695202,16.066226],[120.695483,16.066229],[120.695486,16.065958],[120.695766,16.065961],[120.696046,16.065964],[120.696043,16.066235],[120.696323,16.066238],[120.696604,16.066241],[120.696607,16.06597],[120.69661,16.065699]]],[[[120.709216,16.066377],[120.709212,16.066648],[120.708932,16.066645],[120.708935,16.066374],[120.709216,16.066377]]],[[[120.664456,16.065861],[120.664736,16.065864],[120.664733,16.066135],[120.66473,16.066406],[120.66445,16.066403],[120.664453,16.066132],[120.664456,16.065861]]],[[[120.691839,16.06619],[120.69212,16.066193],[120.6924,16.066196],[120.69268,16.066199],[120.692677,16.06647],[120.692674,16.066741],[120.692954,16.066744],[120.692951,16.067015],[120.692948,16.067286],[120.692668,16.067283],[120.692664,16.067554],[120.692384,16.067551],[120.692104,16.067548],[120.692107,16.067277],[120.691827,16.067274],[120.69183,16.067003],[120.691833,16.066732],[120.691553,16.066729],[120.691556,16.066458],[120.691836,16.066461],[120.691839,16.06619]]],[[[120.65436,16.066293],[120.654357,16.066564],[120.654077,16.066561],[120.65408,16.06629],[120.65436,16.066293]]],[[[120.654364,16.066022],[120.654367,16.065751],[120.65437,16.06548],[120.65465,16.065483],[120.654653,16.065212],[120.654934,16.065215],[120.655214,16.065218],[120.655211,16.065489],[120.655207,16.06576],[120.655204,16.066031],[120.655201,16.066302],[120.655198,16.066573],[120.655195,16.066844],[120.655192,16.067115],[120.655188,16.067386],[120.655185,16.067657],[120.655182,16.067928],[120.655179,16.068199],[120.654899,16.068196],[120.654902,16.067925],[120.654622,16.067922],[120.654625,16.067651],[120.654628,16.06738],[120.654908,16.067383],[120.654911,16.067112],[120.654631,16.067109],[120.654634,16.066838],[120.654915,16.066841],[120.654918,16.06657],[120.654921,16.066299],[120.654924,16.066028],[120.654927,16.065757],[120.654647,16.065754],[120.654644,16.066025],[120.654641,16.066296],[120.65436,16.066293],[120.654364,16.066022]]],[[[120.677341,16.066544],[120.677338,16.066815],[120.677335,16.067086],[120.677332,16.067357],[120.677329,16.067628],[120.677048,16.067625],[120.677045,16.067896],[120.676765,16.067893],[120.676768,16.067622],[120.676771,16.067351],[120.676774,16.06708],[120.676778,16.066809],[120.677058,16.066812],[120.677061,16.066541],[120.677341,16.066544]]],[[[120.641217,16.063709],[120.641498,16.063713],[120.641494,16.063983],[120.641214,16.06398],[120.641217,16.063709]]],[[[120.680623,16.066611],[120.680903,16.066614],[120.680906,16.066343],[120.681186,16.066346],[120.681467,16.066349],[120.681463,16.06662],[120.68146,16.066891],[120.681741,16.066894],[120.681737,16.067165],[120.681457,16.067162],[120.681454,16.067433],[120.681174,16.06743],[120.681171,16.067701],[120.681168,16.067972],[120.680887,16.067969],[120.68089,16.067698],[120.68061,16.067695],[120.680607,16.067966],[120.680327,16.067963],[120.680324,16.068234],[120.68032,16.068505],[120.68004,16.068502],[120.67976,16.068499],[120.679763,16.068228],[120.679766,16.067957],[120.679486,16.067954],[120.679489,16.067683],[120.679209,16.06768],[120.679212,16.067409],[120.679215,16.067138],[120.678935,16.067135],[120.678938,16.066864],[120.678941,16.066593],[120.678661,16.06659],[120.678664,16.066319],[120.678944,16.066322],[120.679225,16.066325],[120.679505,16.066328],[120.679785,16.066331],[120.680065,16.066334],[120.680346,16.066337],[120.680342,16.066608],[120.680623,16.066611]]],[[[120.683425,16.066641],[120.683422,16.066912],[120.683419,16.067183],[120.683416,16.067454],[120.683413,16.067725],[120.68341,16.067996],[120.683406,16.068267],[120.683403,16.068538],[120.683123,16.068535],[120.682843,16.068532],[120.682846,16.068261],[120.682849,16.06799],[120.682852,16.067719],[120.682572,16.067716],[120.682575,16.067445],[120.682295,16.067442],[120.682298,16.067171],[120.682301,16.0669],[120.682304,16.066629],[120.682585,16.066632],[120.682865,16.066635],[120.683145,16.066638],[120.683425,16.066641]]],[[[120.664166,16.066671],[120.664163,16.066942],[120.663883,16.066939],[120.663886,16.066668],[120.664166,16.066671]]],[[[120.66529,16.066413],[120.665293,16.066142],[120.665574,16.066145],[120.665571,16.066416],[120.66529,16.066413]]],[[[120.665287,16.066684],[120.665007,16.06668],[120.66501,16.066409],[120.66529,16.066413],[120.665287,16.066684]]],[[[120.665567,16.066687],[120.665564,16.066958],[120.665284,16.066955],[120.665287,16.066684],[120.665567,16.066687]]],[[[120.665571,16.066416],[120.665851,16.066419],[120.665848,16.06669],[120.665567,16.066687],[120.665571,16.066416]]],[[[120.701079,16.067103],[120.701075,16.067374],[120.700795,16.067371],[120.700798,16.0671],[120.701079,16.067103]]],[[[120.683983,16.066918],[120.68398,16.067189],[120.683699,16.067186],[120.683702,16.066915],[120.683983,16.066918]]],[[[120.683706,16.066644],[120.683709,16.066373],[120.683989,16.066376],[120.684269,16.066379],[120.684549,16.066382],[120.68483,16.066385],[120.684827,16.066656],[120.685107,16.066659],[120.68511,16.066388],[120.68539,16.066392],[120.685387,16.066662],[120.685384,16.066933],[120.685381,16.067204],[120.685101,16.067201],[120.685097,16.067472],[120.685378,16.067475],[120.685375,16.067746],[120.685371,16.068017],[120.685652,16.06802],[120.685649,16.068291],[120.685645,16.068562],[120.685642,16.068833],[120.685923,16.068836],[120.685919,16.069107],[120.685916,16.069378],[120.685913,16.069649],[120.68591,16.06992],[120.68563,16.069917],[120.685627,16.070188],[120.685623,16.070459],[120.685343,16.070456],[120.68534,16.070727],[120.68506,16.070724],[120.685057,16.070995],[120.684776,16.070992],[120.684496,16.070989],[120.684499,16.070718],[120.68478,16.070721],[120.684783,16.07045],[120.685063,16.070453],[120.685066,16.070182],[120.685069,16.069911],[120.685349,16.069914],[120.685353,16.069643],[120.685356,16.069372],[120.685359,16.069101],[120.685362,16.06883],[120.685365,16.068559],[120.685085,16.068556],[120.685088,16.068285],[120.685091,16.068014],[120.684811,16.068011],[120.684814,16.06774],[120.684534,16.067737],[120.684537,16.067466],[120.68454,16.067195],[120.68426,16.067192],[120.684263,16.066921],[120.683983,16.066918],[120.683986,16.066647],[120.683706,16.066644]]],[[[120.708649,16.066913],[120.708646,16.067184],[120.708643,16.067455],[120.708362,16.067452],[120.708082,16.067449],[120.708085,16.067178],[120.708088,16.066907],[120.708369,16.06691],[120.708649,16.066913]]],[[[120.70333,16.066314],[120.703333,16.066043],[120.703613,16.066046],[120.70361,16.066317],[120.70333,16.066314]]],[[[120.703881,16.067133],[120.703878,16.067404],[120.703598,16.067401],[120.703601,16.06713],[120.703881,16.067133]]],[[[120.6653,16.0656],[120.665297,16.065871],[120.665016,16.065868],[120.665019,16.065597],[120.6653,16.0656]]],[[[120.665854,16.066148],[120.666134,16.066151],[120.666131,16.066422],[120.665851,16.066419],[120.665854,16.066148]]],[[[120.674536,16.066784],[120.674255,16.066781],[120.674258,16.06651],[120.674539,16.066513],[120.674536,16.066784]]],[[[120.642857,16.067251],[120.642854,16.067522],[120.642851,16.067793],[120.642571,16.06779],[120.642574,16.067519],[120.642577,16.067248],[120.642857,16.067251]]],[[[120.655217,16.064947],[120.655497,16.06495],[120.655494,16.065221],[120.655214,16.065218],[120.655217,16.064947]]],[[[120.654405,16.062499],[120.654402,16.06277],[120.654121,16.062767],[120.654125,16.062496],[120.654405,16.062499]]],[[[120.653,16.062755],[120.653004,16.062484],[120.653284,16.062487],[120.653564,16.06249],[120.653844,16.062493],[120.653841,16.062764],[120.653561,16.062761],[120.653558,16.063032],[120.653278,16.063029],[120.653281,16.062758],[120.653,16.062755]]],[[[120.65101,16.065172],[120.65073,16.065169],[120.65045,16.065166],[120.650453,16.064895],[120.650733,16.064898],[120.651013,16.064901],[120.65101,16.065172]]],[[[120.651271,16.066801],[120.651552,16.066804],[120.651832,16.066807],[120.652112,16.06681],[120.652109,16.067081],[120.652389,16.067084],[120.652386,16.067355],[120.652666,16.067359],[120.652663,16.067629],[120.65266,16.0679],[120.65294,16.067904],[120.652937,16.068175],[120.652657,16.068171],[120.652376,16.068168],[120.652096,16.068165],[120.652099,16.067894],[120.652102,16.067623],[120.651822,16.06762],[120.651825,16.067349],[120.651545,16.067346],[120.651548,16.067075],[120.651268,16.067072],[120.651271,16.066801]]],[[[120.650994,16.066527],[120.651274,16.06653],[120.651271,16.066801],[120.650991,16.066798],[120.650994,16.066527]]],[[[120.652122,16.065997],[120.652118,16.066268],[120.651838,16.066265],[120.651841,16.065994],[120.652122,16.065997]]],[[[120.653567,16.062219],[120.65357,16.061948],[120.653851,16.061951],[120.653848,16.062222],[120.653567,16.062219]]],[[[120.69154,16.067813],[120.691537,16.068084],[120.691817,16.068087],[120.691814,16.068358],[120.692095,16.068361],[120.692375,16.068364],[120.692372,16.068635],[120.692652,16.068638],[120.692649,16.068909],[120.692646,16.06918],[120.692365,16.069177],[120.692362,16.069448],[120.692359,16.069719],[120.692079,16.069716],[120.692082,16.069445],[120.692085,16.069174],[120.692088,16.068903],[120.691808,16.0689],[120.691811,16.068629],[120.691531,16.068626],[120.691251,16.068623],[120.691254,16.068352],[120.691257,16.068081],[120.69126,16.06781],[120.69154,16.067813]]],[[[120.639491,16.067485],[120.639488,16.067756],[120.639208,16.067752],[120.639211,16.067482],[120.639491,16.067485]]],[[[120.641733,16.067509],[120.641453,16.067506],[120.641173,16.067503],[120.641176,16.067232],[120.641456,16.067235],[120.641736,16.067238],[120.641733,16.067509]]],[[[120.641736,16.067238],[120.64174,16.066967],[120.64202,16.06697],[120.6423,16.066974],[120.642297,16.067245],[120.642017,16.067241],[120.641736,16.067238]]],[[[120.652943,16.067633],[120.652946,16.067362],[120.653227,16.067365],[120.653507,16.067368],[120.653504,16.067639],[120.653784,16.067642],[120.653781,16.067913],[120.654061,16.067916],[120.654058,16.068187],[120.654055,16.068458],[120.653774,16.068455],[120.653771,16.068726],[120.653491,16.068723],[120.653494,16.068452],[120.653497,16.068181],[120.653501,16.06791],[120.65322,16.067907],[120.65294,16.067904],[120.652943,16.067633]]],[[[120.662752,16.06774],[120.662755,16.067469],[120.663036,16.067472],[120.663316,16.067475],[120.663313,16.067746],[120.663309,16.068017],[120.663029,16.068014],[120.663032,16.067743],[120.662752,16.06774]]],[[[120.671437,16.068106],[120.671434,16.068377],[120.671154,16.068374],[120.671157,16.068103],[120.671437,16.068106]]],[[[120.656583,16.067943],[120.656587,16.067673],[120.656867,16.067676],[120.656864,16.067947],[120.657144,16.06795],[120.657141,16.068221],[120.65686,16.068218],[120.65658,16.068214],[120.656583,16.067943]]],[[[120.675361,16.068148],[120.675364,16.067877],[120.675644,16.06788],[120.675641,16.068151],[120.675361,16.068148]]],[[[120.675918,16.068425],[120.675915,16.068696],[120.675912,16.068967],[120.675909,16.069238],[120.675905,16.069509],[120.675902,16.06978],[120.675622,16.069777],[120.675625,16.069506],[120.675628,16.069235],[120.675631,16.068964],[120.675635,16.068693],[120.675638,16.068422],[120.675918,16.068425]]],[[[120.654899,16.068196],[120.654895,16.068467],[120.654892,16.068738],[120.655173,16.068741],[120.655169,16.069012],[120.654889,16.069009],[120.654886,16.06928],[120.654606,16.069277],[120.654609,16.069006],[120.654612,16.068735],[120.654615,16.068464],[120.654335,16.068461],[120.654338,16.06819],[120.654618,16.068193],[120.654899,16.068196]]],[[[120.670873,16.068371],[120.671154,16.068374],[120.67115,16.068645],[120.67087,16.068642],[120.670873,16.068371]]],[[[120.657141,16.068221],[120.657421,16.068224],[120.657418,16.068495],[120.657415,16.068766],[120.657134,16.068763],[120.657138,16.068492],[120.657141,16.068221]]],[[[120.669755,16.068087],[120.669752,16.068358],[120.669472,16.068355],[120.669475,16.068084],[120.669755,16.068087]]],[[[120.649287,16.068677],[120.649284,16.068947],[120.649281,16.069218],[120.649001,16.069215],[120.649004,16.068944],[120.649007,16.068673],[120.649287,16.068677]]],[[[120.7075,16.06934],[120.707497,16.069611],[120.707494,16.069882],[120.707213,16.069879],[120.707216,16.069608],[120.70722,16.069337],[120.7075,16.06934]]],[[[120.707783,16.069072],[120.70778,16.069343],[120.7075,16.06934],[120.707503,16.069069],[120.707783,16.069072]]],[[[120.707789,16.06853],[120.70807,16.068533],[120.708067,16.068804],[120.708063,16.069075],[120.707783,16.069072],[120.707786,16.068801],[120.707789,16.06853]]],[[[120.708901,16.069355],[120.708898,16.069626],[120.709178,16.069629],[120.709175,16.0699],[120.709455,16.069903],[120.709452,16.070174],[120.709172,16.070171],[120.708892,16.070168],[120.708895,16.069897],[120.708615,16.069894],[120.708618,16.069623],[120.708621,16.069352],[120.708901,16.069355]]],[[[120.661918,16.067189],[120.662198,16.067192],[120.662478,16.067195],[120.662475,16.067466],[120.662195,16.067463],[120.661915,16.06746],[120.661918,16.067189]]],[[[120.660214,16.069067],[120.660211,16.069338],[120.660208,16.069609],[120.659927,16.069606],[120.659647,16.069603],[120.65965,16.069332],[120.65937,16.069329],[120.65909,16.069326],[120.65881,16.069323],[120.658529,16.06932],[120.658249,16.069317],[120.658252,16.069046],[120.657972,16.069043],[120.657975,16.068772],[120.658255,16.068775],[120.658536,16.068778],[120.658816,16.068781],[120.658813,16.069052],[120.659093,16.069055],[120.659373,16.069058],[120.659653,16.069061],[120.659934,16.069064],[120.660214,16.069067]]],[[[120.655513,16.063595],[120.655516,16.063325],[120.655797,16.063328],[120.655793,16.063599],[120.655513,16.063595]]],[[[120.656612,16.065505],[120.656609,16.065776],[120.656328,16.065773],[120.656332,16.065502],[120.656612,16.065505]]],[[[120.656341,16.064689],[120.656338,16.06496],[120.656058,16.064957],[120.656061,16.064686],[120.656341,16.064689]]],[[[120.634237,16.061464],[120.634517,16.061467],[120.634514,16.061738],[120.634234,16.061735],[120.634237,16.061464]]],[[[120.633393,16.061726],[120.633673,16.061729],[120.63367,16.062],[120.63339,16.061997],[120.633393,16.061726]]],[[[120.634485,16.064177],[120.634205,16.064174],[120.634208,16.063903],[120.634488,16.063906],[120.634485,16.064177]]],[[[120.635326,16.064186],[120.635323,16.064457],[120.635042,16.064454],[120.635046,16.064183],[120.635326,16.064186]]],[[[120.633093,16.063349],[120.633097,16.063078],[120.633377,16.063081],[120.633374,16.063352],[120.633093,16.063349]]],[[[120.6331,16.062807],[120.633103,16.062536],[120.633106,16.062265],[120.633387,16.062268],[120.633383,16.062539],[120.63338,16.06281],[120.6331,16.062807]]],[[[120.670861,16.069454],[120.670858,16.069725],[120.671138,16.069729],[120.671135,16.069999],[120.671131,16.07027],[120.671128,16.070541],[120.670848,16.070538],[120.670845,16.070809],[120.670842,16.07108],[120.670561,16.071077],[120.670281,16.071074],[120.670001,16.071071],[120.669998,16.071342],[120.670278,16.071345],[120.670558,16.071348],[120.670839,16.071351],[120.670835,16.071622],[120.670832,16.071893],[120.670552,16.07189],[120.670272,16.071887],[120.670275,16.071616],[120.669995,16.071613],[120.669991,16.071884],[120.669711,16.071881],[120.669714,16.07161],[120.669718,16.071339],[120.669721,16.071068],[120.669724,16.070797],[120.669727,16.070526],[120.670007,16.070529],[120.670288,16.070532],[120.670291,16.070261],[120.670294,16.06999],[120.670574,16.069993],[120.670571,16.070264],[120.670851,16.070267],[120.670854,16.069996],[120.670574,16.069993],[120.670577,16.069722],[120.67058,16.069451],[120.670861,16.069454]]],[[[120.671421,16.069461],[120.671141,16.069458],[120.671144,16.069187],[120.671147,16.068916],[120.67115,16.068645],[120.671431,16.068648],[120.671427,16.068919],[120.671424,16.06919],[120.671421,16.069461]]],[[[120.70077,16.069539],[120.700773,16.069268],[120.700777,16.068997],[120.701057,16.069],[120.701054,16.069271],[120.701334,16.069274],[120.701331,16.069545],[120.701611,16.069548],[120.701608,16.069819],[120.701605,16.07009],[120.701325,16.070087],[120.701328,16.069816],[120.701047,16.069813],[120.701051,16.069542],[120.70077,16.069539]]],[[[120.707774,16.069885],[120.707771,16.070156],[120.707768,16.070427],[120.707487,16.070424],[120.70749,16.070153],[120.707494,16.069882],[120.707774,16.069885]]],[[[120.639619,16.056645],[120.639622,16.056374],[120.639625,16.056103],[120.639629,16.055832],[120.639909,16.055836],[120.639906,16.056107],[120.640186,16.05611],[120.640183,16.056381],[120.640179,16.056652],[120.639899,16.056649],[120.639619,16.056645]]],[[[120.641507,16.0629],[120.64151,16.062629],[120.641791,16.062632],[120.641787,16.062903],[120.641507,16.0629]]],[[[120.645634,16.069449],[120.645631,16.06972],[120.645351,16.069717],[120.645071,16.069714],[120.64479,16.069711],[120.644794,16.06944],[120.645074,16.069443],[120.645354,16.069446],[120.645634,16.069449]]],[[[120.64488,16.062124],[120.64516,16.062127],[120.64544,16.06213],[120.645437,16.062401],[120.645157,16.062398],[120.644876,16.062395],[120.64488,16.062124]]],[[[120.643138,16.067254],[120.643418,16.067257],[120.643415,16.067528],[120.643134,16.067525],[120.643138,16.067254]]],[[[120.644262,16.066995],[120.644265,16.066724],[120.644545,16.066727],[120.644825,16.06673],[120.645106,16.066733],[120.645386,16.066736],[120.645666,16.06674],[120.645946,16.066743],[120.645943,16.067014],[120.645663,16.067011],[120.645383,16.067007],[120.64538,16.067278],[120.645099,16.067275],[120.645103,16.067004],[120.644822,16.067001],[120.644819,16.067272],[120.644539,16.067269],[120.644542,16.066998],[120.644262,16.066995]]],[[[120.645638,16.069178],[120.645357,16.069175],[120.64536,16.068904],[120.645641,16.068907],[120.645638,16.069178]]],[[[120.645376,16.067549],[120.645373,16.06782],[120.645093,16.067817],[120.645096,16.067546],[120.645376,16.067549]]],[[[120.641829,16.05938],[120.641549,16.059377],[120.641552,16.059106],[120.641272,16.059103],[120.641275,16.058832],[120.641555,16.058835],[120.641835,16.058838],[120.641832,16.059109],[120.641829,16.05938]]],[[[120.641829,16.05938],[120.642109,16.059383],[120.642106,16.059654],[120.641826,16.059651],[120.641829,16.05938]]],[[[120.642399,16.058573],[120.642396,16.058844],[120.642116,16.058841],[120.642119,16.05857],[120.642399,16.058573]]],[[[120.642405,16.058031],[120.642686,16.058034],[120.642682,16.058305],[120.642679,16.058576],[120.642399,16.058573],[120.642402,16.058302],[120.642405,16.058031]]],[[[120.642396,16.058844],[120.642676,16.058847],[120.642673,16.059118],[120.642393,16.059115],[120.642396,16.058844]]],[[[120.640998,16.058558],[120.641001,16.058287],[120.641004,16.058016],[120.641284,16.058019],[120.641281,16.05829],[120.641278,16.058561],[120.640998,16.058558]]],[[[120.661052,16.069347],[120.661332,16.069351],[120.661329,16.069622],[120.661048,16.069618],[120.661052,16.069347]]],[[[120.666383,16.068864],[120.666103,16.068861],[120.666106,16.06859],[120.666386,16.068593],[120.666383,16.068864]]],[[[120.70693,16.070147],[120.70665,16.070144],[120.706647,16.070415],[120.706366,16.070412],[120.706369,16.070141],[120.706373,16.06987],[120.706653,16.069873],[120.706656,16.069602],[120.706936,16.069605],[120.706933,16.069876],[120.70693,16.070147]]],[[[120.657682,16.069853],[120.657679,16.070124],[120.657676,16.070395],[120.657396,16.070392],[120.657399,16.070121],[120.657118,16.070117],[120.657122,16.069847],[120.657402,16.06985],[120.657682,16.069853]]],[[[120.669173,16.069978],[120.66917,16.070249],[120.669166,16.07052],[120.669163,16.070791],[120.66916,16.071062],[120.66888,16.071059],[120.668883,16.070788],[120.668886,16.070517],[120.668889,16.070246],[120.668893,16.069975],[120.669173,16.069978]]],[[[120.685116,16.065846],[120.685397,16.06585],[120.685393,16.066121],[120.685113,16.066117],[120.685116,16.065846]]],[[[120.696277,16.070303],[120.696274,16.070574],[120.69627,16.070845],[120.69599,16.070842],[120.695987,16.071113],[120.695707,16.07111],[120.69571,16.070839],[120.695713,16.070568],[120.695993,16.070571],[120.695996,16.0703],[120.696277,16.070303]]],[[[120.701605,16.07009],[120.701885,16.070093],[120.701882,16.070364],[120.701602,16.070361],[120.701605,16.07009]]],[[[120.655997,16.070105],[120.655994,16.070376],[120.655714,16.070373],[120.655434,16.07037],[120.655437,16.070099],[120.655157,16.070096],[120.654876,16.070093],[120.654873,16.070364],[120.654593,16.070361],[120.65459,16.070632],[120.65431,16.070629],[120.654306,16.0709],[120.654303,16.071171],[120.6543,16.071442],[120.654297,16.071713],[120.654017,16.07171],[120.65402,16.071439],[120.653739,16.071436],[120.653736,16.071707],[120.653456,16.071703],[120.653459,16.071432],[120.653179,16.071429],[120.653182,16.071158],[120.653462,16.071161],[120.653466,16.07089],[120.653746,16.070894],[120.653749,16.070623],[120.653752,16.070352],[120.654032,16.070355],[120.654036,16.070084],[120.654316,16.070087],[120.654319,16.069816],[120.654599,16.069819],[120.65488,16.069822],[120.654883,16.069551],[120.655163,16.069554],[120.65516,16.069825],[120.65544,16.069828],[120.65572,16.069831],[120.656001,16.069834],[120.655997,16.070105]]],[[[120.662443,16.070176],[120.662163,16.070173],[120.662166,16.069902],[120.662447,16.069905],[120.662443,16.070176]]],[[[120.689827,16.070505],[120.689824,16.070776],[120.689821,16.071047],[120.689541,16.071044],[120.689544,16.070773],[120.689547,16.070502],[120.689827,16.070505]]],[[[120.706643,16.070686],[120.70664,16.070957],[120.70636,16.070954],[120.706357,16.071225],[120.706354,16.071496],[120.706074,16.071493],[120.705793,16.07149],[120.70579,16.071761],[120.70551,16.071758],[120.70523,16.071755],[120.705233,16.071484],[120.705236,16.071213],[120.705516,16.071216],[120.705519,16.070945],[120.705522,16.070674],[120.705803,16.070677],[120.706083,16.07068],[120.706086,16.070409],[120.706366,16.070412],[120.706363,16.070683],[120.706643,16.070686]]],[[[120.707765,16.070698],[120.707761,16.070969],[120.707481,16.070966],[120.707484,16.070695],[120.707765,16.070698]]],[[[120.678415,16.070621],[120.678412,16.070892],[120.678132,16.070889],[120.678129,16.07116],[120.678125,16.071431],[120.677845,16.071428],[120.677565,16.071424],[120.677568,16.071154],[120.677571,16.070883],[120.677851,16.070886],[120.677855,16.070615],[120.677858,16.070344],[120.678138,16.070347],[120.678135,16.070618],[120.678415,16.070621]]],[[[120.657959,16.070127],[120.65824,16.07013],[120.658236,16.070401],[120.657956,16.070398],[120.657959,16.070127]]],[[[120.699378,16.068711],[120.699375,16.068982],[120.699372,16.069253],[120.699369,16.069524],[120.699089,16.06952],[120.699092,16.06925],[120.699095,16.068979],[120.699098,16.068708],[120.699378,16.068711]]],[[[120.699117,16.067082],[120.69912,16.066811],[120.699123,16.06654],[120.699403,16.066543],[120.6994,16.066814],[120.699397,16.067085],[120.699117,16.067082]]],[[[120.698251,16.06924],[120.698254,16.068969],[120.698534,16.068972],[120.698815,16.068976],[120.698812,16.069246],[120.698531,16.069243],[120.698251,16.06924]]],[[[120.697392,16.070857],[120.697388,16.071128],[120.697108,16.071125],[120.697111,16.070854],[120.697392,16.070857]]],[[[120.665797,16.071025],[120.665794,16.071296],[120.665791,16.071567],[120.66551,16.071564],[120.665514,16.071293],[120.665517,16.071022],[120.665797,16.071025]]],[[[120.653762,16.069539],[120.654042,16.069542],[120.654039,16.069813],[120.653759,16.06981],[120.653762,16.069539]]],[[[120.653192,16.070345],[120.653195,16.070074],[120.653475,16.070078],[120.653472,16.070349],[120.653192,16.070345]]],[[[120.653185,16.070887],[120.652905,16.070884],[120.652902,16.071155],[120.652622,16.071152],[120.652625,16.070881],[120.652628,16.07061],[120.652631,16.070339],[120.652911,16.070342],[120.653192,16.070345],[120.653189,16.070616],[120.653185,16.070887]]],[[[120.681694,16.070959],[120.681413,16.070956],[120.681416,16.070685],[120.681697,16.070688],[120.681977,16.070691],[120.682257,16.070694],[120.682254,16.070965],[120.682534,16.070968],[120.682531,16.071239],[120.682528,16.07151],[120.682525,16.071781],[120.682245,16.071778],[120.681964,16.071775],[120.681967,16.071504],[120.681971,16.071233],[120.681974,16.070962],[120.681694,16.070959]]],[[[120.708319,16.071246],[120.708322,16.070975],[120.708602,16.070978],[120.708883,16.070981],[120.708879,16.071252],[120.70916,16.071255],[120.709157,16.071526],[120.708876,16.071523],[120.708873,16.071794],[120.70887,16.072065],[120.70915,16.072068],[120.709147,16.072339],[120.709144,16.07261],[120.709141,16.072881],[120.708861,16.072878],[120.708864,16.072607],[120.708867,16.072336],[120.708587,16.072333],[120.708306,16.07233],[120.70831,16.072059],[120.708313,16.071788],[120.708316,16.071517],[120.708596,16.07152],[120.708599,16.071249],[120.708319,16.071246]]],[[[120.710589,16.068831],[120.710309,16.068828],[120.710312,16.068557],[120.710592,16.06856],[120.710589,16.068831]]],[[[120.708328,16.070433],[120.708608,16.070436],[120.708605,16.070707],[120.708325,16.070704],[120.708328,16.070433]]],[[[120.652622,16.071152],[120.652618,16.071423],[120.652615,16.071694],[120.652612,16.071965],[120.652332,16.071962],[120.652335,16.071691],[120.652338,16.07142],[120.652341,16.071149],[120.652622,16.071152]]],[[[120.697382,16.07167],[120.697379,16.071941],[120.697099,16.071938],[120.697102,16.071667],[120.697382,16.07167]]],[[[120.638074,16.068824],[120.638354,16.068827],[120.638351,16.069098],[120.638071,16.069095],[120.638074,16.068824]]],[[[120.678125,16.071431],[120.678406,16.071434],[120.678403,16.071705],[120.678122,16.071702],[120.678125,16.071431]]],[[[120.653176,16.0717],[120.652896,16.071697],[120.652899,16.071426],[120.653179,16.071429],[120.653176,16.0717]]],[[[120.653456,16.071703],[120.653453,16.071974],[120.653173,16.071971],[120.653176,16.0717],[120.653456,16.071703]]],[[[120.707466,16.072321],[120.707185,16.072318],[120.707188,16.072047],[120.707469,16.07205],[120.707466,16.072321]]],[[[120.708306,16.07233],[120.708303,16.072601],[120.708023,16.072598],[120.708026,16.072327],[120.708306,16.07233]]],[[[120.649809,16.071934],[120.649806,16.072205],[120.649803,16.072476],[120.6498,16.072747],[120.649797,16.073018],[120.649794,16.073289],[120.64979,16.07356],[120.649787,16.073831],[120.649784,16.074102],[120.649504,16.074099],[120.649501,16.07437],[120.649497,16.074641],[120.649494,16.074912],[120.649491,16.075183],[120.649488,16.075454],[120.649208,16.075451],[120.649211,16.07518],[120.649214,16.074909],[120.649217,16.074638],[120.64922,16.074367],[120.649223,16.074096],[120.649227,16.073825],[120.649507,16.073828],[120.64951,16.073557],[120.649513,16.073286],[120.649516,16.073015],[120.64952,16.072744],[120.649523,16.072473],[120.649526,16.072202],[120.649529,16.071931],[120.649809,16.071934]]],[[[120.652332,16.071962],[120.652329,16.072233],[120.652609,16.072236],[120.652606,16.072507],[120.652886,16.07251],[120.652889,16.072239],[120.653169,16.072242],[120.653166,16.072513],[120.653163,16.072784],[120.652883,16.072781],[120.65288,16.073052],[120.652599,16.073049],[120.652603,16.072778],[120.652322,16.072775],[120.652319,16.073046],[120.652316,16.073317],[120.652313,16.073588],[120.65231,16.073859],[120.652306,16.07413],[120.652026,16.074127],[120.651746,16.074124],[120.651743,16.074395],[120.651462,16.074392],[120.651466,16.074121],[120.651469,16.07385],[120.651749,16.073853],[120.651752,16.073582],[120.651755,16.073311],[120.652036,16.073314],[120.652039,16.073043],[120.652042,16.072772],[120.652045,16.072501],[120.652048,16.07223],[120.652052,16.071959],[120.652332,16.071962]]],[[[120.66887,16.071872],[120.669151,16.071875],[120.669148,16.072146],[120.669144,16.072417],[120.669141,16.072688],[120.669138,16.072959],[120.668858,16.072956],[120.668855,16.073227],[120.668851,16.073498],[120.669132,16.073501],[120.669129,16.073772],[120.669125,16.074043],[120.669122,16.074314],[120.669119,16.074585],[120.669399,16.074588],[120.669396,16.074859],[120.669116,16.074856],[120.669113,16.075127],[120.669393,16.07513],[120.66939,16.075401],[120.66911,16.075398],[120.669106,16.075669],[120.669387,16.075672],[120.669384,16.075943],[120.669103,16.07594],[120.6691,16.076211],[120.66882,16.076208],[120.668823,16.075937],[120.668543,16.075934],[120.668262,16.075931],[120.667982,16.075928],[120.667985,16.075657],[120.667989,16.075386],[120.667992,16.075115],[120.667995,16.074844],[120.667998,16.074573],[120.668001,16.074302],[120.668004,16.074031],[120.667724,16.074028],[120.667727,16.073757],[120.668008,16.07376],[120.668011,16.073489],[120.668291,16.073492],[120.668288,16.073763],[120.668568,16.073766],[120.668571,16.073495],[120.668291,16.073492],[120.668294,16.073221],[120.668574,16.073224],[120.668578,16.072953],[120.668297,16.07295],[120.6683,16.072679],[120.668304,16.072408],[120.668584,16.072411],[120.668587,16.07214],[120.668867,16.072143],[120.66887,16.071872]],[[120.668842,16.074311],[120.668562,16.074308],[120.668559,16.074579],[120.668839,16.074582],[120.668842,16.074311]]],[[[120.684761,16.072347],[120.684758,16.072618],[120.684477,16.072615],[120.684474,16.072886],[120.684194,16.072883],[120.684191,16.073154],[120.684188,16.073425],[120.684185,16.073696],[120.684181,16.073967],[120.684462,16.07397],[120.684458,16.074241],[120.684178,16.074238],[120.683898,16.074235],[120.683901,16.073964],[120.683621,16.073961],[120.683624,16.07369],[120.683627,16.073419],[120.683907,16.073422],[120.683911,16.073151],[120.683914,16.07288],[120.683917,16.072609],[120.68392,16.072338],[120.6842,16.072341],[120.68448,16.072344],[120.684761,16.072347]]],[[[120.702156,16.070909],[120.701876,16.070906],[120.701879,16.070635],[120.701882,16.070364],[120.702162,16.070367],[120.702159,16.070638],[120.702156,16.070909]]],[[[120.652612,16.071965],[120.652892,16.071968],[120.652889,16.072239],[120.652609,16.072236],[120.652612,16.071965]]],[[[120.707179,16.07286],[120.706899,16.072857],[120.706619,16.072854],[120.706622,16.072583],[120.706902,16.072586],[120.707182,16.072589],[120.707179,16.07286]]],[[[120.699353,16.070878],[120.699073,16.070875],[120.69907,16.071146],[120.69879,16.071143],[120.698787,16.071414],[120.698506,16.071411],[120.698503,16.071682],[120.698223,16.071679],[120.697943,16.071676],[120.697946,16.071405],[120.698226,16.071408],[120.698229,16.071137],[120.698509,16.07114],[120.698513,16.070869],[120.698516,16.070598],[120.698519,16.070327],[120.698799,16.07033],[120.698802,16.070059],[120.698805,16.069788],[120.699086,16.069791],[120.699082,16.070062],[120.699363,16.070065],[120.69936,16.070336],[120.699357,16.070607],[120.699353,16.070878]]],[[[120.699338,16.072233],[120.699335,16.072504],[120.699054,16.072501],[120.699051,16.072772],[120.699048,16.073043],[120.699045,16.073314],[120.699042,16.073585],[120.698762,16.073582],[120.698759,16.073853],[120.698478,16.07385],[120.698475,16.074121],[120.698195,16.074118],[120.698198,16.073847],[120.697918,16.073844],[120.697637,16.073841],[120.697641,16.07357],[120.697644,16.073299],[120.697924,16.073302],[120.698204,16.073305],[120.698201,16.073576],[120.698481,16.073579],[120.698485,16.073308],[120.698488,16.073037],[120.698768,16.07304],[120.698771,16.072769],[120.698774,16.072498],[120.698494,16.072495],[120.698491,16.072766],[120.698488,16.073037],[120.698207,16.073034],[120.697927,16.073031],[120.69793,16.07276],[120.69821,16.072763],[120.698214,16.072492],[120.698217,16.072221],[120.698497,16.072224],[120.698777,16.072227],[120.69878,16.071956],[120.699061,16.071959],[120.699064,16.071688],[120.699344,16.071691],[120.699341,16.071962],[120.699338,16.072233]]],[[[120.669425,16.07242],[120.669705,16.072423],[120.669702,16.072694],[120.669421,16.072691],[120.669425,16.07242]]],[[[120.665218,16.072645],[120.665214,16.072916],[120.665211,16.073187],[120.664931,16.073184],[120.664934,16.072913],[120.664937,16.072642],[120.665218,16.072645]]],[[[120.676989,16.072773],[120.676708,16.07277],[120.676705,16.073041],[120.676985,16.073044],[120.676982,16.073315],[120.676979,16.073586],[120.676699,16.073583],[120.676696,16.073854],[120.676416,16.073851],[120.676135,16.073848],[120.676132,16.074119],[120.676412,16.074122],[120.676693,16.074125],[120.676689,16.074396],[120.676686,16.074667],[120.676967,16.07467],[120.676963,16.074941],[120.67696,16.075212],[120.67668,16.075209],[120.676677,16.07548],[120.676957,16.075483],[120.677237,16.075486],[120.677234,16.075757],[120.676954,16.075754],[120.676674,16.075751],[120.676393,16.075748],[120.676113,16.075745],[120.676116,16.075474],[120.676119,16.075203],[120.675839,16.0752],[120.675842,16.074929],[120.675562,16.074926],[120.675282,16.074923],[120.675285,16.074652],[120.675005,16.074649],[120.675002,16.07492],[120.674998,16.075191],[120.675279,16.075194],[120.675276,16.075465],[120.674995,16.075462],[120.674992,16.075733],[120.674712,16.07573],[120.674709,16.076001],[120.674706,16.076272],[120.674425,16.076269],[120.674145,16.076266],[120.674148,16.075995],[120.673868,16.075992],[120.673871,16.075721],[120.673591,16.075718],[120.673594,16.075447],[120.673597,16.075176],[120.6736,16.074905],[120.673603,16.074634],[120.673607,16.074363],[120.67361,16.074092],[120.673613,16.073821],[120.673893,16.073824],[120.674173,16.073827],[120.67417,16.074098],[120.674167,16.074369],[120.674164,16.07464],[120.674444,16.074643],[120.674441,16.074914],[120.674721,16.074917],[120.674724,16.074646],[120.674444,16.074643],[120.674447,16.074372],[120.67445,16.074101],[120.674454,16.07383],[120.674734,16.073833],[120.675014,16.073836],[120.675011,16.074107],[120.675291,16.07411],[120.675288,16.074381],[120.675568,16.074384],[120.675572,16.074113],[120.675575,16.073842],[120.675294,16.073839],[120.675014,16.073836],[120.675017,16.073565],[120.674737,16.073562],[120.67474,16.073291],[120.67446,16.073288],[120.67418,16.073285],[120.674183,16.073014],[120.674463,16.073017],[120.674466,16.072746],[120.674747,16.072749],[120.67475,16.072478],[120.67503,16.072481],[120.67531,16.072484],[120.675313,16.072213],[120.675594,16.072216],[120.67559,16.072487],[120.675871,16.07249],[120.675874,16.072219],[120.676154,16.072222],[120.676157,16.071951],[120.675877,16.071948],[120.67588,16.071677],[120.675883,16.071406],[120.676164,16.071409],[120.676167,16.071138],[120.676447,16.071141],[120.676727,16.071144],[120.676724,16.071415],[120.676721,16.071686],[120.676718,16.071957],[120.676715,16.072228],[120.676995,16.072231],[120.676992,16.072502],[120.676989,16.072773]]],[[[120.691484,16.072691],[120.691481,16.072962],[120.691201,16.072959],[120.69092,16.072956],[120.690917,16.073227],[120.690637,16.073224],[120.69064,16.072953],[120.690643,16.072682],[120.690923,16.072685],[120.691204,16.072688],[120.691484,16.072691]]],[[[120.705775,16.073116],[120.705772,16.073387],[120.705491,16.073384],[120.705488,16.073655],[120.705485,16.073926],[120.705205,16.073923],[120.705208,16.073652],[120.705211,16.073381],[120.705214,16.07311],[120.705494,16.073113],[120.705775,16.073116]]],[[[120.70494,16.072565],[120.704937,16.072836],[120.704934,16.073107],[120.704654,16.073104],[120.70465,16.073375],[120.704647,16.073646],[120.704367,16.073643],[120.70437,16.073372],[120.70409,16.073369],[120.704093,16.073098],[120.704373,16.073101],[120.704376,16.07283],[120.704657,16.072833],[120.70466,16.072562],[120.704663,16.072291],[120.704943,16.072294],[120.70494,16.072565]]],[[[120.654284,16.072797],[120.654281,16.073068],[120.654001,16.073065],[120.653997,16.073335],[120.653717,16.073332],[120.653437,16.073329],[120.65344,16.073058],[120.65372,16.073061],[120.653724,16.07279],[120.654004,16.072794],[120.654284,16.072797]]],[[[120.633545,16.072568],[120.633542,16.072839],[120.633291,16.072836],[120.633262,16.072762],[120.633265,16.072565],[120.633545,16.072568]]],[[[120.662972,16.072892],[120.662969,16.073163],[120.662689,16.07316],[120.662692,16.072889],[120.662972,16.072892]]],[[[120.638889,16.071001],[120.638609,16.070998],[120.638612,16.070727],[120.638615,16.070456],[120.638895,16.070459],[120.638899,16.070188],[120.639179,16.070191],[120.639459,16.070194],[120.639456,16.070465],[120.639176,16.070462],[120.639172,16.070733],[120.638892,16.07073],[120.638889,16.071001]]],[[[120.696519,16.073558],[120.696516,16.073829],[120.696513,16.0741],[120.696233,16.074097],[120.695953,16.074094],[120.69595,16.074365],[120.695669,16.074362],[120.695389,16.074359],[120.695392,16.074088],[120.695112,16.074085],[120.695115,16.073814],[120.695395,16.073817],[120.695398,16.073546],[120.695679,16.073549],[120.695959,16.073552],[120.696239,16.073555],[120.696519,16.073558]]],[[[120.685592,16.073169],[120.685872,16.073172],[120.686153,16.073175],[120.68615,16.073446],[120.686146,16.073717],[120.685866,16.073714],[120.685869,16.073443],[120.685589,16.07344],[120.685592,16.073169]]],[[[120.704928,16.073649],[120.704925,16.07392],[120.704644,16.073917],[120.704647,16.073646],[120.704928,16.073649]]],[[[120.671654,16.073528],[120.671651,16.073799],[120.671371,16.073796],[120.671374,16.073525],[120.671654,16.073528]]],[[[120.701842,16.073886],[120.701838,16.074157],[120.701558,16.074154],[120.701561,16.073883],[120.701842,16.073886]]],[[[120.664925,16.073726],[120.664921,16.073997],[120.664918,16.074268],[120.664638,16.074265],[120.664641,16.073994],[120.664644,16.073723],[120.664925,16.073726]]],[[[120.709126,16.074236],[120.708845,16.074233],[120.708848,16.073962],[120.709129,16.073965],[120.709126,16.074236]]],[[[120.685583,16.073982],[120.685863,16.073985],[120.68586,16.074256],[120.68558,16.074253],[120.685583,16.073982]]],[[[120.673046,16.074357],[120.673043,16.074628],[120.672763,16.074625],[120.672766,16.074354],[120.673046,16.074357]]],[[[120.654552,16.073884],[120.654832,16.073887],[120.654829,16.074158],[120.654548,16.074155],[120.654552,16.073884]]],[[[120.691755,16.073507],[120.691758,16.073236],[120.692038,16.073239],[120.692035,16.07351],[120.691755,16.073507]]],[[[120.694548,16.07435],[120.694268,16.074347],[120.693988,16.074344],[120.693991,16.074073],[120.693711,16.07407],[120.693714,16.073799],[120.693717,16.073528],[120.693997,16.073531],[120.694277,16.073534],[120.694558,16.073537],[120.694554,16.073808],[120.694551,16.074079],[120.694548,16.07435]]],[[[120.651462,16.074392],[120.651459,16.074663],[120.651179,16.07466],[120.651182,16.074389],[120.651462,16.074392]]],[[[120.684732,16.074786],[120.684729,16.075057],[120.68501,16.07506],[120.685006,16.075331],[120.685003,16.075602],[120.684723,16.075599],[120.684443,16.075596],[120.684446,16.075325],[120.684449,16.075054],[120.684452,16.074783],[120.684732,16.074786]]],[[[120.691179,16.074856],[120.691176,16.075127],[120.690895,16.075124],[120.690615,16.075121],[120.690618,16.07485],[120.690898,16.074853],[120.691179,16.074856]]],[[[120.648096,16.074626],[120.648093,16.074897],[120.647813,16.074894],[120.647816,16.074623],[120.648096,16.074626]]],[[[120.67304,16.074899],[120.673037,16.07517],[120.673033,16.075441],[120.672753,16.075438],[120.672756,16.075167],[120.672759,16.074896],[120.67304,16.074899]]],[[[120.693698,16.075154],[120.693418,16.075151],[120.693421,16.07488],[120.693424,16.074609],[120.693704,16.074612],[120.693701,16.074883],[120.693698,16.075154]]],[[[120.683098,16.070703],[120.683378,16.070706],[120.683375,16.070977],[120.683095,16.070974],[120.682815,16.070971],[120.682818,16.0707],[120.683098,16.070703]]],[[[120.679968,16.074734],[120.679971,16.074463],[120.680251,16.074466],[120.680248,16.074737],[120.679968,16.074734]]],[[[120.679965,16.075005],[120.679684,16.075002],[120.679688,16.074731],[120.679968,16.074734],[120.679965,16.075005]]],[[[120.680525,16.075012],[120.680522,16.075282],[120.680802,16.075286],[120.681083,16.075289],[120.681086,16.075018],[120.681366,16.075021],[120.681646,16.075024],[120.681643,16.075295],[120.681924,16.075298],[120.68192,16.075569],[120.681917,16.07584],[120.681637,16.075837],[120.681357,16.075834],[120.68136,16.075563],[120.68108,16.07556],[120.680799,16.075557],[120.680519,16.075553],[120.680239,16.07555],[120.680242,16.075279],[120.679962,16.075276],[120.679965,16.075005],[120.680245,16.075008],[120.680525,16.075012]]],[[[120.697061,16.07519],[120.697058,16.075461],[120.696778,16.075458],[120.696781,16.075187],[120.697061,16.07519]]],[[[120.697064,16.074919],[120.697345,16.074922],[120.697625,16.074925],[120.697905,16.074928],[120.697902,16.075199],[120.697899,16.07547],[120.697619,16.075467],[120.697622,16.075196],[120.697342,16.075193],[120.697061,16.07519],[120.697064,16.074919]]],[[[120.675556,16.075468],[120.675553,16.075739],[120.67555,16.07601],[120.675269,16.076007],[120.675272,16.075736],[120.675276,16.075465],[120.675556,16.075468]]],[[[120.684163,16.075593],[120.683882,16.07559],[120.683885,16.075319],[120.684166,16.075322],[120.684163,16.075593]]],[[[120.683882,16.07559],[120.683879,16.075861],[120.683876,16.076132],[120.684156,16.076135],[120.684153,16.076406],[120.68415,16.076677],[120.68387,16.076674],[120.683873,16.076403],[120.683593,16.0764],[120.683312,16.076397],[120.683315,16.076126],[120.683319,16.075855],[120.683322,16.075584],[120.683602,16.075587],[120.683882,16.07559]]],[[[120.697058,16.075461],[120.697338,16.075464],[120.697335,16.075735],[120.697332,16.076006],[120.697329,16.076277],[120.697049,16.076274],[120.697052,16.076003],[120.696772,16.076],[120.696769,16.076271],[120.696488,16.076268],[120.696491,16.075997],[120.696495,16.075726],[120.696775,16.075729],[120.697055,16.075732],[120.697058,16.075461]]],[[[120.652577,16.074946],[120.652574,16.075217],[120.652294,16.075214],[120.652297,16.074943],[120.652577,16.074946]]],[[[120.650892,16.075199],[120.650889,16.07547],[120.650609,16.075466],[120.650612,16.075195],[120.650892,16.075199]]],[[[120.653412,16.075497],[120.653408,16.075768],[120.653128,16.075765],[120.652848,16.075762],[120.652851,16.075491],[120.653131,16.075494],[120.653412,16.075497]]],[[[120.646411,16.074878],[120.646692,16.074881],[120.646972,16.074884],[120.646969,16.075155],[120.646688,16.075152],[120.646408,16.075149],[120.646411,16.074878]]],[[[120.67583,16.076013],[120.675827,16.076284],[120.675823,16.076555],[120.67582,16.076826],[120.67554,16.076823],[120.675543,16.076552],[120.675546,16.076281],[120.67555,16.07601],[120.67583,16.076013]]],[[[120.696488,16.076268],[120.696485,16.076539],[120.696765,16.076542],[120.696762,16.076813],[120.696759,16.077084],[120.696756,16.077355],[120.696753,16.077626],[120.69675,16.077897],[120.69647,16.077894],[120.696189,16.077891],[120.696192,16.07762],[120.696196,16.077349],[120.695915,16.077346],[120.695918,16.077075],[120.695638,16.077072],[120.695641,16.076801],[120.695921,16.076804],[120.695925,16.076533],[120.696205,16.076536],[120.696208,16.076265],[120.696488,16.076268]]],[[[120.706301,16.076103],[120.706581,16.076106],[120.706862,16.076109],[120.706865,16.075838],[120.706868,16.075567],[120.707148,16.07557],[120.707145,16.075841],[120.707142,16.076112],[120.707139,16.076383],[120.706858,16.07638],[120.706855,16.076651],[120.706575,16.076648],[120.706572,16.076919],[120.706292,16.076916],[120.706289,16.077187],[120.706008,16.077184],[120.705728,16.07718],[120.705448,16.077177],[120.705451,16.076906],[120.705731,16.07691],[120.705734,16.076639],[120.706015,16.076642],[120.706018,16.076371],[120.706298,16.076374],[120.706301,16.076103]]],[[[120.705482,16.074197],[120.705479,16.074468],[120.705199,16.074465],[120.705202,16.074194],[120.705482,16.074197]]],[[[120.704897,16.076359],[120.704893,16.076629],[120.704613,16.076626],[120.70461,16.076897],[120.704607,16.077168],[120.704327,16.077165],[120.704324,16.077436],[120.704043,16.077433],[120.70404,16.077704],[120.704037,16.077975],[120.704317,16.077978],[120.704314,16.078249],[120.704311,16.07852],[120.704031,16.078517],[120.704028,16.078788],[120.703747,16.078785],[120.703744,16.079056],[120.703464,16.079053],[120.703461,16.079324],[120.703458,16.079595],[120.703178,16.079592],[120.703174,16.079863],[120.703171,16.080134],[120.703168,16.080405],[120.702888,16.080402],[120.702885,16.080673],[120.702882,16.080944],[120.702879,16.081215],[120.702875,16.081486],[120.702872,16.081757],[120.702592,16.081754],[120.702595,16.081483],[120.702598,16.081212],[120.702601,16.080941],[120.702321,16.080938],[120.702041,16.080935],[120.702044,16.080664],[120.702324,16.080667],[120.702327,16.080396],[120.70233,16.080125],[120.702334,16.079854],[120.702337,16.079583],[120.70234,16.079312],[120.70262,16.079315],[120.702623,16.079044],[120.702903,16.079047],[120.702907,16.078776],[120.703187,16.078779],[120.70319,16.078508],[120.703193,16.078237],[120.703473,16.07824],[120.703476,16.077969],[120.703757,16.077972],[120.70376,16.077701],[120.703763,16.07743],[120.703766,16.077159],[120.704046,16.077162],[120.704049,16.076891],[120.704053,16.07662],[120.704333,16.076623],[120.704336,16.076352],[120.704616,16.076355],[120.704897,16.076359]]],[[[120.704641,16.074188],[120.704921,16.074191],[120.704918,16.074462],[120.704915,16.074733],[120.704912,16.075004],[120.704632,16.075001],[120.704635,16.07473],[120.704638,16.074459],[120.704641,16.074188]]],[[[120.7049,16.076088],[120.704619,16.076085],[120.704622,16.075814],[120.704903,16.075817],[120.7049,16.076088]]],[[[120.653966,16.076045],[120.653963,16.076316],[120.653682,16.076313],[120.653685,16.076042],[120.653966,16.076045]]],[[[120.65817,16.076091],[120.657889,16.076088],[120.657893,16.075817],[120.658173,16.07582],[120.65817,16.076091]]],[[[120.697354,16.074109],[120.697357,16.073838],[120.697637,16.073841],[120.697634,16.074112],[120.697915,16.074115],[120.697911,16.074386],[120.697631,16.074383],[120.697351,16.07438],[120.697354,16.074109]]],[[[120.698447,16.07656],[120.698167,16.076557],[120.69817,16.076286],[120.69845,16.076289],[120.698447,16.07656]]],[[[120.698727,16.076563],[120.698724,16.076834],[120.698721,16.077105],[120.698441,16.077102],[120.698444,16.076831],[120.698447,16.07656],[120.698727,16.076563]]],[[[120.698189,16.07466],[120.698192,16.074389],[120.698472,16.074392],[120.698469,16.074663],[120.698189,16.07466]]],[[[120.667419,16.076192],[120.667699,16.076196],[120.667979,16.076199],[120.668259,16.076202],[120.668256,16.076473],[120.668536,16.076476],[120.668533,16.076747],[120.668814,16.07675],[120.669094,16.076753],[120.669374,16.076756],[120.669371,16.077027],[120.669368,16.077298],[120.669365,16.077569],[120.669361,16.07784],[120.669642,16.077843],[120.669639,16.078114],[120.669635,16.078385],[120.669355,16.078382],[120.669352,16.078653],[120.669632,16.078656],[120.669629,16.078927],[120.669626,16.079198],[120.669623,16.079469],[120.66962,16.07974],[120.669616,16.080011],[120.669336,16.080008],[120.669333,16.080279],[120.66933,16.08055],[120.66961,16.080553],[120.66989,16.080556],[120.669887,16.080827],[120.669884,16.081098],[120.669881,16.081369],[120.669601,16.081366],[120.66932,16.081363],[120.669324,16.081092],[120.669327,16.080821],[120.669046,16.080818],[120.668766,16.080814],[120.668769,16.080543],[120.668489,16.08054],[120.668492,16.080269],[120.668212,16.080266],[120.667932,16.080263],[120.667928,16.080534],[120.667925,16.080805],[120.667645,16.080802],[120.667642,16.081073],[120.667639,16.081344],[120.667636,16.081615],[120.667632,16.081886],[120.667629,16.082157],[120.66791,16.08216],[120.667913,16.081889],[120.668193,16.081892],[120.66819,16.082163],[120.66847,16.082166],[120.668467,16.082437],[120.668187,16.082434],[120.667906,16.082431],[120.667626,16.082428],[120.667623,16.082699],[120.667903,16.082702],[120.6679,16.082973],[120.66762,16.08297],[120.667339,16.082967],[120.667343,16.082696],[120.667346,16.082425],[120.667349,16.082154],[120.667352,16.081883],[120.667355,16.081612],[120.667075,16.081609],[120.667078,16.081338],[120.667081,16.081067],[120.667085,16.080796],[120.667365,16.080799],[120.667368,16.080528],[120.667371,16.080257],[120.667651,16.08026],[120.667655,16.079989],[120.667658,16.079718],[120.667661,16.079447],[120.667664,16.079176],[120.667384,16.079173],[120.667387,16.078902],[120.667667,16.078905],[120.66767,16.078634],[120.66739,16.078631],[120.667393,16.07836],[120.667674,16.078363],[120.667677,16.078092],[120.667396,16.078089],[120.6674,16.077818],[120.667403,16.077547],[120.667683,16.07755],[120.667686,16.077279],[120.667689,16.077008],[120.667409,16.077005],[120.667412,16.076734],[120.667415,16.076463],[120.667419,16.076192]],[[120.66881,16.077021],[120.66853,16.077018],[120.668527,16.077289],[120.668524,16.07756],[120.668804,16.077563],[120.668807,16.077292],[120.66881,16.077021]]],[[[120.677231,16.076028],[120.677228,16.076299],[120.677225,16.07657],[120.677222,16.076841],[120.677502,16.076844],[120.677499,16.077115],[120.677496,16.077386],[120.677493,16.077657],[120.677212,16.077654],[120.677215,16.077383],[120.676935,16.07738],[120.676655,16.077377],[120.676375,16.077374],[120.676378,16.077103],[120.676381,16.076832],[120.676384,16.076561],[120.676387,16.07629],[120.67639,16.076019],[120.676671,16.076022],[120.676667,16.076293],[120.676664,16.076564],[120.676945,16.076567],[120.676948,16.076296],[120.676951,16.076025],[120.677231,16.076028]]],[[[120.655924,16.076338],[120.655921,16.076609],[120.655641,16.076606],[120.655644,16.076335],[120.655924,16.076338]]],[[[120.708291,16.073685],[120.708294,16.073414],[120.708574,16.073417],[120.708571,16.073688],[120.708291,16.073685]]],[[[120.707715,16.075034],[120.707712,16.075305],[120.707431,16.075302],[120.707435,16.075031],[120.707715,16.075034]]],[[[120.707715,16.075034],[120.707718,16.074763],[120.707998,16.074766],[120.707995,16.075037],[120.707715,16.075034]]],[[[120.655918,16.07688],[120.655915,16.077151],[120.655635,16.077148],[120.655638,16.076877],[120.655918,16.07688]]],[[[120.684147,16.076948],[120.684427,16.076951],[120.684424,16.077222],[120.684421,16.077493],[120.684141,16.07749],[120.684144,16.077219],[120.684147,16.076948]]],[[[120.690877,16.07675],[120.69088,16.076479],[120.690883,16.076208],[120.691163,16.076211],[120.69116,16.076482],[120.691157,16.076753],[120.690877,16.07675]]],[[[120.694794,16.077334],[120.694791,16.077605],[120.694511,16.077602],[120.694508,16.077873],[120.694504,16.078144],[120.694501,16.078415],[120.694498,16.078686],[120.694495,16.078957],[120.694215,16.078954],[120.693935,16.078951],[120.693654,16.078948],[120.693657,16.078677],[120.693661,16.078406],[120.693941,16.078409],[120.693944,16.078138],[120.693947,16.077867],[120.69395,16.077596],[120.693953,16.077325],[120.693956,16.077054],[120.694237,16.077057],[120.69424,16.076786],[120.69452,16.076789],[120.694517,16.07706],[120.694514,16.077331],[120.694794,16.077334]]],[[[120.634622,16.076289],[120.63455,16.076102],[120.634624,16.076103],[120.634622,16.076289]]],[[[120.651708,16.077376],[120.651704,16.077647],[120.651424,16.077644],[120.651427,16.077373],[120.651708,16.077376]]],[[[120.696189,16.077891],[120.696186,16.078162],[120.695906,16.078159],[120.695909,16.077888],[120.696189,16.077891]]],[[[120.648905,16.077345],[120.648625,16.077342],[120.648628,16.077071],[120.648631,16.0768],[120.648911,16.076803],[120.648908,16.077074],[120.648905,16.077345]]],[[[120.667119,16.077815],[120.667116,16.078086],[120.667113,16.078357],[120.66711,16.078628],[120.66739,16.078631],[120.667387,16.078902],[120.667107,16.078899],[120.666826,16.078896],[120.66683,16.078625],[120.666549,16.078622],[120.666552,16.078351],[120.666833,16.078354],[120.666836,16.078083],[120.666839,16.077812],[120.667119,16.077815]]],[[[120.684975,16.078041],[120.684972,16.078312],[120.684692,16.078309],[120.684689,16.07858],[120.684685,16.078851],[120.684405,16.078848],[120.684402,16.079119],[120.684122,16.079116],[120.684125,16.078845],[120.684128,16.078574],[120.684131,16.078303],[120.684411,16.078306],[120.684415,16.078035],[120.684418,16.077764],[120.684421,16.077493],[120.684701,16.077496],[120.684981,16.077499],[120.684978,16.07777],[120.684975,16.078041]]],[[[120.68638,16.077785],[120.686099,16.077782],[120.686102,16.077511],[120.686383,16.077514],[120.68638,16.077785]]],[[[120.687217,16.078065],[120.687214,16.078336],[120.687494,16.078339],[120.687775,16.078342],[120.687772,16.078613],[120.687491,16.07861],[120.687211,16.078607],[120.686931,16.078604],[120.686934,16.078333],[120.686654,16.07833],[120.686373,16.078327],[120.686376,16.078056],[120.68638,16.077785],[120.68666,16.077788],[120.68694,16.077791],[120.686937,16.078062],[120.687217,16.078065]]],[[[120.653383,16.077936],[120.65338,16.078207],[120.653099,16.078204],[120.653103,16.077933],[120.653383,16.077936]]],[[[120.653386,16.077665],[120.653389,16.077394],[120.653392,16.077123],[120.653396,16.076852],[120.653676,16.076855],[120.653673,16.077126],[120.65367,16.077397],[120.653666,16.077668],[120.653663,16.077939],[120.653383,16.077936],[120.653386,16.077665]]],[[[120.655905,16.077964],[120.655902,16.078235],[120.655622,16.078232],[120.655625,16.077961],[120.655905,16.077964]]],[[[120.701785,16.078764],[120.701505,16.078761],[120.701508,16.07849],[120.701511,16.078219],[120.701515,16.077948],[120.701795,16.077951],[120.701792,16.078222],[120.701789,16.078493],[120.701785,16.078764]]],[[[120.686931,16.078604],[120.686928,16.078875],[120.686924,16.079146],[120.686644,16.079143],[120.686364,16.07914],[120.686367,16.078869],[120.68637,16.078598],[120.68665,16.078601],[120.686931,16.078604]]],[[[120.687504,16.077526],[120.687507,16.077255],[120.68751,16.076984],[120.68723,16.076981],[120.687233,16.07671],[120.687236,16.076439],[120.687516,16.076442],[120.687513,16.076713],[120.687794,16.076716],[120.68779,16.076987],[120.687787,16.077258],[120.687784,16.077529],[120.687504,16.077526]]],[[[120.688338,16.078077],[120.688335,16.078348],[120.688616,16.078351],[120.688896,16.078354],[120.689176,16.078357],[120.689456,16.07836],[120.689453,16.078631],[120.689734,16.078634],[120.690014,16.078637],[120.690011,16.078908],[120.68973,16.078905],[120.68945,16.078902],[120.689447,16.079173],[120.689167,16.07917],[120.688886,16.079167],[120.688606,16.079164],[120.688326,16.079161],[120.688329,16.07889],[120.688609,16.078893],[120.688612,16.078622],[120.688332,16.078619],[120.688052,16.078616],[120.688055,16.078345],[120.688058,16.078074],[120.688338,16.078077]]],[[[120.697301,16.078716],[120.697298,16.078987],[120.697018,16.078984],[120.697021,16.078713],[120.697301,16.078716]]],[[[120.677209,16.077925],[120.677206,16.078196],[120.677203,16.078467],[120.677483,16.07847],[120.677763,16.078473],[120.67776,16.078744],[120.67804,16.078747],[120.678321,16.07875],[120.678318,16.079021],[120.678598,16.079024],[120.678595,16.079295],[120.678592,16.079566],[120.678588,16.079837],[120.678308,16.079834],[120.678305,16.080105],[120.678025,16.080102],[120.678028,16.079831],[120.678031,16.07956],[120.677751,16.079557],[120.677754,16.079286],[120.677474,16.079283],[120.677193,16.07928],[120.677196,16.079009],[120.676916,16.079006],[120.676636,16.079003],[120.676356,16.079],[120.676075,16.078997],[120.675795,16.078994],[120.675515,16.078991],[120.675518,16.07872],[120.675798,16.078723],[120.675801,16.078452],[120.675805,16.078181],[120.676085,16.078184],[120.676365,16.078187],[120.676362,16.078458],[120.676642,16.078461],[120.676645,16.07819],[120.676649,16.077919],[120.676929,16.077922],[120.677209,16.077925]]],[[[120.657581,16.078524],[120.6573,16.078521],[120.657303,16.07825],[120.657584,16.078253],[120.657581,16.078524]]],[[[120.670753,16.078668],[120.670473,16.078665],[120.670476,16.078394],[120.670479,16.078123],[120.670483,16.077852],[120.670486,16.077581],[120.670766,16.077584],[120.670763,16.077855],[120.671043,16.077858],[120.67104,16.078129],[120.671037,16.0784],[120.671034,16.078671],[120.670753,16.078668]]],[[[120.705423,16.079345],[120.70542,16.079616],[120.705139,16.079613],[120.705143,16.079342],[120.705423,16.079345]]],[[[120.705426,16.079074],[120.705706,16.079077],[120.705703,16.079348],[120.705423,16.079345],[120.705426,16.079074]]],[[[120.65337,16.07902],[120.653367,16.079291],[120.653364,16.079562],[120.653084,16.079559],[120.653087,16.079288],[120.65309,16.079017],[120.65337,16.07902]]],[[[120.653093,16.078746],[120.653096,16.078475],[120.653377,16.078478],[120.653373,16.078749],[120.653093,16.078746]]],[[[120.694209,16.079496],[120.694205,16.079767],[120.693925,16.079764],[120.693645,16.079761],[120.693648,16.07949],[120.693928,16.079493],[120.694209,16.079496]]],[[[120.692817,16.078668],[120.693097,16.078671],[120.693094,16.078942],[120.692813,16.078939],[120.692817,16.078668]]],[[[120.697569,16.079803],[120.697566,16.080074],[120.697285,16.080071],[120.697289,16.0798],[120.697569,16.079803]]],[[[120.638229,16.079395],[120.638226,16.079666],[120.637946,16.079663],[120.637666,16.07966],[120.637385,16.079657],[120.637382,16.079928],[120.637102,16.079925],[120.636822,16.079922],[120.636541,16.079919],[120.636261,16.079916],[120.636019,16.079913],[120.635914,16.079641],[120.635984,16.079641],[120.636264,16.079645],[120.636544,16.079648],[120.636825,16.079651],[120.637105,16.079654],[120.637108,16.079383],[120.637388,16.079386],[120.637669,16.079389],[120.637949,16.079392],[120.638229,16.079395]]],[[[120.67046,16.079749],[120.670457,16.08002],[120.670177,16.080017],[120.67018,16.079746],[120.67046,16.079749]]],[[[120.669661,16.076217],[120.669941,16.07622],[120.669938,16.076491],[120.670218,16.076494],[120.670221,16.076223],[120.670501,16.076226],[120.670498,16.076497],[120.670495,16.076768],[120.670215,16.076765],[120.670212,16.077036],[120.670209,16.077307],[120.669928,16.077304],[120.669931,16.077033],[120.669651,16.07703],[120.669654,16.076759],[120.669658,16.076488],[120.669661,16.076217]]],[[[120.694202,16.080038],[120.694199,16.080309],[120.694196,16.08058],[120.694476,16.080583],[120.694473,16.080854],[120.694754,16.080857],[120.69475,16.081128],[120.694747,16.081399],[120.694744,16.08167],[120.694741,16.081941],[120.694738,16.082212],[120.694458,16.082209],[120.694177,16.082206],[120.693897,16.082203],[120.6939,16.081932],[120.69362,16.081929],[120.693623,16.081658],[120.693626,16.081387],[120.693629,16.081116],[120.693632,16.080845],[120.693913,16.080848],[120.693916,16.080577],[120.693919,16.080306],[120.693922,16.080035],[120.694202,16.080038]]],[[[120.697285,16.080071],[120.697282,16.080342],[120.697002,16.080339],[120.697005,16.080068],[120.697285,16.080071]]],[[[120.70177,16.080119],[120.70149,16.080116],[120.701493,16.079845],[120.701773,16.079848],[120.70177,16.080119]]],[[[120.662329,16.079931],[120.662326,16.080202],[120.662046,16.080199],[120.661766,16.080196],[120.661485,16.080193],[120.661205,16.08019],[120.661208,16.079919],[120.661489,16.079922],[120.661769,16.079925],[120.662049,16.079928],[120.662329,16.079931]]],[[[120.686632,16.080227],[120.686629,16.080498],[120.686348,16.080495],[120.686351,16.080224],[120.686632,16.080227]]],[[[120.686351,16.080224],[120.686071,16.080221],[120.686074,16.07995],[120.686077,16.079679],[120.686358,16.079682],[120.686355,16.079953],[120.686351,16.080224]]],[[[120.68187,16.079904],[120.681873,16.079633],[120.682154,16.079637],[120.68215,16.079908],[120.68187,16.079904]]],[[[120.647532,16.074891],[120.647813,16.074894],[120.647809,16.075165],[120.647529,16.075162],[120.647532,16.074891]]],[[[120.647475,16.079768],[120.647472,16.080039],[120.647192,16.080036],[120.647195,16.079765],[120.646914,16.079762],[120.646918,16.079491],[120.647198,16.079494],[120.647478,16.079497],[120.647475,16.079768]]],[[[120.648313,16.080048],[120.648309,16.080319],[120.648029,16.080316],[120.648032,16.080045],[120.648313,16.080048]]],[[[120.648322,16.079236],[120.648319,16.079506],[120.648039,16.079503],[120.648042,16.079232],[120.648322,16.079236]]],[[[120.648612,16.078426],[120.648609,16.078697],[120.648329,16.078694],[120.648332,16.078423],[120.648335,16.078152],[120.648615,16.078155],[120.648612,16.078426]]],[[[120.648902,16.077616],[120.648899,16.077887],[120.648618,16.077884],[120.648622,16.077613],[120.648902,16.077616]]],[[[120.660367,16.07991],[120.660648,16.079913],[120.660645,16.080184],[120.660364,16.080181],[120.660367,16.07991]]],[[[120.667371,16.080257],[120.667091,16.080254],[120.667094,16.079983],[120.667097,16.079712],[120.6671,16.079441],[120.667103,16.07917],[120.667384,16.079173],[120.667381,16.079444],[120.667377,16.079715],[120.667374,16.079986],[120.667371,16.080257]]],[[[120.647192,16.080036],[120.647188,16.080307],[120.647185,16.080578],[120.646905,16.080575],[120.646908,16.080304],[120.646911,16.080033],[120.647192,16.080036]]],[[[120.699805,16.080369],[120.699808,16.080098],[120.700088,16.080101],[120.700085,16.080372],[120.699805,16.080369]]],[[[120.663728,16.080217],[120.664008,16.08022],[120.664005,16.080491],[120.663724,16.080488],[120.663728,16.080217]]],[[[120.670451,16.080562],[120.670448,16.080833],[120.670168,16.08083],[120.670171,16.080559],[120.670451,16.080562]]],[[[120.64158,16.080516],[120.641299,16.080513],[120.641019,16.08051],[120.640739,16.080507],[120.640736,16.080778],[120.640455,16.080775],[120.640175,16.080772],[120.639895,16.080769],[120.639615,16.080766],[120.639334,16.080763],[120.639054,16.080759],[120.639057,16.080488],[120.638777,16.080485],[120.63878,16.080214],[120.6385,16.080211],[120.63822,16.080208],[120.637939,16.080205],[120.637943,16.079934],[120.638223,16.079937],[120.638503,16.07994],[120.638506,16.079669],[120.638787,16.079672],[120.639067,16.079676],[120.639064,16.079947],[120.639344,16.07995],[120.639624,16.079953],[120.639905,16.079956],[120.640185,16.079959],[120.640465,16.079962],[120.640745,16.079965],[120.640749,16.079694],[120.641029,16.079697],[120.641309,16.0797],[120.641589,16.079703],[120.64187,16.079706],[120.64215,16.07971],[120.64243,16.079713],[120.642427,16.079984],[120.642707,16.079987],[120.642987,16.07999],[120.642984,16.080261],[120.643265,16.080264],[120.643268,16.079993],[120.643548,16.079996],[120.643828,16.079999],[120.643825,16.08027],[120.644105,16.080273],[120.644102,16.080544],[120.644382,16.080547],[120.644379,16.080818],[120.644659,16.080821],[120.644656,16.081092],[120.644937,16.081095],[120.644933,16.081366],[120.644653,16.081363],[120.644373,16.08136],[120.644093,16.081357],[120.643812,16.081354],[120.643815,16.081083],[120.643535,16.08108],[120.643255,16.081077],[120.643258,16.080806],[120.643538,16.080809],[120.643819,16.080812],[120.643822,16.080541],[120.643542,16.080538],[120.643261,16.080535],[120.642981,16.080532],[120.642978,16.080803],[120.642698,16.0808],[120.642701,16.080529],[120.642421,16.080526],[120.64214,16.080523],[120.64186,16.080519],[120.641863,16.080248],[120.641583,16.080245],[120.64158,16.080516]]],[[[120.702038,16.081206],[120.701757,16.081203],[120.701761,16.080932],[120.702041,16.080935],[120.702038,16.081206]]],[[[120.67914,16.080656],[120.679136,16.080927],[120.678856,16.080924],[120.678859,16.080653],[120.67914,16.080656]]],[[[120.678856,16.080924],[120.678853,16.081195],[120.678573,16.081192],[120.678576,16.080921],[120.678856,16.080924]]],[[[120.664001,16.080762],[120.664005,16.080491],[120.664285,16.080495],[120.664282,16.080766],[120.664001,16.080762]]],[[[120.664282,16.080766],[120.664562,16.080769],[120.664842,16.080772],[120.664839,16.081043],[120.664559,16.08104],[120.664279,16.081037],[120.664282,16.080766]]],[[[120.701754,16.081474],[120.701751,16.081745],[120.701748,16.082016],[120.701468,16.082013],[120.701471,16.081742],[120.701474,16.081471],[120.701477,16.0812],[120.701757,16.081203],[120.701754,16.081474]]],[[[120.675764,16.081704],[120.67576,16.081975],[120.67548,16.081972],[120.675483,16.081701],[120.675764,16.081704]]],[[[120.64185,16.081332],[120.642131,16.081335],[120.642127,16.081606],[120.641847,16.081603],[120.64185,16.081332]]],[[[120.641567,16.0816],[120.641287,16.081597],[120.64129,16.081326],[120.64157,16.081329],[120.641567,16.0816]]],[[[120.647453,16.081665],[120.647172,16.081662],[120.647176,16.081391],[120.647456,16.081394],[120.647453,16.081665]]],[[[120.647459,16.081123],[120.647462,16.080852],[120.647465,16.080581],[120.647746,16.080584],[120.647742,16.080855],[120.647739,16.081126],[120.647459,16.081123]]],[[[120.653061,16.081456],[120.653064,16.081185],[120.653068,16.080914],[120.653071,16.080643],[120.653074,16.080372],[120.653077,16.080101],[120.653357,16.080104],[120.653354,16.080375],[120.653351,16.080646],[120.653348,16.080917],[120.653345,16.081188],[120.653342,16.081459],[120.653061,16.081456]]],[[[120.653338,16.08173],[120.653335,16.082001],[120.653332,16.082272],[120.653052,16.082269],[120.653055,16.081998],[120.653058,16.081727],[120.653338,16.08173]]],[[[120.643806,16.081896],[120.643803,16.082167],[120.643522,16.082164],[120.643242,16.082161],[120.643245,16.08189],[120.643526,16.081893],[120.643806,16.081896]]],[[[120.65782,16.08205],[120.657816,16.082321],[120.657536,16.082318],[120.657539,16.082047],[120.65782,16.08205]]],[[[120.678844,16.082008],[120.678563,16.082005],[120.678566,16.081734],[120.67857,16.081463],[120.67885,16.081466],[120.678847,16.081737],[120.678844,16.082008]]],[[[120.679401,16.082285],[120.679398,16.082556],[120.679118,16.082553],[120.679114,16.082824],[120.678834,16.082821],[120.678837,16.08255],[120.67884,16.082279],[120.678844,16.082008],[120.679124,16.082011],[120.679121,16.082282],[120.679401,16.082285]]],[[[120.69139,16.080821],[120.691387,16.081092],[120.691107,16.081088],[120.69111,16.080818],[120.69139,16.080821]]],[[[120.68969,16.082428],[120.689687,16.082699],[120.689683,16.08297],[120.68968,16.083241],[120.689677,16.083512],[120.689674,16.083783],[120.689954,16.083786],[120.689951,16.084057],[120.689671,16.084054],[120.689668,16.084325],[120.689387,16.084322],[120.689391,16.084051],[120.689394,16.08378],[120.689397,16.083509],[120.6894,16.083238],[120.689403,16.082967],[120.689406,16.082696],[120.689409,16.082425],[120.68969,16.082428]]],[[[120.690845,16.07946],[120.690842,16.079731],[120.690562,16.079727],[120.690565,16.079457],[120.690845,16.07946]]],[[[120.701462,16.082555],[120.701458,16.082826],[120.701455,16.083097],[120.701175,16.083094],[120.701178,16.082823],[120.701181,16.082552],[120.701184,16.082281],[120.701188,16.08201],[120.701468,16.082013],[120.701465,16.082284],[120.701462,16.082555]]],[[[120.642685,16.081884],[120.642405,16.08188],[120.642124,16.081877],[120.642127,16.081606],[120.642408,16.08161],[120.642688,16.081613],[120.642685,16.081884]]],[[[120.644083,16.08217],[120.64408,16.082441],[120.6438,16.082438],[120.643803,16.082167],[120.644083,16.08217]]],[[[120.644933,16.081366],[120.645214,16.081369],[120.64521,16.08164],[120.645207,16.081911],[120.645488,16.081914],[120.645484,16.082185],[120.645765,16.082189],[120.645761,16.08246],[120.645481,16.082456],[120.645478,16.082727],[120.645198,16.082724],[120.645201,16.082453],[120.645204,16.082182],[120.644924,16.082179],[120.644927,16.081908],[120.64493,16.081637],[120.644933,16.081366]]],[[[120.646325,16.082195],[120.646322,16.082466],[120.646042,16.082463],[120.646045,16.082192],[120.646325,16.082195]]],[[[120.646051,16.08165],[120.646332,16.081653],[120.646328,16.081924],[120.646048,16.081921],[120.646051,16.08165]]],[[[120.645771,16.081647],[120.645774,16.081376],[120.646054,16.081379],[120.646051,16.08165],[120.645771,16.081647]]],[[[120.687753,16.080239],[120.687756,16.079968],[120.688036,16.079971],[120.688033,16.080242],[120.687753,16.080239]]],[[[120.688565,16.082687],[120.688562,16.082958],[120.688559,16.083229],[120.688556,16.0835],[120.688553,16.083771],[120.68855,16.084042],[120.688269,16.084039],[120.688273,16.083768],[120.688276,16.083497],[120.688279,16.083226],[120.688282,16.082955],[120.688285,16.082684],[120.688565,16.082687]]],[[[120.701209,16.080113],[120.70149,16.080116],[120.701486,16.080387],[120.701206,16.080384],[120.701209,16.080113]]],[[[120.700088,16.080101],[120.700091,16.07983],[120.700372,16.079833],[120.700368,16.080104],[120.700088,16.080101]]],[[[120.699783,16.082266],[120.69978,16.082537],[120.699777,16.082808],[120.699774,16.083079],[120.699493,16.083076],[120.69949,16.083347],[120.699487,16.083618],[120.699207,16.083615],[120.69921,16.083344],[120.699213,16.083073],[120.699216,16.082802],[120.699496,16.082805],[120.6995,16.082534],[120.699503,16.082263],[120.699506,16.081992],[120.699509,16.081721],[120.699512,16.08145],[120.699515,16.081179],[120.699795,16.081182],[120.699792,16.081453],[120.700073,16.081456],[120.70007,16.081727],[120.699789,16.081724],[120.699786,16.081995],[120.699783,16.082266]]],[[[120.700627,16.082004],[120.700624,16.082275],[120.700344,16.082272],[120.700347,16.082001],[120.700627,16.082004]]],[[[120.642678,16.082426],[120.642675,16.082697],[120.642395,16.082693],[120.642398,16.082422],[120.642678,16.082426]]],[[[120.679395,16.082827],[120.679391,16.083098],[120.679111,16.083095],[120.679114,16.082824],[120.679395,16.082827]]],[[[120.661737,16.082635],[120.662017,16.082638],[120.662014,16.082909],[120.661734,16.082906],[120.661737,16.082635]]],[[[120.656969,16.082854],[120.656689,16.082851],[120.656692,16.08258],[120.656972,16.082583],[120.656969,16.082854]]],[[[120.679952,16.083104],[120.679949,16.083375],[120.679669,16.083372],[120.679388,16.083369],[120.679391,16.083098],[120.679672,16.083101],[120.679952,16.083104]]],[[[120.692203,16.083269],[120.691923,16.083265],[120.691926,16.082994],[120.692206,16.082998],[120.692203,16.083269]]],[[[120.692499,16.081917],[120.692496,16.082188],[120.692215,16.082185],[120.692218,16.081914],[120.692499,16.081917]]],[[[120.691667,16.081095],[120.691948,16.081098],[120.692228,16.081101],[120.692225,16.081372],[120.692222,16.081643],[120.691941,16.08164],[120.691944,16.081369],[120.691664,16.081366],[120.691667,16.081095]]],[[[120.636229,16.080457],[120.636124,16.080185],[120.636258,16.080187],[120.636255,16.080458],[120.636229,16.080457]]],[[[120.646316,16.083008],[120.646312,16.083279],[120.646032,16.083276],[120.645752,16.083272],[120.645749,16.083543],[120.645468,16.08354],[120.645465,16.083811],[120.645185,16.083808],[120.645188,16.083537],[120.644908,16.083534],[120.644911,16.083263],[120.644914,16.082992],[120.645194,16.082995],[120.645191,16.083266],[120.645472,16.083269],[120.645475,16.082998],[120.645755,16.083001],[120.646035,16.083005],[120.646316,16.083008]]],[[[120.66117,16.083171],[120.66089,16.083168],[120.66061,16.083165],[120.660329,16.083161],[120.660333,16.08289],[120.660613,16.082894],[120.660893,16.082897],[120.661173,16.0829],[120.66117,16.083171]]],[[[120.6679,16.082973],[120.66818,16.082976],[120.668183,16.082705],[120.668464,16.082708],[120.668467,16.082437],[120.668747,16.08244],[120.669027,16.082443],[120.669308,16.082446],[120.669311,16.082175],[120.669031,16.082172],[120.66875,16.082169],[120.668754,16.081898],[120.668757,16.081627],[120.669037,16.08163],[120.66904,16.081359],[120.66932,16.081363],[120.669317,16.081634],[120.669598,16.081637],[120.669878,16.08164],[120.669875,16.081911],[120.670155,16.081914],[120.670152,16.082185],[120.670149,16.082456],[120.670145,16.082727],[120.669865,16.082724],[120.669862,16.082995],[120.669582,16.082992],[120.669301,16.082988],[120.669298,16.083259],[120.669018,16.083256],[120.669015,16.083527],[120.669012,16.083798],[120.669292,16.083801],[120.669295,16.08353],[120.669298,16.083259],[120.669579,16.083262],[120.669575,16.083533],[120.669572,16.083804],[120.669853,16.083808],[120.669849,16.084079],[120.669846,16.084349],[120.670126,16.084353],[120.670123,16.084624],[120.67012,16.084895],[120.66984,16.084891],[120.669837,16.085162],[120.670117,16.085165],[120.670114,16.085436],[120.670111,16.085707],[120.670108,16.085978],[120.670104,16.086249],[120.670101,16.08652],[120.670098,16.086791],[120.670095,16.087062],[120.669815,16.087059],[120.669818,16.086788],[120.669537,16.086785],[120.669534,16.087056],[120.669531,16.087327],[120.669811,16.08733],[120.669808,16.087601],[120.669805,16.087872],[120.670085,16.087875],[120.670082,16.088146],[120.669802,16.088143],[120.669799,16.088414],[120.669796,16.088685],[120.669792,16.088956],[120.669789,16.089227],[120.669786,16.089498],[120.670066,16.089501],[120.670063,16.089772],[120.669783,16.089769],[120.66978,16.09004],[120.6695,16.090037],[120.669503,16.089766],[120.669222,16.089763],[120.669219,16.090034],[120.669216,16.090305],[120.669213,16.090576],[120.66921,16.090847],[120.668929,16.090844],[120.668649,16.090841],[120.668369,16.090838],[120.668372,16.090567],[120.668375,16.090296],[120.668656,16.090299],[120.668659,16.090028],[120.668662,16.089757],[120.668665,16.089486],[120.668945,16.089489],[120.668948,16.089218],[120.668952,16.088947],[120.668671,16.088944],[120.668668,16.089215],[120.668665,16.089486],[120.668385,16.089483],[120.668104,16.08948],[120.667824,16.089477],[120.667827,16.089206],[120.667547,16.089203],[120.66755,16.088932],[120.66783,16.088935],[120.667834,16.088664],[120.668114,16.088667],[120.668394,16.08867],[120.668397,16.088399],[120.668401,16.088128],[120.66812,16.088125],[120.668117,16.088396],[120.667837,16.088393],[120.66784,16.088122],[120.667843,16.087851],[120.667846,16.08758],[120.667849,16.087309],[120.66813,16.087312],[120.668133,16.087041],[120.667853,16.087038],[120.667856,16.086767],[120.668136,16.08677],[120.668139,16.086499],[120.668142,16.086228],[120.668423,16.086231],[120.668426,16.08596],[120.668429,16.085689],[120.668432,16.085418],[120.668152,16.085415],[120.668155,16.085144],[120.668435,16.085147],[120.668716,16.08515],[120.668719,16.084879],[120.668722,16.084608],[120.668725,16.084337],[120.668728,16.084066],[120.668731,16.083795],[120.668451,16.083792],[120.668171,16.083789],[120.667891,16.083786],[120.667894,16.083515],[120.667897,16.083244],[120.6679,16.082973]],[[120.668974,16.08705],[120.668693,16.087047],[120.66869,16.087318],[120.668687,16.087589],[120.668967,16.087592],[120.668971,16.087321],[120.668974,16.08705]]],[[[120.696407,16.083314],[120.69641,16.083043],[120.696413,16.082772],[120.696694,16.082775],[120.69669,16.083046],[120.696687,16.083317],[120.696407,16.083314]]],[[[120.638188,16.082918],[120.638468,16.082921],[120.638465,16.083192],[120.638184,16.083189],[120.638188,16.082918]]],[[[120.644077,16.082712],[120.64408,16.082441],[120.64436,16.082444],[120.64464,16.082447],[120.644637,16.082718],[120.644357,16.082715],[120.644077,16.082712]]],[[[120.679949,16.083375],[120.680229,16.083378],[120.680226,16.083649],[120.679946,16.083646],[120.679949,16.083375]]],[[[120.680506,16.083652],[120.680787,16.083655],[120.680783,16.083926],[120.681064,16.083929],[120.681344,16.083932],[120.681341,16.084203],[120.681338,16.084474],[120.681335,16.084745],[120.681054,16.084742],[120.681057,16.084471],[120.680777,16.084468],[120.680497,16.084465],[120.6805,16.084194],[120.680503,16.083923],[120.680506,16.083652]]],[[[120.691069,16.08434],[120.691066,16.084611],[120.690786,16.084608],[120.690789,16.084337],[120.691069,16.08434]]],[[[120.663683,16.084011],[120.663403,16.084008],[120.663406,16.083737],[120.663686,16.08374],[120.663967,16.083743],[120.663963,16.084014],[120.663683,16.084011]]],[[[120.663963,16.084014],[120.664244,16.084017],[120.664241,16.084288],[120.664237,16.084559],[120.664518,16.084562],[120.664515,16.084833],[120.664234,16.08483],[120.663954,16.084827],[120.663957,16.084556],[120.66396,16.084285],[120.663963,16.084014]]],[[[120.640694,16.084301],[120.640691,16.084572],[120.640411,16.084569],[120.640414,16.084298],[120.640694,16.084301]]],[[[120.649102,16.084393],[120.648822,16.08439],[120.648825,16.084119],[120.649106,16.084122],[120.649102,16.084393]]],[[[120.659199,16.083962],[120.659479,16.083965],[120.659476,16.084236],[120.659196,16.084233],[120.659199,16.083962]]],[[[120.658912,16.084501],[120.658632,16.084498],[120.658635,16.084227],[120.658915,16.08423],[120.658912,16.084501]]],[[[120.697229,16.084949],[120.697226,16.08522],[120.696946,16.085217],[120.696949,16.084946],[120.697229,16.084949]]],[[[120.699472,16.084973],[120.699191,16.08497],[120.698911,16.084967],[120.698914,16.084696],[120.698917,16.084425],[120.699197,16.084428],[120.699201,16.084157],[120.699481,16.08416],[120.699761,16.084163],[120.699758,16.084434],[120.699478,16.084431],[120.699475,16.084702],[120.699472,16.084973]]],[[[120.65695,16.08448],[120.65723,16.084483],[120.657227,16.084754],[120.656947,16.084751],[120.65695,16.08448]]],[[[120.658629,16.084769],[120.658348,16.084766],[120.658068,16.084763],[120.658071,16.084492],[120.658352,16.084495],[120.658632,16.084498],[120.658629,16.084769]]],[[[120.64994,16.084674],[120.649937,16.084945],[120.649657,16.084942],[120.64966,16.084671],[120.64994,16.084674]]],[[[120.676009,16.084688],[120.67629,16.084691],[120.676286,16.084962],[120.676006,16.084959],[120.675726,16.084956],[120.675729,16.084685],[120.676009,16.084688]]],[[[120.676567,16.084965],[120.676563,16.085236],[120.676844,16.085239],[120.677124,16.085242],[120.677121,16.085513],[120.677401,16.085516],[120.677681,16.085519],[120.677678,16.08579],[120.677398,16.085787],[120.677118,16.085784],[120.677115,16.086055],[120.676834,16.086052],[120.676554,16.086049],[120.676557,16.085778],[120.676277,16.085775],[120.675997,16.085772],[120.676,16.085501],[120.67628,16.085504],[120.676283,16.085233],[120.676286,16.084962],[120.676567,16.084965]]],[[[120.690779,16.08515],[120.690776,16.085421],[120.690496,16.085418],[120.690499,16.085147],[120.690502,16.084876],[120.690783,16.084879],[120.690779,16.08515]]],[[[120.696946,16.085217],[120.696943,16.085488],[120.69694,16.085759],[120.696659,16.085756],[120.696656,16.086027],[120.696376,16.086024],[120.696379,16.085753],[120.696382,16.085482],[120.696662,16.085485],[120.696666,16.085214],[120.696946,16.085217]]],[[[120.689658,16.085138],[120.689655,16.085409],[120.689375,16.085406],[120.689378,16.085135],[120.689658,16.085138]]],[[[120.703131,16.083657],[120.703411,16.08366],[120.703408,16.083931],[120.703405,16.084202],[120.703402,16.084473],[120.703121,16.08447],[120.703125,16.084199],[120.703128,16.083928],[120.703131,16.083657]]],[[[120.655546,16.084735],[120.655826,16.084738],[120.655823,16.085009],[120.655542,16.085006],[120.655546,16.084735]]],[[[120.688534,16.085397],[120.688531,16.085668],[120.688251,16.085665],[120.688254,16.085394],[120.688534,16.085397]]],[[[120.700867,16.08553],[120.700864,16.085801],[120.700583,16.085798],[120.700586,16.085527],[120.700867,16.08553]]],[[[120.64629,16.085175],[120.646287,16.085446],[120.646007,16.085443],[120.646003,16.085714],[120.646,16.085985],[120.64572,16.085982],[120.645717,16.086253],[120.645714,16.086524],[120.64571,16.086795],[120.64543,16.086792],[120.64515,16.086789],[120.645153,16.086518],[120.644873,16.086515],[120.644876,16.086244],[120.645156,16.086247],[120.645159,16.085976],[120.645163,16.085705],[120.645166,16.085434],[120.645446,16.085437],[120.645449,16.085166],[120.645452,16.084895],[120.645456,16.084624],[120.645459,16.084353],[120.645462,16.084082],[120.645742,16.084085],[120.645745,16.083814],[120.646026,16.083818],[120.646023,16.084088],[120.646019,16.084359],[120.646016,16.08463],[120.646296,16.084634],[120.646293,16.084905],[120.64629,16.085175]]],[[[120.663104,16.085631],[120.662823,16.085628],[120.662543,16.085625],[120.662263,16.085622],[120.662266,16.085351],[120.662546,16.085354],[120.662827,16.085357],[120.663107,16.08536],[120.663104,16.085631]]],[[[120.663664,16.085637],[120.663944,16.08564],[120.663941,16.085911],[120.663661,16.085908],[120.663381,16.085905],[120.663384,16.085634],[120.663664,16.085637]]],[[[120.70058,16.086069],[120.700577,16.08634],[120.700297,16.086337],[120.7003,16.086066],[120.70058,16.086069]]],[[[120.696373,16.086295],[120.696092,16.086292],[120.696096,16.086021],[120.696376,16.086024],[120.696373,16.086295]]],[[[120.686918,16.079688],[120.686638,16.079685],[120.686641,16.079414],[120.686921,16.079417],[120.686918,16.079688]]],[[[120.686625,16.080769],[120.686622,16.08104],[120.686619,16.081311],[120.686339,16.081308],[120.686342,16.081037],[120.686345,16.080766],[120.686625,16.080769]]],[[[120.698905,16.085509],[120.698908,16.085238],[120.699188,16.085241],[120.699185,16.085512],[120.698905,16.085509]]],[[[120.698895,16.086322],[120.698892,16.086593],[120.698612,16.08659],[120.698615,16.086319],[120.698618,16.086048],[120.698898,16.086051],[120.698895,16.086322]]],[[[120.638175,16.084002],[120.638172,16.084273],[120.638168,16.084544],[120.638165,16.084815],[120.638162,16.085086],[120.637882,16.085083],[120.637602,16.08508],[120.637598,16.085351],[120.637318,16.085348],[120.637321,16.085077],[120.637324,16.084806],[120.637328,16.084535],[120.637331,16.084264],[120.637334,16.083993],[120.637614,16.083996],[120.637895,16.083999],[120.638175,16.084002]]],[[[120.639286,16.084827],[120.63929,16.084556],[120.63957,16.084559],[120.639567,16.08483],[120.639286,16.084827]]],[[[120.637057,16.083719],[120.63706,16.083448],[120.637063,16.083177],[120.637344,16.08318],[120.63734,16.083451],[120.637337,16.083722],[120.637057,16.083719]]],[[[120.639019,16.08374],[120.639022,16.083469],[120.639302,16.083472],[120.639299,16.083743],[120.639019,16.08374]]],[[[120.670665,16.086256],[120.670662,16.086527],[120.670381,16.086523],[120.670385,16.086252],[120.670665,16.086256]]],[[[120.684884,16.0859],[120.685164,16.085903],[120.685161,16.086174],[120.685158,16.086445],[120.684878,16.086442],[120.684881,16.086171],[120.684884,16.0859]]],[[[120.690484,16.086502],[120.69048,16.086773],[120.6902,16.08677],[120.690203,16.086499],[120.690484,16.086502]]],[[[120.698612,16.08659],[120.698609,16.086861],[120.698329,16.086858],[120.698332,16.086587],[120.698612,16.08659]]],[[[120.67907,16.086618],[120.679067,16.086889],[120.678787,16.086886],[120.678784,16.087157],[120.679064,16.08716],[120.679061,16.087431],[120.678781,16.087428],[120.678777,16.087699],[120.678497,16.087696],[120.678217,16.087693],[120.677937,16.08769],[120.67794,16.087419],[120.677943,16.087148],[120.677946,16.086877],[120.677949,16.086606],[120.678229,16.086609],[120.678233,16.086338],[120.678236,16.086067],[120.677955,16.086064],[120.677959,16.085793],[120.678239,16.085796],[120.678519,16.085799],[120.678799,16.085802],[120.67908,16.085805],[120.679077,16.086076],[120.678796,16.086073],[120.678516,16.08607],[120.678513,16.086341],[120.67851,16.086612],[120.67879,16.086615],[120.67907,16.086618]]],[[[120.672343,16.086545],[120.67234,16.086816],[120.67206,16.086813],[120.672063,16.086542],[120.672066,16.086271],[120.672347,16.086274],[120.672343,16.086545]]],[[[120.698329,16.086858],[120.698325,16.087129],[120.698045,16.087126],[120.698048,16.086855],[120.698329,16.086858]]],[[[120.675143,16.086846],[120.67514,16.087117],[120.675137,16.087388],[120.675134,16.087659],[120.674853,16.087656],[120.674857,16.087385],[120.67486,16.087114],[120.674863,16.086843],[120.675143,16.086846]]],[[[120.680472,16.086633],[120.680752,16.086636],[120.680749,16.086907],[120.680469,16.086904],[120.680472,16.086633]]],[[[120.684112,16.086944],[120.684109,16.087215],[120.684389,16.087218],[120.684386,16.087489],[120.684667,16.087492],[120.684663,16.087763],[120.684944,16.087766],[120.684941,16.088037],[120.684937,16.088308],[120.685218,16.088311],[120.685215,16.088582],[120.685495,16.088585],[120.685492,16.088856],[120.685772,16.088859],[120.685769,16.08913],[120.685489,16.089127],[120.685485,16.089398],[120.685205,16.089395],[120.684925,16.089392],[120.684928,16.089121],[120.684648,16.089118],[120.684651,16.088847],[120.684654,16.088576],[120.684657,16.088305],[120.684377,16.088302],[120.684097,16.088299],[120.684093,16.08857],[120.68409,16.088841],[120.684087,16.089112],[120.683807,16.089109],[120.68381,16.088838],[120.683813,16.088567],[120.683533,16.088564],[120.683536,16.088293],[120.683256,16.08829],[120.683259,16.088019],[120.683262,16.087748],[120.683265,16.087477],[120.683268,16.087206],[120.682988,16.087203],[120.682708,16.087199],[120.682427,16.087196],[120.682431,16.086925],[120.682711,16.086929],[120.682714,16.086658],[120.682994,16.086661],[120.682991,16.086932],[120.683271,16.086935],[120.683275,16.086664],[120.683555,16.086667],[120.683552,16.086938],[120.683832,16.086941],[120.684112,16.086944]]],[[[120.696083,16.087105],[120.69608,16.087376],[120.6958,16.087373],[120.695803,16.087102],[120.696083,16.087105]]],[[[120.674299,16.087108],[120.674296,16.087379],[120.674293,16.08765],[120.674013,16.087647],[120.674016,16.087376],[120.674019,16.087105],[120.674299,16.087108]]],[[[120.697765,16.087123],[120.698045,16.087126],[120.698042,16.087397],[120.698039,16.087668],[120.697759,16.087665],[120.697478,16.087662],[120.697481,16.087391],[120.697762,16.087394],[120.697765,16.087123]]],[[[120.646831,16.086808],[120.647112,16.086811],[120.647109,16.087082],[120.647105,16.087353],[120.647102,16.087624],[120.647099,16.087895],[120.647096,16.088166],[120.646816,16.088162],[120.646819,16.087891],[120.646822,16.08762],[120.646825,16.08735],[120.646828,16.087079],[120.646831,16.086808]]],[[[120.646558,16.086262],[120.646561,16.085992],[120.646841,16.085995],[120.646838,16.086266],[120.646558,16.086262]]],[[[120.654396,16.087162],[120.654116,16.087159],[120.653835,16.087156],[120.653838,16.086885],[120.654119,16.086888],[120.654399,16.086891],[120.654396,16.087162]]],[[[120.700004,16.087418],[120.700007,16.087147],[120.700287,16.08715],[120.700284,16.087421],[120.700004,16.087418]]],[[[120.645984,16.08734],[120.645981,16.087611],[120.645701,16.087608],[120.645704,16.087337],[120.645984,16.08734]]],[[[120.654953,16.087439],[120.654673,16.087436],[120.654676,16.087165],[120.654956,16.087168],[120.654953,16.087439]]],[[[120.655794,16.087448],[120.655791,16.087719],[120.655511,16.087716],[120.655514,16.087445],[120.655794,16.087448]]],[[[120.686264,16.087812],[120.685983,16.087809],[120.685703,16.087806],[120.685706,16.087535],[120.685986,16.087538],[120.686267,16.087541],[120.686264,16.087812]]],[[[120.694993,16.084383],[120.695273,16.084386],[120.69527,16.084657],[120.695267,16.084928],[120.695264,16.085199],[120.694984,16.085196],[120.694987,16.084925],[120.69499,16.084654],[120.694993,16.084383]]],[[[120.694451,16.082751],[120.694448,16.083022],[120.694168,16.083019],[120.694171,16.082748],[120.694451,16.082751]]],[[[120.693831,16.087893],[120.693551,16.08789],[120.693271,16.087887],[120.69299,16.087884],[120.692994,16.087613],[120.693274,16.087616],[120.693554,16.087619],[120.693834,16.087622],[120.693831,16.087893]]],[[[120.694118,16.087355],[120.693838,16.087351],[120.693841,16.087081],[120.694121,16.087084],[120.694118,16.087355]]],[[[120.675134,16.087659],[120.675414,16.087662],[120.675411,16.087933],[120.675408,16.088204],[120.675127,16.088201],[120.675131,16.08793],[120.675134,16.087659]]],[[[120.637292,16.087515],[120.637289,16.087786],[120.637009,16.087783],[120.637012,16.087512],[120.637292,16.087515]]],[[[120.637015,16.087241],[120.637019,16.08697],[120.637022,16.086699],[120.637025,16.086428],[120.637305,16.086431],[120.637302,16.086702],[120.637299,16.086973],[120.637296,16.087244],[120.637015,16.087241]]],[[[120.644863,16.087328],[120.644583,16.087325],[120.644586,16.087054],[120.644589,16.086783],[120.64487,16.086786],[120.64515,16.086789],[120.645147,16.08706],[120.645143,16.087331],[120.644863,16.087328]]],[[[120.64514,16.087602],[120.645137,16.087873],[120.644857,16.08787],[120.644854,16.088141],[120.64485,16.088412],[120.644847,16.088683],[120.644567,16.08868],[120.644287,16.088677],[120.64429,16.088406],[120.644293,16.088135],[120.644573,16.088138],[120.644576,16.087867],[120.64458,16.087596],[120.64486,16.087599],[120.64514,16.087602]]],[[[120.646261,16.087614],[120.646258,16.087885],[120.645978,16.087882],[120.645981,16.087611],[120.646261,16.087614]]],[[[120.672047,16.087897],[120.672044,16.088168],[120.672041,16.088439],[120.671761,16.088436],[120.671764,16.088165],[120.671767,16.087894],[120.672047,16.087897]]],[[[120.675688,16.088207],[120.675685,16.088478],[120.675405,16.088475],[120.675408,16.088204],[120.675688,16.088207]]],[[[120.643175,16.087851],[120.643455,16.087854],[120.643452,16.088125],[120.643172,16.088122],[120.643175,16.087851]]],[[[120.674293,16.08765],[120.674573,16.087653],[120.67457,16.087924],[120.67429,16.087921],[120.674293,16.08765]]],[[[120.646535,16.088159],[120.646532,16.08843],[120.646252,16.088427],[120.646255,16.088156],[120.646535,16.088159]]],[[[120.681291,16.088539],[120.681571,16.088542],[120.681568,16.088813],[120.681565,16.089084],[120.681284,16.089081],[120.681281,16.089352],[120.681001,16.089349],[120.680721,16.089346],[120.680724,16.089075],[120.680443,16.089072],[120.680447,16.088801],[120.680166,16.088798],[120.680169,16.088527],[120.680173,16.088256],[120.679892,16.088253],[120.679895,16.087982],[120.680176,16.087985],[120.680456,16.087988],[120.680453,16.088259],[120.68045,16.08853],[120.68073,16.088533],[120.680733,16.088262],[120.681013,16.088265],[120.68101,16.088536],[120.681291,16.088539]]],[[[120.691019,16.088676],[120.691016,16.088947],[120.691013,16.089218],[120.69101,16.089489],[120.690729,16.089486],[120.690733,16.089215],[120.690452,16.089212],[120.690455,16.088941],[120.690736,16.088944],[120.690739,16.088673],[120.691019,16.088676]]],[[[120.645691,16.088421],[120.645688,16.088692],[120.645408,16.088689],[120.645411,16.088418],[120.645691,16.088421]]],[[[120.646812,16.088433],[120.646809,16.088704],[120.646806,16.088975],[120.646803,16.089246],[120.646522,16.089243],[120.646526,16.088972],[120.646529,16.088701],[120.646532,16.08843],[120.646812,16.088433]]],[[[120.694946,16.088448],[120.694949,16.088177],[120.69523,16.08818],[120.695227,16.088451],[120.694946,16.088448]]],[[[120.69494,16.08899],[120.694937,16.089261],[120.694934,16.089531],[120.694653,16.089528],[120.694657,16.089257],[120.69466,16.088986],[120.69494,16.08899]]],[[[120.65746,16.088821],[120.657457,16.089092],[120.657176,16.089089],[120.65718,16.088818],[120.65746,16.088821]]],[[[120.662505,16.088877],[120.662225,16.088874],[120.661944,16.088871],[120.661948,16.0886],[120.662228,16.088603],[120.662508,16.088606],[120.662505,16.088877]]],[[[120.662788,16.088609],[120.663069,16.088612],[120.663066,16.088883],[120.662785,16.08888],[120.662788,16.088609]]],[[[120.678481,16.089051],[120.678478,16.089322],[120.678475,16.089593],[120.678472,16.089864],[120.678192,16.089861],[120.678195,16.08959],[120.678198,16.089319],[120.678201,16.089048],[120.678481,16.089051]]],[[[120.69774,16.089291],[120.697737,16.089562],[120.697456,16.089559],[120.697176,16.089556],[120.697179,16.089285],[120.697182,16.089014],[120.697185,16.088743],[120.697466,16.088746],[120.697463,16.089017],[120.69746,16.089288],[120.69774,16.089291]]],[[[120.689344,16.088116],[120.689624,16.088119],[120.689621,16.08839],[120.689618,16.088661],[120.689337,16.088658],[120.68934,16.088387],[120.689344,16.088116]]],[[[120.692134,16.08923],[120.692137,16.088959],[120.692417,16.088962],[120.692414,16.089233],[120.692134,16.08923]]],[[[120.637526,16.088873],[120.637372,16.0886],[120.63756,16.088602],[120.637557,16.088873],[120.637526,16.088873]]],[[[120.645137,16.087873],[120.645417,16.087876],[120.645414,16.088147],[120.645134,16.088144],[120.645137,16.087873]]],[[[120.647083,16.089249],[120.64708,16.08952],[120.647077,16.089791],[120.647073,16.090062],[120.646793,16.090059],[120.646796,16.089788],[120.646516,16.089785],[120.646519,16.089514],[120.6468,16.089517],[120.646803,16.089246],[120.647083,16.089249]]],[[[120.670356,16.088691],[120.670636,16.088694],[120.670633,16.088965],[120.67063,16.089236],[120.67035,16.089233],[120.67007,16.08923],[120.670073,16.088959],[120.670353,16.088962],[120.670356,16.088691]]],[[[120.670082,16.088146],[120.670363,16.088149],[120.670359,16.08842],[120.670356,16.088691],[120.670076,16.088688],[120.670079,16.088417],[120.670082,16.088146]]],[[[120.674828,16.089824],[120.674825,16.090095],[120.674822,16.090366],[120.675102,16.090369],[120.675099,16.09064],[120.674819,16.090637],[120.674538,16.090634],[120.674542,16.090363],[120.674545,16.090092],[120.674548,16.089821],[120.674828,16.089824]]],[[[120.675679,16.08902],[120.675675,16.089291],[120.675956,16.089294],[120.675952,16.089565],[120.675949,16.089836],[120.675669,16.089833],[120.675672,16.089562],[120.675392,16.089559],[120.675395,16.089288],[120.675398,16.089017],[120.675679,16.08902]]],[[[120.678192,16.089861],[120.678189,16.090132],[120.677908,16.090129],[120.677911,16.089858],[120.678192,16.089861]]],[[[120.682399,16.089635],[120.682402,16.089364],[120.682122,16.089361],[120.682125,16.08909],[120.682128,16.088819],[120.682131,16.088548],[120.682412,16.088551],[120.682692,16.088554],[120.682689,16.088825],[120.682409,16.088822],[120.682405,16.089093],[120.682686,16.089096],[120.682966,16.089099],[120.683246,16.089102],[120.683243,16.089373],[120.68324,16.089644],[120.68352,16.089647],[120.683517,16.089918],[120.683514,16.090189],[120.683511,16.09046],[120.683508,16.090731],[120.683505,16.091002],[120.683501,16.091273],[120.683221,16.09127],[120.683224,16.090999],[120.682944,16.090996],[120.682947,16.090725],[120.683227,16.090728],[120.683231,16.090457],[120.68295,16.090454],[120.68267,16.090451],[120.682673,16.09018],[120.682676,16.089909],[120.682679,16.089638],[120.682399,16.089635]]],[[[120.653533,16.089049],[120.653536,16.088778],[120.653816,16.088781],[120.653813,16.089052],[120.653533,16.089049]]],[[[120.657731,16.089637],[120.658011,16.08964],[120.658008,16.089911],[120.657727,16.089908],[120.657447,16.089905],[120.65745,16.089634],[120.657731,16.089637]]],[[[120.67623,16.089839],[120.67651,16.089842],[120.676507,16.090113],[120.676504,16.090384],[120.676223,16.090381],[120.676226,16.09011],[120.675946,16.090107],[120.675949,16.089836],[120.67623,16.089839]]],[[[120.69717,16.090098],[120.697167,16.090369],[120.696886,16.090366],[120.69689,16.090095],[120.696893,16.089824],[120.697173,16.089827],[120.69717,16.090098]]],[[[120.652122,16.089847],[120.652119,16.090118],[120.651838,16.090115],[120.651841,16.089844],[120.652122,16.089847]]],[[[120.652125,16.089576],[120.652405,16.089579],[120.652402,16.08985],[120.652122,16.089847],[120.652125,16.089576]]],[[[120.652963,16.089856],[120.652682,16.089853],[120.652686,16.089582],[120.652966,16.089585],[120.652963,16.089856]]],[[[120.653246,16.089588],[120.653526,16.089591],[120.653523,16.089862],[120.653243,16.089859],[120.653246,16.089588]]],[[[120.657447,16.089905],[120.657444,16.090176],[120.657164,16.090173],[120.656883,16.09017],[120.656603,16.090167],[120.656606,16.089896],[120.656887,16.089899],[120.657167,16.089902],[120.657447,16.089905]]],[[[120.658568,16.089918],[120.658565,16.090189],[120.658285,16.090186],[120.658005,16.090182],[120.658008,16.089911],[120.658288,16.089915],[120.658568,16.089918]]],[[[120.685756,16.090214],[120.686037,16.090217],[120.686034,16.090488],[120.68603,16.090759],[120.68575,16.090756],[120.68547,16.090753],[120.685189,16.09075],[120.685186,16.091021],[120.685467,16.091024],[120.685747,16.091027],[120.685744,16.091298],[120.685741,16.091569],[120.68546,16.091566],[120.685464,16.091295],[120.685183,16.091292],[120.684903,16.091289],[120.684906,16.091018],[120.684909,16.090747],[120.684912,16.090476],[120.684915,16.090205],[120.685196,16.090208],[120.685476,16.090211],[120.685756,16.090214]]],[[[120.651278,16.090109],[120.650997,16.090106],[120.651001,16.089835],[120.651281,16.089838],[120.651278,16.090109]]],[[[120.678189,16.090132],[120.678469,16.090135],[120.678466,16.090406],[120.678462,16.090677],[120.678459,16.090948],[120.678456,16.091219],[120.678736,16.091222],[120.678733,16.091493],[120.678453,16.09149],[120.67845,16.091761],[120.678447,16.092032],[120.678166,16.092029],[120.67817,16.091758],[120.678173,16.091487],[120.678176,16.091216],[120.677896,16.091213],[120.677899,16.090942],[120.677902,16.090671],[120.677905,16.0904],[120.678185,16.090403],[120.678189,16.090132]]],[[[120.658842,16.090463],[120.658562,16.09046],[120.658565,16.090189],[120.658845,16.090192],[120.658842,16.090463]]],[[[120.659123,16.090466],[120.659403,16.090469],[120.659683,16.090472],[120.659963,16.090475],[120.65996,16.090746],[120.65968,16.090743],[120.6594,16.09074],[120.659119,16.090737],[120.658839,16.090734],[120.658842,16.090463],[120.659123,16.090466]]],[[[120.660524,16.090481],[120.660244,16.090478],[120.660247,16.090207],[120.660527,16.09021],[120.660524,16.090481]]],[[[120.680988,16.090433],[120.681269,16.090436],[120.681265,16.090707],[120.680985,16.090704],[120.680705,16.090701],[120.680708,16.09043],[120.680988,16.090433]]],[[[120.64679,16.09033],[120.646787,16.090601],[120.646784,16.090872],[120.64678,16.091143],[120.6465,16.09114],[120.646503,16.090869],[120.646506,16.090598],[120.64651,16.090327],[120.64679,16.09033]]],[[[120.674538,16.090634],[120.674535,16.090905],[120.674255,16.090902],[120.674258,16.090631],[120.674538,16.090634]]],[[[120.692115,16.090856],[120.691835,16.090853],[120.691838,16.090582],[120.692118,16.090585],[120.692115,16.090856]]],[[[120.69408,16.090606],[120.694084,16.090335],[120.694087,16.090064],[120.694367,16.090067],[120.694364,16.090338],[120.694361,16.090609],[120.69408,16.090606]]],[[[120.694077,16.090877],[120.693797,16.090874],[120.6938,16.090603],[120.69408,16.090606],[120.694077,16.090877]]],[[[120.644545,16.090577],[120.644541,16.090848],[120.644538,16.091119],[120.644535,16.09139],[120.644532,16.09166],[120.644529,16.091931],[120.644248,16.091928],[120.644251,16.091657],[120.644255,16.091386],[120.643974,16.091383],[120.643978,16.091112],[120.643697,16.091109],[120.6437,16.090838],[120.643981,16.090841],[120.643984,16.09057],[120.643987,16.090299],[120.64399,16.090028],[120.643994,16.089757],[120.644274,16.089761],[120.644277,16.08949],[120.644557,16.089493],[120.644554,16.089764],[120.644551,16.090035],[120.644548,16.090306],[120.644545,16.090577]]],[[[120.694074,16.091148],[120.694071,16.091419],[120.693791,16.091416],[120.69351,16.091413],[120.693514,16.091142],[120.693794,16.091145],[120.694074,16.091148]]],[[[120.667525,16.0911],[120.667522,16.091371],[120.667241,16.091368],[120.667245,16.091097],[120.667525,16.0911]]],[[[120.661362,16.090761],[120.661365,16.09049],[120.661645,16.090493],[120.661925,16.090496],[120.662206,16.090499],[120.662203,16.09077],[120.662483,16.090774],[120.662763,16.090777],[120.663043,16.09078],[120.663324,16.090783],[120.663604,16.090786],[120.663607,16.090515],[120.663887,16.090518],[120.664168,16.090521],[120.664448,16.090524],[120.664728,16.090527],[120.665009,16.09053],[120.665005,16.090801],[120.665002,16.091072],[120.664722,16.091069],[120.664442,16.091066],[120.664161,16.091063],[120.663881,16.09106],[120.663601,16.091057],[120.663321,16.091054],[120.663317,16.091325],[120.663037,16.091322],[120.662757,16.091319],[120.66276,16.091048],[120.66248,16.091045],[120.662199,16.091041],[120.661919,16.091038],[120.661922,16.090767],[120.661642,16.090764],[120.661362,16.090761]]],[[[120.661358,16.091032],[120.661078,16.091029],[120.661081,16.090758],[120.661362,16.090761],[120.661358,16.091032]]],[[[120.69323,16.09141],[120.69351,16.091413],[120.693507,16.091684],[120.693227,16.091681],[120.69323,16.09141]]],[[[120.692947,16.091678],[120.692944,16.091949],[120.692663,16.091946],[120.692666,16.091675],[120.692947,16.091678]]],[[[120.645095,16.091396],[120.645092,16.091667],[120.644812,16.091664],[120.644815,16.091393],[120.645095,16.091396]]],[[[120.675367,16.091727],[120.675086,16.091724],[120.67509,16.091453],[120.675093,16.091182],[120.675373,16.091185],[120.67537,16.091456],[120.675367,16.091727]]],[[[120.675647,16.09173],[120.675644,16.092001],[120.675641,16.092272],[120.67536,16.092269],[120.675364,16.091998],[120.675367,16.091727],[120.675647,16.09173]]],[[[120.688544,16.091599],[120.688824,16.091602],[120.689104,16.091605],[120.689101,16.091876],[120.689098,16.092147],[120.688818,16.092144],[120.688537,16.092141],[120.688257,16.092138],[120.68826,16.091867],[120.68854,16.09187],[120.688544,16.091599]]],[[[120.665878,16.0881],[120.666158,16.088104],[120.666155,16.088374],[120.665875,16.088371],[120.665594,16.088368],[120.665314,16.088365],[120.665317,16.088094],[120.665598,16.088097],[120.665878,16.0881]]],[[[120.666127,16.090813],[120.665846,16.09081],[120.665566,16.090807],[120.665569,16.090536],[120.665849,16.090539],[120.66613,16.090542],[120.666127,16.090813]]],[[[120.666974,16.090281],[120.666693,16.090278],[120.666697,16.090007],[120.666977,16.09001],[120.666974,16.090281]]],[[[120.667273,16.088658],[120.667276,16.088387],[120.667556,16.08839],[120.667553,16.088661],[120.667273,16.088658]]],[[[120.667273,16.088658],[120.66727,16.088929],[120.66699,16.088926],[120.666993,16.088655],[120.667273,16.088658]]],[[[120.666712,16.088652],[120.666432,16.088649],[120.666435,16.088378],[120.666716,16.088381],[120.666712,16.088652]]],[[[120.675096,16.090911],[120.675093,16.091182],[120.674812,16.091179],[120.674816,16.090908],[120.675096,16.090911]]],[[[120.686018,16.091843],[120.685738,16.09184],[120.685741,16.091569],[120.686021,16.091572],[120.686018,16.091843]]],[[[120.641729,16.09163],[120.642009,16.091633],[120.642006,16.091904],[120.641726,16.091901],[120.641729,16.09163]]],[[[120.678444,16.092303],[120.67844,16.092574],[120.67816,16.092571],[120.678163,16.0923],[120.678444,16.092303]]],[[[120.643691,16.091651],[120.643411,16.091648],[120.643407,16.091919],[120.643404,16.09219],[120.643124,16.092187],[120.642844,16.092184],[120.642847,16.091913],[120.643127,16.091916],[120.64313,16.091645],[120.643133,16.091374],[120.643414,16.091377],[120.643694,16.09138],[120.643691,16.091651]]],[[[120.672554,16.09251],[120.672835,16.092513],[120.672831,16.092784],[120.672551,16.092781],[120.672554,16.09251]]],[[[120.672277,16.092236],[120.67228,16.091965],[120.672561,16.091968],[120.672557,16.092239],[120.672277,16.092236]]],[[[120.642563,16.092181],[120.642844,16.092184],[120.64284,16.092455],[120.643121,16.092458],[120.643118,16.092729],[120.642837,16.092726],[120.642834,16.092997],[120.642831,16.093268],[120.642828,16.093539],[120.642547,16.093536],[120.642551,16.093265],[120.64227,16.093262],[120.642273,16.092991],[120.642277,16.09272],[120.64228,16.092449],[120.64256,16.092452],[120.642563,16.092181]]],[[[120.64536,16.092754],[120.645357,16.093025],[120.645076,16.093022],[120.64508,16.092751],[120.64536,16.092754]]],[[[120.670337,16.090317],[120.670618,16.09032],[120.670614,16.090591],[120.670334,16.090588],[120.670337,16.090317]]],[[[120.67006,16.090043],[120.67034,16.090046],[120.670337,16.090317],[120.670057,16.090314],[120.67006,16.090043]]],[[[120.666952,16.092177],[120.666671,16.092174],[120.666674,16.091903],[120.666955,16.091906],[120.666952,16.092177]]],[[[120.667229,16.092451],[120.666948,16.092448],[120.666952,16.092177],[120.667232,16.092181],[120.667229,16.092451]]],[[[120.670608,16.091133],[120.670328,16.09113],[120.670331,16.090859],[120.670611,16.090862],[120.670608,16.091133]]],[[[120.668085,16.091106],[120.668366,16.091109],[120.668363,16.09138],[120.668082,16.091377],[120.668085,16.091106]]],[[[120.667796,16.091916],[120.667799,16.091645],[120.668079,16.091648],[120.668359,16.091651],[120.668356,16.091922],[120.668076,16.091919],[120.667796,16.091916]]],[[[120.67759,16.093377],[120.67731,16.093374],[120.677313,16.093103],[120.677593,16.093106],[120.67759,16.093377]]],[[[120.679836,16.093131],[120.679839,16.09286],[120.679842,16.092589],[120.680122,16.092592],[120.680403,16.092595],[120.680683,16.092598],[120.68068,16.092869],[120.680677,16.09314],[120.680673,16.093411],[120.680393,16.093408],[120.680113,16.093405],[120.680116,16.093134],[120.679836,16.093131]]],[[[120.688799,16.09377],[120.688796,16.094041],[120.688515,16.094038],[120.688519,16.093767],[120.688799,16.09377]]],[[[120.664133,16.093502],[120.664413,16.093505],[120.66441,16.093776],[120.66413,16.093773],[120.664133,16.093502]]],[[[120.690758,16.094062],[120.690755,16.094333],[120.690474,16.09433],[120.690194,16.094327],[120.690197,16.094056],[120.690477,16.094059],[120.690758,16.094062]]],[[[120.647309,16.093859],[120.647029,16.093856],[120.647032,16.093585],[120.647312,16.093588],[120.647309,16.093859]]],[[[120.64787,16.093865],[120.64815,16.093868],[120.648147,16.094139],[120.647866,16.094136],[120.64787,16.093865]]],[[[120.666948,16.092448],[120.666945,16.092719],[120.666942,16.09299],[120.666662,16.092987],[120.666665,16.092716],[120.666668,16.092445],[120.666948,16.092448]]],[[[120.665544,16.092704],[120.665547,16.092433],[120.665827,16.092436],[120.665824,16.092707],[120.665544,16.092704]]],[[[120.642257,16.094346],[120.641977,16.094342],[120.64198,16.094071],[120.641984,16.0938],[120.642264,16.093804],[120.642261,16.094075],[120.642257,16.094346]]],[[[120.645341,16.09438],[120.645344,16.094109],[120.645624,16.094112],[120.645621,16.094383],[120.645341,16.09438]]],[[[120.682343,16.094513],[120.682346,16.094242],[120.682349,16.093971],[120.682069,16.093968],[120.681788,16.093965],[120.681508,16.093962],[120.681511,16.093691],[120.681514,16.09342],[120.681795,16.093423],[120.682075,16.093426],[120.682355,16.093429],[120.682635,16.093432],[120.682632,16.093703],[120.682629,16.093974],[120.682909,16.093977],[120.682906,16.094248],[120.682903,16.094519],[120.682623,16.094516],[120.682343,16.094513]]],[[[120.657949,16.04709],[120.657668,16.047087],[120.657671,16.046816],[120.657952,16.046819],[120.657949,16.04709]]],[[[120.657819,16.0582],[120.657822,16.057929],[120.658102,16.057932],[120.658099,16.058203],[120.657819,16.0582]]],[[[120.66006,16.058225],[120.660341,16.058228],[120.660338,16.058499],[120.660334,16.05877],[120.660054,16.058767],[120.659774,16.058764],[120.659494,16.058761],[120.659497,16.05849],[120.659777,16.058493],[120.660057,16.058496],[120.66006,16.058225]]],[[[120.659783,16.057951],[120.660064,16.057954],[120.66006,16.058225],[120.65978,16.058222],[120.659783,16.057951]]],[[[120.65951,16.057406],[120.65979,16.057409],[120.659787,16.05768],[120.659783,16.057951],[120.659503,16.057948],[120.659506,16.057677],[120.65951,16.057406]]],[[[120.661128,16.062844],[120.661408,16.062847],[120.661688,16.06285],[120.661685,16.063121],[120.661682,16.063392],[120.661402,16.063389],[120.661405,16.063118],[120.661124,16.063115],[120.661128,16.062844]]],[[[120.663167,16.080211],[120.662887,16.080208],[120.66289,16.079937],[120.662893,16.079666],[120.663173,16.079669],[120.66317,16.07994],[120.663167,16.080211]]],[[[120.668486,16.080811],[120.668766,16.080814],[120.668763,16.081085],[120.668483,16.081082],[120.668486,16.080811]]],[[[120.660828,16.064467],[120.660832,16.064196],[120.661112,16.064199],[120.661109,16.06447],[120.660828,16.064467]]],[[[120.653959,16.076587],[120.653956,16.076858],[120.653676,16.076855],[120.653679,16.076584],[120.653959,16.076587]]],[[[120.65308,16.07983],[120.6528,16.079827],[120.652803,16.079556],[120.653084,16.079559],[120.65308,16.07983]]],[[[120.6581,16.082053],[120.65838,16.082056],[120.65866,16.082059],[120.658657,16.08233],[120.658377,16.082327],[120.658097,16.082324],[120.6581,16.082053]]],[[[120.658941,16.082062],[120.659221,16.082065],[120.659218,16.082336],[120.658938,16.082333],[120.658941,16.082062]]],[[[120.659775,16.082613],[120.659495,16.08261],[120.659215,16.082607],[120.659218,16.082336],[120.659498,16.082339],[120.659778,16.082342],[120.659775,16.082613]]],[[[120.660314,16.084516],[120.660033,16.084513],[120.659753,16.08451],[120.659756,16.084239],[120.660036,16.084242],[120.660317,16.084245],[120.660314,16.084516]]],[[[120.660597,16.084248],[120.660877,16.084252],[120.660874,16.084523],[120.660594,16.084519],[120.660597,16.084248]]],[[[120.656074,16.087451],[120.656355,16.087454],[120.656351,16.087725],[120.656071,16.087722],[120.656074,16.087451]]],[[[120.652421,16.088224],[120.652141,16.088221],[120.652144,16.08795],[120.652424,16.087953],[120.652421,16.088224]]],[[[120.654641,16.090146],[120.654361,16.090143],[120.654081,16.090139],[120.6538,16.090136],[120.65352,16.090133],[120.653523,16.089862],[120.653803,16.089865],[120.654084,16.089868],[120.654364,16.089872],[120.654644,16.089875],[120.654641,16.090146]]],[[[120.655205,16.089881],[120.655485,16.089884],[120.655482,16.090155],[120.655202,16.090152],[120.655205,16.089881]]],[[[120.631614,16.042464],[120.6316,16.0422],[120.631662,16.042209],[120.631659,16.042465],[120.631614,16.042464]]],[[[120.6959,16.054309],[120.695897,16.05458],[120.695617,16.054577],[120.69562,16.054306],[120.6959,16.054309]]],[[[120.675087,16.067603],[120.674806,16.0676],[120.67481,16.067329],[120.67509,16.067332],[120.675087,16.067603]]],[[[120.690397,16.069698],[120.690117,16.069695],[120.69012,16.069424],[120.6904,16.069427],[120.690397,16.069698]]],[[[120.662116,16.074237],[120.662119,16.073966],[120.662399,16.073969],[120.662396,16.07424],[120.662116,16.074237]]],[[[120.643609,16.074847],[120.643889,16.07485],[120.643886,16.075121],[120.643605,16.075118],[120.643609,16.074847]]],[[[120.659284,16.076646],[120.659281,16.076917],[120.659001,16.076914],[120.659004,16.076643],[120.659284,16.076646]]],[[[120.665447,16.076984],[120.66545,16.076713],[120.665731,16.076716],[120.665727,16.076987],[120.665447,16.076984]]],[[[120.664317,16.077785],[120.664313,16.078056],[120.664033,16.078053],[120.664036,16.077782],[120.664317,16.077785]]],[[[120.664864,16.078875],[120.664584,16.078872],[120.664587,16.078601],[120.664868,16.078604],[120.664864,16.078875]]],[[[120.701499,16.079303],[120.701219,16.0793],[120.701222,16.079029],[120.701502,16.079032],[120.701499,16.079303]]],[[[120.660657,16.0791],[120.660937,16.079103],[120.660934,16.079374],[120.660654,16.079371],[120.660657,16.0791]]],[[[120.662893,16.079666],[120.662613,16.079663],[120.662616,16.079392],[120.662896,16.079395],[120.662893,16.079666]]],[[[120.649147,16.0806],[120.649427,16.080603],[120.649424,16.080874],[120.649144,16.080871],[120.649147,16.0806]]],[[[120.662014,16.082909],[120.662294,16.082912],[120.662575,16.082915],[120.662855,16.082918],[120.662852,16.083189],[120.662572,16.083186],[120.662291,16.083183],[120.662011,16.08318],[120.662014,16.082909]]],[[[120.662852,16.083189],[120.663132,16.083192],[120.663129,16.083463],[120.662849,16.08346],[120.662852,16.083189]]],[[[120.663129,16.083463],[120.663409,16.083466],[120.663406,16.083737],[120.663126,16.083734],[120.663129,16.083463]]],[[[120.676576,16.084152],[120.676296,16.084149],[120.676299,16.083878],[120.676579,16.083881],[120.676576,16.084152]]],[[[120.677137,16.084158],[120.677134,16.084429],[120.676853,16.084426],[120.676856,16.084155],[120.677137,16.084158]]],[[[120.660874,16.084523],[120.661154,16.084526],[120.661151,16.084797],[120.660871,16.084794],[120.660874,16.084523]]],[[[120.6533,16.084982],[120.653297,16.085253],[120.653017,16.085249],[120.65302,16.084978],[120.6533,16.084982]]],[[[120.662266,16.085351],[120.661986,16.085348],[120.661705,16.085345],[120.661425,16.085342],[120.661428,16.085071],[120.661709,16.085074],[120.661989,16.085077],[120.662269,16.08508],[120.662266,16.085351]]],[[[120.63927,16.086182],[120.639551,16.086185],[120.639547,16.086456],[120.639267,16.086453],[120.63927,16.086182]]],[[[120.653561,16.086611],[120.653558,16.086881],[120.653278,16.086878],[120.653281,16.086607],[120.653561,16.086611]]],[[[120.661397,16.08778],[120.661677,16.087784],[120.661674,16.088054],[120.661393,16.088051],[120.661397,16.08778]]],[[[120.656906,16.088273],[120.656625,16.08827],[120.656629,16.087999],[120.656909,16.088002],[120.656906,16.088273]]],[[[120.637286,16.088057],[120.637566,16.08806],[120.637563,16.088331],[120.637283,16.088328],[120.637286,16.088057]]],[[[120.656906,16.088273],[120.657186,16.088276],[120.657183,16.088547],[120.656902,16.088544],[120.656906,16.088273]]],[[[120.694653,16.089528],[120.69465,16.089799],[120.694647,16.09007],[120.694367,16.090067],[120.69437,16.089796],[120.694373,16.089525],[120.694653,16.089528]]],[[[120.655482,16.090155],[120.655762,16.090158],[120.656043,16.090161],[120.656039,16.090432],[120.655759,16.090429],[120.655479,16.090426],[120.655482,16.090155]]],[[[120.656603,16.090167],[120.6566,16.090438],[120.65632,16.090435],[120.656323,16.090164],[120.656603,16.090167]]],[[[120.65043,16.090641],[120.65015,16.090638],[120.650153,16.090367],[120.650434,16.09037],[120.65043,16.090641]]],[[[120.691829,16.091395],[120.691825,16.091666],[120.691545,16.091663],[120.691548,16.091392],[120.691829,16.091395]]],[[[120.649284,16.092797],[120.649004,16.092794],[120.649007,16.092523],[120.649287,16.092526],[120.649284,16.092797]]],[[[120.645631,16.09357],[120.645911,16.093573],[120.645908,16.093844],[120.645627,16.093841],[120.645631,16.09357]]]]},"properties":{"Var":2}}
]}