{"type":"FeatureCollection", "features": [
{"type":"Feature","geometry":{"type":"MultiPolygon","coordinates":[[[[120.631603,16.04225],[120.6316,16.0422],[120.631648,16.042207],[120.631603,16.04225]]],[[[120.70073,16.04861],[120.701726,16.048711],[120.701848,16.048952],[120.701567,16.048949],[120.70073,16.048669],[120.70073,16.04861]]],[[[120.633334,16.043025],[120.633044,16.043835],[120.632206,16.043555],[120.632493,16.043016],[120.633334,16.043025]]],[[[120.634246,16.042573],[120.63572,16.042781],[120.634458,16.042767],[120.633614,16.043028],[120.634178,16.042764],[120.634246,16.042573]]],[[[120.636329,16.042866],[120.639764,16.043351],[120.639775,16.043367],[120.640893,16.043651],[120.641124,16.043542],[120.641618,16.043612],[120.64145,16.043928],[120.640887,16.044193],[120.639205,16.044174],[120.638374,16.043352],[120.638091,16.04362],[120.636329,16.042866]]],[[[120.642565,16.044482],[120.642004,16.044476],[120.64228,16.043705],[120.642309,16.043709],[120.642565,16.044482]]],[[[120.672803,16.047029],[120.674293,16.047077],[120.674479,16.047541],[120.674195,16.047809],[120.672797,16.047523],[120.672803,16.047029]]],[[[120.653595,16.044946],[120.654276,16.045083],[120.654038,16.045963],[120.653758,16.04596],[120.653595,16.044946]]],[[[120.635836,16.044679],[120.63668,16.044417],[120.638078,16.044704],[120.637792,16.045243],[120.636664,16.045772],[120.63611,16.045224],[120.635836,16.044679]]],[[[120.650097,16.04424],[120.651253,16.044473],[120.651236,16.045933],[120.650672,16.046197],[120.650118,16.045649],[120.649838,16.045646],[120.650097,16.04424]]],[[[120.654032,16.046505],[120.653755,16.046231],[120.654035,16.046234],[120.654032,16.046505]]],[[[120.657398,16.046271],[120.655433,16.046521],[120.655162,16.045704],[120.655375,16.045305],[120.655504,16.045331],[120.655719,16.045982],[120.657401,16.046],[120.657398,16.046271]]],[[[120.662761,16.04656],[120.662999,16.04658],[120.662999,16.046603],[120.662719,16.0466],[120.662761,16.04656]]],[[[120.640298,16.046625],[120.640008,16.047435],[120.640288,16.047438],[120.641409,16.047451],[120.64168,16.048267],[120.64252,16.048276],[120.642514,16.048818],[120.641393,16.048806],[120.640839,16.048257],[120.640269,16.049064],[120.639428,16.049055],[120.638855,16.050133],[120.639412,16.05041],[120.639692,16.050413],[120.639973,16.050416],[120.639963,16.051229],[120.64053,16.050693],[120.64052,16.051506],[120.641081,16.051512],[120.641071,16.052325],[120.641632,16.052331],[120.642733,16.05397],[120.642727,16.054512],[120.642444,16.054779],[120.642163,16.054776],[120.641886,16.054502],[120.64189,16.054231],[120.641609,16.054228],[120.641329,16.054225],[120.641055,16.05368],[120.641049,16.054222],[120.640775,16.053677],[120.639934,16.053668],[120.640221,16.053129],[120.639664,16.052852],[120.63995,16.052313],[120.63967,16.05231],[120.638833,16.052029],[120.638845,16.050946],[120.638288,16.050668],[120.637457,16.049846],[120.637186,16.04903],[120.636629,16.048753],[120.638033,16.048497],[120.63803,16.048768],[120.637467,16.049033],[120.638021,16.049581],[120.63803,16.048768],[120.638304,16.049314],[120.639151,16.048781],[120.638884,16.047694],[120.639164,16.047697],[120.63918,16.046342],[120.638072,16.045246],[120.638639,16.04471],[120.639759,16.044722],[120.63975,16.045535],[120.640304,16.046083],[120.641138,16.046635],[120.640298,16.046625]]],[[[120.659082,16.046053],[120.659641,16.046166],[120.659639,16.046295],[120.659633,16.046837],[120.659356,16.046563],[120.659079,16.046289],[120.659082,16.046053]]],[[[120.643667,16.04612],[120.64366,16.046662],[120.642259,16.046647],[120.642543,16.046379],[120.643667,16.04612]]],[[[120.66639,16.046822],[120.6672,16.046848],[120.667199,16.04692],[120.666358,16.046911],[120.66639,16.046822]]],[[[120.65122,16.047287],[120.651784,16.047023],[120.65178,16.047294],[120.65122,16.047287]]],[[[120.671116,16.047505],[120.670845,16.046966],[120.671303,16.046981],[120.671116,16.047505]]],[[[120.654032,16.046505],[120.654299,16.047592],[120.654296,16.047863],[120.654016,16.04786],[120.654032,16.046505]]],[[[120.674476,16.047812],[120.674192,16.04808],[120.674195,16.047809],[120.674476,16.047812]]],[[[120.666352,16.047453],[120.667196,16.047191],[120.66776,16.046926],[120.668034,16.047471],[120.667193,16.047462],[120.668024,16.048284],[120.667183,16.048275],[120.666352,16.047453]]],[[[120.668594,16.047477],[120.668585,16.04829],[120.668304,16.048287],[120.668311,16.047745],[120.668594,16.047477]]],[[[120.654296,16.047863],[120.654576,16.047866],[120.65457,16.048408],[120.654296,16.047863]]],[[[120.665499,16.048528],[120.665219,16.048525],[120.665222,16.048254],[120.665499,16.048528]]],[[[120.666062,16.048263],[120.66662,16.04854],[120.666059,16.048534],[120.666062,16.048263]]],[[[120.697364,16.048904],[120.69737,16.048362],[120.698485,16.048916],[120.697924,16.04891],[120.697364,16.048904]]],[[[120.636352,16.048479],[120.636081,16.047663],[120.636922,16.047672],[120.636929,16.04713],[120.637772,16.046869],[120.637479,16.047949],[120.636358,16.047937],[120.636352,16.048479]]],[[[120.705207,16.049259],[120.704927,16.049256],[120.70493,16.049037],[120.704988,16.049043],[120.705207,16.049259]]],[[[120.693998,16.048043],[120.695131,16.048109],[120.695128,16.048338],[120.695685,16.048615],[120.695122,16.04888],[120.695116,16.049422],[120.694555,16.049416],[120.694287,16.048329],[120.693998,16.048043]]],[[[120.681387,16.049003],[120.681667,16.049006],[120.681664,16.049277],[120.681384,16.049274],[120.681387,16.049003]]],[[[120.669973,16.049389],[120.669416,16.049112],[120.669699,16.048844],[120.669979,16.048847],[120.669973,16.049389]]],[[[120.674463,16.048896],[120.674177,16.049435],[120.673896,16.049432],[120.673903,16.04889],[120.674463,16.048896]]],[[[120.683903,16.049572],[120.6839,16.049843],[120.683897,16.050114],[120.683333,16.050379],[120.682776,16.050102],[120.682225,16.049283],[120.682237,16.048199],[120.681683,16.047651],[120.681671,16.048735],[120.681387,16.049003],[120.681107,16.049],[120.681123,16.047645],[120.680842,16.047642],[120.680847,16.047289],[120.6812,16.0473],[120.681669,16.047327],[120.681686,16.04738],[120.6817,16.047329],[120.682807,16.047393],[120.682792,16.048747],[120.683349,16.049024],[120.683635,16.048485],[120.68343,16.047429],[120.684488,16.047491],[120.684473,16.048765],[120.684747,16.04931],[120.684186,16.049304],[120.683903,16.049572]]],[[[120.652319,16.049197],[120.652589,16.050013],[120.652306,16.050281],[120.652863,16.050558],[120.653698,16.051109],[120.654258,16.051115],[120.653971,16.051654],[120.653137,16.051103],[120.652296,16.051093],[120.65257,16.051638],[120.651452,16.051355],[120.651462,16.050542],[120.650902,16.050536],[120.650637,16.049178],[120.651475,16.049458],[120.650927,16.048368],[120.650086,16.048359],[120.649532,16.047811],[120.649548,16.046456],[120.650389,16.046465],[120.650663,16.04701],[120.650379,16.047278],[120.650659,16.047281],[120.65122,16.047287],[120.651207,16.048371],[120.652048,16.048381],[120.651761,16.048919],[120.652319,16.049197]]],[[[120.648112,16.049421],[120.647555,16.049144],[120.646154,16.049129],[120.64644,16.04859],[120.645883,16.048313],[120.645596,16.048852],[120.645329,16.047765],[120.644498,16.046943],[120.643934,16.047207],[120.643667,16.04612],[120.643399,16.045033],[120.644523,16.044775],[120.645358,16.045326],[120.645908,16.046145],[120.647306,16.046431],[120.647297,16.047244],[120.647857,16.047251],[120.647844,16.048334],[120.647564,16.048331],[120.647561,16.048602],[120.647844,16.048334],[120.648395,16.049154],[120.648112,16.049421]]],[[[120.664365,16.049599],[120.664085,16.049596],[120.664107,16.047699],[120.66327,16.047419],[120.663279,16.046606],[120.663289,16.046603],[120.664119,16.046671],[120.66411,16.047428],[120.664664,16.047976],[120.664649,16.049331],[120.664365,16.049599]]],[[[120.704927,16.049256],[120.704918,16.050069],[120.704638,16.050066],[120.70436,16.049792],[120.704647,16.049253],[120.704927,16.049256]]],[[[120.697921,16.049181],[120.697632,16.049991],[120.696791,16.049982],[120.69708,16.049172],[120.697921,16.049181]]],[[[120.634104,16.048996],[120.634101,16.049267],[120.63382,16.049264],[120.633257,16.049529],[120.631952,16.04888],[120.631928,16.04843],[120.63355,16.048448],[120.634104,16.048996]]],[[[120.648392,16.049425],[120.648389,16.049696],[120.648112,16.049421],[120.648392,16.049425]]],[[[120.686728,16.047621],[120.688791,16.047741],[120.688966,16.048001],[120.688963,16.048272],[120.687562,16.048256],[120.68754,16.050153],[120.686702,16.049873],[120.686728,16.047621]]],[[[120.708278,16.050376],[120.707157,16.050364],[120.706886,16.049548],[120.707726,16.049557],[120.708278,16.050376]]],[[[120.655111,16.05004],[120.654834,16.049766],[120.655115,16.049769],[120.655111,16.05004]]],[[[120.634098,16.049538],[120.634094,16.049809],[120.633817,16.049535],[120.634098,16.049538]]],[[[120.63468,16.047647],[120.635238,16.047925],[120.636065,16.049018],[120.635505,16.049012],[120.635215,16.049821],[120.634935,16.049818],[120.634658,16.049544],[120.634661,16.049273],[120.634664,16.049002],[120.634104,16.048996],[120.633836,16.047909],[120.632168,16.046807],[120.631846,16.046881],[120.631686,16.043831],[120.63276,16.044103],[120.633034,16.044648],[120.634989,16.045212],[120.63554,16.046031],[120.636381,16.04604],[120.635247,16.047112],[120.635257,16.046299],[120.634416,16.046289],[120.633849,16.046825],[120.63468,16.047647]]],[[[120.648395,16.049154],[120.648959,16.048889],[120.64923,16.049705],[120.648946,16.049973],[120.648669,16.049699],[120.648392,16.049425],[120.648395,16.049154]]],[[[120.705769,16.049122],[120.706609,16.049208],[120.706602,16.049816],[120.706045,16.049539],[120.705752,16.05062],[120.705195,16.050343],[120.705207,16.049259],[120.705768,16.049265],[120.705769,16.049122]]],[[[120.646991,16.049409],[120.647262,16.050225],[120.646704,16.049948],[120.646991,16.049409]]],[[[120.652589,16.050013],[120.652866,16.050287],[120.652586,16.050284],[120.652589,16.050013]]],[[[120.657637,16.049797],[120.65735,16.050336],[120.656802,16.049246],[120.655962,16.049236],[120.655971,16.048424],[120.656805,16.048975],[120.657923,16.049258],[120.657637,16.049797]]],[[[120.671094,16.049402],[120.671362,16.050489],[120.670521,16.050479],[120.670807,16.04994],[120.671094,16.049402]]],[[[120.687253,16.050692],[120.686132,16.05068],[120.686136,16.050409],[120.687257,16.050421],[120.687253,16.050692]]],[[[120.690896,16.050732],[120.691451,16.05128],[120.692011,16.051286],[120.692024,16.050202],[120.692301,16.050476],[120.693702,16.050491],[120.693985,16.050223],[120.693973,16.051307],[120.693132,16.051298],[120.692843,16.052108],[120.692562,16.052105],[120.692282,16.052102],[120.692002,16.052099],[120.691722,16.052096],[120.691432,16.052906],[120.691986,16.053454],[120.691992,16.052912],[120.693394,16.052927],[120.69396,16.052391],[120.694241,16.052394],[120.694228,16.053478],[120.693942,16.054017],[120.693658,16.054285],[120.692824,16.053734],[120.69254,16.054002],[120.692811,16.054818],[120.693092,16.054821],[120.693372,16.054824],[120.693655,16.054556],[120.693932,16.05483],[120.6942,16.055917],[120.693914,16.056456],[120.694188,16.057001],[120.694748,16.057007],[120.694742,16.057549],[120.696146,16.057293],[120.69642,16.057838],[120.695857,16.058103],[120.695299,16.057826],[120.694736,16.058091],[120.694723,16.059175],[120.693885,16.058895],[120.693599,16.059434],[120.693611,16.05835],[120.69278,16.057528],[120.692512,16.056441],[120.691394,16.056157],[120.691385,16.05697],[120.691936,16.057789],[120.69193,16.058331],[120.691086,16.058593],[120.690535,16.057774],[120.690821,16.057235],[120.690834,16.056151],[120.690554,16.056148],[120.690576,16.054251],[120.690859,16.053984],[120.690302,16.053706],[120.690871,16.0529],[120.690887,16.051545],[120.690327,16.051539],[120.690059,16.050452],[120.689498,16.050446],[120.689228,16.04963],[120.689791,16.049365],[120.689801,16.048552],[120.690644,16.04829],[120.692046,16.048305],[120.69232,16.04885],[120.692033,16.049389],[120.691195,16.049109],[120.6909,16.050461],[120.690896,16.050732]]],[[[120.704908,16.050882],[120.704348,16.050876],[120.704351,16.050605],[120.704908,16.050882]]],[[[120.642495,16.050444],[120.641934,16.050438],[120.641947,16.049354],[120.642507,16.04936],[120.642495,16.050444]]],[[[120.662951,16.050668],[120.662678,16.050123],[120.663241,16.049858],[120.663235,16.0504],[120.662951,16.050668]]],[[[120.668559,16.050458],[120.668836,16.050732],[120.668556,16.050729],[120.668559,16.050458]]],[[[120.675842,16.050808],[120.675571,16.049992],[120.676129,16.050269],[120.675842,16.050808]]],[[[120.635769,16.05037],[120.636049,16.050373],[120.636046,16.050644],[120.635766,16.050641],[120.635769,16.05037]]],[[[120.666617,16.048811],[120.667174,16.049088],[120.667432,16.050988],[120.666878,16.05044],[120.666887,16.049627],[120.66633,16.04935],[120.666617,16.048811]]],[[[120.681661,16.049548],[120.682222,16.049554],[120.682203,16.05118],[120.681649,16.050632],[120.681661,16.049548]]],[[[120.70238,16.051397],[120.701542,16.051117],[120.701829,16.050578],[120.701832,16.050307],[120.702392,16.050313],[120.70238,16.051397]]],[[[120.708545,16.051463],[120.708271,16.050918],[120.708984,16.050926],[120.709014,16.05102],[120.708545,16.051463]]],[[[120.654818,16.051121],[120.654825,16.050579],[120.655099,16.051124],[120.654818,16.051121]]],[[[120.7063,16.05171],[120.70659,16.0509],[120.70715,16.050906],[120.707144,16.051448],[120.7063,16.05171]]],[[[120.636046,16.050644],[120.636607,16.05065],[120.636604,16.050921],[120.636043,16.050915],[120.636046,16.050644]]],[[[120.654818,16.051121],[120.654815,16.051392],[120.654538,16.051118],[120.654818,16.051121]]],[[[120.686964,16.051502],[120.686129,16.050951],[120.68725,16.050963],[120.686964,16.051502]]],[[[120.70238,16.051397],[120.702944,16.051132],[120.702934,16.051945],[120.702374,16.051939],[120.70238,16.051397]]],[[[120.703215,16.051948],[120.703507,16.050867],[120.704068,16.050873],[120.703778,16.051683],[120.703215,16.051948]]],[[[120.643332,16.050724],[120.64417,16.051004],[120.643883,16.051543],[120.643332,16.050724]]],[[[120.703215,16.051948],[120.703211,16.052219],[120.702934,16.051945],[120.703215,16.051948]]],[[[120.675325,16.04711],[120.677621,16.047185],[120.678122,16.047581],[120.677832,16.048391],[120.67838,16.049481],[120.678645,16.050839],[120.679766,16.050851],[120.68003,16.052209],[120.67975,16.052206],[120.679473,16.051932],[120.678358,16.051378],[120.678087,16.050562],[120.677247,16.050552],[120.676976,16.049736],[120.676135,16.049727],[120.676144,16.048914],[120.676988,16.048652],[120.676982,16.049194],[120.677262,16.049197],[120.677552,16.048388],[120.676721,16.047565],[120.675319,16.04755],[120.675325,16.04711]]],[[[120.672476,16.051043],[120.672747,16.051859],[120.672744,16.05213],[120.672183,16.052124],[120.671362,16.050489],[120.672199,16.050769],[120.672476,16.051043]]],[[[120.708811,16.050382],[120.708898,16.050654],[120.708274,16.050647],[120.708278,16.050376],[120.708811,16.050382]]],[[[120.689498,16.050446],[120.688636,16.052333],[120.688365,16.051517],[120.688932,16.050981],[120.688938,16.05044],[120.689498,16.050446]]],[[[120.634642,16.050899],[120.634925,16.050631],[120.635486,16.050638],[120.63575,16.051995],[120.63547,16.051992],[120.635193,16.051718],[120.634632,16.051712],[120.634642,16.050899]]],[[[120.67975,16.052206],[120.679747,16.052477],[120.67947,16.052203],[120.67975,16.052206]]],[[[120.704339,16.051689],[120.704326,16.052773],[120.704046,16.05277],[120.704058,16.051686],[120.704339,16.051689]]],[[[120.7063,16.05171],[120.706288,16.052794],[120.706008,16.052791],[120.705734,16.052246],[120.70574,16.051704],[120.705182,16.051427],[120.705189,16.050885],[120.705752,16.05062],[120.7063,16.05171]]],[[[120.674177,16.049435],[120.674731,16.049983],[120.674438,16.051064],[120.675002,16.050799],[120.675275,16.051344],[120.67526,16.052699],[120.674428,16.051877],[120.673887,16.050245],[120.674167,16.050248],[120.674177,16.049435]]],[[[120.637167,16.050656],[120.638001,16.051207],[120.637989,16.052291],[120.636884,16.050924],[120.637167,16.050656]]],[[[120.653965,16.052196],[120.653968,16.051925],[120.654812,16.051663],[120.655083,16.052479],[120.655923,16.052488],[120.656191,16.053575],[120.655347,16.053837],[120.654233,16.053283],[120.654236,16.053012],[120.654239,16.052741],[120.653962,16.052467],[120.653965,16.052196]]],[[[120.669095,16.052632],[120.668817,16.052358],[120.669098,16.052361],[120.669095,16.052632]]],[[[120.668817,16.052358],[120.668537,16.052355],[120.668553,16.051],[120.668833,16.051003],[120.669391,16.05128],[120.669661,16.052096],[120.669938,16.05237],[120.669935,16.052641],[120.669375,16.052635],[120.669098,16.052361],[120.669101,16.05209],[120.668817,16.052358]]],[[[120.671056,16.052653],[120.670499,16.052376],[120.669677,16.050741],[120.670238,16.050747],[120.670505,16.051834],[120.671056,16.052653]]],[[[120.698728,16.052171],[120.698158,16.052978],[120.697597,16.052972],[120.697881,16.052704],[120.697616,16.051346],[120.698186,16.050539],[120.698746,16.050545],[120.698759,16.049461],[120.699045,16.048922],[120.699133,16.048447],[120.700035,16.048539],[120.700166,16.048934],[120.699599,16.04947],[120.699584,16.050825],[120.699294,16.051635],[120.698728,16.052171]]],[[[120.653124,16.052187],[120.652838,16.052725],[120.652567,16.051909],[120.653124,16.052187]]],[[[120.659633,16.046837],[120.660474,16.046847],[120.66048,16.046335],[120.6608,16.0464],[120.662159,16.046511],[120.662149,16.047407],[120.662993,16.047145],[120.662989,16.047416],[120.662423,16.047952],[120.662977,16.0485],[120.662697,16.048497],[120.662681,16.049852],[120.662136,16.048491],[120.662139,16.04822],[120.661862,16.047946],[120.661308,16.047398],[120.661292,16.048753],[120.66212,16.049846],[120.66128,16.049837],[120.660725,16.049289],[120.660716,16.050102],[120.659866,16.050905],[120.659567,16.052528],[120.659283,16.052796],[120.659305,16.050899],[120.660168,16.049011],[120.659611,16.048734],[120.659617,16.048192],[120.658229,16.047093],[120.659633,16.046837]]],[[[120.676938,16.052988],[120.676097,16.052979],[120.675823,16.052434],[120.676944,16.052446],[120.676938,16.052988]]],[[[120.63575,16.051995],[120.636307,16.052273],[120.636024,16.052541],[120.635467,16.052263],[120.63575,16.051995]]],[[[120.669375,16.052635],[120.669372,16.052906],[120.669091,16.052903],[120.669095,16.052632],[120.669375,16.052635]]],[[[120.689754,16.052616],[120.689747,16.053158],[120.688907,16.053149],[120.688913,16.052607],[120.689754,16.052616]]],[[[120.68219,16.052264],[120.682461,16.05308],[120.681901,16.053074],[120.68219,16.052264]]],[[[120.646669,16.052929],[120.646679,16.052116],[120.64752,16.052125],[120.64723,16.052935],[120.646669,16.052929]]],[[[120.680575,16.05357],[120.680295,16.053567],[120.67974,16.053019],[120.680027,16.05248],[120.680307,16.052483],[120.680575,16.05357]]],[[[120.673292,16.05322],[120.672448,16.053482],[120.672454,16.05294],[120.673292,16.05322]]],[[[120.701247,16.052469],[120.701231,16.053824],[120.700671,16.053818],[120.700954,16.05355],[120.700966,16.052466],[120.701247,16.052469]]],[[[120.706001,16.053333],[120.705432,16.05414],[120.705151,16.054137],[120.705724,16.053059],[120.706001,16.053333]]],[[[120.709919,16.053917],[120.709919,16.053876],[120.71084,16.056781],[120.710445,16.056904],[120.710171,16.056359],[120.7099,16.055543],[120.709916,16.054188],[120.709919,16.053917]]],[[[120.651984,16.0538],[120.651424,16.053794],[120.651153,16.052978],[120.651984,16.0538]]],[[[120.676938,16.052988],[120.678059,16.053],[120.677766,16.054081],[120.676651,16.053527],[120.676938,16.052988]]],[[[120.680572,16.053841],[120.680288,16.054109],[120.680291,16.053838],[120.680572,16.053841]]],[[[120.675241,16.054325],[120.67412,16.054313],[120.673849,16.053497],[120.673292,16.05322],[120.673024,16.052133],[120.673585,16.052139],[120.673859,16.052684],[120.674413,16.053232],[120.675253,16.053241],[120.675241,16.054325]]],[[[120.637973,16.053646],[120.637985,16.052562],[120.638552,16.052026],[120.638533,16.053652],[120.639651,16.053936],[120.639934,16.053668],[120.639925,16.054481],[120.639645,16.054478],[120.639361,16.054745],[120.638807,16.054197],[120.638243,16.054462],[120.63797,16.053917],[120.636578,16.053089],[120.636304,16.052544],[120.636584,16.052547],[120.637702,16.05283],[120.637973,16.053646]]],[[[120.693939,16.054288],[120.693935,16.054559],[120.693655,16.054556],[120.693658,16.054285],[120.693939,16.054288]]],[[[120.700671,16.053818],[120.701225,16.054366],[120.700661,16.054631],[120.700671,16.053818]]],[[[120.65394,16.054364],[120.653943,16.054093],[120.65422,16.054367],[120.65394,16.054364]]],[[[120.655347,16.053837],[120.655344,16.054108],[120.655341,16.054379],[120.65478,16.054373],[120.6545,16.05437],[120.654506,16.053828],[120.655347,16.053837]]],[[[120.704862,16.054947],[120.705148,16.054408],[120.705142,16.05495],[120.704862,16.054947]]],[[[120.708508,16.054715],[120.707945,16.05498],[120.707674,16.054164],[120.708795,16.054176],[120.708508,16.054715]]],[[[120.686954,16.052315],[120.687518,16.05205],[120.687487,16.05476],[120.687206,16.054757],[120.687219,16.053673],[120.686954,16.052315]]],[[[120.641329,16.054225],[120.641326,16.054496],[120.641049,16.054222],[120.641329,16.054225]]],[[[120.6545,16.05437],[120.654217,16.054638],[120.65422,16.054367],[120.6545,16.05437]]],[[[120.672996,16.054572],[120.672152,16.054833],[120.672161,16.05402],[120.671598,16.054285],[120.671324,16.05374],[120.671327,16.053469],[120.670212,16.052915],[120.671056,16.052653],[120.67133,16.053198],[120.672448,16.053482],[120.672438,16.054295],[120.672996,16.054572]]],[[[120.703458,16.055203],[120.703461,16.054932],[120.703738,16.055206],[120.703458,16.055203]]],[[[120.704862,16.054947],[120.704859,16.055218],[120.704582,16.054944],[120.704862,16.054947]]],[[[120.705429,16.054411],[120.70598,16.05523],[120.705422,16.054953],[120.705429,16.054411]]],[[[120.63517,16.053615],[120.635998,16.054708],[120.635161,16.054428],[120.63517,16.053615]]],[[[120.643284,16.054789],[120.643288,16.054518],[120.643565,16.054792],[120.643284,16.054789]]],[[[120.662951,16.050668],[120.663515,16.050403],[120.663795,16.050406],[120.664617,16.052041],[120.665174,16.052318],[120.665159,16.053673],[120.665439,16.053676],[120.665703,16.055034],[120.665143,16.055028],[120.664031,16.054203],[120.664047,16.052848],[120.663776,16.052032],[120.662945,16.05121],[120.662951,16.050668]]],[[[120.641886,16.054502],[120.641883,16.054773],[120.641606,16.054499],[120.641886,16.054502]]],[[[120.682162,16.054703],[120.682723,16.054709],[120.682716,16.055251],[120.682162,16.054703]]],[[[120.63227,16.054938],[120.632266,16.054854],[120.632352,16.054939],[120.63227,16.054938]]],[[[120.698407,16.055691],[120.698127,16.055688],[120.698139,16.054604],[120.697594,16.053243],[120.698158,16.052978],[120.698718,16.052984],[120.69869,16.055423],[120.698407,16.055691]]],[[[120.654217,16.054638],[120.654207,16.055451],[120.653647,16.055445],[120.653933,16.054906],[120.653379,16.054358],[120.65394,16.054364],[120.654217,16.054638]]],[[[120.639361,16.054745],[120.639641,16.054749],[120.639635,16.055291],[120.639361,16.054745]]],[[[120.684161,16.051472],[120.684146,16.052827],[120.684694,16.053917],[120.684413,16.053914],[120.684391,16.055811],[120.683557,16.05526],[120.683844,16.054721],[120.683856,16.053637],[120.683302,16.053089],[120.683314,16.052005],[120.682754,16.051999],[120.683324,16.051192],[120.683884,16.051198],[120.684161,16.051472]]],[[[120.700932,16.055447],[120.701486,16.055995],[120.700646,16.055986],[120.700932,16.055447]]],[[[120.634307,16.055503],[120.633467,16.055493],[120.632913,16.054945],[120.633753,16.054955],[120.634307,16.055503]]],[[[120.655608,16.055466],[120.654768,16.055457],[120.654777,16.054644],[120.655334,16.054921],[120.655612,16.055195],[120.655608,16.055466]]],[[[120.705967,16.056314],[120.705696,16.055498],[120.70654,16.055236],[120.706531,16.056049],[120.705974,16.055772],[120.705967,16.056314]]],[[[120.689153,16.056133],[120.688872,16.05613],[120.688891,16.054504],[120.689174,16.054236],[120.689153,16.056133]]],[[[120.648905,16.053495],[120.648634,16.052679],[120.649204,16.051873],[120.64893,16.051328],[120.649771,16.051337],[120.649223,16.050247],[120.64951,16.049708],[120.650892,16.051349],[120.650045,16.051882],[120.649746,16.053505],[120.649465,16.053502],[120.649443,16.055398],[120.649717,16.055943],[120.648883,16.055392],[120.648618,16.054034],[120.648905,16.053495]]],[[[120.669926,16.053454],[120.670193,16.054541],[120.670754,16.054547],[120.671305,16.055366],[120.671295,16.056179],[120.670467,16.055086],[120.669627,16.055077],[120.669085,16.053445],[120.669368,16.053177],[120.669926,16.053454]]],[[[120.653647,16.055445],[120.65336,16.055983],[120.65308,16.05598],[120.653089,16.055167],[120.653647,16.055445]]],[[[120.698681,16.056236],[120.698117,16.056501],[120.698407,16.055691],[120.698681,16.056236]]],[[[120.704286,16.056296],[120.704566,16.056299],[120.704283,16.056567],[120.704286,16.056296]]],[[[120.637954,16.055272],[120.638224,16.056088],[120.637387,16.055808],[120.637399,16.054724],[120.637954,16.055272]]],[[[120.642985,16.056411],[120.642425,16.056405],[120.641877,16.055315],[120.642998,16.055328],[120.642444,16.054779],[120.643284,16.054789],[120.643555,16.055605],[120.643549,16.056147],[120.643268,16.056144],[120.642985,16.056411]]],[[[120.680821,16.056554],[120.680817,16.056825],[120.68054,16.056551],[120.680821,16.056554]]],[[[120.656748,16.053852],[120.657022,16.054397],[120.656729,16.055478],[120.65729,16.055484],[120.656997,16.056565],[120.657551,16.057113],[120.65643,16.057101],[120.656159,16.056285],[120.656717,16.056562],[120.656723,16.05602],[120.656443,16.056017],[120.656159,16.056285],[120.655605,16.055737],[120.656452,16.055204],[120.655615,16.054924],[120.655621,16.054382],[120.655624,16.054111],[120.656748,16.053852]]],[[[120.70456,16.056841],[120.704277,16.057109],[120.70428,16.056838],[120.70456,16.056841]]],[[[120.706238,16.05713],[120.706802,16.056865],[120.707091,16.056055],[120.707079,16.057139],[120.706238,16.05713]]],[[[120.712997,16.056412],[120.713255,16.05625],[120.713251,16.056663],[120.712997,16.056412]]],[[[120.713883,16.055857],[120.714185,16.055668],[120.714658,16.056136],[120.714646,16.05722],[120.714085,16.057214],[120.714101,16.055859],[120.713883,16.055857]]],[[[120.65308,16.05598],[120.653357,16.056254],[120.65307,16.056793],[120.653908,16.057073],[120.653902,16.057615],[120.653621,16.057612],[120.652784,16.057332],[120.65279,16.05679],[120.652516,16.056245],[120.65308,16.05598]]],[[[120.660395,16.053621],[120.65928,16.053067],[120.660404,16.052808],[120.662082,16.053098],[120.66235,16.054185],[120.661789,16.054179],[120.66234,16.054998],[120.662331,16.055811],[120.662882,16.05663],[120.662318,16.056894],[120.661758,16.056888],[120.6615,16.054988],[120.660395,16.053621]]],[[[120.642985,16.056411],[120.643265,16.056415],[120.643262,16.056686],[120.642985,16.056411]]],[[[120.664031,16.054203],[120.664,16.056913],[120.663442,16.056636],[120.663458,16.055281],[120.663178,16.055278],[120.664031,16.054203]]],[[[120.643549,16.056147],[120.643823,16.056692],[120.643819,16.056963],[120.643539,16.05696],[120.643549,16.056147]]],[[[120.6441,16.056966],[120.644377,16.05724],[120.644096,16.057237],[120.6441,16.056966]]],[[[120.658949,16.0574],[120.659232,16.057132],[120.659229,16.057403],[120.658949,16.0574]]],[[[120.683812,16.057431],[120.683529,16.057699],[120.683249,16.057696],[120.683261,16.056612],[120.683812,16.057431]]],[[[120.698681,16.056236],[120.699241,16.056242],[120.699223,16.057868],[120.698662,16.057862],[120.698114,16.056772],[120.698675,16.056778],[120.698681,16.056236]]],[[[120.704286,16.056296],[120.703728,16.056019],[120.70371,16.057645],[120.702866,16.057907],[120.702595,16.057091],[120.703162,16.056555],[120.702897,16.055197],[120.703458,16.055203],[120.703735,16.055477],[120.704012,16.055751],[120.704286,16.056296]]],[[[120.704834,16.057386],[120.704267,16.057922],[120.704273,16.05738],[120.704834,16.057386]]],[[[120.706509,16.057946],[120.705949,16.05794],[120.706235,16.057401],[120.707076,16.05741],[120.706509,16.057946]]],[[[120.658949,16.0574],[120.658666,16.057668],[120.658669,16.057397],[120.658949,16.0574]]],[[[120.637087,16.057431],[120.63681,16.057156],[120.636533,16.056882],[120.637654,16.056895],[120.637087,16.057431]]],[[[120.669595,16.057787],[120.669035,16.057781],[120.668761,16.057236],[120.669321,16.057242],[120.669595,16.057787]]],[[[120.685207,16.057988],[120.684366,16.057979],[120.684092,16.057434],[120.68493,16.057714],[120.684936,16.057172],[120.685207,16.057988]]],[[[120.674636,16.058113],[120.674076,16.058107],[120.673811,16.056749],[120.674095,16.056481],[120.673824,16.055665],[120.673267,16.055388],[120.673827,16.055394],[120.67412,16.054313],[120.67411,16.055126],[120.674674,16.054861],[120.674655,16.056487],[120.674362,16.057568],[120.675203,16.057577],[120.674636,16.058113]]],[[[120.686328,16.058],[120.685768,16.057994],[120.685777,16.057181],[120.686328,16.058]]],[[[120.682959,16.058506],[120.682685,16.057961],[120.682965,16.057964],[120.683242,16.058238],[120.682959,16.058506]]],[[[120.660341,16.058228],[120.660338,16.058499],[120.66006,16.058225],[120.660341,16.058228]]],[[[120.653621,16.057612],[120.653898,16.057886],[120.654172,16.058431],[120.652777,16.057874],[120.653061,16.057606],[120.653621,16.057612]]],[[[120.665703,16.055034],[120.666261,16.055311],[120.666528,16.056398],[120.667086,16.056675],[120.667063,16.058572],[120.666783,16.058569],[120.666802,16.056943],[120.665968,16.056392],[120.665401,16.056928],[120.665133,16.055841],[120.665703,16.055034]]],[[[120.669595,16.057787],[120.669866,16.058603],[120.669031,16.058052],[120.669595,16.057787]]],[[[120.640714,16.058826],[120.640998,16.058558],[120.640718,16.058555],[120.641001,16.058287],[120.641011,16.057474],[120.64017,16.057465],[120.640718,16.058555],[120.640714,16.058826],[120.639867,16.059358],[120.63989,16.057461],[120.639625,16.056103],[120.639629,16.055832],[120.639635,16.055291],[120.639918,16.055023],[120.640762,16.054761],[120.640463,16.056384],[120.641017,16.056932],[120.642132,16.057486],[120.641291,16.057477],[120.641565,16.058022],[120.642132,16.057486],[120.642412,16.057489],[120.642953,16.059121],[120.643787,16.059673],[120.643494,16.060753],[120.642937,16.060476],[120.642947,16.059663],[120.642389,16.059386],[120.642103,16.059925],[120.642383,16.059928],[120.642647,16.061286],[120.642364,16.061554],[120.642641,16.061828],[120.643195,16.062376],[120.643201,16.061834],[120.643482,16.061837],[120.643759,16.062111],[120.644036,16.062385],[120.644306,16.063201],[120.642912,16.062644],[120.642889,16.064541],[120.642609,16.064538],[120.642628,16.062912],[120.641787,16.062903],[120.641501,16.063442],[120.641227,16.062896],[120.642077,16.062093],[120.641237,16.062084],[120.641523,16.061545],[120.640689,16.060993],[120.640705,16.059639],[120.641542,16.059919],[120.641272,16.059103],[120.640714,16.058826]]],[[[120.644364,16.058324],[120.644361,16.058595],[120.64408,16.058592],[120.644364,16.058324]]],[[[120.707054,16.059307],[120.70678,16.058762],[120.707344,16.058497],[120.707054,16.059307]]],[[[120.633451,16.056848],[120.634575,16.05659],[120.635129,16.057138],[120.634288,16.057129],[120.635113,16.058493],[120.634549,16.058758],[120.634278,16.057942],[120.633451,16.056848]]],[[[120.637915,16.058524],[120.637632,16.058792],[120.637635,16.058521],[120.637915,16.058524]]],[[[120.656128,16.058995],[120.655851,16.058721],[120.656131,16.058724],[120.656128,16.058995]]],[[[120.661732,16.059056],[120.661452,16.059053],[120.661462,16.05824],[120.660904,16.057963],[120.661197,16.056882],[120.661758,16.056888],[120.662315,16.057165],[120.662872,16.057443],[120.663143,16.058259],[120.66258,16.058523],[120.661732,16.059056]]],[[[120.64408,16.058592],[120.644077,16.058863],[120.643797,16.05886],[120.64408,16.058592]]],[[[120.644364,16.058324],[120.64465,16.057785],[120.644093,16.057508],[120.644373,16.057511],[120.645208,16.058062],[120.644921,16.058601],[120.644364,16.058324]]],[[[120.692478,16.059421],[120.691917,16.059415],[120.692484,16.058879],[120.692478,16.059421]]],[[[120.674063,16.059191],[120.672945,16.058907],[120.672659,16.059446],[120.672388,16.05863],[120.673789,16.058646],[120.674066,16.05892],[120.674063,16.059191]]],[[[120.655287,16.058986],[120.654163,16.059244],[120.654449,16.058706],[120.65529,16.058715],[120.655287,16.058986]]],[[[120.656128,16.058995],[120.656405,16.059269],[120.656124,16.059266],[120.656128,16.058995]]],[[[120.661732,16.059056],[120.66285,16.059339],[120.66257,16.059336],[120.661729,16.059327],[120.661732,16.059056]]],[[[120.696124,16.05919],[120.696118,16.059732],[120.695558,16.059726],[120.695567,16.058913],[120.696131,16.058648],[120.696124,16.05919]]],[[[120.714057,16.059653],[120.713494,16.059918],[120.713503,16.059105],[120.714057,16.059653]]],[[[120.698921,16.059762],[120.698643,16.059488],[120.699764,16.0595],[120.698921,16.059762]]],[[[120.707054,16.059307],[120.707612,16.059584],[120.707048,16.059849],[120.707054,16.059307]]],[[[120.644912,16.059414],[120.643794,16.059131],[120.644635,16.05914],[120.644912,16.059414]]],[[[120.656124,16.059266],[120.655561,16.059531],[120.655564,16.05926],[120.656124,16.059266]]],[[[120.709013,16.059599],[120.708726,16.060138],[120.708733,16.059596],[120.709013,16.059599]]],[[[120.711255,16.059623],[120.710688,16.060159],[120.710128,16.060153],[120.71014,16.059069],[120.709299,16.05906],[120.709013,16.059599],[120.708739,16.059054],[120.709022,16.058786],[120.709035,16.057702],[120.709885,16.056898],[120.710445,16.056904],[120.710999,16.057452],[120.710439,16.057446],[120.71071,16.058262],[120.710694,16.059617],[120.711255,16.059623]]],[[[120.635383,16.059309],[120.635387,16.059038],[120.636227,16.059047],[120.636224,16.059318],[120.635941,16.059586],[120.635383,16.059309]]],[[[120.637632,16.058792],[120.637622,16.059605],[120.637071,16.058785],[120.637632,16.058792]]],[[[120.6578,16.059826],[120.657242,16.059549],[120.656956,16.060088],[120.656405,16.059269],[120.657252,16.058736],[120.657803,16.059555],[120.6578,16.059826]]],[[[120.635377,16.059851],[120.634823,16.059303],[120.635383,16.059309],[120.635377,16.059851]]],[[[120.6578,16.059826],[120.65808,16.059829],[120.658077,16.0601],[120.6578,16.059826]]],[[[120.658921,16.059839],[120.658917,16.06011],[120.658637,16.060106],[120.658921,16.059839]]],[[[120.68078,16.060076],[120.681054,16.060621],[120.680773,16.060618],[120.68078,16.060076]]],[[[120.649946,16.060282],[120.649962,16.058927],[120.649701,16.057298],[120.650265,16.057034],[120.650255,16.057846],[120.651937,16.057865],[120.651934,16.058136],[120.650252,16.058117],[120.650227,16.060285],[120.649946,16.060282]]],[[[120.658637,16.060106],[120.658634,16.060377],[120.658357,16.060103],[120.658637,16.060106]]],[[[120.703115,16.06062],[120.702832,16.060888],[120.703106,16.061433],[120.702545,16.061427],[120.701988,16.06115],[120.701701,16.061689],[120.701424,16.061415],[120.70115,16.06087],[120.701163,16.059786],[120.701729,16.05925],[120.701739,16.058437],[120.702863,16.058178],[120.70314,16.058452],[120.703417,16.058726],[120.703688,16.059542],[120.703124,16.059807],[120.703118,16.060349],[120.702835,16.060617],[120.703115,16.06062]],[[120.70172,16.060063],[120.701997,16.060337],[120.702564,16.059801],[120.702576,16.058717],[120.702016,16.058711],[120.70172,16.060063]]],[[[120.633969,16.060377],[120.633412,16.0601],[120.634256,16.059838],[120.633969,16.060377]]],[[[120.685207,16.057988],[120.685478,16.058804],[120.685191,16.059343],[120.686312,16.059355],[120.686026,16.059894],[120.686583,16.060171],[120.686294,16.060981],[120.686017,16.060707],[120.685739,16.060433],[120.685179,16.060427],[120.684628,16.059608],[120.68464,16.058524],[120.685207,16.057988]]],[[[120.708726,16.060138],[120.708434,16.061219],[120.708153,16.061216],[120.707879,16.060671],[120.707886,16.060129],[120.708726,16.060138]]],[[[120.632547,16.060196],[120.632516,16.059607],[120.632861,16.059281],[120.633135,16.059826],[120.632547,16.060196]]],[[[120.666201,16.06046],[120.666755,16.061008],[120.666474,16.061005],[120.666197,16.060731],[120.666201,16.06046]]],[[[120.707873,16.061213],[120.70759,16.061481],[120.707599,16.060668],[120.707879,16.060671],[120.707873,16.061213]]],[[[120.708153,16.061216],[120.707867,16.061755],[120.707873,16.061213],[120.708153,16.061216]]],[[[120.686294,16.060981],[120.686854,16.060987],[120.686568,16.061526],[120.686294,16.060981]]],[[[120.651335,16.061382],[120.651055,16.061378],[120.651071,16.060024],[120.651618,16.061114],[120.651335,16.061382]]],[[[120.663392,16.060971],[120.663385,16.061513],[120.662271,16.060959],[120.663392,16.060971]]],[[[120.656952,16.060359],[120.65807,16.060642],[120.657781,16.061452],[120.65694,16.061443],[120.656952,16.060359]]],[[[120.635941,16.059586],[120.636781,16.059595],[120.637052,16.060411],[120.63789,16.060692],[120.63788,16.061505],[120.63732,16.061498],[120.637329,16.060685],[120.636488,16.060676],[120.635377,16.059851],[120.635941,16.059586]]],[[[120.654695,16.061689],[120.654414,16.061686],[120.654698,16.061418],[120.654695,16.061689]]],[[[120.659745,16.061203],[120.6603,16.061751],[120.659459,16.061742],[120.659745,16.061203]]],[[[120.669834,16.061313],[120.669841,16.060771],[120.670681,16.06078],[120.671242,16.060786],[120.671519,16.06106],[120.671232,16.061599],[120.670946,16.062138],[120.67093,16.063493],[120.67121,16.063496],[120.671752,16.065128],[120.671185,16.065664],[120.670905,16.065661],[120.670621,16.065929],[120.670351,16.065113],[120.66979,16.065107],[120.668669,16.065094],[120.668675,16.064552],[120.668682,16.06401],[120.668405,16.063736],[120.668411,16.063194],[120.668691,16.063197],[120.668975,16.062929],[120.669255,16.062933],[120.669249,16.063474],[120.670089,16.063484],[120.670096,16.062942],[120.669535,16.062936],[120.669828,16.061855],[120.669548,16.061852],[120.669271,16.061578],[120.669267,16.061849],[120.669264,16.06212],[120.668978,16.062658],[120.668975,16.062929],[120.668694,16.062926],[120.668698,16.062655],[120.668417,16.062652],[120.66814,16.062378],[120.668124,16.063733],[120.668121,16.064004],[120.668118,16.064275],[120.668395,16.064549],[120.668115,16.064546],[120.668109,16.065088],[120.667548,16.065082],[120.667819,16.065898],[120.668379,16.065904],[120.668109,16.065088],[120.668669,16.065094],[120.669223,16.065642],[120.668373,16.066446],[120.669211,16.066726],[120.670051,16.066735],[120.670612,16.066742],[120.670889,16.067016],[120.671446,16.067293],[120.671443,16.067564],[120.670322,16.067551],[120.670042,16.067548],[120.670039,16.067819],[120.669472,16.068355],[120.669481,16.067542],[120.669201,16.067539],[120.668921,16.067536],[120.668908,16.06862],[120.668068,16.068611],[120.66752,16.067521],[120.6678,16.067524],[120.668083,16.067256],[120.667803,16.067253],[120.667806,16.066982],[120.667529,16.066708],[120.667532,16.066437],[120.667252,16.066434],[120.667255,16.066163],[120.667535,16.066166],[120.667258,16.065892],[120.667268,16.065079],[120.666701,16.065615],[120.666695,16.066157],[120.666128,16.066693],[120.665567,16.066687],[120.665558,16.0675],[120.666399,16.067509],[120.666654,16.06968],[120.666093,16.069674],[120.665825,16.068587],[120.664415,16.069384],[120.664991,16.068035],[120.664431,16.068029],[120.66445,16.066403],[120.66473,16.066406],[120.66501,16.066409],[120.665016,16.065868],[120.665297,16.065871],[120.66558,16.065603],[120.66586,16.065606],[120.66587,16.064793],[120.667551,16.064811],[120.667287,16.063453],[120.667577,16.062643],[120.666736,16.062634],[120.666739,16.062363],[120.666742,16.062092],[120.667026,16.061824],[120.667586,16.06183],[120.668146,16.061836],[120.668156,16.061023],[120.668713,16.061301],[120.66928,16.060765],[120.669274,16.061307],[120.669834,16.061313]]],[[[120.674063,16.059191],[120.674343,16.059194],[120.674624,16.059197],[120.674608,16.060552],[120.674872,16.06191],[120.674044,16.060816],[120.674063,16.059191]]],[[[120.707864,16.062026],[120.708141,16.0623],[120.707861,16.062297],[120.707864,16.062026]]],[[[120.655535,16.061699],[120.654691,16.06196],[120.654695,16.061689],[120.654981,16.061151],[120.654701,16.061147],[120.654153,16.060057],[120.654988,16.060609],[120.655274,16.06007],[120.655825,16.060889],[120.655535,16.061699]]],[[[120.632627,16.061717],[120.632571,16.060644],[120.633113,16.061723],[120.632832,16.06172],[120.632627,16.061717]]],[[[120.642924,16.06156],[120.642921,16.061831],[120.642641,16.061828],[120.642644,16.061557],[120.642924,16.06156]]],[[[120.645443,16.061859],[120.644045,16.061572],[120.644061,16.060218],[120.644329,16.061305],[120.645443,16.061859]]],[[[120.666742,16.062092],[120.666462,16.062089],[120.666182,16.062086],[120.665627,16.061538],[120.666471,16.061276],[120.666752,16.061279],[120.666745,16.061821],[120.666742,16.062092]]],[[[120.701424,16.061415],[120.701421,16.061686],[120.701132,16.062496],[120.701144,16.061412],[120.701424,16.061415]]],[[[120.665073,16.06099],[120.664784,16.0618],[120.663943,16.061791],[120.664217,16.062336],[120.663656,16.062329],[120.663653,16.0626],[120.66337,16.062868],[120.663099,16.062052],[120.663379,16.062055],[120.663385,16.061513],[120.663672,16.060975],[120.664513,16.060984],[120.664793,16.060987],[120.665073,16.06099]]],[[[120.637313,16.06204],[120.636472,16.062031],[120.637039,16.061495],[120.637313,16.06204]]],[[[120.644039,16.062114],[120.643759,16.062111],[120.643762,16.06184],[120.644039,16.062114]]],[[[120.671232,16.061599],[120.671503,16.062415],[120.671226,16.062141],[120.671232,16.061599]]],[[[120.709539,16.062586],[120.709555,16.061231],[120.710125,16.060424],[120.710685,16.06043],[120.711246,16.060436],[120.712093,16.059903],[120.711806,16.060442],[120.711791,16.061797],[120.711218,16.062875],[120.710937,16.062872],[120.710663,16.062327],[120.7101,16.062592],[120.710094,16.063134],[120.710934,16.063143],[120.711218,16.062875],[120.711498,16.062878],[120.711482,16.064233],[120.71176,16.064507],[120.710075,16.06476],[120.710072,16.065031],[120.709511,16.065025],[120.709798,16.064486],[120.70981,16.063402],[120.709536,16.062857],[120.709539,16.062586]],[[120.710115,16.061237],[120.710106,16.06205],[120.710666,16.062056],[120.710115,16.061237]]],[[[120.69359,16.060246],[120.693303,16.060785],[120.692743,16.060779],[120.692456,16.061318],[120.693017,16.061324],[120.693001,16.062679],[120.692721,16.062676],[120.692453,16.061589],[120.692173,16.061586],[120.692182,16.060773],[120.692749,16.060237],[120.69359,16.060246]]],[[[120.654414,16.061686],[120.654411,16.061957],[120.654405,16.062499],[120.654125,16.062496],[120.653844,16.062493],[120.653284,16.062487],[120.653293,16.061674],[120.654414,16.061686]]],[[[120.666175,16.062628],[120.665895,16.062625],[120.666182,16.062086],[120.666178,16.062357],[120.666175,16.062628]]],[[[120.704769,16.063077],[120.704211,16.0628],[120.703943,16.061713],[120.703386,16.061436],[120.703115,16.06062],[120.703118,16.060349],[120.703965,16.059816],[120.704519,16.060364],[120.704507,16.061448],[120.704221,16.061987],[120.704775,16.062535],[120.704769,16.063077]]],[[[120.70589,16.063089],[120.705609,16.063086],[120.705628,16.06146],[120.705905,16.061734],[120.70589,16.063089]]],[[[120.666175,16.062628],[120.666456,16.062631],[120.666452,16.062902],[120.666172,16.062899],[120.666175,16.062628]]],[[[120.701128,16.062767],[120.700842,16.063306],[120.700568,16.062761],[120.701128,16.062767]]],[[[120.677388,16.062479],[120.677659,16.063295],[120.677102,16.063018],[120.677388,16.062479]]],[[[120.679363,16.061416],[120.679634,16.062232],[120.680191,16.062509],[120.679061,16.06331],[120.678787,16.062765],[120.678827,16.059242],[120.678547,16.059239],[120.678585,16.055987],[120.678336,16.053274],[120.678887,16.054093],[120.679167,16.054097],[120.679722,16.054645],[120.679715,16.055187],[120.680839,16.054928],[120.680553,16.055467],[120.680824,16.056283],[120.68054,16.056551],[120.67997,16.057357],[120.680528,16.057635],[120.680817,16.056825],[120.681372,16.057373],[120.680811,16.057367],[120.681085,16.057912],[120.680241,16.058173],[120.680795,16.058722],[120.680503,16.059802],[120.68078,16.060076],[120.680219,16.06007],[120.680226,16.059528],[120.679385,16.059519],[120.679939,16.060067],[120.679363,16.061416]]],[[[120.64572,16.062133],[120.645154,16.062669],[120.64459,16.062934],[120.644036,16.062385],[120.644039,16.062114],[120.64572,16.062133]]],[[[120.666172,16.062899],[120.666169,16.06317],[120.665889,16.063167],[120.666172,16.062899]]],[[[120.662249,16.062856],[120.662245,16.063127],[120.661968,16.062853],[120.662249,16.062856]]],[[[120.707858,16.062568],[120.707845,16.063652],[120.707565,16.063649],[120.707577,16.062565],[120.707858,16.062568]]],[[[120.6373,16.063124],[120.63646,16.063115],[120.636469,16.062302],[120.63731,16.062311],[120.6373,16.063124]]],[[[120.655236,16.063321],[120.655239,16.06305],[120.655516,16.063325],[120.655236,16.063321]]],[[[120.664217,16.062336],[120.664487,16.063152],[120.664484,16.063423],[120.663366,16.063139],[120.66337,16.062868],[120.66365,16.062871],[120.664217,16.062336]]],[[[120.654682,16.062773],[120.654679,16.063044],[120.654395,16.063312],[120.652437,16.06302],[120.65244,16.062749],[120.65272,16.062752],[120.653284,16.062487],[120.653841,16.062764],[120.654121,16.062767],[120.654402,16.06277],[120.654682,16.062773]]],[[[120.685702,16.063685],[120.68544,16.062056],[120.68573,16.061246],[120.68601,16.061249],[120.686278,16.062336],[120.686558,16.062339],[120.686555,16.06261],[120.686262,16.063691],[120.686543,16.063694],[120.687084,16.065326],[120.68568,16.065582],[120.685393,16.066121],[120.685944,16.06694],[120.685384,16.066933],[120.684549,16.066382],[120.684553,16.066111],[120.683438,16.065557],[120.683447,16.064744],[120.684008,16.06475],[120.684014,16.064208],[120.683454,16.064202],[120.683466,16.063118],[120.683749,16.06285],[120.684023,16.063395],[120.684584,16.063402],[120.684581,16.063673],[120.684864,16.063405],[120.685144,16.063408],[120.685418,16.063953],[120.685422,16.063682],[120.685702,16.063685]],[[120.684845,16.06503],[120.685132,16.064492],[120.684571,16.064485],[120.684282,16.065295],[120.684556,16.06584],[120.685116,16.065846],[120.685123,16.065305],[120.684845,16.06503]]],[[[120.695227,16.064058],[120.694667,16.064052],[120.694679,16.062968],[120.695249,16.062162],[120.695259,16.061349],[120.696383,16.06109],[120.696373,16.061903],[120.69553,16.062165],[120.695514,16.06352],[120.694953,16.063513],[120.695227,16.064058]]],[[[120.696915,16.063535],[120.696909,16.064077],[120.696352,16.0638],[120.696635,16.063532],[120.696915,16.063535]]],[[[120.699157,16.063559],[120.698313,16.063821],[120.698316,16.06355],[120.699157,16.063559]]],[[[120.67429,16.0638],[120.674287,16.064071],[120.674558,16.064887],[120.674268,16.065697],[120.673704,16.065962],[120.673695,16.066775],[120.672857,16.066495],[120.67286,16.066224],[120.673141,16.066227],[120.673424,16.065959],[120.673144,16.065956],[120.672867,16.065682],[120.674,16.06461],[120.672882,16.064327],[120.672306,16.065676],[120.672032,16.065131],[120.672048,16.063776],[120.672612,16.063511],[120.673166,16.064059],[120.674007,16.064068],[120.67429,16.0638]]],[[[120.675411,16.063813],[120.675128,16.06408],[120.675131,16.063809],[120.675411,16.063813]]],[[[120.700833,16.064119],[120.700829,16.06439],[120.700549,16.064387],[120.700833,16.064119]]],[[[120.634211,16.063632],[120.633087,16.063891],[120.633093,16.063349],[120.632706,16.063219],[120.632646,16.062077],[120.632829,16.061991],[120.633113,16.061723],[120.633393,16.061726],[120.633673,16.061729],[120.634234,16.061735],[120.633383,16.062539],[120.633103,16.062536],[120.6331,16.062807],[120.633383,16.062539],[120.633944,16.062545],[120.634211,16.063632]]],[[[120.655787,16.064141],[120.655516,16.063325],[120.655797,16.063328],[120.655812,16.061973],[120.655535,16.061699],[120.656099,16.061434],[120.656653,16.061982],[120.65694,16.061443],[120.65693,16.062256],[120.656363,16.062792],[120.655787,16.064141]]],[[[120.708393,16.064742],[120.708674,16.064745],[120.708643,16.067455],[120.708082,16.067449],[120.707811,16.066633],[120.707257,16.066085],[120.707546,16.065275],[120.707833,16.064736],[120.707836,16.064465],[120.708122,16.063926],[120.708393,16.064742]]],[[[120.658882,16.06309],[120.658867,16.064445],[120.658586,16.064442],[120.658602,16.063087],[120.658882,16.06309]]],[[[120.68289,16.064467],[120.682326,16.064732],[120.682336,16.063919],[120.682896,16.063925],[120.68289,16.064467]]],[[[120.687651,16.06479],[120.687091,16.064784],[120.687097,16.064242],[120.687651,16.06479]]],[[[120.680166,16.064677],[120.679882,16.064945],[120.679898,16.06359],[120.680166,16.064677]]],[[[120.692721,16.062676],[120.692696,16.064844],[120.692132,16.065109],[120.692148,16.063754],[120.691874,16.063209],[120.692721,16.062676]]],[[[120.664755,16.064239],[120.663351,16.064494],[120.663917,16.063958],[120.664201,16.06369],[120.664481,16.063694],[120.664755,16.064239]]],[[[120.687648,16.065061],[120.687645,16.065332],[120.687365,16.065329],[120.687648,16.065061]]],[[[120.700546,16.064658],[120.700826,16.064661],[120.701664,16.064941],[120.701938,16.065486],[120.700817,16.065474],[120.700537,16.065471],[120.699982,16.064923],[120.700546,16.064658]]],[[[120.709511,16.065025],[120.709505,16.065567],[120.709225,16.065564],[120.709511,16.065025]]],[[[120.654653,16.065212],[120.654093,16.065206],[120.654386,16.064125],[120.65494,16.064673],[120.655217,16.064947],[120.655214,16.065218],[120.654653,16.065212]]],[[[120.634211,16.063632],[120.635329,16.063915],[120.635606,16.06419],[120.635316,16.064999],[120.635049,16.063912],[120.633925,16.064171],[120.634211,16.063632]]],[[[120.650176,16.064621],[120.649889,16.06516],[120.649335,16.064612],[120.649348,16.063528],[120.649908,16.063534],[120.650176,16.064621]]],[[[120.650733,16.064898],[120.65073,16.065169],[120.650453,16.064895],[120.650733,16.064898]]],[[[120.706425,16.065263],[120.706699,16.065808],[120.706139,16.065802],[120.706425,16.065263]]],[[[120.655787,16.064141],[120.656351,16.063876],[120.656335,16.065231],[120.655494,16.065221],[120.655497,16.06495],[120.655787,16.064141]]],[[[120.679593,16.065755],[120.679039,16.065207],[120.679602,16.064942],[120.679593,16.065755]]],[[[120.652141,16.064372],[120.652131,16.065185],[120.651567,16.065449],[120.651599,16.06274],[120.65216,16.062746],[120.652437,16.06302],[120.651867,16.063827],[120.652141,16.064372]]],[[[120.701938,16.065486],[120.702212,16.066031],[120.701652,16.066025],[120.701938,16.065486]]],[[[120.709779,16.066112],[120.709499,16.066109],[120.709505,16.065567],[120.710066,16.065573],[120.710072,16.065031],[120.710913,16.06504],[120.710906,16.065582],[120.710349,16.065305],[120.710343,16.065847],[120.709779,16.066112]]],[[[120.63616,16.064738],[120.63559,16.065544],[120.635316,16.064999],[120.63616,16.064738]]],[[[120.66558,16.065603],[120.6653,16.0656],[120.665016,16.065868],[120.664736,16.065864],[120.665306,16.065058],[120.66558,16.065603]]],[[[120.687645,16.065332],[120.688766,16.065344],[120.688196,16.066151],[120.687645,16.065332]]],[[[120.667258,16.065892],[120.667255,16.066163],[120.666975,16.06616],[120.666978,16.065889],[120.667258,16.065892]]],[[[120.648759,16.065961],[120.648778,16.064335],[120.649058,16.064338],[120.649039,16.065964],[120.648759,16.065961]]],[[[120.664736,16.065864],[120.664733,16.066135],[120.664453,16.066132],[120.664736,16.065864]]],[[[120.712031,16.065323],[120.712594,16.065058],[120.712576,16.066684],[120.712031,16.065323]]],[[[120.699406,16.066272],[120.699684,16.066546],[120.699403,16.066543],[120.699406,16.066272]]],[[[120.663347,16.064765],[120.663628,16.064768],[120.663612,16.066123],[120.663051,16.066117],[120.663347,16.064765]]],[[[120.670618,16.0662],[120.670335,16.066468],[120.670055,16.066464],[120.6695,16.065916],[120.669784,16.065648],[120.670621,16.065929],[120.670618,16.0662]]],[[[120.704177,16.065781],[120.703613,16.066046],[120.704445,16.066868],[120.703324,16.066856],[120.703333,16.066043],[120.704177,16.065781]]],[[[120.651835,16.066536],[120.651561,16.065991],[120.652125,16.065726],[120.651835,16.066536]]],[[[120.670618,16.0662],[120.671172,16.066748],[120.670892,16.066745],[120.670612,16.066742],[120.670615,16.066471],[120.670618,16.0662]]],[[[120.677061,16.066541],[120.676778,16.066809],[120.676781,16.066538],[120.677061,16.066541]]],[[[120.709499,16.066109],[120.709496,16.06638],[120.709212,16.066648],[120.708926,16.067187],[120.708938,16.066103],[120.709219,16.066106],[120.709499,16.066109]]],[[[120.690995,16.066452],[120.691269,16.066997],[120.690709,16.066991],[120.690715,16.066449],[120.689878,16.066169],[120.690999,16.066181],[120.690995,16.066452]]],[[[120.709773,16.066654],[120.709767,16.067196],[120.709493,16.066651],[120.709773,16.066654]]],[[[120.645109,16.066462],[120.644545,16.066727],[120.644265,16.066724],[120.643988,16.06645],[120.644564,16.065101],[120.644583,16.063475],[120.644306,16.063201],[120.645147,16.063211],[120.645421,16.063756],[120.645402,16.065382],[120.645953,16.066201],[120.645115,16.06592],[120.645109,16.066462]]],[[[120.645109,16.066462],[120.645386,16.066736],[120.645106,16.066733],[120.645109,16.066462]]],[[[120.688467,16.066967],[120.688464,16.067238],[120.688183,16.067235],[120.688467,16.066967]]],[[[120.701365,16.066564],[120.701075,16.067374],[120.700518,16.067097],[120.700805,16.066558],[120.701365,16.066564]]],[[[120.650991,16.066798],[120.651271,16.066801],[120.651268,16.067072],[120.650991,16.066798]]],[[[120.651835,16.066536],[120.652109,16.067081],[120.651548,16.067075],[120.651552,16.066804],[120.651835,16.066536]]],[[[120.694626,16.067575],[120.693786,16.067566],[120.693801,16.066211],[120.694081,16.066214],[120.694069,16.067298],[120.694626,16.067575]]],[[[120.707244,16.067169],[120.707238,16.067711],[120.706404,16.06716],[120.707244,16.067169]]],[[[120.655749,16.067392],[120.656051,16.065499],[120.656892,16.065508],[120.656599,16.066589],[120.655749,16.067392]]],[[[120.667529,16.066708],[120.667526,16.066979],[120.66752,16.067521],[120.666969,16.066702],[120.667249,16.066705],[120.667529,16.066708]]],[[[120.644539,16.067269],[120.643698,16.06726],[120.643988,16.06645],[120.644262,16.066995],[120.644539,16.067269]]],[[[120.651548,16.067075],[120.651545,16.067346],[120.651268,16.067072],[120.651548,16.067075]]],[[[120.65465,16.065483],[120.65493,16.065486],[120.654908,16.067383],[120.654628,16.06738],[120.654641,16.066296],[120.654367,16.065751],[120.65465,16.065483]]],[[[120.671739,16.066212],[120.672016,16.066486],[120.672293,16.06676],[120.672004,16.06757],[120.671724,16.067567],[120.671446,16.067293],[120.671172,16.066748],[120.671459,16.066209],[120.671739,16.066212]]],[[[120.697725,16.066254],[120.698279,16.066802],[120.698267,16.067886],[120.697725,16.066254]]],[[[120.643138,16.067254],[120.643134,16.067525],[120.642854,16.067522],[120.642857,16.067251],[120.643138,16.067254]]],[[[120.672857,16.066495],[120.672841,16.06785],[120.672561,16.067847],[120.672574,16.066763],[120.672857,16.066495]]],[[[120.639217,16.06694],[120.639491,16.067485],[120.639211,16.067482],[120.639217,16.06694]]],[[[120.642297,16.067245],[120.641453,16.067506],[120.641456,16.067235],[120.641736,16.067238],[120.642297,16.067245]]],[[[120.671724,16.067567],[120.67172,16.067838],[120.67144,16.067835],[120.671443,16.067564],[120.671724,16.067567]]],[[[120.679766,16.067957],[120.678645,16.067945],[120.678938,16.066864],[120.679209,16.06768],[120.679766,16.067957]]],[[[120.683983,16.066918],[120.68425,16.068005],[120.68341,16.067996],[120.683419,16.067183],[120.683706,16.066644],[120.683983,16.066918]]],[[[120.653504,16.067639],[120.653781,16.067913],[120.653501,16.06791],[120.653504,16.067639]]],[[[120.67144,16.067835],[120.671437,16.068106],[120.671157,16.068103],[120.67144,16.067835]]],[[[120.643698,16.06726],[120.643411,16.067799],[120.643415,16.067528],[120.643418,16.067257],[120.643698,16.06726]]],[[[120.694903,16.067849],[120.695467,16.067584],[120.695458,16.068397],[120.694903,16.067849]]],[[[120.652102,16.067623],[120.65266,16.0679],[120.65294,16.067904],[120.652096,16.068165],[120.652102,16.067623]]],[[[120.675087,16.067603],[120.675927,16.067612],[120.675638,16.068422],[120.675087,16.067603]]],[[[120.653781,16.067913],[120.654058,16.068187],[120.653778,16.068184],[120.653781,16.067913]]],[[[120.661628,16.067999],[120.660224,16.068254],[120.660227,16.067983],[120.659943,16.068251],[120.659389,16.067703],[120.660516,16.067173],[120.660803,16.066635],[120.660246,16.066357],[120.659395,16.067161],[120.659389,16.067703],[120.659118,16.066887],[120.659688,16.06608],[120.66109,16.066096],[120.661083,16.066638],[120.662198,16.067192],[120.662478,16.067195],[120.663316,16.067475],[120.66359,16.06802],[120.663032,16.067743],[120.661908,16.068002],[120.661628,16.067999]]],[[[120.710309,16.068828],[120.710875,16.068292],[120.710869,16.068834],[120.710309,16.068828]]],[[[120.673115,16.068395],[120.673112,16.068666],[120.672832,16.068663],[120.672835,16.068392],[120.673115,16.068395]]],[[[120.67115,16.068645],[120.67087,16.068642],[120.671154,16.068374],[120.67115,16.068645]]],[[[120.696579,16.068409],[120.696573,16.068951],[120.696018,16.068403],[120.696579,16.068409]]],[[[120.703881,16.067133],[120.704442,16.067139],[120.704155,16.067678],[120.704423,16.068765],[120.703299,16.069024],[120.703585,16.068485],[120.703598,16.067401],[120.703881,16.067133]]],[[[120.709761,16.067738],[120.710035,16.068283],[120.709754,16.06828],[120.708914,16.068271],[120.708627,16.06881],[120.70807,16.068533],[120.707789,16.06853],[120.707783,16.069072],[120.707503,16.069069],[120.707515,16.067985],[120.708636,16.067997],[120.708923,16.067458],[120.709761,16.067738]]],[[[120.654332,16.068732],[120.654335,16.068461],[120.654612,16.068735],[120.654332,16.068732]]],[[[120.656867,16.067676],[120.657138,16.068492],[120.6563,16.068211],[120.656867,16.067676]]],[[[120.680324,16.068234],[120.679754,16.069041],[120.679763,16.068228],[120.680324,16.068234]]],[[[120.707503,16.069069],[120.7075,16.06934],[120.70722,16.069337],[120.707503,16.069069]]],[[[120.654332,16.068732],[120.654329,16.069003],[120.654048,16.069],[120.653497,16.068181],[120.653778,16.068184],[120.654055,16.068458],[120.654332,16.068732]]],[[[120.660224,16.068254],[120.660214,16.069067],[120.659934,16.069064],[120.659943,16.068251],[120.660224,16.068254]]],[[[120.636682,16.067996],[120.636138,16.066635],[120.635584,16.066086],[120.63587,16.065548],[120.636428,16.065825],[120.636969,16.067457],[120.63808,16.068282],[120.637236,16.068544],[120.637246,16.067731],[120.636682,16.067996]]],[[[120.671431,16.068648],[120.671434,16.068377],[120.671717,16.068109],[120.671997,16.068112],[120.672278,16.068115],[120.671985,16.069196],[120.671431,16.068648]]],[[[120.677048,16.067625],[120.6776,16.068444],[120.67759,16.069257],[120.676768,16.067622],[120.677048,16.067625]]],[[[120.685916,16.069378],[120.685356,16.069372],[120.685359,16.069101],[120.685919,16.069107],[120.685916,16.069378]]],[[[120.694604,16.069472],[120.694044,16.069466],[120.694894,16.068662],[120.695168,16.069207],[120.694604,16.069472]]],[[[120.682843,16.068532],[120.682846,16.068261],[120.683406,16.068267],[120.683954,16.069357],[120.683394,16.069351],[120.683403,16.068538],[120.682843,16.068532]]],[[[120.671985,16.069196],[120.671982,16.069467],[120.671701,16.069464],[120.671985,16.069196]]],[[[120.655749,16.067392],[120.655179,16.068199],[120.65545,16.069015],[120.654886,16.06928],[120.654899,16.068196],[120.654338,16.06819],[120.654625,16.067651],[120.655188,16.067386],[120.655749,16.067392]]],[[[120.688464,16.067238],[120.688744,16.067241],[120.688719,16.069409],[120.688436,16.069677],[120.687881,16.069129],[120.687604,16.068855],[120.687607,16.068584],[120.687327,16.068581],[120.687346,16.066955],[120.687066,16.066952],[120.687084,16.065326],[120.687365,16.065329],[120.687349,16.066684],[120.687629,16.066687],[120.687626,16.066958],[120.687617,16.067771],[120.68818,16.067506],[120.688464,16.067238]]],[[[120.70722,16.069337],[120.707213,16.069879],[120.706933,16.069876],[120.706656,16.069602],[120.70722,16.069337]]],[[[120.707497,16.069611],[120.707774,16.069885],[120.707494,16.069882],[120.707497,16.069611]]],[[[120.649278,16.069489],[120.649001,16.069215],[120.649281,16.069218],[120.649278,16.069489]]],[[[120.640032,16.069117],[120.640309,16.069391],[120.640029,16.069388],[120.640032,16.069117]]],[[[120.671698,16.069735],[120.671138,16.069729],[120.671144,16.069187],[120.671147,16.068916],[120.67115,16.068645],[120.671431,16.068648],[120.671701,16.069464],[120.671698,16.069735]]],[[[120.706933,16.069876],[120.70665,16.070144],[120.706653,16.069873],[120.706933,16.069876]]],[[[120.640029,16.069388],[120.640026,16.069659],[120.638064,16.069637],[120.637227,16.069357],[120.638638,16.068559],[120.638911,16.069104],[120.639752,16.069114],[120.640029,16.069388]]],[[[120.644539,16.067269],[120.645666,16.06674],[120.64651,16.066478],[120.646491,16.068104],[120.645653,16.067824],[120.645647,16.068365],[120.646481,16.068917],[120.645354,16.069446],[120.645071,16.069714],[120.645093,16.067817],[120.644539,16.067269]]],[[[120.673109,16.068937],[120.672816,16.070018],[120.672829,16.068934],[120.673109,16.068937]]],[[[120.682843,16.068532],[120.682827,16.069887],[120.681983,16.070149],[120.682563,16.068529],[120.682843,16.068532]]],[[[120.687881,16.069129],[120.687588,16.07021],[120.687308,16.070207],[120.687321,16.069123],[120.687601,16.069126],[120.687881,16.069129]]],[[[120.701605,16.07009],[120.701602,16.070361],[120.701325,16.070087],[120.701605,16.07009]]],[[[120.654876,16.070093],[120.65516,16.069825],[120.65544,16.069828],[120.655437,16.070099],[120.654876,16.070093]]],[[[120.657399,16.070121],[120.657402,16.06985],[120.657679,16.070124],[120.657399,16.070121]]],[[[120.647309,16.07001],[120.647039,16.069194],[120.647599,16.0692],[120.647309,16.07001]]],[[[120.694595,16.070285],[120.694872,16.070559],[120.693751,16.070547],[120.694038,16.070008],[120.694595,16.070285]]],[[[120.706643,16.070686],[120.706366,16.070412],[120.706647,16.070415],[120.706643,16.070686]]],[[[120.657399,16.070121],[120.657396,16.070392],[120.656835,16.070385],[120.657118,16.070117],[120.657399,16.070121]]],[[[120.678138,16.070347],[120.678135,16.070618],[120.677855,16.070615],[120.678138,16.070347]]],[[[120.657679,16.070124],[120.657959,16.070127],[120.657956,16.070398],[120.657676,16.070395],[120.657679,16.070124]]],[[[120.708042,16.070972],[120.707761,16.070969],[120.707765,16.070698],[120.708042,16.070972]]],[[[120.710306,16.069099],[120.710296,16.069912],[120.709736,16.069906],[120.71001,16.070451],[120.709172,16.070171],[120.709443,16.070987],[120.708883,16.070981],[120.708602,16.070978],[120.708325,16.070704],[120.708338,16.06962],[120.708624,16.069081],[120.708898,16.069626],[120.709175,16.0699],[120.709178,16.069629],[120.709462,16.069361],[120.710306,16.069099]]],[[[120.708042,16.070972],[120.708322,16.070975],[120.708319,16.071246],[120.708042,16.070972]]],[[[120.692646,16.06918],[120.69263,16.070535],[120.693188,16.070812],[120.692624,16.071077],[120.692353,16.070261],[120.691792,16.070255],[120.691805,16.069171],[120.691251,16.068623],[120.69126,16.06781],[120.692095,16.068361],[120.691808,16.0689],[120.692646,16.06918]]],[[[120.653752,16.070352],[120.653469,16.07062],[120.652905,16.070884],[120.652628,16.07061],[120.653762,16.069539],[120.654039,16.069813],[120.654036,16.070084],[120.654316,16.070087],[120.65431,16.070629],[120.654306,16.0709],[120.653749,16.070623],[120.653752,16.070352]]],[[[120.678132,16.070889],[120.678129,16.07116],[120.677851,16.070886],[120.678132,16.070889]]],[[[120.694589,16.070827],[120.694863,16.071372],[120.694302,16.071366],[120.694589,16.070827]]],[[[120.689818,16.071318],[120.689538,16.071315],[120.68955,16.070231],[120.689831,16.070234],[120.689818,16.071318]]],[[[120.653749,16.070623],[120.653462,16.071161],[120.653469,16.07062],[120.653749,16.070623]]],[[[120.639459,16.070194],[120.639169,16.071004],[120.638612,16.070727],[120.638895,16.070459],[120.639459,16.070194]]],[[[120.670561,16.071077],[120.670842,16.07108],[120.670839,16.071351],[120.670558,16.071348],[120.670561,16.071077]]],[[[120.687588,16.07021],[120.688429,16.070219],[120.688697,16.071306],[120.688136,16.0713],[120.688143,16.070758],[120.687582,16.070752],[120.687293,16.071561],[120.687012,16.071558],[120.687305,16.070478],[120.687588,16.07021]]],[[[120.69627,16.070845],[120.696261,16.071658],[120.695701,16.071652],[120.695713,16.070568],[120.695993,16.070571],[120.69627,16.070845]]],[[[120.702427,16.071725],[120.702147,16.071722],[120.701879,16.070635],[120.702159,16.070638],[120.702994,16.071189],[120.702427,16.071725]]],[[[120.669714,16.07161],[120.669434,16.071607],[120.669718,16.071339],[120.669714,16.07161]]],[[[120.676721,16.071686],[120.67588,16.071677],[120.676727,16.071144],[120.676721,16.071686]]],[[[120.680308,16.069589],[120.680018,16.070399],[120.680286,16.071486],[120.679722,16.071751],[120.679744,16.069854],[120.680308,16.069589]]],[[[120.697395,16.070586],[120.697379,16.071941],[120.697099,16.071938],[120.697121,16.070041],[120.697681,16.070047],[120.697395,16.070586]]],[[[120.665507,16.071835],[120.665523,16.07048],[120.665803,16.070483],[120.665788,16.071838],[120.665507,16.071835]]],[[[120.665507,16.071835],[120.665504,16.072106],[120.665224,16.072103],[120.665507,16.071835]]],[[[120.656545,16.071195],[120.656816,16.072011],[120.656259,16.071734],[120.656545,16.071195]]],[[[120.671698,16.069735],[120.671979,16.069738],[120.671975,16.070009],[120.672249,16.070554],[120.672246,16.070825],[120.672514,16.071912],[120.67195,16.072177],[120.671683,16.07109],[120.671689,16.070548],[120.671698,16.069735]]],[[[120.702427,16.071725],[120.702984,16.072002],[120.702978,16.072544],[120.702418,16.072538],[120.702427,16.071725]]],[[[120.648125,16.072187],[120.647844,16.072184],[120.64786,16.070829],[120.648141,16.070832],[120.648125,16.072187]]],[[[120.665501,16.072377],[120.665218,16.072645],[120.665221,16.072374],[120.665501,16.072377]]],[[[120.669434,16.071607],[120.669421,16.072691],[120.669141,16.072688],[120.668587,16.07214],[120.66887,16.071872],[120.668889,16.070246],[120.66917,16.070249],[120.669154,16.071604],[120.669434,16.071607]]],[[[120.670558,16.071348],[120.670832,16.071893],[120.670826,16.072435],[120.670543,16.072703],[120.670272,16.071887],[120.669711,16.071881],[120.669714,16.07161],[120.670281,16.071074],[120.670558,16.071348]]],[[[120.673355,16.071921],[120.673351,16.072192],[120.673348,16.072463],[120.673625,16.072737],[120.673345,16.072734],[120.672504,16.072725],[120.672794,16.071915],[120.673355,16.071921]]],[[[120.68591,16.06992],[120.68562,16.07073],[120.685054,16.071266],[120.685044,16.072079],[120.684194,16.072883],[120.683914,16.07288],[120.68478,16.070721],[120.685063,16.070453],[120.685349,16.069914],[120.68591,16.06992]]],[[[120.670543,16.072703],[120.670823,16.072706],[120.67082,16.072977],[120.670539,16.072974],[120.670543,16.072703]]],[[[120.696245,16.073013],[120.695685,16.073007],[120.695697,16.071923],[120.696535,16.072203],[120.696245,16.073013]]],[[[120.65372,16.073061],[120.65344,16.073058],[120.653724,16.07279],[120.65372,16.073061]]],[[[120.673625,16.072737],[120.673899,16.073282],[120.673342,16.073005],[120.673625,16.072737]]],[[[120.63916,16.071817],[120.639427,16.072904],[120.638867,16.072898],[120.638886,16.071272],[120.63916,16.071817]]],[[[120.674463,16.073017],[120.67446,16.073288],[120.67418,16.073285],[120.674463,16.073017]]],[[[120.679719,16.072022],[120.679703,16.073376],[120.679143,16.07337],[120.679159,16.072015],[120.679719,16.072022]]],[[[120.683907,16.073422],[120.683627,16.073419],[120.683911,16.073151],[120.683907,16.073422]]],[[[120.700207,16.069804],[120.699643,16.070069],[120.699637,16.07061],[120.700197,16.070617],[120.699911,16.071155],[120.700468,16.071432],[120.700462,16.071974],[120.699621,16.071965],[120.699612,16.072778],[120.699051,16.072772],[120.698762,16.073582],[120.697644,16.073299],[120.698214,16.072492],[120.698217,16.072221],[120.697946,16.071405],[120.698509,16.07114],[120.698802,16.070059],[120.699086,16.069791],[120.699089,16.06952],[120.697968,16.069508],[120.698254,16.068969],[120.698815,16.068976],[120.699101,16.068437],[120.699659,16.068714],[120.699945,16.068175],[120.700502,16.068452],[120.701063,16.068458],[120.701057,16.069],[120.700773,16.069268],[120.700496,16.068994],[120.699375,16.068982],[120.699366,16.069795],[120.700207,16.069804]],[[120.69907,16.071146],[120.698503,16.071682],[120.699064,16.071688],[120.69907,16.071146]]],[[[120.707733,16.073408],[120.70773,16.073679],[120.70745,16.073676],[120.707733,16.073408]]],[[[120.652036,16.073314],[120.651755,16.073311],[120.652039,16.073043],[120.652036,16.073314]]],[[[120.653462,16.071161],[120.653456,16.071703],[120.653176,16.0717],[120.653173,16.071971],[120.653453,16.071974],[120.653169,16.072242],[120.653166,16.072513],[120.652316,16.073317],[120.652606,16.072507],[120.652048,16.07223],[120.652338,16.07142],[120.652622,16.071152],[120.652902,16.071155],[120.653462,16.071161]]],[[[120.685589,16.07344],[120.685872,16.073172],[120.686436,16.072907],[120.68643,16.073449],[120.685589,16.07344]]],[[[120.692593,16.073787],[120.692879,16.073248],[120.693153,16.073793],[120.692593,16.073787]]],[[[120.665211,16.073187],[120.664925,16.073726],[120.664644,16.073723],[120.664931,16.073184],[120.665211,16.073187]]],[[[120.644195,16.072686],[120.644755,16.072692],[120.644746,16.073505],[120.644182,16.07377],[120.644195,16.072686]]],[[[120.651749,16.073853],[120.651469,16.07385],[120.651755,16.073311],[120.651749,16.073853]]],[[[120.676982,16.073315],[120.676976,16.073857],[120.676132,16.074119],[120.675575,16.073842],[120.676982,16.073315]]],[[[120.674728,16.074375],[120.674447,16.074372],[120.67445,16.074101],[120.674728,16.074375]]],[[[120.701269,16.074964],[120.700998,16.074148],[120.701558,16.074154],[120.701269,16.074964]]],[[[120.704635,16.07473],[120.704081,16.074182],[120.704641,16.074188],[120.704373,16.073101],[120.704657,16.072833],[120.705236,16.071213],[120.705516,16.071216],[120.706357,16.071225],[120.70607,16.071764],[120.706058,16.072848],[120.705775,16.073116],[120.705494,16.073113],[120.705491,16.073384],[120.705211,16.073381],[120.705208,16.073652],[120.705488,16.073655],[120.705199,16.074465],[120.705183,16.07582],[120.704903,16.075817],[120.705167,16.077174],[120.704607,16.077168],[120.704333,16.076623],[120.704345,16.07554],[120.704632,16.075001],[120.704635,16.07473]]],[[[120.691194,16.073501],[120.691179,16.074856],[120.690618,16.07485],[120.690902,16.074582],[120.69064,16.072953],[120.690366,16.072408],[120.689245,16.072396],[120.688971,16.071851],[120.690089,16.072134],[120.690095,16.071592],[120.690369,16.072137],[120.691487,16.07242],[120.691475,16.073504],[120.691194,16.073501]]],[[[120.675285,16.074652],[120.675002,16.07492],[120.674728,16.074375],[120.675285,16.074652]]],[[[120.693698,16.075154],[120.693421,16.07488],[120.693714,16.073799],[120.694551,16.074079],[120.694558,16.073537],[120.695115,16.073814],[120.695112,16.074085],[120.693988,16.074344],[120.693698,16.075154]]],[[[120.707151,16.075299],[120.707431,16.075302],[120.707447,16.073947],[120.70773,16.073679],[120.708011,16.073682],[120.707733,16.073408],[120.70831,16.072059],[120.70887,16.072065],[120.708879,16.071252],[120.709153,16.071797],[120.709129,16.073965],[120.707992,16.075308],[120.70798,16.076392],[120.706858,16.07638],[120.706862,16.076109],[120.706865,16.075838],[120.706024,16.075829],[120.706871,16.075296],[120.707151,16.075299]]],[[[120.684455,16.074512],[120.68501,16.07506],[120.684449,16.075054],[120.684455,16.074512]]],[[[120.638851,16.074253],[120.639965,16.074807],[120.638844,16.074795],[120.638851,16.074253]]],[[[120.649787,16.073831],[120.649494,16.074912],[120.649214,16.074909],[120.649507,16.073828],[120.649787,16.073831]]],[[[120.684455,16.074512],[120.683895,16.074506],[120.683885,16.075319],[120.683882,16.07559],[120.683602,16.075587],[120.683618,16.074232],[120.683901,16.073964],[120.683907,16.073422],[120.684188,16.073425],[120.684455,16.074512]]],[[[120.684446,16.075325],[120.685006,16.075331],[120.684163,16.075593],[120.684166,16.075322],[120.684446,16.075325]]],[[[120.664921,16.073997],[120.664902,16.075623],[120.664622,16.07562],[120.664641,16.073994],[120.664921,16.073997]]],[[[120.65258,16.074675],[120.651743,16.074395],[120.651733,16.075208],[120.650329,16.075463],[120.651176,16.074931],[120.651466,16.074121],[120.651749,16.073853],[120.652036,16.073314],[120.652316,16.073317],[120.65259,16.073862],[120.65258,16.074675]]],[[[120.675276,16.075465],[120.675553,16.075739],[120.675272,16.075736],[120.675276,16.075465]]],[[[120.693698,16.075154],[120.693689,16.075967],[120.693128,16.075961],[120.693418,16.075151],[120.693698,16.075154]]],[[[120.672753,16.075438],[120.672467,16.075976],[120.672189,16.075702],[120.672473,16.075434],[120.672753,16.075438]]],[[[120.675269,16.076007],[120.674992,16.075733],[120.675272,16.075736],[120.675269,16.076007]]],[[[120.696513,16.0741],[120.695946,16.074636],[120.695386,16.07463],[120.695367,16.076256],[120.69509,16.075982],[120.695109,16.074356],[120.695392,16.074088],[120.696513,16.0741]]],[[[120.675269,16.076007],[120.67555,16.07601],[120.675546,16.076281],[120.675269,16.076007]]],[[[120.686115,16.076427],[120.685835,16.076424],[120.686118,16.076156],[120.686115,16.076427]]],[[[120.645013,16.074592],[120.64586,16.074059],[120.646131,16.074875],[120.647813,16.074894],[120.647542,16.074078],[120.648102,16.074084],[120.648077,16.076252],[120.647516,16.076245],[120.647529,16.075162],[120.646688,16.075152],[120.646402,16.075691],[120.645013,16.074592]]],[[[120.674992,16.075733],[120.674422,16.07654],[120.673591,16.075718],[120.67361,16.074092],[120.674164,16.07464],[120.674158,16.075182],[120.674998,16.075191],[120.675276,16.075465],[120.674992,16.075733]]],[[[120.653131,16.075494],[120.653969,16.075774],[120.653963,16.076316],[120.653682,16.076313],[120.653128,16.075765],[120.653131,16.075494]]],[[[120.677225,16.07657],[120.676384,16.076561],[120.676119,16.075203],[120.676412,16.074122],[120.676967,16.07467],[120.676957,16.075483],[120.677234,16.075757],[120.677225,16.07657]]],[[[120.698447,16.07656],[120.69817,16.076286],[120.697896,16.075741],[120.697335,16.075735],[120.697609,16.07628],[120.696769,16.076271],[120.696762,16.076813],[120.696205,16.076536],[120.696211,16.075994],[120.697061,16.07519],[120.697905,16.074928],[120.697064,16.074919],[120.697631,16.074383],[120.697354,16.074109],[120.697637,16.073841],[120.698759,16.073853],[120.69988,16.073865],[120.699864,16.07522],[120.699304,16.075214],[120.699316,16.07413],[120.698752,16.074395],[120.698743,16.075208],[120.698179,16.075473],[120.698734,16.076021],[120.698727,16.076563],[120.698447,16.07656]]],[[[120.641067,16.076445],[120.639952,16.075891],[120.641074,16.075903],[120.641067,16.076445]]],[[[120.705445,16.077448],[120.706021,16.0761],[120.706581,16.076106],[120.706575,16.076648],[120.706289,16.077187],[120.705445,16.077448]]],[[[120.684144,16.077219],[120.683023,16.077207],[120.683315,16.076126],[120.683593,16.0764],[120.68387,16.076674],[120.68415,16.076677],[120.684147,16.076948],[120.684144,16.077219]]],[[[120.691733,16.075404],[120.691443,16.076214],[120.691717,16.076759],[120.691431,16.077298],[120.690873,16.077021],[120.691172,16.075398],[120.690332,16.075389],[120.690061,16.074573],[120.690618,16.07485],[120.691176,16.075127],[120.691733,16.075404]]],[[[120.69424,16.076786],[120.695084,16.076524],[120.694794,16.077334],[120.69424,16.076786]]],[[[120.698447,16.07656],[120.698441,16.077102],[120.698167,16.076557],[120.698447,16.07656]]],[[[120.634797,16.076743],[120.63457,16.076154],[120.634624,16.076103],[120.635465,16.076113],[120.634797,16.076743]]],[[[120.684144,16.077219],[120.684424,16.077222],[120.684421,16.077493],[120.684144,16.077219]]],[[[120.686663,16.077517],[120.686383,16.077514],[120.686102,16.077511],[120.685828,16.076966],[120.686115,16.076427],[120.686679,16.076162],[120.686663,16.077517]]],[[[120.648628,16.077071],[120.649198,16.076264],[120.649208,16.075451],[120.649488,16.075454],[120.649765,16.075728],[120.649195,16.076535],[120.649185,16.077348],[120.648905,16.077345],[120.648628,16.077071]]],[[[120.683098,16.070703],[120.683372,16.071248],[120.682808,16.071513],[120.682802,16.072055],[120.682241,16.072049],[120.681659,16.07394],[120.680532,16.07447],[120.680522,16.075282],[120.681366,16.075021],[120.681637,16.075837],[120.680793,16.076098],[120.681054,16.077727],[120.679659,16.07717],[120.679688,16.074731],[120.680824,16.073389],[120.681105,16.073392],[120.681108,16.073121],[120.680824,16.073389],[120.680843,16.071763],[120.681681,16.072043],[120.681967,16.071504],[120.682525,16.071781],[120.682534,16.070968],[120.681974,16.070962],[120.6817,16.070417],[120.683101,16.070432],[120.683098,16.070703]]],[[[120.696189,16.077891],[120.696196,16.077349],[120.695638,16.077072],[120.695925,16.076533],[120.696756,16.077355],[120.69675,16.077897],[120.696189,16.077891]]],[[[120.689475,16.076735],[120.689463,16.077818],[120.689182,16.077815],[120.689195,16.076731],[120.688634,16.076725],[120.689201,16.07619],[120.689475,16.076735]]],[[[120.648905,16.077345],[120.648902,16.077616],[120.648622,16.077613],[120.648625,16.077342],[120.648905,16.077345]]],[[[120.653386,16.077665],[120.653389,16.077394],[120.65367,16.077397],[120.653666,16.077668],[120.653386,16.077665]]],[[[120.664317,16.077785],[120.6646,16.077517],[120.664597,16.077788],[120.664317,16.077785]]],[[[120.703476,16.077969],[120.703473,16.07824],[120.703193,16.078237],[120.703476,16.077969]]],[[[120.674687,16.077898],[120.673843,16.07816],[120.673849,16.077618],[120.674693,16.077356],[120.674687,16.077898]]],[[[120.653386,16.077665],[120.653383,16.077936],[120.653103,16.077933],[120.653386,16.077665]]],[[[120.68837,16.075367],[120.687809,16.075361],[120.687239,16.076168],[120.688363,16.075909],[120.688338,16.078077],[120.688055,16.078345],[120.687775,16.078342],[120.687784,16.077529],[120.68751,16.076984],[120.687233,16.07671],[120.686959,16.076165],[120.687252,16.075084],[120.686691,16.075078],[120.686698,16.074536],[120.687258,16.074542],[120.68728,16.072645],[120.68756,16.072648],[120.687548,16.073732],[120.688108,16.073738],[120.687822,16.074277],[120.688382,16.074283],[120.688379,16.074554],[120.688376,16.074825],[120.68837,16.075367]]],[[[120.703473,16.07824],[120.704031,16.078517],[120.70347,16.078511],[120.703473,16.07824]]],[[[120.705445,16.077448],[120.705158,16.077987],[120.704598,16.077981],[120.704311,16.07852],[120.704317,16.077978],[120.70404,16.077704],[120.704607,16.077168],[120.704601,16.07771],[120.705445,16.077448]]],[[[120.686373,16.078327],[120.686099,16.077782],[120.68638,16.077785],[120.686373,16.078327]]],[[[120.706843,16.077735],[120.705993,16.078538],[120.706002,16.077725],[120.706843,16.077735]]],[[[120.648622,16.077613],[120.648899,16.077887],[120.648615,16.078155],[120.648335,16.078152],[120.648622,16.077613]]],[[[120.655622,16.078232],[120.655638,16.076877],[120.655918,16.07688],[120.655902,16.078235],[120.655622,16.078232]]],[[[120.70347,16.078511],[120.703187,16.078779],[120.70319,16.078508],[120.70347,16.078511]]],[[[120.704311,16.07852],[120.704028,16.078788],[120.704031,16.078517],[120.704311,16.07852]]],[[[120.707391,16.078824],[120.707397,16.078283],[120.707958,16.078289],[120.707952,16.07883],[120.707391,16.078824]]],[[[120.66739,16.078631],[120.6674,16.077818],[120.66767,16.078634],[120.66739,16.078631]]],[[[120.672454,16.07706],[120.671893,16.077054],[120.671043,16.077858],[120.670753,16.078668],[120.670479,16.078123],[120.669639,16.078114],[120.669358,16.078111],[120.669374,16.076756],[120.668259,16.076202],[120.667992,16.075115],[120.668552,16.075121],[120.668562,16.074308],[120.669122,16.074314],[120.669387,16.075672],[120.669384,16.075943],[120.669673,16.075133],[120.670237,16.074868],[120.669947,16.075678],[120.670505,16.075955],[120.670791,16.075416],[120.670779,16.0765],[120.670775,16.076771],[120.671616,16.07678],[120.671642,16.074612],[120.671084,16.074335],[120.671094,16.073522],[120.671657,16.073257],[120.671947,16.072448],[120.671928,16.074073],[120.672772,16.073812],[120.672759,16.074896],[120.672476,16.075163],[120.672189,16.075702],[120.672186,16.075973],[120.672467,16.075976],[120.672454,16.07706]]],[[[120.696183,16.078433],[120.696177,16.078975],[120.695336,16.078966],[120.696183,16.078433]]],[[[120.667387,16.078902],[120.667107,16.078899],[120.66711,16.078628],[120.66739,16.078631],[120.667387,16.078902]]],[[[120.688052,16.078616],[120.688612,16.078622],[120.688606,16.079164],[120.688052,16.078616]]],[[[120.653093,16.078746],[120.65309,16.079017],[120.652813,16.078743],[120.653093,16.078746]]],[[[120.659259,16.078813],[120.659539,16.078817],[120.659536,16.079088],[120.659259,16.078813]]],[[[120.667387,16.078902],[120.667667,16.078905],[120.667664,16.079176],[120.667384,16.079173],[120.667387,16.078902]]],[[[120.692539,16.078394],[120.693097,16.078671],[120.692527,16.079478],[120.692539,16.078394]]],[[[120.697301,16.078716],[120.697862,16.078722],[120.697572,16.079532],[120.697298,16.078987],[120.697301,16.078716]]],[[[120.65309,16.079017],[120.653367,16.079291],[120.653087,16.079288],[120.65309,16.079017]]],[[[120.635717,16.078554],[120.636828,16.07938],[120.636548,16.079377],[120.635717,16.078554]]],[[[120.694498,16.078686],[120.694202,16.080038],[120.693922,16.080035],[120.693645,16.079761],[120.693657,16.078677],[120.694498,16.078686]]],[[[120.696174,16.079246],[120.696167,16.079788],[120.695323,16.08005],[120.695613,16.07924],[120.696174,16.079246]]],[[[120.684128,16.078574],[120.684402,16.079119],[120.683838,16.079384],[120.684112,16.079929],[120.683552,16.079923],[120.683571,16.078297],[120.684128,16.078574]]],[[[120.667384,16.079173],[120.667374,16.079986],[120.667094,16.079983],[120.667384,16.079173]]],[[[120.698983,16.078734],[120.698964,16.08036],[120.698684,16.080357],[120.698702,16.078731],[120.698983,16.078734]]],[[[120.682154,16.079637],[120.68272,16.079101],[120.682428,16.080182],[120.68187,16.079904],[120.682154,16.079637]]],[[[120.700368,16.080104],[120.700926,16.080381],[120.699805,16.080369],[120.700088,16.080101],[120.700368,16.080104]]],[[[120.667655,16.079989],[120.667932,16.080263],[120.667651,16.08026],[120.667655,16.079989]]],[[[120.662049,16.079928],[120.662046,16.080199],[120.661766,16.080196],[120.661769,16.079925],[120.662049,16.079928]]],[[[120.66345,16.079943],[120.663728,16.080217],[120.663447,16.080214],[120.66345,16.079943]]],[[[120.70149,16.080116],[120.701764,16.080661],[120.701203,16.080655],[120.70149,16.080116]]],[[[120.703178,16.079592],[120.703165,16.080676],[120.702885,16.080673],[120.702897,16.079589],[120.703178,16.079592]]],[[[120.6385,16.080211],[120.63822,16.080208],[120.638223,16.079937],[120.638503,16.07994],[120.6385,16.080211]]],[[[120.648335,16.078152],[120.648609,16.078697],[120.648325,16.078965],[120.648309,16.080319],[120.648029,16.080316],[120.647475,16.079768],[120.647465,16.080581],[120.647742,16.080855],[120.647443,16.082478],[120.646886,16.082201],[120.647176,16.081391],[120.646895,16.081388],[120.646918,16.079491],[120.647198,16.079494],[120.647201,16.079223],[120.647494,16.078142],[120.648048,16.07869],[120.648335,16.078152]]],[[[120.653357,16.080104],[120.653354,16.080375],[120.653074,16.080372],[120.653077,16.080101],[120.653357,16.080104]]],[[[120.636822,16.079922],[120.636825,16.079651],[120.637105,16.079654],[120.637662,16.079931],[120.637379,16.080199],[120.636822,16.079922]]],[[[120.694199,16.080309],[120.694473,16.080854],[120.693913,16.080848],[120.693919,16.080306],[120.694199,16.080309]]],[[[120.701477,16.0812],[120.701761,16.080932],[120.701757,16.081203],[120.701477,16.0812]]],[[[120.697282,16.080342],[120.697273,16.081155],[120.696712,16.081149],[120.697002,16.080339],[120.697282,16.080342]]],[[[120.640178,16.080501],[120.640175,16.080772],[120.639334,16.080763],[120.640178,16.080501]]],[[[120.636822,16.079922],[120.636812,16.080735],[120.636334,16.080729],[120.635933,16.079689],[120.635984,16.079641],[120.636264,16.079645],[120.636822,16.079922]]],[[[120.68438,16.081016],[120.682979,16.081001],[120.684106,16.080471],[120.68438,16.081016]]],[[[120.68831,16.080516],[120.688301,16.081329],[120.68775,16.08051],[120.68831,16.080516]]],[[[120.643815,16.081083],[120.642701,16.080529],[120.644102,16.080544],[120.643815,16.081083]]],[[[120.653351,16.080646],[120.653345,16.081188],[120.653064,16.081185],[120.653071,16.080643],[120.653351,16.080646]]],[[[120.69026,16.081621],[120.689705,16.081073],[120.690266,16.081079],[120.69026,16.081621]]],[[[120.675764,16.081704],[120.675483,16.081701],[120.67554,16.076823],[120.675823,16.076555],[120.676381,16.076832],[120.677499,16.077115],[120.677206,16.078196],[120.677754,16.079286],[120.676916,16.079006],[120.676346,16.079813],[120.675764,16.081704]]],[[[120.641573,16.081058],[120.64185,16.081332],[120.641847,16.081603],[120.641567,16.0816],[120.64157,16.081329],[120.641573,16.081058]]],[[[120.653342,16.081459],[120.653338,16.08173],[120.653058,16.081727],[120.653061,16.081456],[120.653342,16.081459]]],[[[120.666792,16.081877],[120.667368,16.080528],[120.667352,16.081883],[120.666792,16.081877]]],[[[120.684651,16.081832],[120.684667,16.080477],[120.685227,16.080483],[120.685218,16.081296],[120.684651,16.081832]]],[[[120.700344,16.082272],[120.699786,16.081995],[120.70007,16.081727],[120.700347,16.082001],[120.700344,16.082272]]],[[[120.701468,16.082013],[120.701188,16.08201],[120.700624,16.082275],[120.700627,16.082004],[120.700633,16.081462],[120.701474,16.081471],[120.701468,16.082013]]],[[[120.642965,16.081887],[120.642685,16.081884],[120.642688,16.081613],[120.642965,16.081887]]],[[[120.643815,16.081083],[120.644656,16.081092],[120.644927,16.081908],[120.643815,16.081083]]],[[[120.646048,16.081921],[120.645771,16.081647],[120.646051,16.08165],[120.646048,16.081921]]],[[[120.673528,16.081137],[120.673802,16.081682],[120.673235,16.082218],[120.672955,16.082215],[120.672394,16.082209],[120.672416,16.080312],[120.671856,16.080306],[120.672145,16.079496],[120.672161,16.078141],[120.672167,16.077599],[120.672731,16.077334],[120.673002,16.07815],[120.672722,16.078147],[120.672706,16.079502],[120.673543,16.079782],[120.673528,16.081137]]],[[[120.689409,16.082425],[120.689416,16.081883],[120.689976,16.081889],[120.68969,16.082428],[120.689409,16.082425]]],[[[120.687479,16.079694],[120.686358,16.079682],[120.686351,16.080224],[120.686622,16.08104],[120.686619,16.081311],[120.68661,16.082124],[120.685766,16.082386],[120.685781,16.081031],[120.686348,16.080495],[120.685788,16.080489],[120.685797,16.079676],[120.686364,16.07914],[120.686367,16.078869],[120.686373,16.078327],[120.687214,16.078336],[120.687494,16.078339],[120.687491,16.07861],[120.687479,16.079694]]],[[[120.695585,16.081679],[120.695856,16.082495],[120.695018,16.082215],[120.695585,16.081679]]],[[[120.657536,16.082318],[120.65782,16.08205],[120.657816,16.082321],[120.657536,16.082318]]],[[[120.653052,16.082269],[120.653055,16.081998],[120.653335,16.082001],[120.653052,16.082269]]],[[[120.65866,16.082059],[120.658657,16.08233],[120.658377,16.082327],[120.65838,16.082056],[120.65866,16.082059]]],[[[120.642965,16.081887],[120.643245,16.08189],[120.643242,16.082161],[120.642965,16.081887]]],[[[120.688285,16.082684],[120.688298,16.0816],[120.688578,16.081603],[120.688565,16.082687],[120.688285,16.082684]]],[[[120.69978,16.082537],[120.699777,16.082808],[120.699496,16.082805],[120.6995,16.082534],[120.69978,16.082537]]],[[[120.644927,16.081908],[120.645207,16.081911],[120.645201,16.082453],[120.644927,16.081908]]],[[[120.653052,16.082269],[120.653049,16.08254],[120.652768,16.082537],[120.653052,16.082269]]],[[[120.659775,16.082613],[120.659218,16.082336],[120.659778,16.082342],[120.659775,16.082613]]],[[[120.67576,16.081975],[120.675751,16.082788],[120.67519,16.082782],[120.67548,16.081972],[120.67576,16.081975]]],[[[120.657253,16.082586],[120.656969,16.082854],[120.656972,16.082583],[120.657253,16.082586]]],[[[120.661454,16.082903],[120.661737,16.082635],[120.661734,16.082906],[120.661454,16.082903]]],[[[120.645201,16.082453],[120.645481,16.082456],[120.645478,16.082727],[120.645201,16.082453]]],[[[120.702875,16.081486],[120.703156,16.081489],[120.703143,16.082573],[120.703414,16.083389],[120.702857,16.083112],[120.702595,16.081483],[120.702875,16.081486]]],[[[120.689409,16.082425],[120.689687,16.082699],[120.68968,16.083241],[120.6894,16.083238],[120.689409,16.082425]]],[[[120.691923,16.083265],[120.691938,16.081911],[120.691378,16.081904],[120.691387,16.081092],[120.69083,16.080814],[120.690842,16.079731],[120.690282,16.079724],[120.690269,16.080808],[120.689712,16.080531],[120.689447,16.079173],[120.688886,16.079167],[120.689176,16.078357],[120.690014,16.078637],[120.690288,16.079182],[120.690852,16.078918],[120.691126,16.079463],[120.691113,16.080547],[120.691667,16.081095],[120.691948,16.081098],[120.692508,16.081104],[120.692483,16.083272],[120.691923,16.083265]]],[[[120.697541,16.082242],[120.697528,16.083326],[120.69726,16.082239],[120.697541,16.082242]]],[[[120.646048,16.081921],[120.646328,16.081924],[120.646316,16.083008],[120.645755,16.083001],[120.645758,16.08273],[120.646048,16.081921]]],[[[120.662291,16.083183],[120.662014,16.082909],[120.662294,16.082912],[120.662291,16.083183]]],[[[120.662852,16.083189],[120.662572,16.083186],[120.662575,16.082915],[120.662852,16.083189]]],[[[120.666792,16.081877],[120.667349,16.082154],[120.667629,16.082157],[120.66762,16.08297],[120.667062,16.082693],[120.6651,16.082672],[120.665387,16.082133],[120.666792,16.081877]]],[[[120.66089,16.083168],[120.660333,16.08289],[120.660893,16.082897],[120.66089,16.083168]]],[[[120.661454,16.082903],[120.66117,16.083171],[120.661173,16.0829],[120.661454,16.082903]]],[[[120.67098,16.083278],[120.670706,16.082733],[120.67127,16.082468],[120.67098,16.083278]]],[[[120.701468,16.082013],[120.701748,16.082016],[120.701462,16.082555],[120.701449,16.083639],[120.701169,16.083636],[120.701184,16.082281],[120.701468,16.082013]]],[[[120.679946,16.083646],[120.678834,16.082821],[120.678566,16.081734],[120.67857,16.081463],[120.678028,16.079831],[120.678588,16.079837],[120.679417,16.08093],[120.679395,16.082827],[120.679949,16.083375],[120.679946,16.083646]]],[[[120.645188,16.083537],[120.643793,16.08298],[120.644357,16.082715],[120.64436,16.082444],[120.645191,16.083266],[120.645188,16.083537]]],[[[120.637898,16.083728],[120.638465,16.083192],[120.638468,16.082921],[120.639586,16.083204],[120.639019,16.08374],[120.638739,16.083737],[120.637898,16.083728]]],[[[120.696955,16.084404],[120.696965,16.083591],[120.697519,16.084139],[120.696955,16.084404]]],[[[120.658915,16.08423],[120.659479,16.083965],[120.659476,16.084236],[120.658915,16.08423]]],[[[120.689677,16.083512],[120.689668,16.084325],[120.689391,16.084051],[120.689397,16.083509],[120.689677,16.083512]]],[[[120.691356,16.083801],[120.691349,16.084343],[120.690786,16.084608],[120.690792,16.084066],[120.691356,16.083801]]],[[[120.701437,16.084723],[120.701443,16.084181],[120.702003,16.084187],[120.701997,16.084729],[120.701437,16.084723]]],[[[120.660317,16.084245],[120.660314,16.084516],[120.659756,16.084239],[120.660317,16.084245]]],[[[120.660874,16.084523],[120.660594,16.084519],[120.660597,16.084248],[120.660874,16.084523]]],[[[120.679946,16.083646],[120.680229,16.083378],[120.681898,16.084481],[120.680497,16.084465],[120.679946,16.083646]]],[[[120.649663,16.0844],[120.649102,16.084393],[120.649106,16.084122],[120.649663,16.0844]]],[[[120.678251,16.084712],[120.677691,16.084706],[120.677984,16.083625],[120.678544,16.083631],[120.678251,16.084712]]],[[[120.696952,16.084675],[120.697229,16.084949],[120.696949,16.084946],[120.696952,16.084675]]],[[[120.640414,16.084298],[120.640411,16.084569],[120.64013,16.084566],[120.640414,16.084298]]],[[[120.65695,16.08448],[120.656947,16.084751],[120.656667,16.084747],[120.65695,16.08448]]],[[[120.658632,16.084498],[120.658629,16.084769],[120.657227,16.084754],[120.65723,16.084483],[120.658632,16.084498]]],[[[120.663963,16.084014],[120.664515,16.084833],[120.663954,16.084827],[120.663963,16.084014]]],[[[120.696949,16.084946],[120.696946,16.085217],[120.696666,16.085214],[120.696949,16.084946]]],[[[120.690786,16.084608],[120.690779,16.08515],[120.690499,16.085147],[120.690786,16.084608]]],[[[120.656386,16.084744],[120.656383,16.085015],[120.656103,16.085012],[120.656106,16.084741],[120.656386,16.084744]]],[[[120.63929,16.084556],[120.639576,16.084017],[120.64013,16.084566],[120.639844,16.085104],[120.639286,16.084827],[120.638165,16.084815],[120.638172,16.084273],[120.63929,16.084556]]],[[[120.655823,16.085009],[120.655262,16.085003],[120.655826,16.084738],[120.655823,16.085009]]],[[[120.68273,16.085303],[120.682459,16.084487],[120.683016,16.084764],[120.68273,16.085303]]],[[[120.696946,16.085217],[120.697226,16.08522],[120.696943,16.085488],[120.696946,16.085217]]],[[[120.671805,16.084642],[120.672369,16.084377],[120.672356,16.085461],[120.671805,16.084642]]],[[[120.692735,16.085713],[120.692175,16.085707],[120.692181,16.085165],[120.693022,16.085175],[120.692735,16.085713]]],[[[120.684607,16.085626],[120.683772,16.085074],[120.684336,16.08481],[120.684893,16.085087],[120.684607,16.085626]]],[[[120.694722,16.083567],[120.694436,16.084106],[120.69527,16.084657],[120.695267,16.084928],[120.695541,16.085473],[120.694697,16.085735],[120.694408,16.086545],[120.693847,16.086539],[120.693853,16.085997],[120.69442,16.085461],[120.693866,16.084913],[120.693891,16.082745],[120.694177,16.082206],[120.694747,16.081399],[120.694722,16.083567]]],[[[120.696943,16.085488],[120.696659,16.085756],[120.696662,16.085485],[120.696943,16.085488]]],[[[120.662266,16.085351],[120.662546,16.085354],[120.662543,16.085625],[120.662266,16.085351]]],[[[120.677118,16.085784],[120.676277,16.085775],[120.676006,16.084959],[120.67629,16.084691],[120.677127,16.084971],[120.677401,16.085516],[120.677398,16.085787],[120.677118,16.085784]]],[[[120.681889,16.085293],[120.682163,16.085838],[120.681322,16.085829],[120.681331,16.085016],[120.681889,16.085293]]],[[[120.686877,16.083211],[120.687435,16.083488],[120.687407,16.085927],[120.686846,16.085921],[120.687142,16.084569],[120.686024,16.084286],[120.686591,16.08375],[120.686877,16.083211]]],[[[120.696659,16.085756],[120.696376,16.086024],[120.696379,16.085753],[120.696659,16.085756]]],[[[120.646284,16.085717],[120.646003,16.085714],[120.646293,16.084905],[120.646284,16.085717]]],[[[120.662827,16.085357],[120.663667,16.085366],[120.664222,16.085914],[120.662823,16.085628],[120.662827,16.085357]]],[[[120.636336,16.08464],[120.636359,16.083307],[120.636786,16.082903],[120.637344,16.08318],[120.63706,16.083448],[120.63734,16.083451],[120.637898,16.083728],[120.637895,16.083999],[120.637331,16.084264],[120.636487,16.084525],[120.636336,16.08464]]],[[[120.646284,16.085717],[120.646841,16.085995],[120.646561,16.085992],[120.64628,16.085988],[120.646284,16.085717]]],[[[120.674869,16.086301],[120.674592,16.086027],[120.674872,16.08603],[120.674869,16.086301]]],[[[120.689082,16.086487],[120.689369,16.085948],[120.689381,16.084864],[120.689661,16.084867],[120.689643,16.086493],[120.689082,16.086487]]],[[[120.699487,16.083618],[120.700045,16.083895],[120.700032,16.084979],[120.699472,16.084973],[120.699456,16.086328],[120.698612,16.08659],[120.698332,16.086587],[120.698911,16.084967],[120.698917,16.084425],[120.699207,16.083615],[120.699487,16.083618]]],[[[120.685438,16.086448],[120.684598,16.086439],[120.684324,16.085894],[120.685164,16.085903],[120.685438,16.086448]]],[[[120.696086,16.086834],[120.696092,16.086292],[120.696373,16.086295],[120.696086,16.086834]]],[[[120.674869,16.086301],[120.675149,16.086304],[120.675143,16.086846],[120.674863,16.086843],[120.674869,16.086301]]],[[[120.682991,16.086932],[120.682994,16.086661],[120.682723,16.085845],[120.683845,16.085857],[120.683281,16.086122],[120.683275,16.086664],[120.682991,16.086932]]],[[[120.677398,16.085787],[120.677681,16.085519],[120.677959,16.085793],[120.678516,16.08607],[120.678513,16.086341],[120.677946,16.086877],[120.677392,16.086329],[120.677398,16.085787]]],[[[120.687114,16.087008],[120.68656,16.08646],[120.68712,16.086466],[120.687114,16.087008]]],[[[120.696086,16.086834],[120.696083,16.087105],[120.695803,16.087102],[120.696086,16.086834]]],[[[120.672356,16.085461],[120.67263,16.086006],[120.672337,16.087087],[120.67178,16.08681],[120.671789,16.085997],[120.672356,16.085461]]],[[[120.682991,16.086932],[120.682988,16.087203],[120.682711,16.086929],[120.682991,16.086932]]],[[[120.645707,16.087066],[120.64543,16.086792],[120.645714,16.086524],[120.645707,16.087066]]],[[[120.646838,16.086266],[120.646831,16.086808],[120.646828,16.087079],[120.645991,16.086798],[120.645717,16.086253],[120.646,16.085985],[120.64628,16.085988],[120.646558,16.086262],[120.646838,16.086266]]],[[[120.687114,16.087008],[120.687668,16.087556],[120.687108,16.08755],[120.687114,16.087008]]],[[[120.68963,16.087577],[120.68907,16.087571],[120.689076,16.087029],[120.689636,16.087035],[120.68963,16.087577]]],[[[120.698039,16.087668],[120.698045,16.087126],[120.698325,16.087129],[120.698039,16.087668]]],[[[120.674595,16.085756],[120.674321,16.085211],[120.673758,16.085476],[120.674305,16.086566],[120.674293,16.08765],[120.673745,16.08656],[120.673471,16.086015],[120.673477,16.085473],[120.67377,16.084392],[120.673773,16.084121],[120.67434,16.083585],[120.675455,16.08414],[120.675729,16.084685],[120.675726,16.084956],[120.675716,16.085768],[120.675153,16.086033],[120.674872,16.08603],[120.674595,16.085756]]],[[[120.637015,16.087241],[120.637019,16.08697],[120.637299,16.086973],[120.637015,16.087241]]],[[[120.645707,16.087066],[120.645984,16.08734],[120.645704,16.087337],[120.645707,16.087066]]],[[[120.698039,16.087668],[120.697755,16.087936],[120.697759,16.087665],[120.698039,16.087668]]],[[[120.655514,16.087445],[120.655794,16.087448],[120.655791,16.087719],[120.655514,16.087445]]],[[[120.675134,16.087659],[120.675131,16.08793],[120.674853,16.087656],[120.675134,16.087659]]],[[[120.668684,16.08786],[120.66841,16.087315],[120.669531,16.087327],[120.669525,16.087869],[120.668684,16.08786]]],[[[120.645143,16.087331],[120.64514,16.087602],[120.64486,16.087599],[120.644863,16.087328],[120.645143,16.087331]]],[[[120.693847,16.086539],[120.694401,16.087087],[120.693838,16.087351],[120.693548,16.088161],[120.693268,16.088158],[120.693286,16.086532],[120.693847,16.086539]]],[[[120.637012,16.087512],[120.637289,16.087786],[120.637009,16.087783],[120.637012,16.087512]]],[[[120.672044,16.088168],[120.671764,16.088165],[120.672051,16.087626],[120.672044,16.088168]]],[[[120.679895,16.087982],[120.680176,16.087985],[120.680173,16.088256],[120.679895,16.087982]]],[[[120.645414,16.088147],[120.644854,16.088141],[120.645137,16.087873],[120.645414,16.088147]]],[[[120.646535,16.088159],[120.646255,16.088156],[120.645981,16.087611],[120.645984,16.08734],[120.646535,16.088159]]],[[[120.678488,16.088509],[120.677927,16.088503],[120.677943,16.087148],[120.678781,16.087428],[120.67879,16.086615],[120.679344,16.087163],[120.678488,16.088509]]],[[[120.645414,16.088147],[120.645691,16.088421],[120.645411,16.088418],[120.645414,16.088147]]],[[[120.646535,16.088159],[120.646822,16.08762],[120.647102,16.087624],[120.646812,16.088433],[120.646532,16.08843],[120.646535,16.088159]]],[[[120.69523,16.08818],[120.695242,16.087096],[120.695797,16.087644],[120.695784,16.088728],[120.69494,16.08899],[120.69466,16.088986],[120.694946,16.088448],[120.69523,16.08818]]],[[[120.680724,16.089075],[120.680447,16.088801],[120.68045,16.08853],[120.68073,16.088533],[120.680724,16.089075]]],[[[120.678485,16.08878],[120.678481,16.089051],[120.678201,16.089048],[120.678485,16.08878]]],[[[120.689331,16.0892],[120.68877,16.089194],[120.689063,16.088113],[120.689624,16.088119],[120.68963,16.087577],[120.690194,16.087312],[120.69021,16.085957],[120.690496,16.085418],[120.690776,16.085421],[120.690767,16.086234],[120.690191,16.087583],[120.690178,16.088667],[120.689337,16.088658],[120.689331,16.0892]]],[[[120.66419,16.088624],[120.662505,16.088877],[120.662508,16.088606],[120.663352,16.088344],[120.66419,16.088624]]],[[[120.67007,16.08923],[120.670079,16.088417],[120.670359,16.08842],[120.67063,16.089236],[120.67007,16.08923]]],[[[120.691016,16.088947],[120.69101,16.089489],[120.690449,16.089483],[120.690742,16.088402],[120.691302,16.088408],[120.691016,16.088947]]],[[[120.697755,16.087936],[120.697734,16.089833],[120.697453,16.08983],[120.697179,16.089285],[120.697466,16.088746],[120.697189,16.088472],[120.697755,16.087936]]],[[[120.675115,16.089285],[120.674828,16.089824],[120.674561,16.088737],[120.675127,16.088201],[120.675408,16.088204],[120.675968,16.08821],[120.675398,16.089017],[120.675395,16.089288],[120.675115,16.089285]]],[[[120.657454,16.089363],[120.657731,16.089637],[120.65745,16.089634],[120.657454,16.089363]]],[[[120.668945,16.089489],[120.668662,16.089757],[120.668665,16.089486],[120.668945,16.089489]]],[[[120.672586,16.0898],[120.672306,16.089797],[120.672321,16.088442],[120.672041,16.088439],[120.672044,16.088168],[120.672888,16.087906],[120.672872,16.089261],[120.672586,16.0898]]],[[[120.67623,16.089839],[120.675949,16.089836],[120.675952,16.089565],[120.67623,16.089839]]],[[[120.694367,16.090067],[120.69437,16.089796],[120.69465,16.089799],[120.694367,16.090067]]],[[[120.697453,16.08983],[120.69717,16.090098],[120.697173,16.089827],[120.697453,16.08983]]],[[[120.67623,16.089839],[120.676507,16.090113],[120.676226,16.09011],[120.67623,16.089839]]],[[[120.646796,16.089788],[120.646522,16.089243],[120.646806,16.088975],[120.64708,16.08952],[120.646796,16.089788]]],[[[120.653243,16.089859],[120.652963,16.089856],[120.652966,16.089585],[120.653246,16.089588],[120.653243,16.089859]]],[[[120.674828,16.089824],[120.674825,16.090095],[120.674545,16.090092],[120.674828,16.089824]]],[[[120.694367,16.090067],[120.694364,16.090338],[120.694084,16.090335],[120.694367,16.090067]]],[[[120.658011,16.08964],[120.658288,16.089915],[120.658285,16.090186],[120.658008,16.089911],[120.658011,16.08964]]],[[[120.676507,16.090113],[120.676784,16.090387],[120.676504,16.090384],[120.676507,16.090113]]],[[[120.653523,16.089862],[120.654364,16.089872],[120.654361,16.090143],[120.653523,16.089862]]],[[[120.655762,16.090158],[120.655759,16.090429],[120.655482,16.090155],[120.655762,16.090158]]],[[[120.668378,16.090025],[120.667824,16.089477],[120.666983,16.089468],[120.667254,16.090284],[120.66669,16.090548],[120.666706,16.089194],[120.666429,16.08892],[120.664464,16.089169],[120.66419,16.088624],[120.665311,16.088636],[120.66504,16.08782],[120.665878,16.0881],[120.666158,16.088104],[120.667283,16.087845],[120.667289,16.087303],[120.668142,16.086228],[120.668152,16.085415],[120.668716,16.08515],[120.668127,16.087583],[120.668684,16.08786],[120.668952,16.088947],[120.668665,16.089486],[120.668378,16.090025]]],[[[120.680724,16.089075],[120.681281,16.089352],[120.680988,16.090433],[120.680985,16.090704],[120.680431,16.090156],[120.680995,16.089891],[120.680724,16.089075]]],[[[120.646793,16.090059],[120.64679,16.09033],[120.64651,16.090327],[120.646793,16.090059]]],[[[120.691555,16.09085],[120.691561,16.090308],[120.692962,16.090323],[120.693239,16.090597],[120.691555,16.09085]]],[[[120.660521,16.090752],[120.65996,16.090746],[120.659963,16.090475],[120.660804,16.090484],[120.660521,16.090752]]],[[[120.678195,16.08959],[120.678192,16.089861],[120.678189,16.090132],[120.677899,16.090942],[120.677915,16.089587],[120.678195,16.08959]]],[[[120.662203,16.09077],[120.661922,16.090767],[120.661925,16.090496],[120.662203,16.09077]]],[[[120.67007,16.08923],[120.67006,16.090043],[120.670891,16.090865],[120.670611,16.090862],[120.670331,16.090859],[120.66978,16.09004],[120.669789,16.089227],[120.67007,16.08923]]],[[[120.694074,16.091148],[120.693794,16.091145],[120.693797,16.090874],[120.694077,16.090877],[120.694074,16.091148]]],[[[120.643981,16.090841],[120.643984,16.09057],[120.644261,16.090844],[120.643981,16.090841]]],[[[120.663604,16.090786],[120.663607,16.090515],[120.66641,16.090545],[120.666407,16.090816],[120.665005,16.090801],[120.665002,16.091072],[120.663601,16.091057],[120.663604,16.090786]]],[[[120.644261,16.090844],[120.644541,16.090848],[120.644538,16.091119],[120.644258,16.091115],[120.644261,16.090844]]],[[[120.670331,16.090859],[120.670608,16.091133],[120.670044,16.091398],[120.670331,16.090859]]],[[[120.675093,16.091182],[120.674529,16.091447],[120.674255,16.090902],[120.674538,16.090634],[120.675099,16.09064],[120.675093,16.091182]]],[[[120.683514,16.090189],[120.683779,16.091547],[120.682941,16.091267],[120.683231,16.090457],[120.682676,16.089909],[120.683514,16.090189]]],[[[120.693507,16.091684],[120.69351,16.091413],[120.694071,16.091419],[120.693507,16.091684]]],[[[120.697167,16.090369],[120.697154,16.091453],[120.696591,16.091718],[120.696603,16.090634],[120.696886,16.090366],[120.697167,16.090369]]],[[[120.644258,16.091115],[120.644255,16.091386],[120.643694,16.09138],[120.643697,16.091109],[120.6437,16.090838],[120.643981,16.090841],[120.644258,16.091115]]],[[[120.675093,16.091182],[120.675647,16.09173],[120.675367,16.091727],[120.675093,16.091182]]],[[[120.685756,16.090214],[120.686314,16.090491],[120.686298,16.091846],[120.685457,16.091837],[120.685464,16.091295],[120.684345,16.091012],[120.684352,16.09047],[120.684912,16.090476],[120.68575,16.090756],[120.685756,16.090214]]],[[[120.693504,16.091955],[120.693227,16.091681],[120.693507,16.091684],[120.693504,16.091955]]],[[[120.687139,16.091855],[120.687413,16.0924],[120.686852,16.092394],[120.687139,16.091855]]],[[[120.641449,16.091626],[120.641729,16.09163],[120.641726,16.091901],[120.641449,16.091626]]],[[[120.645092,16.091667],[120.645086,16.092209],[120.644251,16.091657],[120.644532,16.09166],[120.644812,16.091664],[120.645092,16.091667]]],[[[120.646213,16.091679],[120.645927,16.092218],[120.645646,16.092215],[120.645666,16.090589],[120.64622,16.091137],[120.646213,16.091679]]],[[[120.669213,16.090576],[120.669487,16.091121],[120.66892,16.091657],[120.667229,16.092451],[120.666952,16.092177],[120.666955,16.091906],[120.667796,16.091916],[120.667241,16.091368],[120.668369,16.090838],[120.668378,16.090025],[120.668659,16.090028],[120.669213,16.090576]]],[[[120.642277,16.09272],[120.64256,16.092452],[120.642557,16.092723],[120.642277,16.09272]]],[[[120.642837,16.092726],[120.64284,16.092455],[120.643124,16.092187],[120.643127,16.091916],[120.643407,16.091919],[120.643398,16.092732],[120.642837,16.092726]]],[[[120.693501,16.092226],[120.693492,16.093039],[120.692928,16.093304],[120.693221,16.092223],[120.693501,16.092226]]],[[[120.642837,16.092726],[120.642834,16.092997],[120.642557,16.092723],[120.642837,16.092726]]],[[[120.675641,16.092272],[120.675908,16.093359],[120.675351,16.093082],[120.67536,16.092269],[120.675641,16.092272]]],[[[120.666945,16.092719],[120.667213,16.093806],[120.666098,16.093252],[120.665534,16.093517],[120.66555,16.092162],[120.666674,16.091903],[120.666952,16.092177],[120.666948,16.092448],[120.666945,16.092719]]],[[[120.672831,16.092784],[120.673669,16.093064],[120.672545,16.093323],[120.672551,16.092781],[120.672831,16.092784]]],[[[120.689098,16.092147],[120.689085,16.093231],[120.688796,16.094041],[120.688238,16.093764],[120.688257,16.092138],[120.68854,16.09187],[120.689101,16.091876],[120.689098,16.092147]]],[[[120.642828,16.093539],[120.642261,16.094075],[120.641984,16.0938],[120.642277,16.09272],[120.642831,16.093268],[120.642828,16.093539]]],[[[120.647589,16.093862],[120.64843,16.093872],[120.648427,16.094143],[120.647589,16.093862]]],[[[120.685993,16.094011],[120.686264,16.094827],[120.685706,16.09455],[120.685993,16.094011]]],[[[120.690477,16.094059],[120.690758,16.094062],[120.690745,16.095146],[120.690188,16.094869],[120.690477,16.094059]]]]},"properties":{"Var":1}},
{"type":"Feature","geometry":{"type":"MultiPolygon","coordinates":[[[[120.631648,16.042207],[120.631662,16.042209],[120.631659,16.042465],[120.631614,16.042464],[120.631603,16.04225],[120.631648,16.042207]]],[[[120.701848,16.048952],[120.701838,16.049765],[120.701832,16.050307],[120.701829,16.050578],[120.701549,16.050575],[120.701567,16.048949],[120.701848,16.048952]]],[[[120.632037,16.042262],[120.634246,16.042573],[120.634178,16.042764],[120.633614,16.043028],[120.633334,16.043025],[120.632493,16.043016],[120.632206,16.043555],[120.631662,16.043373],[120.631616,16.042505],[120.631659,16.042465],[120.632037,16.042262]]],[[[120.641618,16.043612],[120.64228,16.043705],[120.642004,16.044476],[120.642565,16.044482],[120.642842,16.044756],[120.643399,16.045033],[120.643667,16.04612],[120.642543,16.046379],[120.642549,16.045837],[120.642272,16.045563],[120.641995,16.045289],[120.641718,16.045015],[120.641444,16.04447],[120.641447,16.044199],[120.64145,16.043928],[120.641618,16.043612]]],[[[120.654038,16.045963],[120.654035,16.046234],[120.653755,16.046231],[120.653758,16.04596],[120.654038,16.045963]]],[[[120.638078,16.044704],[120.638639,16.04471],[120.638072,16.045246],[120.637792,16.045243],[120.638078,16.044704]]],[[[120.649294,16.044218],[120.6499,16.0442],[120.650097,16.04424],[120.649838,16.045646],[120.650118,16.045649],[120.650672,16.046197],[120.650949,16.046471],[120.651506,16.046749],[120.651784,16.047023],[120.65122,16.047287],[120.650659,16.047281],[120.650663,16.04701],[120.650389,16.046465],[120.649548,16.046456],[120.649532,16.047811],[120.650086,16.048359],[120.650927,16.048368],[120.651475,16.049458],[120.650637,16.049178],[120.649519,16.048895],[120.649246,16.04835],[120.649249,16.048079],[120.649258,16.047266],[120.648981,16.046992],[120.649281,16.045369],[120.64929,16.044556],[120.649294,16.044218]]],[[[120.655504,16.045331],[120.659082,16.046053],[120.659079,16.046289],[120.659076,16.04656],[120.659356,16.046563],[120.659633,16.046837],[120.658229,16.047093],[120.657668,16.047087],[120.657398,16.046271],[120.657401,16.046],[120.655719,16.045982],[120.655504,16.045331]]],[[[120.662999,16.04658],[120.663279,16.046602],[120.663279,16.046606],[120.66327,16.047419],[120.662989,16.047416],[120.662993,16.047145],[120.662999,16.046603],[120.662999,16.04658]]],[[[120.641329,16.054225],[120.641049,16.054222],[120.641055,16.05368],[120.641329,16.054225]]],[[[120.641329,16.054225],[120.641609,16.054228],[120.64189,16.054231],[120.641886,16.054502],[120.641606,16.054499],[120.641326,16.054496],[120.641329,16.054225]]],[[[120.642163,16.054776],[120.641883,16.054773],[120.641886,16.054502],[120.642163,16.054776]]],[[[120.642727,16.054512],[120.643288,16.054518],[120.643284,16.054789],[120.642444,16.054779],[120.642727,16.054512]]],[[[120.639973,16.050416],[120.64053,16.050693],[120.639963,16.051229],[120.639973,16.050416]]],[[[120.659986,16.046236],[120.66048,16.046335],[120.660474,16.046847],[120.659633,16.046837],[120.659639,16.046295],[120.65992,16.046299],[120.659986,16.046236]]],[[[120.6672,16.046848],[120.667729,16.046865],[120.66776,16.046926],[120.667196,16.047191],[120.667199,16.04692],[120.6672,16.046848]]],[[[120.651784,16.047023],[120.653178,16.04758],[120.653729,16.048399],[120.65372,16.049212],[120.653997,16.049486],[120.654271,16.050031],[120.654545,16.050576],[120.654825,16.050579],[120.654818,16.051121],[120.654538,16.051118],[120.654258,16.051115],[120.653698,16.051109],[120.653987,16.050299],[120.65371,16.050025],[120.653436,16.04948],[120.653159,16.049206],[120.652882,16.048932],[120.652885,16.048661],[120.652612,16.048116],[120.651777,16.047565],[120.65178,16.047294],[120.651784,16.047023]]],[[[120.654299,16.047592],[120.654576,16.047866],[120.654296,16.047863],[120.654299,16.047592]]],[[[120.668034,16.047471],[120.668311,16.047745],[120.668304,16.048287],[120.668024,16.048284],[120.667193,16.047462],[120.668034,16.047471]]],[[[120.668874,16.04748],[120.669699,16.048844],[120.669416,16.049112],[120.669391,16.05128],[120.668833,16.051003],[120.668553,16.051],[120.668556,16.050729],[120.668836,16.050732],[120.668559,16.050458],[120.668858,16.048835],[120.668581,16.048561],[120.668585,16.04829],[120.668594,16.047477],[120.668874,16.04748]]],[[[120.697924,16.04891],[120.697921,16.049181],[120.69708,16.049172],[120.697364,16.048904],[120.697924,16.04891]]],[[[120.704988,16.049043],[120.705769,16.049122],[120.705768,16.049265],[120.705207,16.049259],[120.704988,16.049043]]],[[[120.705207,16.049259],[120.705195,16.050343],[120.705752,16.05062],[120.705189,16.050885],[120.704908,16.050882],[120.704351,16.050605],[120.704074,16.050331],[120.703797,16.050057],[120.70408,16.049789],[120.70409,16.048952],[120.70437,16.04898],[120.704647,16.049253],[120.70436,16.049792],[120.704638,16.050066],[120.704918,16.050069],[120.704927,16.049256],[120.705207,16.049259]]],[[[120.681384,16.049274],[120.681107,16.049],[120.681387,16.049003],[120.681384,16.049274]]],[[[120.681667,16.049006],[120.681671,16.048735],[120.681683,16.047651],[120.682237,16.048199],[120.682225,16.049283],[120.682776,16.050102],[120.683333,16.050379],[120.683891,16.050656],[120.683884,16.051198],[120.683324,16.051192],[120.682754,16.051999],[120.683314,16.052005],[120.683302,16.053089],[120.683856,16.053637],[120.683844,16.054721],[120.683557,16.05526],[120.684391,16.055811],[120.684388,16.056082],[120.684665,16.056356],[120.684659,16.056898],[120.684936,16.057172],[120.68493,16.057714],[120.684092,16.057434],[120.684366,16.057979],[120.685207,16.057988],[120.68464,16.058524],[120.684628,16.059608],[120.685179,16.060427],[120.685739,16.060433],[120.685736,16.060704],[120.684896,16.060695],[120.684886,16.061508],[120.684603,16.061776],[120.684593,16.062589],[120.685144,16.063408],[120.684864,16.063405],[120.684584,16.063402],[120.684023,16.063395],[120.683749,16.06285],[120.683753,16.062579],[120.684042,16.06177],[120.684045,16.061499],[120.684067,16.059602],[120.68379,16.059328],[120.683793,16.059057],[120.683797,16.058786],[120.683803,16.058244],[120.683526,16.05797],[120.683529,16.057699],[120.683812,16.057431],[120.683261,16.056612],[120.682987,16.056067],[120.682716,16.055251],[120.682723,16.054709],[120.682162,16.054703],[120.681888,16.054158],[120.682172,16.05389],[120.682452,16.053893],[120.682458,16.053351],[120.682461,16.05308],[120.68219,16.052264],[120.68248,16.051454],[120.682203,16.05118],[120.682222,16.049554],[120.681661,16.049548],[120.681664,16.049277],[120.681667,16.049006]]],[[[120.670823,16.048586],[120.671384,16.048592],[120.671381,16.048863],[120.6711,16.04886],[120.671094,16.049402],[120.670807,16.04994],[120.670527,16.049937],[120.669973,16.049389],[120.669979,16.048847],[120.670263,16.048579],[120.670823,16.048586]]],[[[120.681669,16.047327],[120.6817,16.047329],[120.681686,16.04738],[120.681669,16.047327]]],[[[120.653971,16.051654],[120.653968,16.051925],[120.653965,16.052196],[120.653962,16.052467],[120.654239,16.052741],[120.654236,16.053012],[120.654233,16.053283],[120.653401,16.052461],[120.653124,16.052187],[120.652567,16.051909],[120.65257,16.051638],[120.652296,16.051093],[120.653137,16.051103],[120.653971,16.051654]]],[[[120.652866,16.050287],[120.652863,16.050558],[120.652306,16.050281],[120.652586,16.050284],[120.652866,16.050287]]],[[[120.648395,16.049154],[120.648392,16.049425],[120.648112,16.049421],[120.648395,16.049154]]],[[[120.647844,16.048334],[120.647561,16.048602],[120.647564,16.048331],[120.647844,16.048334]]],[[[120.634101,16.049267],[120.634098,16.049538],[120.633817,16.049535],[120.63382,16.049264],[120.634101,16.049267]]],[[[120.648392,16.049425],[120.648669,16.049699],[120.648389,16.049696],[120.648392,16.049425]]],[[[120.634098,16.049538],[120.634658,16.049544],[120.634935,16.049818],[120.635215,16.049821],[120.635492,16.050096],[120.635769,16.05037],[120.635766,16.050641],[120.635486,16.050638],[120.634925,16.050631],[120.634094,16.049809],[120.634098,16.049538]]],[[[120.64923,16.049705],[120.64951,16.049708],[120.649223,16.050247],[120.648946,16.049973],[120.64923,16.049705]]],[[[120.688969,16.047751],[120.69317,16.047995],[120.693166,16.048317],[120.692603,16.048582],[120.69288,16.048856],[120.693437,16.049133],[120.693434,16.049404],[120.693711,16.049678],[120.693985,16.050223],[120.693702,16.050491],[120.692301,16.050476],[120.692024,16.050202],[120.692033,16.049389],[120.69232,16.04885],[120.692046,16.048305],[120.690644,16.04829],[120.689801,16.048552],[120.689243,16.048275],[120.688966,16.048001],[120.688969,16.047751]]],[[[120.69312,16.052382],[120.69396,16.052391],[120.693394,16.052927],[120.691992,16.052912],[120.691986,16.053454],[120.691432,16.052906],[120.691722,16.052096],[120.692002,16.052099],[120.692282,16.052102],[120.692562,16.052105],[120.692843,16.052108],[120.69312,16.052382]]],[[[120.704348,16.050876],[120.704339,16.051689],[120.704058,16.051686],[120.704046,16.05277],[120.70404,16.053312],[120.70403,16.054125],[120.704582,16.054944],[120.704859,16.055218],[120.705133,16.055763],[120.704572,16.055757],[120.704566,16.056299],[120.704286,16.056296],[120.704012,16.055751],[120.703735,16.055477],[120.703738,16.055206],[120.703461,16.054932],[120.70319,16.054116],[120.703196,16.053574],[120.703199,16.053303],[120.702922,16.053029],[120.703211,16.052219],[120.703215,16.051948],[120.703778,16.051683],[120.704068,16.050873],[120.704071,16.050602],[120.704351,16.050605],[120.704348,16.050876]]],[[[120.663244,16.049587],[120.663241,16.049858],[120.662678,16.050123],[120.662681,16.049852],[120.662697,16.048497],[120.662977,16.0485],[120.66297,16.049042],[120.663244,16.049587]]],[[[120.636046,16.050644],[120.636043,16.050915],[120.635766,16.050641],[120.636046,16.050644]]],[[[120.636049,16.050373],[120.63661,16.050379],[120.636607,16.05065],[120.636046,16.050644],[120.636049,16.050373]]],[[[120.655099,16.051124],[120.655373,16.051669],[120.655927,16.052217],[120.656755,16.05331],[120.656752,16.053581],[120.656748,16.053852],[120.655624,16.054111],[120.655344,16.054108],[120.655347,16.053837],[120.656191,16.053575],[120.655923,16.052488],[120.655083,16.052479],[120.654812,16.051663],[120.654815,16.051392],[120.654818,16.051121],[120.655099,16.051124]]],[[[120.636607,16.05065],[120.637167,16.050656],[120.636884,16.050924],[120.636604,16.050921],[120.636607,16.05065]]],[[[120.67975,16.052206],[120.67947,16.052203],[120.679473,16.051932],[120.67975,16.052206]]],[[[120.68003,16.052209],[120.680027,16.05248],[120.67974,16.053019],[120.679747,16.052477],[120.67975,16.052206],[120.68003,16.052209]]],[[[120.672476,16.051043],[120.672199,16.050769],[120.672479,16.050772],[120.672476,16.051043]]],[[[120.672747,16.051859],[120.673585,16.052139],[120.673024,16.052133],[120.672744,16.05213],[120.672747,16.051859]]],[[[120.63575,16.051995],[120.635467,16.052263],[120.63547,16.051992],[120.63575,16.051995]]],[[[120.705731,16.052517],[120.705734,16.052246],[120.706008,16.052791],[120.706001,16.053333],[120.705724,16.053059],[120.705727,16.052788],[120.705731,16.052517]]],[[[120.655347,16.053837],[120.654506,16.053828],[120.654233,16.053283],[120.655347,16.053837]]],[[[120.669098,16.052361],[120.669375,16.052635],[120.669095,16.052632],[120.669098,16.052361]]],[[[120.668817,16.052358],[120.669101,16.05209],[120.669098,16.052361],[120.668817,16.052358]]],[[[120.669938,16.05237],[120.670499,16.052376],[120.671056,16.052653],[120.670212,16.052915],[120.669935,16.052641],[120.669938,16.05237]]],[[[120.698158,16.052978],[120.697594,16.053243],[120.697597,16.052972],[120.698158,16.052978]]],[[[120.659567,16.052528],[120.660404,16.052808],[120.65928,16.053067],[120.659283,16.052796],[120.659567,16.052528]]],[[[120.676938,16.052988],[120.676651,16.053527],[120.676374,16.053253],[120.676097,16.052979],[120.676938,16.052988]]],[[[120.636307,16.052273],[120.636584,16.052547],[120.636304,16.052544],[120.636024,16.052541],[120.636307,16.052273]]],[[[120.669372,16.052906],[120.669368,16.053177],[120.669085,16.053445],[120.669088,16.053174],[120.669091,16.052903],[120.669372,16.052906]]],[[[120.680575,16.05357],[120.680572,16.053841],[120.680291,16.053838],[120.680295,16.053567],[120.680575,16.05357]]],[[[120.705432,16.05414],[120.705429,16.054411],[120.705422,16.054953],[120.705142,16.05495],[120.705148,16.054408],[120.705151,16.054137],[120.705432,16.05414]]],[[[120.710171,16.056359],[120.710445,16.056904],[120.709885,16.056898],[120.709888,16.056627],[120.710171,16.056359]]],[[[120.639925,16.054481],[120.639918,16.055023],[120.639635,16.055291],[120.639641,16.054749],[120.639645,16.054478],[120.639925,16.054481]]],[[[120.65422,16.054367],[120.654217,16.054638],[120.65394,16.054364],[120.65422,16.054367]]],[[[120.65394,16.054364],[120.653379,16.054358],[120.653386,16.053816],[120.653943,16.054093],[120.65394,16.054364]]],[[[120.655341,16.054379],[120.655621,16.054382],[120.655615,16.054924],[120.655334,16.054921],[120.654777,16.054644],[120.65478,16.054373],[120.655341,16.054379]]],[[[120.643565,16.054792],[120.643561,16.055063],[120.643558,16.055334],[120.643555,16.055605],[120.643284,16.054789],[120.643565,16.054792]]],[[[120.665703,16.055034],[120.665133,16.055841],[120.665143,16.055028],[120.665703,16.055034]]],[[[120.655612,16.055195],[120.655615,16.054924],[120.656452,16.055204],[120.655605,16.055737],[120.655608,16.055466],[120.655612,16.055195]]],[[[120.65336,16.055983],[120.653357,16.056254],[120.65308,16.05598],[120.65336,16.055983]]],[[[120.698681,16.056236],[120.698675,16.056778],[120.698114,16.056772],[120.698117,16.056501],[120.698681,16.056236]]],[[[120.704283,16.056567],[120.70428,16.056838],[120.704277,16.057109],[120.70456,16.056841],[120.704834,16.057386],[120.704273,16.05738],[120.704267,16.057922],[120.703987,16.057919],[120.703965,16.059816],[120.703118,16.060349],[120.703124,16.059807],[120.703688,16.059542],[120.703417,16.058726],[120.70314,16.058452],[120.702863,16.058178],[120.702866,16.057907],[120.70371,16.057645],[120.703728,16.056019],[120.704286,16.056296],[120.704283,16.056567]]],[[[120.643549,16.056147],[120.643539,16.05696],[120.643262,16.056686],[120.643265,16.056415],[120.643268,16.056144],[120.643549,16.056147]]],[[[120.657573,16.055216],[120.658408,16.055768],[120.658685,16.056042],[120.659232,16.057132],[120.658949,16.0574],[120.658669,16.057397],[120.658389,16.057394],[120.658105,16.057661],[120.657551,16.057113],[120.656997,16.056565],[120.65729,16.055484],[120.656729,16.055478],[120.657022,16.054397],[120.657299,16.054671],[120.657573,16.055216]]],[[[120.656159,16.056285],[120.656443,16.056017],[120.656723,16.05602],[120.656717,16.056562],[120.656159,16.056285]]],[[[120.653902,16.057615],[120.653898,16.057886],[120.653621,16.057612],[120.653902,16.057615]]],[[[120.662318,16.056894],[120.662315,16.057165],[120.661758,16.056888],[120.662318,16.056894]]],[[[120.643823,16.056692],[120.6441,16.056966],[120.644096,16.057237],[120.643819,16.056963],[120.643823,16.056692]]],[[[120.644377,16.05724],[120.644373,16.057511],[120.644093,16.057508],[120.644096,16.057237],[120.644377,16.05724]]],[[[120.669321,16.057242],[120.668761,16.057236],[120.669324,16.056971],[120.669321,16.057242]]],[[[120.669595,16.057787],[120.669031,16.058052],[120.669035,16.057781],[120.669595,16.057787]]],[[[120.683242,16.058238],[120.683239,16.058509],[120.682959,16.058506],[120.683242,16.058238]]],[[[120.660338,16.058499],[120.660892,16.059047],[120.661443,16.059866],[120.663404,16.059888],[120.663131,16.059342],[120.664525,16.0599],[120.665643,16.060183],[120.66592,16.060457],[120.666197,16.060731],[120.666474,16.061005],[120.666471,16.061276],[120.665627,16.061538],[120.666182,16.062086],[120.665895,16.062625],[120.665615,16.062622],[120.665608,16.063164],[120.665889,16.063167],[120.666169,16.06317],[120.666449,16.063173],[120.666452,16.062902],[120.666456,16.062631],[120.666459,16.06236],[120.666739,16.062363],[120.666736,16.062634],[120.667287,16.063453],[120.667551,16.064811],[120.66587,16.064793],[120.665593,16.064519],[120.665312,16.064516],[120.665032,16.064513],[120.664755,16.064239],[120.664481,16.063694],[120.664201,16.06369],[120.663917,16.063958],[120.663351,16.064494],[120.663347,16.064765],[120.663051,16.066117],[120.66109,16.066096],[120.659688,16.06608],[120.659137,16.065261],[120.658867,16.064445],[120.658882,16.06309],[120.659166,16.062822],[120.660847,16.062841],[120.661121,16.063386],[120.661395,16.063931],[120.662236,16.06394],[120.662245,16.063127],[120.662249,16.062856],[120.663086,16.063136],[120.663366,16.063139],[120.664484,16.063423],[120.664487,16.063152],[120.664768,16.063155],[120.665051,16.062887],[120.665057,16.062345],[120.66478,16.062071],[120.664784,16.0618],[120.665073,16.06099],[120.664793,16.060987],[120.664513,16.060984],[120.663672,16.060975],[120.663392,16.060971],[120.662271,16.060959],[120.663385,16.061513],[120.663379,16.062055],[120.663099,16.062052],[120.662538,16.062046],[120.662258,16.062043],[120.661981,16.061769],[120.6603,16.061751],[120.659745,16.061203],[120.659465,16.0612],[120.659188,16.060926],[120.658911,16.060651],[120.658634,16.060377],[120.658637,16.060106],[120.658917,16.06011],[120.659201,16.059842],[120.658921,16.059839],[120.658637,16.060106],[120.658357,16.060103],[120.658077,16.0601],[120.65808,16.059829],[120.657803,16.059555],[120.657252,16.058736],[120.656405,16.059269],[120.656128,16.058995],[120.656131,16.058724],[120.656137,16.058182],[120.657538,16.058197],[120.657535,16.058468],[120.658936,16.058484],[120.65865,16.059023],[120.65921,16.059029],[120.65922,16.058216],[120.659783,16.057951],[120.66006,16.058225],[120.660338,16.058499]]],[[[120.653898,16.057886],[120.6553,16.057902],[120.65529,16.058715],[120.654449,16.058706],[120.654172,16.058431],[120.653898,16.057886]]],[[[120.644364,16.058324],[120.644921,16.058601],[120.644635,16.05914],[120.643794,16.059131],[120.643797,16.05886],[120.644077,16.058863],[120.644361,16.058595],[120.644364,16.058324]]],[[[120.637915,16.058524],[120.637635,16.058521],[120.637918,16.058253],[120.637915,16.058524]]],[[[120.656128,16.058995],[120.656124,16.059266],[120.655564,16.05926],[120.655287,16.058986],[120.65529,16.058715],[120.655851,16.058721],[120.656128,16.058995]]],[[[120.661732,16.059056],[120.661729,16.059327],[120.661452,16.059053],[120.661732,16.059056]]],[[[120.674066,16.05892],[120.674343,16.059194],[120.674063,16.059191],[120.674066,16.05892]]],[[[120.710688,16.060159],[120.710685,16.06043],[120.710125,16.060424],[120.710128,16.060153],[120.710688,16.060159]]],[[[120.636504,16.059321],[120.636224,16.059318],[120.636227,16.059047],[120.636508,16.05905],[120.636504,16.059321]]],[[[120.634826,16.059032],[120.635387,16.059038],[120.635383,16.059309],[120.634823,16.059303],[120.634826,16.059032]]],[[[120.681054,16.060621],[120.68077,16.060889],[120.680773,16.060618],[120.681054,16.060621]]],[[[120.703118,16.060349],[120.703115,16.06062],[120.702835,16.060617],[120.703118,16.060349]]],[[[120.702545,16.061427],[120.702262,16.061695],[120.701975,16.062234],[120.701692,16.062502],[120.701683,16.063315],[120.701676,16.063857],[120.701664,16.064941],[120.700826,16.064661],[120.700829,16.06439],[120.700833,16.064119],[120.700836,16.063848],[120.700842,16.063306],[120.701128,16.062767],[120.701132,16.062496],[120.701421,16.061686],[120.701701,16.061689],[120.701988,16.06115],[120.702545,16.061427]]],[[[120.686294,16.060981],[120.686568,16.061526],[120.686565,16.061797],[120.686561,16.062068],[120.686558,16.062339],[120.686278,16.062336],[120.68601,16.061249],[120.68573,16.061246],[120.685733,16.060975],[120.685736,16.060704],[120.686017,16.060707],[120.686294,16.060981]]],[[[120.632516,16.059607],[120.632494,16.059188],[120.632861,16.059281],[120.632516,16.059607]]],[[[120.707873,16.061213],[120.707867,16.061755],[120.707864,16.062026],[120.707861,16.062297],[120.70759,16.061481],[120.707873,16.061213]]],[[[120.651618,16.061114],[120.651609,16.061927],[120.651329,16.061924],[120.651335,16.061382],[120.651618,16.061114]]],[[[120.654698,16.061418],[120.654701,16.061147],[120.654981,16.061151],[120.654695,16.061689],[120.654698,16.061418]]],[[[120.654695,16.061689],[120.654691,16.06196],[120.654411,16.061957],[120.654414,16.061686],[120.654695,16.061689]]],[[[120.66928,16.060765],[120.669841,16.060771],[120.669834,16.061313],[120.669274,16.061307],[120.66928,16.060765]]],[[[120.667315,16.061014],[120.667595,16.061017],[120.667876,16.06102],[120.668156,16.061023],[120.668146,16.061836],[120.667586,16.06183],[120.667026,16.061824],[120.666745,16.061821],[120.666752,16.061279],[120.666755,16.061008],[120.667035,16.061011],[120.667315,16.061014]]],[[[120.6653,16.0656],[120.665297,16.065871],[120.665016,16.065868],[120.6653,16.0656]]],[[[120.664733,16.066135],[120.66473,16.066406],[120.66445,16.066403],[120.664453,16.066132],[120.664733,16.066135]]],[[[120.666978,16.065889],[120.666701,16.065615],[120.667268,16.065079],[120.667258,16.065892],[120.666978,16.065889]]],[[[120.667258,16.065892],[120.667535,16.066166],[120.667255,16.066163],[120.667258,16.065892]]],[[[120.667255,16.066163],[120.667252,16.066434],[120.667249,16.066705],[120.666969,16.066702],[120.666692,16.066428],[120.666695,16.066157],[120.666975,16.06616],[120.667255,16.066163]]],[[[120.667526,16.066979],[120.667806,16.066982],[120.667803,16.067253],[120.6678,16.067524],[120.66752,16.067521],[120.667526,16.066979]]],[[[120.670322,16.067551],[120.670039,16.067819],[120.670042,16.067548],[120.670322,16.067551]]],[[[120.671172,16.066748],[120.671446,16.067293],[120.670889,16.067016],[120.670892,16.066745],[120.671172,16.066748]]],[[[120.6695,16.065916],[120.670055,16.066464],[120.670051,16.066735],[120.669211,16.066726],[120.668373,16.066446],[120.669223,16.065642],[120.6695,16.065916]]],[[[120.670621,16.065929],[120.669784,16.065648],[120.66979,16.065107],[120.670351,16.065113],[120.670621,16.065929]]],[[[120.671752,16.065128],[120.672032,16.065131],[120.672306,16.065676],[120.672867,16.065682],[120.673144,16.065956],[120.673141,16.066227],[120.67286,16.066224],[120.672857,16.066495],[120.672574,16.066763],[120.672293,16.06676],[120.672016,16.066486],[120.67202,16.066215],[120.671739,16.066212],[120.671459,16.066209],[120.671172,16.066748],[120.670618,16.0662],[120.670621,16.065929],[120.670905,16.065661],[120.671185,16.065664],[120.671752,16.065128]]],[[[120.671226,16.062141],[120.670946,16.062138],[120.671232,16.061599],[120.671226,16.062141]]],[[[120.671232,16.061599],[120.671519,16.06106],[120.672357,16.06134],[120.672908,16.062159],[120.674296,16.063258],[120.67429,16.0638],[120.674007,16.064068],[120.673166,16.064059],[120.672612,16.063511],[120.672054,16.063234],[120.672057,16.062963],[120.672064,16.062421],[120.671783,16.062418],[120.671503,16.062415],[120.671232,16.061599]]],[[[120.669535,16.062936],[120.669255,16.062933],[120.668975,16.062929],[120.668978,16.062658],[120.669264,16.06212],[120.669548,16.061852],[120.669828,16.061855],[120.669535,16.062936]]],[[[120.669548,16.061852],[120.669267,16.061849],[120.669271,16.061578],[120.669548,16.061852]]],[[[120.708141,16.0623],[120.708122,16.063926],[120.707836,16.064465],[120.707845,16.063652],[120.707858,16.062568],[120.707861,16.062297],[120.708141,16.0623]]],[[[120.654988,16.060609],[120.654994,16.060067],[120.655274,16.06007],[120.654988,16.060609]]],[[[120.633113,16.061723],[120.632829,16.061991],[120.632832,16.06172],[120.633113,16.061723]]],[[[120.642641,16.061828],[120.642364,16.061554],[120.642644,16.061557],[120.642641,16.061828]]],[[[120.642921,16.061831],[120.643201,16.061834],[120.643195,16.062376],[120.642641,16.061828],[120.642921,16.061831]]],[[[120.666462,16.062089],[120.666459,16.06236],[120.666178,16.062357],[120.666182,16.062086],[120.666462,16.062089]]],[[[120.664217,16.062336],[120.66365,16.062871],[120.663653,16.0626],[120.663656,16.062329],[120.664217,16.062336]]],[[[120.643759,16.062111],[120.643482,16.061837],[120.643762,16.06184],[120.643759,16.062111]]],[[[120.710072,16.065031],[120.710066,16.065573],[120.709505,16.065567],[120.709511,16.065025],[120.710072,16.065031]]],[[[120.653844,16.062493],[120.653841,16.062764],[120.653284,16.062487],[120.653844,16.062493]]],[[[120.654405,16.062499],[120.654402,16.06277],[120.654121,16.062767],[120.654125,16.062496],[120.654405,16.062499]]],[[[120.668395,16.064549],[120.668675,16.064552],[120.668669,16.065094],[120.668109,16.065088],[120.668115,16.064546],[120.668395,16.064549]]],[[[120.668682,16.06401],[120.668121,16.064004],[120.668124,16.063733],[120.668405,16.063736],[120.668682,16.06401]]],[[[120.668694,16.062926],[120.668691,16.063197],[120.668411,16.063194],[120.668417,16.062652],[120.668698,16.062655],[120.668694,16.062926]]],[[[120.655236,16.063321],[120.654953,16.063589],[120.65494,16.064673],[120.654386,16.064125],[120.654395,16.063312],[120.654679,16.063044],[120.655239,16.06305],[120.655236,16.063321]]],[[[120.652437,16.06302],[120.65216,16.062746],[120.65244,16.062749],[120.652437,16.06302]]],[[[120.685384,16.066933],[120.685381,16.067204],[120.685375,16.067746],[120.685649,16.068291],[120.685919,16.069107],[120.685359,16.069101],[120.685362,16.06883],[120.685085,16.068556],[120.685091,16.068014],[120.684534,16.067737],[120.68454,16.067195],[120.683983,16.066918],[120.683706,16.066644],[120.684549,16.066382],[120.685384,16.066933]]],[[[120.686826,16.063426],[120.6871,16.063971],[120.687097,16.064242],[120.687091,16.064784],[120.687651,16.06479],[120.687648,16.065061],[120.687365,16.065329],[120.687084,16.065326],[120.686543,16.063694],[120.686262,16.063691],[120.686555,16.06261],[120.686549,16.063152],[120.686826,16.063426]]],[[[120.698323,16.063008],[120.699167,16.062746],[120.69916,16.063288],[120.699157,16.063559],[120.698316,16.06355],[120.69832,16.063279],[120.698323,16.063008]]],[[[120.673695,16.066775],[120.673411,16.067043],[120.673408,16.067314],[120.673125,16.067582],[120.673122,16.067853],[120.672841,16.06785],[120.672857,16.066495],[120.673695,16.066775]]],[[[120.675411,16.063813],[120.676252,16.063822],[120.676529,16.064096],[120.677086,16.064373],[120.6768,16.064912],[120.675956,16.065174],[120.675402,16.064625],[120.675128,16.06408],[120.675411,16.063813]]],[[[120.633383,16.062539],[120.6331,16.062807],[120.633103,16.062536],[120.633383,16.062539]]],[[[120.65664,16.063066],[120.656363,16.062792],[120.65693,16.062256],[120.657488,16.062533],[120.657481,16.063075],[120.65664,16.063066]]],[[[120.710934,16.063143],[120.710937,16.062872],[120.711218,16.062875],[120.710934,16.063143]]],[[[120.687645,16.065332],[120.688196,16.066151],[120.688193,16.066422],[120.68847,16.066696],[120.688467,16.066967],[120.688183,16.067235],[120.68818,16.067506],[120.687617,16.067771],[120.687626,16.066958],[120.687629,16.066687],[120.687349,16.066684],[120.687365,16.065329],[120.687645,16.065332]]],[[[120.701938,16.065486],[120.701652,16.066025],[120.701365,16.066564],[120.700805,16.066558],[120.700518,16.067097],[120.700502,16.068452],[120.699945,16.068175],[120.699951,16.067633],[120.699954,16.067362],[120.699964,16.066549],[120.699684,16.066546],[120.699406,16.066272],[120.699413,16.06573],[120.700534,16.065742],[120.700537,16.065471],[120.700817,16.065474],[120.701938,16.065486]]],[[[120.709505,16.065567],[120.709499,16.066109],[120.709219,16.066106],[120.709225,16.065564],[120.709505,16.065567]]],[[[120.655214,16.065218],[120.655195,16.066844],[120.655192,16.067115],[120.655188,16.067386],[120.654625,16.067651],[120.654628,16.06738],[120.654908,16.067383],[120.65493,16.065486],[120.65465,16.065483],[120.654653,16.065212],[120.655214,16.065218]]],[[[120.655217,16.064947],[120.655497,16.06495],[120.655494,16.065221],[120.655214,16.065218],[120.655217,16.064947]]],[[[120.651013,16.064901],[120.65101,16.065172],[120.65073,16.065169],[120.650733,16.064898],[120.651013,16.064901]]],[[[120.709779,16.066112],[120.709776,16.066383],[120.709773,16.066654],[120.709493,16.066651],[120.709496,16.06638],[120.709499,16.066109],[120.709779,16.066112]]],[[[120.670618,16.0662],[120.670615,16.066471],[120.670335,16.066468],[120.670618,16.0662]]],[[[120.704177,16.065781],[120.703333,16.066043],[120.703059,16.065498],[120.7039,16.065507],[120.704177,16.065781]]],[[[120.677341,16.066544],[120.677332,16.067357],[120.677048,16.067625],[120.676768,16.067622],[120.676778,16.066809],[120.677061,16.066541],[120.677341,16.066544]]],[[[120.709212,16.066648],[120.709493,16.066651],[120.709767,16.067196],[120.709764,16.067467],[120.709761,16.067738],[120.708923,16.067458],[120.708926,16.067187],[120.709212,16.066648]]],[[[120.644545,16.066727],[120.645106,16.066733],[120.645386,16.066736],[120.645666,16.06674],[120.644539,16.067269],[120.644262,16.066995],[120.644265,16.066724],[120.644545,16.066727]]],[[[120.651271,16.066801],[120.651552,16.066804],[120.651548,16.067075],[120.651268,16.067072],[120.651271,16.066801]]],[[[120.650991,16.066798],[120.650994,16.066527],[120.651271,16.066801],[120.650991,16.066798]]],[[[120.652109,16.067081],[120.65266,16.0679],[120.652102,16.067623],[120.651825,16.067349],[120.651545,16.067346],[120.651548,16.067075],[120.652109,16.067081]]],[[[120.69689,16.065703],[120.697445,16.066251],[120.697438,16.066793],[120.696868,16.067599],[120.696582,16.068138],[120.696579,16.068409],[120.696018,16.068403],[120.695458,16.068397],[120.695467,16.067584],[120.694903,16.067849],[120.694626,16.067575],[120.694069,16.067298],[120.694081,16.066214],[120.693801,16.066211],[120.693804,16.06594],[120.695206,16.065955],[120.695483,16.066229],[120.695766,16.065961],[120.696607,16.06597],[120.69689,16.065703]]],[[[120.654641,16.066296],[120.65436,16.066293],[120.654367,16.065751],[120.654641,16.066296]]],[[[120.672004,16.06757],[120.671997,16.068112],[120.671717,16.068109],[120.67172,16.067838],[120.671724,16.067567],[120.672004,16.06757]]],[[[120.698569,16.065992],[120.698279,16.066802],[120.697725,16.066254],[120.698288,16.065989],[120.698569,16.065992]]],[[[120.642857,16.067251],[120.642854,16.067522],[120.642574,16.067519],[120.642577,16.067248],[120.642857,16.067251]]],[[[120.643418,16.067257],[120.643415,16.067528],[120.643134,16.067525],[120.643138,16.067254],[120.643418,16.067257]]],[[[120.672841,16.06785],[120.673119,16.068124],[120.673115,16.068395],[120.672835,16.068392],[120.672832,16.068663],[120.673112,16.068666],[120.673109,16.068937],[120.672829,16.068934],[120.672816,16.070018],[120.6728,16.071373],[120.673358,16.07165],[120.673355,16.071921],[120.672794,16.071915],[120.672504,16.072725],[120.672501,16.072996],[120.672778,16.07327],[120.672772,16.073812],[120.671928,16.074073],[120.671947,16.072448],[120.67195,16.072177],[120.672514,16.071912],[120.672246,16.070825],[120.672249,16.070554],[120.671975,16.070009],[120.671979,16.069738],[120.671982,16.069467],[120.671985,16.069196],[120.672278,16.068115],[120.672561,16.067847],[120.672841,16.06785]]],[[[120.678944,16.066322],[120.679505,16.066328],[120.680065,16.066334],[120.680346,16.066337],[120.680623,16.066611],[120.681463,16.06662],[120.681741,16.066894],[120.681457,16.067162],[120.681174,16.06743],[120.68089,16.067698],[120.680324,16.068234],[120.679763,16.068228],[120.679766,16.067957],[120.679209,16.06768],[120.678938,16.066864],[120.678941,16.066593],[120.678944,16.066322]]],[[[120.683425,16.066641],[120.683419,16.067183],[120.68341,16.067996],[120.683406,16.068267],[120.682846,16.068261],[120.682849,16.06799],[120.682852,16.067719],[120.682575,16.067445],[120.682295,16.067442],[120.682298,16.067171],[120.682304,16.066629],[120.682865,16.066635],[120.683425,16.066641]]],[[[120.653504,16.067639],[120.653501,16.06791],[120.65294,16.067904],[120.653227,16.067365],[120.653504,16.067639]]],[[[120.653781,16.067913],[120.653778,16.068184],[120.653497,16.068181],[120.653501,16.06791],[120.653781,16.067913]]],[[[120.671437,16.068106],[120.671434,16.068377],[120.671431,16.068648],[120.67115,16.068645],[120.671154,16.068374],[120.671157,16.068103],[120.671437,16.068106]]],[[[120.654058,16.068187],[120.654055,16.068458],[120.653778,16.068184],[120.654058,16.068187]]],[[[120.659389,16.067703],[120.659395,16.067161],[120.660246,16.066357],[120.660803,16.066635],[120.660516,16.067173],[120.659389,16.067703]]],[[[120.707783,16.069072],[120.7075,16.06934],[120.707503,16.069069],[120.707783,16.069072]]],[[[120.70807,16.068533],[120.707783,16.069072],[120.707789,16.06853],[120.70807,16.068533]]],[[[120.710035,16.068283],[120.710309,16.068828],[120.710306,16.069099],[120.709462,16.069361],[120.709754,16.06828],[120.710035,16.068283]]],[[[120.654335,16.068461],[120.654338,16.06819],[120.654899,16.068196],[120.654886,16.06928],[120.654606,16.069277],[120.654612,16.068735],[120.654335,16.068461]]],[[[120.7075,16.06934],[120.707497,16.069611],[120.707494,16.069882],[120.707213,16.069879],[120.70722,16.069337],[120.7075,16.06934]]],[[[120.660214,16.069067],[120.660211,16.069338],[120.660208,16.069609],[120.658529,16.06932],[120.658252,16.069046],[120.658255,16.068775],[120.659934,16.069064],[120.660214,16.069067]]],[[[120.685916,16.069378],[120.68591,16.06992],[120.685349,16.069914],[120.685356,16.069372],[120.685916,16.069378]]],[[[120.687881,16.069129],[120.687601,16.069126],[120.687604,16.068855],[120.687881,16.069129]]],[[[120.688436,16.069677],[120.688429,16.070219],[120.687588,16.07021],[120.687881,16.069129],[120.688436,16.069677]]],[[[120.706933,16.069876],[120.706653,16.069873],[120.706656,16.069602],[120.706933,16.069876]]],[[[120.649284,16.068947],[120.649281,16.069218],[120.649001,16.069215],[120.649004,16.068944],[120.649284,16.068947]]],[[[120.668109,16.065088],[120.668379,16.065904],[120.667819,16.065898],[120.667548,16.065082],[120.668109,16.065088]]],[[[120.671144,16.069187],[120.670864,16.069183],[120.670867,16.068912],[120.671147,16.068916],[120.671144,16.069187]]],[[[120.70665,16.070144],[120.706647,16.070415],[120.706366,16.070412],[120.706653,16.069873],[120.70665,16.070144]]],[[[120.645631,16.06972],[120.645351,16.069717],[120.645071,16.069714],[120.645354,16.069446],[120.645634,16.069449],[120.645631,16.06972]]],[[[120.687588,16.07021],[120.687305,16.070478],[120.687308,16.070207],[120.687588,16.07021]]],[[[120.70077,16.069539],[120.700773,16.069268],[120.701057,16.069],[120.701611,16.069548],[120.701605,16.07009],[120.701325,16.070087],[120.701047,16.069813],[120.70077,16.069539]]],[[[120.701605,16.07009],[120.701882,16.070364],[120.701602,16.070361],[120.701605,16.07009]]],[[[120.65544,16.069828],[120.656001,16.069834],[120.655997,16.070105],[120.655994,16.070376],[120.655437,16.070099],[120.65544,16.069828]]],[[[120.654876,16.070093],[120.654593,16.070361],[120.65431,16.070629],[120.654316,16.070087],[120.654039,16.069813],[120.653762,16.069539],[120.654045,16.069271],[120.654325,16.069274],[120.654606,16.069277],[120.65516,16.069825],[120.654876,16.070093]]],[[[120.657679,16.070124],[120.657676,16.070395],[120.657396,16.070392],[120.657399,16.070121],[120.657679,16.070124]]],[[[120.657399,16.070121],[120.657118,16.070117],[120.657402,16.06985],[120.657399,16.070121]]],[[[120.706643,16.070686],[120.70664,16.070957],[120.706357,16.071225],[120.705516,16.071216],[120.705522,16.070674],[120.706366,16.070412],[120.706643,16.070686]]],[[[120.678135,16.070618],[120.678132,16.070889],[120.677851,16.070886],[120.677855,16.070615],[120.678135,16.070618]]],[[[120.708898,16.069626],[120.709178,16.069629],[120.709175,16.0699],[120.708898,16.069626]]],[[[120.708883,16.070981],[120.708879,16.071252],[120.70887,16.072065],[120.70831,16.072059],[120.708316,16.071517],[120.708319,16.071246],[120.708322,16.070975],[120.708602,16.070978],[120.708883,16.070981]]],[[[120.692652,16.068638],[120.692646,16.06918],[120.691808,16.0689],[120.692095,16.068361],[120.692375,16.068364],[120.692652,16.068638]]],[[[120.654306,16.0709],[120.6543,16.071442],[120.653736,16.071707],[120.653456,16.071703],[120.653462,16.071161],[120.653749,16.070623],[120.654306,16.0709]]],[[[120.652905,16.070884],[120.652902,16.071155],[120.652622,16.071152],[120.652628,16.07061],[120.652905,16.070884]]],[[[120.677571,16.070883],[120.677851,16.070886],[120.678129,16.07116],[120.678125,16.071431],[120.677565,16.071424],[120.677568,16.071154],[120.677571,16.070883]]],[[[120.670839,16.071351],[120.670832,16.071893],[120.670558,16.071348],[120.670839,16.071351]]],[[[120.670574,16.069993],[120.670861,16.069454],[120.671138,16.069729],[120.671135,16.069999],[120.671131,16.07027],[120.670842,16.07108],[120.670561,16.071077],[120.670281,16.071074],[120.669714,16.07161],[120.669718,16.071339],[120.669727,16.070526],[120.670291,16.070261],[120.670574,16.069993]]],[[[120.688136,16.0713],[120.68813,16.071842],[120.688127,16.072113],[120.688124,16.072384],[120.688398,16.072929],[120.688382,16.074283],[120.687822,16.074277],[120.688108,16.073738],[120.687548,16.073732],[120.68756,16.072648],[120.68728,16.072645],[120.687293,16.071561],[120.687582,16.070752],[120.688143,16.070758],[120.688136,16.0713]]],[[[120.696277,16.070303],[120.696274,16.070574],[120.69627,16.070845],[120.695993,16.070571],[120.695996,16.0703],[120.696277,16.070303]]],[[[120.701879,16.070635],[120.701882,16.070364],[120.702159,16.070638],[120.701879,16.070635]]],[[[120.669714,16.07161],[120.669711,16.071881],[120.669421,16.072691],[120.669434,16.071607],[120.669714,16.07161]]],[[[120.676721,16.071686],[120.676715,16.072228],[120.676708,16.07277],[120.676982,16.073315],[120.675575,16.073842],[120.676132,16.074119],[120.676412,16.074122],[120.676119,16.075203],[120.675562,16.074926],[120.675285,16.074652],[120.674728,16.074375],[120.67445,16.074101],[120.674164,16.07464],[120.67361,16.074092],[120.673893,16.073824],[120.675014,16.073836],[120.67446,16.073288],[120.674463,16.073017],[120.6756,16.071674],[120.67588,16.071677],[120.676721,16.071686]]],[[[120.668889,16.070246],[120.668893,16.069975],[120.66917,16.070249],[120.668889,16.070246]]],[[[120.669141,16.072688],[120.669138,16.072959],[120.669132,16.073501],[120.669122,16.074314],[120.668562,16.074308],[120.668552,16.075121],[120.667992,16.075115],[120.668001,16.074302],[120.668008,16.07376],[120.668291,16.073492],[120.668294,16.073221],[120.668584,16.072411],[120.668587,16.07214],[120.669141,16.072688]]],[[[120.670826,16.072435],[120.670823,16.072706],[120.670543,16.072703],[120.670826,16.072435]]],[[[120.673625,16.072737],[120.673342,16.073005],[120.673345,16.072734],[120.673625,16.072737]]],[[[120.684194,16.072883],[120.684188,16.073425],[120.683907,16.073422],[120.683911,16.073151],[120.683914,16.07288],[120.684194,16.072883]]],[[[120.67082,16.072977],[120.671094,16.073522],[120.671084,16.074335],[120.671642,16.074612],[120.671616,16.07678],[120.670775,16.076771],[120.670779,16.0765],[120.670791,16.075416],[120.67081,16.07379],[120.670533,16.073516],[120.670539,16.072974],[120.67082,16.072977]]],[[[120.653724,16.07279],[120.654004,16.072794],[120.654001,16.073065],[120.65372,16.073061],[120.653724,16.07279]]],[[[120.65372,16.073061],[120.653437,16.073329],[120.65344,16.073058],[120.65372,16.073061]]],[[[120.683907,16.073422],[120.683901,16.073964],[120.683627,16.073419],[120.683907,16.073422]]],[[[120.698762,16.073582],[120.698759,16.073853],[120.697637,16.073841],[120.697644,16.073299],[120.698762,16.073582]]],[[[120.652039,16.073043],[120.652048,16.07223],[120.652606,16.072507],[120.652316,16.073317],[120.652036,16.073314],[120.652039,16.073043]]],[[[120.652036,16.073314],[120.651749,16.073853],[120.651755,16.073311],[120.652036,16.073314]]],[[[120.653456,16.071703],[120.653453,16.071974],[120.653173,16.071971],[120.653176,16.0717],[120.653456,16.071703]]],[[[120.685592,16.073169],[120.685872,16.073172],[120.685589,16.07344],[120.685592,16.073169]]],[[[120.664931,16.073184],[120.665218,16.072645],[120.665211,16.073187],[120.664931,16.073184]]],[[[120.664925,16.073726],[120.664921,16.073997],[120.664641,16.073994],[120.664644,16.073723],[120.664925,16.073726]]],[[[120.651749,16.073853],[120.651466,16.074121],[120.651469,16.07385],[120.651749,16.073853]]],[[[120.674728,16.074375],[120.675002,16.07492],[120.674998,16.075191],[120.674158,16.075182],[120.674164,16.07464],[120.674447,16.074372],[120.674728,16.074375]]],[[[120.704607,16.077168],[120.70404,16.077704],[120.704317,16.077978],[120.704311,16.07852],[120.704031,16.078517],[120.703473,16.07824],[120.703476,16.077969],[120.703763,16.07743],[120.704333,16.076623],[120.704607,16.077168]]],[[[120.705491,16.073384],[120.705488,16.073655],[120.705208,16.073652],[120.705211,16.073381],[120.705491,16.073384]]],[[[120.705775,16.073116],[120.705491,16.073384],[120.705494,16.073113],[120.705775,16.073116]]],[[[120.691179,16.074856],[120.691176,16.075127],[120.690618,16.07485],[120.691179,16.074856]]],[[[120.695115,16.073814],[120.695398,16.073546],[120.696519,16.073558],[120.696513,16.0741],[120.695392,16.074088],[120.695112,16.074085],[120.695115,16.073814]]],[[[120.693714,16.073799],[120.694558,16.073537],[120.694551,16.074079],[120.693714,16.073799]]],[[[120.693698,16.075154],[120.693418,16.075151],[120.693421,16.07488],[120.693698,16.075154]]],[[[120.706858,16.07638],[120.706575,16.076648],[120.706581,16.076106],[120.706862,16.076109],[120.706858,16.07638]]],[[[120.68501,16.07506],[120.685006,16.075331],[120.684446,16.075325],[120.684449,16.075054],[120.68501,16.07506]]],[[[120.649809,16.071934],[120.649787,16.073831],[120.649507,16.073828],[120.649529,16.071931],[120.649809,16.071934]]],[[[120.649494,16.074912],[120.649488,16.075454],[120.649208,16.075451],[120.649214,16.074909],[120.649494,16.074912]]],[[[120.683882,16.07559],[120.68415,16.076677],[120.68387,16.076674],[120.683593,16.0764],[120.683315,16.076126],[120.683602,16.075587],[120.683882,16.07559]]],[[[120.683885,16.075319],[120.684166,16.075322],[120.684163,16.075593],[120.683882,16.07559],[120.683885,16.075319]]],[[[120.675553,16.075739],[120.67555,16.07601],[120.675269,16.076007],[120.675272,16.075736],[120.675553,16.075739]]],[[[120.67555,16.07601],[120.675823,16.076555],[120.67554,16.076823],[120.675546,16.076281],[120.67555,16.07601]]],[[[120.686691,16.075078],[120.687252,16.075084],[120.686959,16.076165],[120.686679,16.076162],[120.686115,16.076427],[120.686118,16.076156],[120.686121,16.075885],[120.686405,16.075617],[120.686408,16.075346],[120.686691,16.075078]]],[[[120.686115,16.076427],[120.685828,16.076966],[120.685835,16.076424],[120.686115,16.076427]]],[[[120.653128,16.075765],[120.652851,16.075491],[120.653131,16.075494],[120.653128,16.075765]]],[[[120.677225,16.07657],[120.677499,16.077115],[120.676381,16.076832],[120.676384,16.076561],[120.677225,16.07657]]],[[[120.698727,16.076563],[120.698724,16.076834],[120.698721,16.077105],[120.698441,16.077102],[120.698447,16.07656],[120.698727,16.076563]]],[[[120.697354,16.074109],[120.697631,16.074383],[120.697351,16.07438],[120.697354,16.074109]]],[[[120.697061,16.07519],[120.697064,16.074919],[120.697905,16.074928],[120.697061,16.07519]]],[[[120.696762,16.076813],[120.696756,16.077355],[120.695925,16.076533],[120.696205,16.076536],[120.696762,16.076813]]],[[[120.698447,16.07656],[120.698167,16.076557],[120.69817,16.076286],[120.698447,16.07656]]],[[[120.684147,16.076948],[120.684424,16.077222],[120.684144,16.077219],[120.684147,16.076948]]],[[[120.694794,16.077334],[120.694791,16.077605],[120.694508,16.077873],[120.694498,16.078686],[120.693657,16.078677],[120.693661,16.078406],[120.693947,16.077867],[120.69424,16.076786],[120.694794,16.077334]]],[[[120.686383,16.077514],[120.68638,16.077785],[120.686099,16.077782],[120.686102,16.077511],[120.686383,16.077514]]],[[[120.648905,16.077345],[120.648625,16.077342],[120.648628,16.077071],[120.648905,16.077345]]],[[[120.681967,16.071504],[120.681974,16.070962],[120.682534,16.070968],[120.682525,16.071781],[120.681967,16.071504]]],[[[120.681917,16.07584],[120.681637,16.075837],[120.681366,16.075021],[120.681924,16.075298],[120.681917,16.07584]]],[[[120.648902,16.077616],[120.648899,16.077887],[120.648622,16.077613],[120.648902,16.077616]]],[[[120.653666,16.077668],[120.653383,16.077936],[120.653386,16.077665],[120.653666,16.077668]]],[[[120.653389,16.077394],[120.653676,16.076855],[120.65367,16.077397],[120.653389,16.077394]]],[[[120.703473,16.07824],[120.70347,16.078511],[120.70319,16.078508],[120.703193,16.078237],[120.703473,16.07824]]],[[[120.653383,16.077936],[120.653099,16.078204],[120.653103,16.077933],[120.653383,16.077936]]],[[[120.688338,16.078077],[120.689176,16.078357],[120.688886,16.079167],[120.688606,16.079164],[120.688612,16.078622],[120.688052,16.078616],[120.688055,16.078345],[120.688338,16.078077]]],[[[120.704031,16.078517],[120.704028,16.078788],[120.703178,16.079592],[120.702897,16.079589],[120.702885,16.080673],[120.702875,16.081486],[120.702595,16.081483],[120.702601,16.080941],[120.702041,16.080935],[120.702324,16.080667],[120.70234,16.079312],[120.702903,16.079047],[120.703187,16.078779],[120.70347,16.078511],[120.704031,16.078517]]],[[[120.686937,16.078062],[120.687214,16.078336],[120.686373,16.078327],[120.68638,16.077785],[120.68666,16.077788],[120.686937,16.078062]]],[[[120.648615,16.078155],[120.648609,16.078697],[120.648335,16.078152],[120.648615,16.078155]]],[[[120.667415,16.076463],[120.668259,16.076202],[120.669374,16.076756],[120.669358,16.078111],[120.669639,16.078114],[120.669635,16.078385],[120.669632,16.078656],[120.669623,16.079469],[120.669336,16.080008],[120.66989,16.080556],[120.669881,16.081369],[120.66932,16.081363],[120.670152,16.082185],[120.670149,16.082456],[120.669579,16.083262],[120.669572,16.083804],[120.669849,16.084079],[120.670123,16.084624],[120.66984,16.084891],[120.670111,16.085707],[120.670108,16.085978],[120.669818,16.086788],[120.669537,16.086785],[120.669534,16.087056],[120.669531,16.087327],[120.66841,16.087315],[120.668684,16.08786],[120.668127,16.087583],[120.668716,16.08515],[120.668731,16.083795],[120.667891,16.083786],[120.66762,16.08297],[120.667629,16.082157],[120.668476,16.081624],[120.668486,16.080811],[120.668766,16.080814],[120.667932,16.080263],[120.667655,16.079989],[120.667664,16.079176],[120.667667,16.078905],[120.66767,16.078634],[120.6674,16.077818],[120.667689,16.077008],[120.667415,16.076463]]],[[[120.672731,16.077334],[120.672167,16.077599],[120.67189,16.077325],[120.671893,16.077054],[120.672454,16.07706],[120.672731,16.077334]]],[[[120.667119,16.077815],[120.66711,16.078628],[120.667107,16.078899],[120.666552,16.078351],[120.666839,16.077812],[120.667119,16.077815]]],[[[120.697301,16.078716],[120.697298,16.078987],[120.697021,16.078713],[120.697301,16.078716]]],[[[120.653367,16.079291],[120.653364,16.079562],[120.653084,16.079559],[120.653087,16.079288],[120.653367,16.079291]]],[[[120.694202,16.080038],[120.694199,16.080309],[120.693919,16.080306],[120.693922,16.080035],[120.694202,16.080038]]],[[[120.684975,16.078041],[120.684972,16.078312],[120.684689,16.07858],[120.684402,16.079119],[120.684128,16.078574],[120.684411,16.078306],[120.684421,16.077493],[120.684701,16.077496],[120.684975,16.078041]]],[[[120.667374,16.079986],[120.667371,16.080257],[120.667094,16.079983],[120.667374,16.079986]]],[[[120.667932,16.080263],[120.667928,16.080534],[120.667645,16.080802],[120.667629,16.082157],[120.667349,16.082154],[120.667352,16.081883],[120.667368,16.080528],[120.667371,16.080257],[120.667651,16.08026],[120.667932,16.080263]]],[[[120.661208,16.079919],[120.661769,16.079925],[120.661766,16.080196],[120.661205,16.08019],[120.661208,16.079919]]],[[[120.662049,16.079928],[120.662329,16.079931],[120.662046,16.080199],[120.662049,16.079928]]],[[[120.639064,16.079947],[120.640745,16.079965],[120.641309,16.0797],[120.64187,16.079706],[120.64215,16.07971],[120.642427,16.079984],[120.643828,16.079999],[120.644102,16.080544],[120.642701,16.080529],[120.64214,16.080523],[120.641863,16.080248],[120.640739,16.080507],[120.640736,16.080778],[120.640175,16.080772],[120.640178,16.080501],[120.639334,16.080763],[120.639057,16.080488],[120.6385,16.080211],[120.638503,16.07994],[120.638506,16.079669],[120.638787,16.079672],[120.639064,16.079947]]],[[[120.63822,16.080208],[120.637943,16.079934],[120.638223,16.079937],[120.63822,16.080208]]],[[[120.647465,16.080581],[120.647746,16.080584],[120.647742,16.080855],[120.647465,16.080581]]],[[[120.653354,16.080375],[120.653351,16.080646],[120.653071,16.080643],[120.653074,16.080372],[120.653354,16.080375]]],[[[120.638229,16.079395],[120.638226,16.079666],[120.637943,16.079934],[120.637662,16.079931],[120.637105,16.079654],[120.637108,16.079383],[120.637388,16.079386],[120.638229,16.079395]]],[[[120.636822,16.079922],[120.636264,16.079645],[120.636544,16.079648],[120.636825,16.079651],[120.636822,16.079922]]],[[[120.694473,16.080854],[120.694747,16.081399],[120.694177,16.082206],[120.6939,16.081932],[120.693623,16.081658],[120.693913,16.080848],[120.694473,16.080854]]],[[[120.701757,16.081203],[120.701748,16.082016],[120.701468,16.082013],[120.701474,16.081471],[120.701477,16.0812],[120.701757,16.081203]]],[[[120.701761,16.080932],[120.702041,16.080935],[120.701757,16.081203],[120.701761,16.080932]]],[[[120.697282,16.080342],[120.697002,16.080339],[120.697285,16.080071],[120.697282,16.080342]]],[[[120.635933,16.079689],[120.635914,16.079641],[120.635984,16.079641],[120.635933,16.079689]]],[[[120.644102,16.080544],[120.644659,16.080821],[120.644656,16.081092],[120.643815,16.081083],[120.644102,16.080544]]],[[[120.653345,16.081188],[120.653342,16.081459],[120.653061,16.081456],[120.653064,16.081185],[120.653345,16.081188]]],[[[120.678595,16.079295],[120.678592,16.079566],[120.678588,16.079837],[120.678028,16.079831],[120.677754,16.079286],[120.677206,16.078196],[120.678318,16.079021],[120.678595,16.079295]]],[[[120.675764,16.081704],[120.67576,16.081975],[120.67548,16.081972],[120.675483,16.081701],[120.675764,16.081704]]],[[[120.64185,16.081332],[120.642127,16.081606],[120.641847,16.081603],[120.64185,16.081332]]],[[[120.653338,16.08173],[120.653335,16.082001],[120.653055,16.081998],[120.653058,16.081727],[120.653338,16.08173]]],[[[120.700347,16.082001],[120.700627,16.082004],[120.700624,16.082275],[120.700344,16.082272],[120.700347,16.082001]]],[[[120.699786,16.081995],[120.69978,16.082537],[120.6995,16.082534],[120.699515,16.081179],[120.70007,16.081727],[120.699786,16.081995]]],[[[120.701468,16.082013],[120.701184,16.082281],[120.701188,16.08201],[120.701468,16.082013]]],[[[120.642685,16.081884],[120.642127,16.081606],[120.642688,16.081613],[120.642685,16.081884]]],[[[120.644656,16.081092],[120.644937,16.081095],[120.64521,16.08164],[120.645207,16.081911],[120.644927,16.081908],[120.644656,16.081092]]],[[[120.646051,16.08165],[120.646328,16.081924],[120.646048,16.081921],[120.646051,16.08165]]],[[[120.673002,16.07815],[120.672992,16.078963],[120.673543,16.079782],[120.672706,16.079502],[120.672722,16.078147],[120.673002,16.07815]]],[[[120.673235,16.082218],[120.674353,16.082501],[120.67434,16.083585],[120.673773,16.084121],[120.67377,16.084392],[120.673477,16.085473],[120.67263,16.086006],[120.672356,16.085461],[120.672369,16.084377],[120.671805,16.084642],[120.671531,16.084097],[120.671824,16.083016],[120.671827,16.082745],[120.672955,16.082215],[120.673235,16.082218]]],[[[120.68969,16.082428],[120.689687,16.082699],[120.689409,16.082425],[120.68969,16.082428]]],[[[120.687494,16.078339],[120.687775,16.078342],[120.687491,16.07861],[120.687494,16.078339]]],[[[120.658377,16.082327],[120.658097,16.082324],[120.6581,16.082053],[120.65838,16.082056],[120.658377,16.082327]]],[[[120.643245,16.08189],[120.643803,16.082167],[120.643242,16.082161],[120.643245,16.08189]]],[[[120.688565,16.082687],[120.688553,16.083771],[120.688273,16.083768],[120.688285,16.082684],[120.688565,16.082687]]],[[[120.699777,16.082808],[120.69949,16.083347],[120.699487,16.083618],[120.699207,16.083615],[120.699496,16.082805],[120.699777,16.082808]]],[[[120.645207,16.081911],[120.645488,16.081914],[120.645761,16.08246],[120.645481,16.082456],[120.645201,16.082453],[120.645207,16.081911]]],[[[120.659778,16.082342],[120.660055,16.082616],[120.659775,16.082613],[120.659778,16.082342]]],[[[120.656969,16.082854],[120.656689,16.082851],[120.656972,16.082583],[120.656969,16.082854]]],[[[120.661737,16.082635],[120.662014,16.082909],[120.661734,16.082906],[120.661737,16.082635]]],[[[120.68968,16.083241],[120.689677,16.083512],[120.689397,16.083509],[120.6894,16.083238],[120.68968,16.083241]]],[[[120.646316,16.083008],[120.646032,16.083276],[120.646016,16.08463],[120.646293,16.084905],[120.646003,16.085714],[120.646,16.085985],[120.645717,16.086253],[120.645714,16.086524],[120.64543,16.086792],[120.645143,16.087331],[120.644863,16.087328],[120.644583,16.087325],[120.645166,16.085434],[120.645446,16.085437],[120.645449,16.085166],[120.645462,16.084082],[120.645465,16.083811],[120.645188,16.083537],[120.645191,16.083266],[120.645475,16.082998],[120.645755,16.083001],[120.646316,16.083008]]],[[[120.662294,16.082912],[120.662575,16.082915],[120.662572,16.083186],[120.662291,16.083183],[120.662294,16.082912]]],[[[120.660893,16.082897],[120.661173,16.0829],[120.66117,16.083171],[120.66089,16.083168],[120.660893,16.082897]]],[[[120.679949,16.083375],[120.680229,16.083378],[120.679946,16.083646],[120.679949,16.083375]]],[[[120.644357,16.082715],[120.64408,16.082441],[120.64436,16.082444],[120.644357,16.082715]]],[[[120.638188,16.082918],[120.638468,16.082921],[120.638465,16.083192],[120.638184,16.083189],[120.638188,16.082918]]],[[[120.659479,16.083965],[120.659756,16.084239],[120.659476,16.084236],[120.659479,16.083965]]],[[[120.660317,16.084245],[120.660597,16.084248],[120.660594,16.084519],[120.660314,16.084516],[120.660317,16.084245]]],[[[120.697229,16.084949],[120.697226,16.08522],[120.696946,16.085217],[120.696949,16.084946],[120.697229,16.084949]]],[[[120.640694,16.084301],[120.640411,16.084569],[120.640414,16.084298],[120.640694,16.084301]]],[[[120.65695,16.08448],[120.65723,16.084483],[120.657227,16.084754],[120.656947,16.084751],[120.65695,16.08448]]],[[[120.696946,16.085217],[120.696943,16.085488],[120.696662,16.085485],[120.696666,16.085214],[120.696946,16.085217]]],[[[120.690779,16.08515],[120.690776,16.085421],[120.690496,16.085418],[120.690499,16.085147],[120.690779,16.08515]]],[[[120.656103,16.085012],[120.655823,16.085009],[120.655826,16.084738],[120.656106,16.084741],[120.656103,16.085012]]],[[[120.638172,16.084273],[120.638165,16.084815],[120.637882,16.085083],[120.637598,16.085351],[120.637331,16.084264],[120.637895,16.083999],[120.638172,16.084273]]],[[[120.696659,16.085756],[120.696379,16.085753],[120.696662,16.085485],[120.696659,16.085756]]],[[[120.662546,16.085354],[120.662827,16.085357],[120.662823,16.085628],[120.662543,16.085625],[120.662546,16.085354]]],[[[120.677401,16.085516],[120.677681,16.085519],[120.677398,16.085787],[120.677401,16.085516]]],[[[120.676009,16.084688],[120.67629,16.084691],[120.676006,16.084959],[120.675726,16.084956],[120.675729,16.084685],[120.676009,16.084688]]],[[[120.63734,16.083451],[120.63706,16.083448],[120.637344,16.08318],[120.63734,16.083451]]],[[[120.646841,16.085995],[120.646838,16.086266],[120.646558,16.086262],[120.646561,16.085992],[120.646841,16.085995]]],[[[120.674872,16.08603],[120.675153,16.086033],[120.675149,16.086304],[120.674869,16.086301],[120.674872,16.08603]]],[[[120.698612,16.08659],[120.698329,16.086858],[120.698332,16.086587],[120.698612,16.08659]]],[[[120.696092,16.086292],[120.696376,16.086024],[120.696373,16.086295],[120.696092,16.086292]]],[[[120.675143,16.086846],[120.675134,16.087659],[120.674853,16.087656],[120.674863,16.086843],[120.675143,16.086846]]],[[[120.683275,16.086664],[120.684667,16.087492],[120.684663,16.087763],[120.684941,16.088037],[120.685215,16.088582],[120.685492,16.088856],[120.685489,16.089127],[120.685485,16.089398],[120.684925,16.089392],[120.684657,16.088305],[120.684097,16.088299],[120.68381,16.088838],[120.683533,16.088564],[120.683268,16.087206],[120.682988,16.087203],[120.682991,16.086932],[120.683275,16.086664]]],[[[120.682991,16.086932],[120.682711,16.086929],[120.682994,16.086661],[120.682991,16.086932]]],[[[120.678513,16.086341],[120.67879,16.086615],[120.678781,16.087428],[120.677943,16.087148],[120.677946,16.086877],[120.678513,16.086341]]],[[[120.646831,16.086808],[120.647102,16.087624],[120.646822,16.08762],[120.646828,16.087079],[120.646831,16.086808]]],[[[120.698045,16.087126],[120.698329,16.086858],[120.698325,16.087129],[120.698045,16.087126]]],[[[120.697762,16.087394],[120.698045,16.087126],[120.698039,16.087668],[120.697759,16.087665],[120.697762,16.087394]]],[[[120.637302,16.086702],[120.637299,16.086973],[120.637019,16.08697],[120.637022,16.086699],[120.637302,16.086702]]],[[[120.645984,16.08734],[120.645981,16.087611],[120.645704,16.087337],[120.645984,16.08734]]],[[[120.675134,16.087659],[120.675408,16.088204],[120.675127,16.088201],[120.675131,16.08793],[120.675134,16.087659]]],[[[120.669531,16.087327],[120.670082,16.088146],[120.669799,16.088414],[120.669796,16.088685],[120.669789,16.089227],[120.66978,16.09004],[120.6695,16.090037],[120.669213,16.090576],[120.668659,16.090028],[120.668662,16.089757],[120.668945,16.089489],[120.668952,16.088947],[120.668684,16.08786],[120.669525,16.087869],[120.669531,16.087327]]],[[[120.64514,16.087602],[120.645137,16.087873],[120.644854,16.088141],[120.64485,16.088412],[120.644567,16.08868],[120.644564,16.088951],[120.644283,16.088948],[120.64458,16.087596],[120.64486,16.087599],[120.64514,16.087602]]],[[[120.672044,16.088168],[120.672041,16.088439],[120.671764,16.088165],[120.672044,16.088168]]],[[[120.680176,16.087985],[120.68045,16.08853],[120.680447,16.088801],[120.680173,16.088256],[120.680176,16.087985]]],[[[120.646535,16.088159],[120.646532,16.08843],[120.646255,16.088156],[120.646535,16.088159]]],[[[120.645691,16.088421],[120.645688,16.088692],[120.645411,16.088418],[120.645691,16.088421]]],[[[120.646812,16.088433],[120.646806,16.088975],[120.646522,16.089243],[120.646532,16.08843],[120.646812,16.088433]]],[[[120.69494,16.08899],[120.694653,16.089528],[120.69466,16.088986],[120.69494,16.08899]]],[[[120.68073,16.088533],[120.681571,16.088542],[120.681281,16.089352],[120.680724,16.089075],[120.68073,16.088533]]],[[[120.678481,16.089051],[120.678192,16.089861],[120.678195,16.08959],[120.678201,16.089048],[120.678481,16.089051]]],[[[120.662228,16.088603],[120.662508,16.088606],[120.662505,16.088877],[120.662225,16.088874],[120.662228,16.088603]]],[[[120.670079,16.088417],[120.670082,16.088146],[120.670359,16.08842],[120.670079,16.088417]]],[[[120.697179,16.089285],[120.697185,16.088743],[120.697466,16.088746],[120.697179,16.089285]]],[[[120.675398,16.089017],[120.675952,16.089565],[120.675949,16.089836],[120.675395,16.089288],[120.675398,16.089017]]],[[[120.657731,16.089637],[120.658011,16.08964],[120.658008,16.089911],[120.657447,16.089905],[120.65745,16.089634],[120.657731,16.089637]]],[[[120.67623,16.089839],[120.676226,16.09011],[120.675949,16.089836],[120.67623,16.089839]]],[[[120.69437,16.089796],[120.694653,16.089528],[120.69465,16.089799],[120.69437,16.089796]]],[[[120.69717,16.090098],[120.697167,16.090369],[120.696886,16.090366],[120.697173,16.089827],[120.69717,16.090098]]],[[[120.676507,16.090113],[120.676504,16.090384],[120.676226,16.09011],[120.676507,16.090113]]],[[[120.653246,16.089588],[120.653526,16.089591],[120.653523,16.089862],[120.653243,16.089859],[120.653246,16.089588]]],[[[120.652963,16.089856],[120.652682,16.089853],[120.652966,16.089585],[120.652963,16.089856]]],[[[120.674825,16.090095],[120.675099,16.09064],[120.674538,16.090634],[120.674545,16.090092],[120.674825,16.090095]]],[[[120.694364,16.090338],[120.69408,16.090606],[120.694084,16.090335],[120.694364,16.090338]]],[[[120.658288,16.089915],[120.658565,16.090189],[120.658285,16.090186],[120.658288,16.089915]]],[[[120.654364,16.089872],[120.654644,16.089875],[120.654641,16.090146],[120.654361,16.090143],[120.654364,16.089872]]],[[[120.655762,16.090158],[120.656039,16.090432],[120.655759,16.090429],[120.655762,16.090158]]],[[[120.64679,16.09033],[120.646784,16.090872],[120.646503,16.090869],[120.64651,16.090327],[120.64679,16.09033]]],[[[120.660804,16.090484],[120.661081,16.090758],[120.660521,16.090752],[120.660804,16.090484]]],[[[120.65996,16.090746],[120.658842,16.090463],[120.659963,16.090475],[120.65996,16.090746]]],[[[120.678189,16.090132],[120.678459,16.090948],[120.678453,16.09149],[120.67845,16.091761],[120.67817,16.091758],[120.677899,16.090942],[120.678189,16.090132]]],[[[120.661922,16.090767],[120.661362,16.090761],[120.661925,16.090496],[120.661922,16.090767]]],[[[120.662203,16.09077],[120.663604,16.090786],[120.663601,16.091057],[120.663321,16.091054],[120.66276,16.091048],[120.661922,16.090767],[120.662203,16.09077]]],[[[120.670611,16.090862],[120.670608,16.091133],[120.670331,16.090859],[120.670611,16.090862]]],[[[120.693797,16.090874],[120.69408,16.090606],[120.694077,16.090877],[120.693797,16.090874]]],[[[120.694074,16.091148],[120.694071,16.091419],[120.69351,16.091413],[120.693794,16.091145],[120.694074,16.091148]]],[[[120.644261,16.090844],[120.644258,16.091115],[120.643981,16.090841],[120.644261,16.090844]]],[[[120.643984,16.09057],[120.644277,16.08949],[120.644557,16.089493],[120.644541,16.090848],[120.644261,16.090844],[120.643984,16.09057]]],[[[120.643981,16.090841],[120.6437,16.090838],[120.643984,16.09057],[120.643981,16.090841]]],[[[120.644538,16.091119],[120.644532,16.09166],[120.644251,16.091657],[120.644255,16.091386],[120.644258,16.091115],[120.644538,16.091119]]],[[[120.682676,16.089909],[120.682122,16.089361],[120.682131,16.088548],[120.682692,16.088554],[120.68352,16.089647],[120.683514,16.090189],[120.682676,16.089909]]],[[[120.693507,16.091684],[120.693227,16.091681],[120.69351,16.091413],[120.693507,16.091684]]],[[[120.643694,16.09138],[120.643691,16.091651],[120.643407,16.091919],[120.643127,16.091916],[120.643697,16.091109],[120.643694,16.09138]]],[[[120.675647,16.09173],[120.675641,16.092272],[120.67536,16.092269],[120.675367,16.091727],[120.675647,16.09173]]],[[[120.685756,16.090214],[120.68575,16.090756],[120.684912,16.090476],[120.684915,16.090205],[120.685756,16.090214]]],[[[120.645095,16.091396],[120.645092,16.091667],[120.644812,16.091664],[120.644815,16.091393],[120.645095,16.091396]]],[[[120.666952,16.092177],[120.666674,16.091903],[120.666955,16.091906],[120.666952,16.092177]]],[[[120.667229,16.092451],[120.666948,16.092448],[120.666952,16.092177],[120.667229,16.092451]]],[[[120.642557,16.092723],[120.642834,16.092997],[120.642831,16.093268],[120.642277,16.09272],[120.642557,16.092723]]],[[[120.64256,16.092452],[120.642844,16.092184],[120.64284,16.092455],[120.642837,16.092726],[120.642557,16.092723],[120.64256,16.092452]]],[[[120.643124,16.092187],[120.642844,16.092184],[120.643127,16.091916],[120.643124,16.092187]]],[[[120.672831,16.092784],[120.672551,16.092781],[120.672835,16.092513],[120.672831,16.092784]]],[[[120.653108,16.053542],[120.653386,16.053816],[120.653105,16.053812],[120.653108,16.053542]]],[[[120.681577,16.063879],[120.681573,16.06415],[120.681293,16.064147],[120.681296,16.063876],[120.681577,16.063879]]],[[[120.692954,16.066744],[120.692951,16.067015],[120.692664,16.067554],[120.692384,16.067551],[120.692107,16.067277],[120.691833,16.066732],[120.691839,16.06619],[120.692677,16.06647],[120.692954,16.066744]]],[[[120.69912,16.066811],[120.699403,16.066543],[120.6994,16.066814],[120.69912,16.066811]]],[[[120.675628,16.069235],[120.675638,16.068422],[120.675909,16.069238],[120.675628,16.069235]]],[[[120.707179,16.07286],[120.706899,16.072857],[120.706902,16.072586],[120.707182,16.072589],[120.707179,16.07286]]],[[[120.664559,16.08104],[120.664282,16.080766],[120.664562,16.080769],[120.664559,16.08104]]],[[[120.703408,16.083931],[120.703121,16.08447],[120.703128,16.083928],[120.703408,16.083931]]],[[[120.688534,16.085397],[120.688531,16.085668],[120.688251,16.085665],[120.688254,16.085394],[120.688534,16.085397]]],[[[120.680472,16.086633],[120.680752,16.086636],[120.680749,16.086907],[120.680469,16.086904],[120.680472,16.086633]]],[[[120.686264,16.087812],[120.685703,16.087806],[120.685706,16.087535],[120.686267,16.087541],[120.686264,16.087812]]],[[[120.67429,16.087921],[120.674293,16.08765],[120.67457,16.087924],[120.67429,16.087921]]],[[[120.652125,16.089576],[120.652402,16.08985],[120.652122,16.089847],[120.652125,16.089576]]],[[[120.64536,16.092754],[120.645357,16.093025],[120.64508,16.092751],[120.64536,16.092754]]],[[[120.679836,16.093131],[120.679842,16.092589],[120.680683,16.092598],[120.680677,16.09314],[120.679836,16.093131]]],[[[120.681511,16.093691],[120.682635,16.093432],[120.682903,16.094519],[120.682349,16.093971],[120.681511,16.093691]]],[[[120.661121,16.063386],[120.661128,16.062844],[120.661688,16.06285],[120.661121,16.063386]]],[[[120.653676,16.076855],[120.653679,16.076584],[120.653959,16.076587],[120.653676,16.076855]]],[[[120.655899,16.078506],[120.655616,16.078774],[120.655619,16.078503],[120.655899,16.078506]]],[[[120.659218,16.082336],[120.658938,16.082333],[120.658941,16.082062],[120.659218,16.082336]]],[[[120.655205,16.089881],[120.655482,16.090155],[120.655202,16.090152],[120.655205,16.089881]]]]},"properties":{"Var":2}},
{"type":"Feature","geometry":{"type":"MultiPolygon","coordinates":[[[[120.659229,16.057403],[120.65951,16.057406],[120.659783,16.057951],[120.65922,16.058216],[120.65921,16.059029],[120.65865,16.059023],[120.658936,16.058484],[120.657535,16.058468],[120.657538,16.058197],[120.657819,16.0582],[120.658102,16.057932],[120.658666,16.057668],[120.658949,16.0574],[120.659229,16.057403]]],[[[120.66285,16.059339],[120.663131,16.059342],[120.663404,16.059888],[120.661443,16.059866],[120.660892,16.059047],[120.661452,16.059053],[120.661729,16.059327],[120.66257,16.059336],[120.66285,16.059339]]],[[[120.655561,16.059531],[120.655277,16.059799],[120.655287,16.058986],[120.655564,16.05926],[120.655561,16.059531]]],[[[120.666197,16.060731],[120.66592,16.060457],[120.666201,16.06046],[120.666197,16.060731]]],[[[120.662245,16.063127],[120.662236,16.06394],[120.661395,16.063931],[120.661121,16.063386],[120.661688,16.06285],[120.661968,16.062853],[120.662245,16.063127]]],[[[120.67115,16.068645],[120.671147,16.068916],[120.670867,16.068912],[120.67087,16.068642],[120.67115,16.068645]]],[[[120.654329,16.069003],[120.654325,16.069274],[120.654045,16.069271],[120.654048,16.069],[120.654329,16.069003]]],[[[120.671434,16.068377],[120.671437,16.068106],[120.671717,16.068109],[120.671434,16.068377]]],[[[120.671138,16.069729],[120.670861,16.069454],[120.670864,16.069183],[120.671144,16.069187],[120.671138,16.069729]]],[[[120.665504,16.072106],[120.665501,16.072377],[120.665221,16.072374],[120.665224,16.072103],[120.665504,16.072106]]],[[[120.67446,16.073288],[120.675014,16.073836],[120.673893,16.073824],[120.673899,16.073282],[120.67418,16.073285],[120.67446,16.073288]]],[[[120.675272,16.075736],[120.674992,16.075733],[120.675276,16.075465],[120.675272,16.075736]]],[[[120.653963,16.076316],[120.653959,16.076587],[120.653679,16.076584],[120.653682,16.076313],[120.653963,16.076316]]],[[[120.6646,16.077517],[120.66488,16.07752],[120.664597,16.077788],[120.6646,16.077517]]],[[[120.655902,16.078235],[120.655899,16.078506],[120.655619,16.078503],[120.655622,16.078232],[120.655902,16.078235]]],[[[120.653093,16.078746],[120.652813,16.078743],[120.653099,16.078204],[120.653096,16.078475],[120.653093,16.078746]]],[[[120.636828,16.07938],[120.637108,16.079383],[120.637105,16.079654],[120.636825,16.079651],[120.636544,16.079648],[120.636548,16.079377],[120.636828,16.07938]]],[[[120.663447,16.080214],[120.663167,16.080211],[120.66317,16.07994],[120.66345,16.079943],[120.663447,16.080214]]],[[[120.638223,16.079937],[120.637943,16.079934],[120.638226,16.079666],[120.638506,16.079669],[120.638503,16.07994],[120.638223,16.079937]]],[[[120.653084,16.079559],[120.653364,16.079562],[120.653357,16.080104],[120.653077,16.080101],[120.65308,16.07983],[120.653084,16.079559]]],[[[120.65782,16.08205],[120.6581,16.082053],[120.658097,16.082324],[120.657816,16.082321],[120.65782,16.08205]]],[[[120.65866,16.082059],[120.658941,16.082062],[120.658938,16.082333],[120.658657,16.08233],[120.65866,16.082059]]],[[[120.653049,16.08254],[120.653045,16.082811],[120.652765,16.082808],[120.652768,16.082537],[120.653049,16.08254]]],[[[120.645481,16.082456],[120.645761,16.08246],[120.645758,16.08273],[120.645755,16.083001],[120.645475,16.082998],[120.645478,16.082727],[120.645481,16.082456]]],[[[120.656386,16.084744],[120.656667,16.084747],[120.656383,16.085015],[120.656386,16.084744]]],[[[120.655794,16.087448],[120.656074,16.087451],[120.656071,16.087722],[120.655791,16.087719],[120.655794,16.087448]]],[[[120.64486,16.087599],[120.64458,16.087596],[120.644583,16.087325],[120.644863,16.087328],[120.64486,16.087599]]],[[[120.637289,16.087786],[120.637286,16.088057],[120.637009,16.087783],[120.637289,16.087786]]],[[[120.658908,16.060922],[120.658911,16.060651],[120.659188,16.060926],[120.658908,16.060922]]],[[[120.660847,16.062841],[120.661128,16.062844],[120.661121,16.063386],[120.660847,16.062841]]],[[[120.654994,16.060067],[120.655277,16.059799],[120.655274,16.06007],[120.654994,16.060067]]],[[[120.673122,16.067853],[120.673119,16.068124],[120.672841,16.06785],[120.673122,16.067853]]],[[[120.667928,16.080534],[120.668486,16.080811],[120.668476,16.081624],[120.667629,16.082157],[120.667645,16.080802],[120.667928,16.080534]]],[[[120.644659,16.080821],[120.644937,16.081095],[120.644656,16.081092],[120.644659,16.080821]]],[[[120.64521,16.08164],[120.645488,16.081914],[120.645207,16.081911],[120.64521,16.08164]]],[[[120.645166,16.085434],[120.645449,16.085166],[120.645446,16.085437],[120.645166,16.085434]]],[[[120.644564,16.088951],[120.644557,16.089493],[120.644277,16.08949],[120.644283,16.088948],[120.644564,16.088951]]],[[[120.654644,16.089875],[120.655205,16.089881],[120.655202,16.090152],[120.654641,16.090146],[120.654644,16.089875]]],[[[120.662979,16.07235],[120.662975,16.072621],[120.662695,16.072618],[120.662698,16.072347],[120.662979,16.07235]]],[[[120.655654,16.075522],[120.65565,16.075793],[120.65537,16.07579],[120.655373,16.075519],[120.655654,16.075522]]],[[[120.637283,16.088328],[120.637281,16.08844],[120.637241,16.088368],[120.637283,16.088328]]]]},"properties":{"Var":3}}
]}