{"type":"FeatureCollection", "features": [
{"type":"Feature","geometry":{"type":"MultiPolygon","coordinates":[[[[120.674154,16.020196],[120.674997,16.02],[120.674995,16.020205],[120.674154,16.020196]]],[[[120.682283,16.02],[120.683124,16.02],[120.683404,16.020025],[120.68312,16.020293],[120.682283,16.02]]],[[[120.648654,16.020189],[120.648651,16.02046],[120.64837,16.020457],[120.648374,16.020186],[120.648654,16.020189]]],[[[120.648934,16.020192],[120.649211,16.020466],[120.648931,16.020463],[120.648934,16.020192]]],[[[120.660371,16.024654],[120.659811,16.024647],[120.659553,16.022748],[120.658435,16.022464],[120.658422,16.023548],[120.658983,16.023554],[120.658684,16.025177],[120.658123,16.025171],[120.658139,16.023816],[120.657579,16.02381],[120.657595,16.022455],[120.657031,16.02272],[120.656757,16.022175],[120.654799,16.021883],[120.654793,16.022425],[120.653392,16.022409],[120.651988,16.022665],[120.650313,16.022105],[120.652287,16.021042],[120.652299,16.02],[120.657903,16.02],[120.658177,16.020564],[120.658457,16.020567],[120.659292,16.021119],[120.660689,16.021405],[120.661243,16.021953],[120.66152,16.022227],[120.662074,16.022775],[120.662355,16.022778],[120.662909,16.023326],[120.662887,16.025223],[120.662323,16.025488],[120.662049,16.024943],[120.661486,16.025208],[120.661215,16.024392],[120.660651,16.024657],[120.660368,16.024925],[120.660371,16.024654]],[[120.653681,16.021599],[120.653694,16.020515],[120.652847,16.021048],[120.653681,16.021599]]],[[[120.636965,16.0203],[120.636681,16.020568],[120.636684,16.020297],[120.636965,16.0203]]],[[[120.71086,16.020591],[120.71058,16.020588],[120.710583,16.020317],[120.710863,16.02032],[120.71086,16.020591]]],[[[120.640047,16.020334],[120.640043,16.020605],[120.639766,16.020331],[120.640047,16.020334]]],[[[120.644249,16.02038],[120.644807,16.020657],[120.644526,16.020654],[120.644246,16.020651],[120.644249,16.02038]]],[[[120.71086,16.020591],[120.71114,16.020594],[120.710857,16.020862],[120.71086,16.020591]]],[[[120.644807,16.020657],[120.645087,16.02066],[120.645084,16.020931],[120.644807,16.020657]]],[[[120.692364,16.020664],[120.692361,16.020935],[120.691803,16.020658],[120.692364,16.020664]]],[[[120.597169,16.020671],[120.597446,16.020945],[120.597166,16.020942],[120.597169,16.020671]]],[[[120.671903,16.020985],[120.671623,16.020982],[120.671906,16.020714],[120.671903,16.020985]]],[[[120.672183,16.020988],[120.672187,16.020717],[120.67275,16.020452],[120.672744,16.020994],[120.672183,16.020988]]],[[[120.63444,16.020543],[120.633039,16.020528],[120.633045,16.02],[120.634166,16.02],[120.63444,16.020543]]],[[[120.631644,16.02],[120.632475,16.020793],[120.631351,16.021051],[120.631644,16.02]]],[[[120.680041,16.02],[120.680599,16.020266],[120.680309,16.021076],[120.680041,16.02]]],[[[120.610895,16.021095],[120.611452,16.021373],[120.611719,16.02246],[120.612563,16.022198],[120.611993,16.023005],[120.612263,16.023821],[120.614228,16.023572],[120.614218,16.024385],[120.614775,16.024662],[120.617297,16.02469],[120.618141,16.024428],[120.619271,16.023628],[120.618975,16.024979],[120.619535,16.024986],[120.620646,16.025811],[120.622041,16.026369],[120.623722,16.026387],[120.623435,16.026926],[120.623993,16.027203],[120.625674,16.027222],[120.627078,16.026966],[120.627068,16.027779],[120.626795,16.027234],[120.626228,16.02777],[120.626218,16.028583],[120.625094,16.028842],[120.62482,16.028296],[120.623977,16.028558],[120.622579,16.028272],[120.622569,16.029085],[120.62341,16.029094],[120.623403,16.029636],[120.622566,16.029356],[120.622273,16.030436],[120.621436,16.030156],[120.621429,16.030698],[120.621426,16.030969],[120.620872,16.030421],[120.622009,16.029078],[120.622022,16.027994],[120.622862,16.028004],[120.622875,16.02692],[120.621754,16.026907],[120.621471,16.027175],[120.620907,16.02744],[120.620617,16.02825],[120.620344,16.027705],[120.619494,16.028508],[120.619484,16.029321],[120.620321,16.029602],[120.620315,16.030144],[120.61892,16.029586],[120.61837,16.028767],[120.617532,16.028487],[120.617819,16.027948],[120.617265,16.0274],[120.616421,16.027661],[120.615023,16.027375],[120.615017,16.027917],[120.615857,16.027926],[120.615851,16.028468],[120.617529,16.028758],[120.617799,16.029574],[120.616402,16.029287],[120.616408,16.028745],[120.615007,16.02873],[120.613619,16.02763],[120.612218,16.027614],[120.612221,16.027344],[120.611941,16.02734],[120.60999,16.026506],[120.610003,16.025422],[120.609442,16.025415],[120.608618,16.024051],[120.609181,16.023787],[120.608064,16.023503],[120.608634,16.022696],[120.608647,16.021612],[120.609771,16.021354],[120.609787,16.02],[120.609867,16.02],[120.610067,16.02],[120.612028,16.020024],[120.612025,16.020295],[120.610624,16.020279],[120.610898,16.020825],[120.610895,16.021095]],[[120.616994,16.026584],[120.617007,16.0255],[120.615606,16.025484],[120.61532,16.026023],[120.616444,16.025764],[120.616714,16.02658],[120.616994,16.026584]],[[120.611133,16.024621],[120.610299,16.02407],[120.610289,16.024883],[120.611133,16.024621]]],[[[120.636127,16.02002],[120.636401,16.020565],[120.636678,16.020839],[120.635834,16.021101],[120.63556,16.020556],[120.635564,16.020285],[120.636127,16.02002]]],[[[120.668264,16.020674],[120.669104,16.020683],[120.668258,16.021216],[120.668264,16.020674]]],[[[120.672183,16.020988],[120.67218,16.021259],[120.671903,16.020985],[120.672183,16.020988]]],[[[120.672744,16.020994],[120.673024,16.020997],[120.673021,16.021268],[120.672741,16.021265],[120.672744,16.020994]]],[[[120.682267,16.021368],[120.681993,16.020823],[120.682554,16.020829],[120.682267,16.021368]]],[[[120.635834,16.021101],[120.635551,16.021369],[120.635554,16.021098],[120.635834,16.021101]]],[[[120.612869,16.02],[120.613709,16.020043],[120.61398,16.020859],[120.61342,16.020853],[120.612869,16.02]]],[[[120.616512,16.02],[120.618192,16.020093],[120.61874,16.021183],[120.617616,16.021441],[120.616782,16.02089],[120.616512,16.02]]],[[[120.620996,16.02],[120.624076,16.020158],[120.62378,16.02151],[120.623232,16.020419],[120.622392,16.02041],[120.621825,16.020946],[120.621835,16.020133],[120.620996,16.02]]],[[[120.685069,16.021398],[120.685346,16.021672],[120.685066,16.021669],[120.685069,16.021398]]],[[[120.643956,16.021461],[120.643953,16.021732],[120.643673,16.021729],[120.643676,16.021458],[120.643956,16.021461]]],[[[120.692915,16.021483],[120.692631,16.021751],[120.692635,16.02148],[120.692915,16.021483]]],[[[120.695159,16.021236],[120.695433,16.021781],[120.694873,16.021775],[120.695159,16.021236]]],[[[120.642275,16.021443],[120.642549,16.021988],[120.642269,16.021985],[120.642275,16.021443]]],[[[120.706081,16.021895],[120.706358,16.022169],[120.706078,16.022166],[120.706081,16.021895]]],[[[120.636949,16.021655],[120.638349,16.021671],[120.638346,16.021941],[120.637222,16.0222],[120.636945,16.021926],[120.636949,16.021655]]],[[[120.613693,16.021398],[120.614527,16.021949],[120.613684,16.022211],[120.613693,16.021398]]],[[[120.6193,16.021189],[120.619857,16.021466],[120.619848,16.022279],[120.619291,16.022002],[120.6193,16.021189]]],[[[120.630218,16.022123],[120.630224,16.021581],[120.631065,16.02159],[120.630775,16.0224],[120.630218,16.022123]]],[[[120.642266,16.022256],[120.641982,16.022524],[120.641986,16.022253],[120.642266,16.022256]]],[[[120.636659,16.022465],[120.635818,16.022456],[120.635828,16.021643],[120.636668,16.021652],[120.636665,16.021923],[120.636659,16.022465]]],[[[120.639744,16.022228],[120.640585,16.022237],[120.640578,16.022779],[120.640298,16.022776],[120.639744,16.022228]]],[[[120.689826,16.021992],[120.688992,16.021441],[120.687591,16.021425],[120.688148,16.021703],[120.687862,16.022241],[120.686464,16.021955],[120.686473,16.021142],[120.687594,16.021155],[120.687597,16.020884],[120.688998,16.020899],[120.689552,16.021447],[120.691234,16.021465],[120.692062,16.022558],[120.691781,16.022555],[120.691498,16.022823],[120.690938,16.022817],[120.690664,16.022272],[120.69039,16.021727],[120.689826,16.021992]]],[[[120.595742,16.022823],[120.595192,16.022004],[120.595752,16.02201],[120.595742,16.022823]]],[[[120.694303,16.022582],[120.69346,16.022844],[120.693186,16.022299],[120.693746,16.022305],[120.694306,16.022311],[120.694303,16.022582]]],[[[120.623764,16.022864],[120.622926,16.022584],[120.622936,16.021771],[120.623777,16.021781],[120.623764,16.022864]]],[[[120.690664,16.022272],[120.690654,16.023085],[120.689814,16.023076],[120.689823,16.022263],[120.690664,16.022272]]],[[[120.673021,16.021268],[120.673301,16.021271],[120.673282,16.022897],[120.672719,16.023162],[120.672731,16.022078],[120.672734,16.021807],[120.673021,16.021268]]],[[[120.637222,16.0222],[120.63862,16.022487],[120.638897,16.022761],[120.639451,16.023309],[120.63805,16.023293],[120.637213,16.023013],[120.636089,16.023272],[120.636659,16.022465],[120.637222,16.0222]]],[[[120.672442,16.022888],[120.672439,16.023159],[120.672155,16.023427],[120.672158,16.023156],[120.672442,16.022888]]],[[[120.595742,16.022823],[120.59658,16.023104],[120.596573,16.023646],[120.596293,16.023642],[120.59657,16.023917],[120.596286,16.024184],[120.596006,16.024181],[120.59601,16.02391],[120.596013,16.023639],[120.595742,16.022823]]],[[[120.621793,16.023656],[120.620392,16.02364],[120.621522,16.02284],[120.621236,16.023379],[120.621793,16.023656]]],[[[120.67077,16.022057],[120.67021,16.02205],[120.669914,16.023402],[120.66935,16.023667],[120.669637,16.023128],[120.669652,16.021773],[120.67077,16.022057]]],[[[120.625722,16.023157],[120.625435,16.023696],[120.624595,16.023687],[120.624888,16.022606],[120.626009,16.022618],[120.625722,16.023157]]],[[[120.627976,16.022098],[120.627967,16.022911],[120.627397,16.023718],[120.627409,16.022634],[120.627976,16.022098]]],[[[120.648628,16.022357],[120.650039,16.021559],[120.650036,16.02183],[120.65002,16.023185],[120.650294,16.023699],[120.650095,16.023728],[120.650092,16.023968],[120.649812,16.023965],[120.649463,16.022908],[120.648628,16.022357]]],[[[120.696542,16.022877],[120.697102,16.022883],[120.69793,16.023976],[120.69709,16.023967],[120.696542,16.022877]]],[[[120.677476,16.023755],[120.677473,16.024026],[120.677196,16.023752],[120.677476,16.023755]]],[[[120.635242,16.023804],[120.635239,16.024075],[120.634958,16.024072],[120.635242,16.023804]]],[[[120.7111,16.024117],[120.711383,16.023849],[120.71138,16.02412],[120.7111,16.024117]]],[[[120.690654,16.023085],[120.690928,16.02363],[120.690368,16.023624],[120.690362,16.024166],[120.690091,16.02335],[120.690654,16.023085]]],[[[120.667663,16.024191],[120.667379,16.024459],[120.667363,16.025814],[120.666803,16.025808],[120.667634,16.02663],[120.667071,16.026895],[120.667345,16.02744],[120.667055,16.02825],[120.667889,16.028801],[120.667323,16.029337],[120.667042,16.029334],[120.666217,16.02797],[120.665386,16.027147],[120.665396,16.026334],[120.66623,16.026886],[120.666255,16.024718],[120.667099,16.024456],[120.667386,16.023917],[120.667118,16.02283],[120.667691,16.021752],[120.66771,16.020126],[120.66799,16.020129],[120.667943,16.024194],[120.667663,16.024191]]],[[[120.694568,16.02394],[120.694565,16.024211],[120.694004,16.024205],[120.693447,16.023928],[120.692884,16.024193],[120.692877,16.024735],[120.693441,16.02447],[120.693435,16.025012],[120.694278,16.02475],[120.695402,16.024491],[120.695682,16.024494],[120.695956,16.025039],[120.695953,16.02531],[120.69539,16.025575],[120.695107,16.025843],[120.694829,16.025569],[120.692868,16.025548],[120.692871,16.025277],[120.692874,16.025006],[120.692314,16.025],[120.691757,16.024723],[120.69176,16.024452],[120.690359,16.024437],[120.690362,16.024166],[120.691486,16.023907],[120.691498,16.022823],[120.691778,16.022826],[120.692055,16.0231],[120.693176,16.023112],[120.693173,16.023383],[120.693734,16.023389],[120.69373,16.02366],[120.694014,16.023392],[120.694577,16.023127],[120.69458,16.022856],[120.695141,16.022862],[120.695415,16.023407],[120.695128,16.023946],[120.694568,16.02394]]],[[[120.650092,16.023968],[120.650372,16.023971],[120.650369,16.024242],[120.650092,16.023968]]],[[[120.708864,16.023551],[120.708858,16.024093],[120.708295,16.024358],[120.708015,16.024355],[120.70803,16.023],[120.70859,16.023006],[120.708864,16.023551]]],[[[120.695128,16.023946],[120.695412,16.023678],[120.695686,16.024223],[120.695402,16.024491],[120.694565,16.024211],[120.695128,16.023946]]],[[[120.70185,16.024289],[120.702127,16.024563],[120.701847,16.02456],[120.70185,16.024289]]],[[[120.67803,16.024303],[120.678027,16.024574],[120.67775,16.0243],[120.67803,16.024303]]],[[[120.703818,16.023768],[120.704089,16.024584],[120.703528,16.024578],[120.703818,16.023768]]],[[[120.711937,16.024397],[120.712215,16.024671],[120.711934,16.024668],[120.711937,16.024397]]],[[[120.662909,16.023326],[120.663749,16.023335],[120.664017,16.024422],[120.663734,16.02469],[120.662909,16.023326]]],[[[120.650646,16.024516],[120.650926,16.024519],[120.650923,16.02479],[120.650646,16.024516]]],[[[120.673544,16.024526],[120.67354,16.024797],[120.67326,16.024794],[120.673544,16.024526]]],[[[120.678867,16.024584],[120.678304,16.024848],[120.67803,16.024303],[120.678036,16.023761],[120.677476,16.023755],[120.677762,16.023216],[120.677778,16.021862],[120.677495,16.022129],[120.677504,16.021317],[120.67751,16.020775],[120.677519,16.02],[120.679761,16.02],[120.679733,16.022425],[120.678889,16.022687],[120.678867,16.024584]]],[[[120.678867,16.024584],[120.679144,16.024858],[120.678864,16.024855],[120.678867,16.024584]]],[[[120.711374,16.024662],[120.71081,16.024927],[120.710813,16.024656],[120.711374,16.024662]]],[[[120.663734,16.02469],[120.664011,16.024964],[120.66373,16.024961],[120.663734,16.02469]]],[[[120.695956,16.025039],[120.695963,16.024497],[120.696237,16.025042],[120.695956,16.025039]]],[[[120.627944,16.024808],[120.627381,16.025073],[120.626833,16.023983],[120.627397,16.023718],[120.627387,16.024531],[120.627944,16.024808]]],[[[120.700723,16.024819],[120.70072,16.02509],[120.700163,16.024813],[120.700723,16.024819]]],[[[120.71081,16.024927],[120.710807,16.025198],[120.71053,16.024924],[120.71081,16.024927]]],[[[120.701,16.025093],[120.700997,16.025364],[120.70072,16.02509],[120.701,16.025093]]],[[[120.63664,16.024091],[120.636627,16.025175],[120.635786,16.025165],[120.635519,16.024078],[120.635522,16.023807],[120.636076,16.024356],[120.636356,16.024359],[120.63664,16.024091]]],[[[120.6858,16.030892],[120.685517,16.03116],[120.685227,16.03197],[120.684947,16.031967],[120.68467,16.031693],[120.684676,16.031151],[120.684116,16.031145],[120.683845,16.030329],[120.683285,16.030323],[120.683023,16.028694],[120.682743,16.028691],[120.682731,16.029775],[120.682173,16.029498],[120.681896,16.029224],[120.681056,16.029215],[120.680782,16.02867],[120.680801,16.027044],[120.680527,16.026499],[120.680552,16.024331],[120.681402,16.023527],[120.681411,16.022714],[120.681971,16.02272],[120.681978,16.022178],[120.682541,16.021913],[120.683108,16.021377],[120.683382,16.021922],[120.683379,16.022193],[120.682812,16.022729],[120.683089,16.023003],[120.683083,16.023545],[120.68308,16.023816],[120.683354,16.024361],[120.68251,16.024623],[120.682784,16.025168],[120.682781,16.025439],[120.683335,16.025987],[120.683325,16.0268],[120.683886,16.026806],[120.684182,16.025454],[120.684194,16.02437],[120.684474,16.024373],[120.684755,16.024376],[120.684752,16.024647],[120.685029,16.024921],[120.685025,16.025192],[120.684742,16.02546],[120.685573,16.026282],[120.685857,16.026014],[120.686137,16.026017],[120.686414,16.026291],[120.686694,16.026294],[120.686401,16.027375],[120.686679,16.027649],[120.686666,16.028733],[120.68609,16.030082],[120.68553,16.030076],[120.685804,16.030621],[120.68552,16.030889],[120.6858,16.030892]],[[120.683023,16.028694],[120.683587,16.028429],[120.683593,16.027887],[120.68303,16.028152],[120.683023,16.028694]]],[[[120.660706,16.02],[120.663508,16.02],[120.664335,16.021174],[120.664322,16.022257],[120.664889,16.021722],[120.665163,16.022267],[120.66516,16.022538],[120.664036,16.022796],[120.662651,16.021426],[120.662093,16.021149],[120.661823,16.020333],[120.660706,16.02]]],[[[120.641107,16.025495],[120.639999,16.024399],[120.640005,16.023857],[120.641116,16.024682],[120.64111,16.025224],[120.641107,16.025495]]],[[[120.686735,16.022771],[120.687852,16.023054],[120.687843,16.023867],[120.6884,16.024144],[120.688671,16.02496],[120.689792,16.024973],[120.689786,16.025514],[120.689506,16.025511],[120.688385,16.025499],[120.688114,16.024683],[120.687557,16.024406],[120.687563,16.023864],[120.686725,16.023584],[120.686735,16.022771]]],[[[120.691757,16.024723],[120.692034,16.024997],[120.692031,16.025268],[120.69091,16.025256],[120.690916,16.024714],[120.691757,16.024723]]],[[[120.651757,16.025341],[120.651754,16.025612],[120.651477,16.025338],[120.651757,16.025341]]],[[[120.652037,16.025344],[120.652598,16.02535],[120.652595,16.025621],[120.652034,16.025615],[120.652037,16.025344]]],[[[120.653165,16.024814],[120.653451,16.024275],[120.654292,16.024285],[120.654276,16.025639],[120.653155,16.025627],[120.653165,16.024814]]],[[[120.701847,16.02456],[120.701554,16.025641],[120.701277,16.025367],[120.701,16.025093],[120.700723,16.024819],[120.699882,16.02481],[120.699045,16.02453],[120.699039,16.025072],[120.698759,16.025069],[120.698765,16.024527],[120.698201,16.024792],[120.698211,16.023979],[120.699608,16.024265],[120.699338,16.023449],[120.69878,16.023172],[120.698786,16.02263],[120.699344,16.022907],[120.700745,16.022922],[120.701299,16.02347],[120.70157,16.024286],[120.701847,16.02456]]],[[[120.696508,16.025858],[120.69623,16.025584],[120.696511,16.025587],[120.696508,16.025858]]],[[[120.697912,16.025602],[120.698192,16.025605],[120.69846,16.026692],[120.698453,16.027234],[120.697893,16.027228],[120.697336,16.026951],[120.697052,16.027219],[120.697056,16.026948],[120.696775,16.026945],[120.696498,16.026671],[120.696501,16.0264],[120.696785,16.026132],[120.697062,16.026406],[120.697628,16.02587],[120.697068,16.025864],[120.697077,16.025051],[120.697915,16.025331],[120.697912,16.025602]]],[[[120.709677,16.025999],[120.708846,16.025177],[120.70969,16.024915],[120.709964,16.02546],[120.709677,16.025999]]],[[[120.664839,16.026057],[120.664288,16.025238],[120.6643,16.024154],[120.664857,16.024431],[120.664839,16.026057]]],[[[120.696508,16.025858],[120.696788,16.025861],[120.696785,16.026132],[120.696504,16.026129],[120.696508,16.025858]]],[[[120.65334,16.03376],[120.653057,16.034028],[120.652777,16.034025],[120.65249,16.034564],[120.652496,16.034022],[120.651939,16.033744],[120.651102,16.033464],[120.649984,16.033181],[120.649713,16.032365],[120.648879,16.031814],[120.648898,16.030188],[120.648058,16.030179],[120.647771,16.030718],[120.647484,16.031256],[120.646918,16.031792],[120.646625,16.032873],[120.645781,16.033135],[120.645504,16.032861],[120.645507,16.03259],[120.646071,16.032325],[120.646644,16.031247],[120.646653,16.030434],[120.646657,16.030163],[120.646669,16.029079],[120.647233,16.028815],[120.647507,16.02936],[120.647787,16.029363],[120.648067,16.029366],[120.648354,16.028827],[120.64837,16.027472],[120.64865,16.027475],[120.648672,16.025578],[120.649516,16.025316],[120.649532,16.023961],[120.649812,16.023965],[120.650363,16.024784],[120.650073,16.025593],[120.65091,16.025874],[120.650907,16.026145],[120.650898,16.026958],[120.651439,16.02859],[120.651999,16.028596],[120.652273,16.029141],[120.653388,16.029695],[120.653662,16.03024],[120.654786,16.029981],[120.654779,16.030523],[120.655623,16.030262],[120.657304,16.03028],[120.657871,16.029744],[120.658428,16.030021],[120.657572,16.031367],[120.656451,16.031355],[120.656158,16.032436],[120.655598,16.032429],[120.656149,16.033248],[120.658387,16.033544],[120.658104,16.033812],[120.658371,16.034899],[120.65725,16.034887],[120.656699,16.034068],[120.656139,16.034061],[120.655865,16.033516],[120.655579,16.034055],[120.654748,16.033233],[120.65363,16.03295],[120.652522,16.031854],[120.652525,16.031583],[120.652248,16.031309],[120.649732,16.030739],[120.649726,16.031281],[120.650563,16.031561],[120.651401,16.031841],[120.651665,16.033199],[120.652223,16.033477],[120.65334,16.03376]],[[120.648067,16.029366],[120.648344,16.02964],[120.648347,16.029369],[120.648067,16.029366]],[[120.650563,16.031561],[120.649723,16.031552],[120.649997,16.032097],[120.650837,16.032106],[120.650563,16.031561]],[[120.650022,16.029929],[120.650019,16.0302],[120.650579,16.030206],[120.650592,16.029122],[120.651156,16.028858],[120.650882,16.028313],[120.650044,16.028032],[120.650312,16.029119],[120.649751,16.029113],[120.649745,16.029655],[120.650022,16.029929]]],[[[120.641384,16.025769],[120.641377,16.026311],[120.641104,16.025766],[120.641384,16.025769]]],[[[120.663998,16.026048],[120.663995,16.026319],[120.663715,16.026316],[120.663718,16.026045],[120.663998,16.026048]]],[[[120.664839,16.026057],[120.665399,16.026063],[120.665396,16.026334],[120.664835,16.026328],[120.664839,16.026057]]],[[[120.630218,16.022123],[120.629928,16.022933],[120.630198,16.023749],[120.63216,16.02377],[120.632717,16.024048],[120.631873,16.024309],[120.63158,16.02539],[120.630459,16.025378],[120.63045,16.026191],[120.629055,16.025633],[120.627944,16.024808],[120.629629,16.024555],[120.629918,16.023746],[120.629364,16.023197],[120.6291,16.021839],[120.627976,16.022098],[120.627419,16.021821],[120.627148,16.021005],[120.626308,16.020996],[120.626034,16.020451],[120.624919,16.02],[120.62632,16.02],[120.626314,16.020454],[120.627155,16.020463],[120.627441,16.02],[120.628561,16.02],[120.62883,16.021023],[120.629667,16.021304],[120.630218,16.022123]],[[120.627706,16.021282],[120.628543,16.021562],[120.628269,16.021017],[120.627706,16.021282]]],[[[120.606627,16.026468],[120.606631,16.026197],[120.606911,16.0262],[120.606908,16.026471],[120.606627,16.026468]]],[[[120.635216,16.025972],[120.634089,16.026502],[120.632698,16.025673],[120.634099,16.025689],[120.633545,16.025141],[120.634666,16.025153],[120.634656,16.025966],[120.635216,16.025972]]],[[[120.655951,16.0262],[120.655944,16.026742],[120.655664,16.026739],[120.655671,16.026197],[120.655951,16.0262]]],[[[120.635767,16.026791],[120.635493,16.026246],[120.636331,16.026527],[120.635767,16.026791]]],[[[120.696498,16.026671],[120.696495,16.026942],[120.695935,16.026936],[120.69538,16.026388],[120.695384,16.026117],[120.695944,16.026123],[120.696498,16.026671]]],[[[120.637445,16.027081],[120.637448,16.02681],[120.638292,16.026548],[120.638005,16.027087],[120.637445,16.027081]]],[[[120.641654,16.026585],[120.641648,16.027127],[120.641374,16.026582],[120.641654,16.026585]]],[[[120.695091,16.027198],[120.695094,16.026927],[120.695374,16.02693],[120.695371,16.027201],[120.695091,16.027198]]],[[[120.699587,16.026162],[120.699577,16.026975],[120.700135,16.027252],[120.699014,16.02724],[120.69874,16.026695],[120.698743,16.026424],[120.699026,16.026156],[120.699587,16.026162]]],[[[120.656231,16.026203],[120.657626,16.02676],[120.657619,16.027302],[120.656225,16.026745],[120.656231,16.026203]]],[[[120.709108,16.026806],[120.709101,16.027348],[120.708261,16.027339],[120.707987,16.026794],[120.706869,16.026511],[120.706863,16.027053],[120.706592,16.026237],[120.707155,16.025972],[120.707445,16.025162],[120.708002,16.025439],[120.708279,16.025713],[120.708267,16.026797],[120.709108,16.026806]]],[[[120.637445,16.027081],[120.637442,16.027352],[120.636882,16.027346],[120.636885,16.027075],[120.637165,16.027078],[120.637445,16.027081]]],[[[120.709677,16.025999],[120.710795,16.026282],[120.711066,16.027098],[120.710502,16.027363],[120.709108,16.026806],[120.709114,16.026264],[120.709394,16.026267],[120.709674,16.02627],[120.709677,16.025999]]],[[[120.594306,16.025788],[120.594586,16.025791],[120.594566,16.027417],[120.593732,16.026866],[120.594019,16.026327],[120.594306,16.025788]]],[[[120.692006,16.027436],[120.690605,16.02742],[120.690614,16.026608],[120.692856,16.026632],[120.692849,16.027174],[120.692006,16.027436]]],[[[120.701819,16.026999],[120.701813,16.027541],[120.700972,16.027532],[120.700978,16.02699],[120.700418,16.026984],[120.699864,16.026436],[120.701265,16.026451],[120.701259,16.026993],[120.701819,16.026999]]],[[[120.635761,16.027333],[120.636312,16.028152],[120.636028,16.02842],[120.635748,16.028417],[120.635477,16.027601],[120.635197,16.027598],[120.635767,16.026791],[120.635761,16.027333]]],[[[120.658942,16.027077],[120.658095,16.02761],[120.658385,16.0268],[120.658665,16.026803],[120.658942,16.027077]]],[[[120.668469,16.027181],[120.668462,16.027723],[120.668188,16.027178],[120.668469,16.027181]]],[[[120.661199,16.025747],[120.663711,16.026587],[120.663992,16.02659],[120.663419,16.027668],[120.662855,16.027933],[120.662578,16.027659],[120.662591,16.026575],[120.662033,16.026298],[120.660352,16.02628],[120.659247,16.024912],[120.660368,16.024925],[120.661199,16.025747]]],[[[120.594566,16.027417],[120.594847,16.02742],[120.59456,16.027959],[120.594566,16.027417]]],[[[120.668742,16.027726],[120.668739,16.027997],[120.668462,16.027723],[120.668742,16.027726]]],[[[120.669596,16.026651],[120.66958,16.028006],[120.668742,16.027726],[120.668469,16.027181],[120.668472,16.02691],[120.669032,16.026916],[120.668761,16.0261],[120.668484,16.025826],[120.668217,16.024739],[120.669057,16.024748],[120.669618,16.024754],[120.669051,16.02529],[120.669042,16.026103],[120.670162,16.026115],[120.670153,16.026928],[120.669596,16.026651]]],[[[120.652869,16.026166],[120.653429,16.026172],[120.65426,16.026994],[120.655101,16.027004],[120.655655,16.027552],[120.655088,16.028088],[120.654814,16.027543],[120.654251,16.027807],[120.653416,16.027256],[120.652865,16.026437],[120.652869,16.026166]]],[[[120.65733,16.028112],[120.656775,16.027564],[120.657616,16.027573],[120.65733,16.028112]]],[[[120.633233,16.027847],[120.633229,16.028118],[120.632949,16.028115],[120.633233,16.027847]]],[[[120.633526,16.026767],[120.633522,16.027038],[120.634073,16.027857],[120.63351,16.028122],[120.633233,16.027847],[120.632395,16.027567],[120.632682,16.027028],[120.633526,16.026767]]],[[[120.636875,16.027888],[120.636872,16.028159],[120.636592,16.028156],[120.636875,16.027888]]],[[[120.637999,16.027629],[120.638276,16.027903],[120.638273,16.028174],[120.637432,16.028165],[120.637719,16.027626],[120.637999,16.027629]]],[[[120.670981,16.028021],[120.670978,16.028292],[120.670698,16.028289],[120.670981,16.028021]]],[[[120.698453,16.027234],[120.699845,16.028062],[120.698167,16.027773],[120.698453,16.027234]]],[[[120.65733,16.028112],[120.657326,16.028383],[120.657046,16.02838],[120.65733,16.028112]]],[[[120.637432,16.028165],[120.637149,16.028433],[120.637152,16.028162],[120.637432,16.028165]]],[[[120.709101,16.027348],[120.709936,16.027899],[120.709933,16.02817],[120.70993,16.028441],[120.709649,16.028438],[120.709095,16.02789],[120.709101,16.027348]]],[[[120.689191,16.028489],[120.688911,16.028486],[120.688634,16.028212],[120.688914,16.028215],[120.689191,16.028489]]],[[[120.676865,16.028085],[120.677426,16.028091],[120.677139,16.02863],[120.676859,16.028627],[120.676865,16.028085]]],[[[120.593429,16.028759],[120.593713,16.028492],[120.59371,16.028763],[120.593429,16.028759]]],[[[120.657326,16.028383],[120.658444,16.028666],[120.658441,16.028937],[120.657323,16.028654],[120.657326,16.028383]]],[[[120.593429,16.028759],[120.593146,16.029027],[120.592866,16.029024],[120.592586,16.029021],[120.592602,16.027666],[120.592605,16.027395],[120.592618,16.026311],[120.590934,16.026563],[120.591504,16.025757],[120.592067,16.025492],[120.591507,16.025486],[120.591797,16.024676],[120.592928,16.023876],[120.594605,16.024166],[120.594876,16.024982],[120.595439,16.024717],[120.59543,16.02553],[120.594863,16.026065],[120.594592,16.025249],[120.593188,16.025505],[120.593149,16.028756],[120.593429,16.028759]]],[[[120.59371,16.028763],[120.59399,16.028766],[120.593987,16.029037],[120.59371,16.028763]]],[[[120.697052,16.027219],[120.697046,16.027761],[120.69761,16.027496],[120.697887,16.02777],[120.697871,16.029125],[120.697034,16.028845],[120.697594,16.028851],[120.697603,16.028038],[120.697037,16.028574],[120.696199,16.028294],[120.696206,16.027752],[120.696486,16.027755],[120.696489,16.027484],[120.696492,16.027213],[120.696772,16.027216],[120.697052,16.027219]]],[[[120.629577,16.028891],[120.629294,16.029159],[120.629297,16.028888],[120.629577,16.028891]]],[[[120.640782,16.029286],[120.639668,16.028731],[120.639677,16.027918],[120.640791,16.028473],[120.640782,16.029286]]],[[[120.597346,16.029345],[120.596505,16.029336],[120.597352,16.028803],[120.597346,16.029345]]],[[[120.590064,16.028993],[120.59,16.027637],[120.59008,16.027638],[120.591198,16.027921],[120.590341,16.029267],[120.590064,16.028993]]],[[[120.59,16.027366],[120.59009,16.026825],[120.590377,16.026286],[120.590934,16.026563],[120.590641,16.027644],[120.59008,16.027638],[120.59,16.027366]]],[[[120.59,16.026553],[120.59,16.025198],[120.590663,16.025747],[120.590093,16.026554],[120.59,16.026553]]],[[[120.687525,16.027116],[120.687497,16.029555],[120.687217,16.029552],[120.687245,16.027113],[120.687525,16.027116]]],[[[120.688624,16.029025],[120.688618,16.029567],[120.688061,16.02929],[120.688624,16.029025]]],[[[120.689191,16.028489],[120.689468,16.028763],[120.689745,16.029037],[120.689459,16.029576],[120.689191,16.028489]]],[[[120.594263,16.029311],[120.59454,16.029585],[120.59426,16.029582],[120.594263,16.029311]]],[[[120.693101,16.029616],[120.693095,16.030158],[120.693936,16.030167],[120.693933,16.030438],[120.692812,16.030426],[120.692806,16.030967],[120.692525,16.030964],[120.692248,16.03069],[120.691978,16.029874],[120.692535,16.030151],[120.692544,16.029339],[120.691984,16.029332],[120.691987,16.029062],[120.690589,16.028775],[120.690875,16.028236],[120.691713,16.028517],[120.69256,16.027984],[120.6934,16.027993],[120.693674,16.028538],[120.693388,16.029077],[120.693108,16.029074],[120.693105,16.029345],[120.693101,16.029616]],[[120.693108,16.029074],[120.693111,16.028803],[120.692831,16.0288],[120.693108,16.029074]]],[[[120.694783,16.029634],[120.694786,16.029363],[120.695066,16.029366],[120.695063,16.029637],[120.694783,16.029634]]],[[[120.628456,16.028879],[120.628453,16.02915],[120.628447,16.029692],[120.628167,16.029689],[120.628456,16.028879]]],[[[120.67741,16.029446],[120.677696,16.028907],[120.678254,16.029184],[120.678247,16.029726],[120.67741,16.029446]]],[[[120.681053,16.029486],[120.681333,16.029489],[120.68133,16.02976],[120.681053,16.029486]]],[[[120.660116,16.029498],[120.659832,16.029765],[120.659552,16.029762],[120.659272,16.029759],[120.659562,16.028949],[120.660116,16.029498]]],[[[120.641623,16.029295],[120.641616,16.029837],[120.640782,16.029286],[120.641623,16.029295]]],[[[120.592299,16.02956],[120.592863,16.029295],[120.593143,16.029298],[120.593139,16.029569],[120.593136,16.02984],[120.592856,16.029837],[120.592299,16.02956]]],[[[120.593416,16.029843],[120.59342,16.029572],[120.593697,16.029847],[120.593416,16.029843]]],[[[120.700944,16.029971],[120.70067,16.029426],[120.701511,16.029435],[120.700944,16.029971]]],[[[120.703503,16.026746],[120.702937,16.027282],[120.702638,16.028905],[120.702074,16.02917],[120.701785,16.02998],[120.701794,16.029167],[120.700957,16.028887],[120.7018,16.028625],[120.701813,16.027541],[120.702373,16.027547],[120.70266,16.027008],[120.702946,16.026469],[120.702105,16.02646],[120.701819,16.026999],[120.701831,16.025915],[120.702401,16.025108],[120.703239,16.025388],[120.702955,16.025656],[120.703232,16.02593],[120.703799,16.025394],[120.704073,16.025939],[120.704633,16.025945],[120.70463,16.026216],[120.704347,16.026484],[120.704627,16.026487],[120.705468,16.026496],[120.705452,16.027851],[120.70601,16.028128],[120.706863,16.027053],[120.707694,16.027875],[120.707685,16.028688],[120.709073,16.029787],[120.709067,16.030329],[120.708504,16.030594],[120.708494,16.031407],[120.707934,16.031401],[120.707638,16.032753],[120.708199,16.032759],[120.708186,16.033843],[120.708747,16.033849],[120.708734,16.034933],[120.709282,16.036023],[120.708993,16.036833],[120.708725,16.035746],[120.708168,16.035469],[120.70761,16.035192],[120.70734,16.034376],[120.707059,16.034373],[120.707065,16.033831],[120.706505,16.033825],[120.706517,16.032741],[120.706801,16.032473],[120.706521,16.03247],[120.706533,16.031386],[120.706539,16.030844],[120.705979,16.030838],[120.704584,16.030281],[120.704307,16.030007],[120.704039,16.02892],[120.704319,16.028923],[120.704602,16.028655],[120.704606,16.028384],[120.704889,16.028116],[120.704618,16.0273],[120.704054,16.027565],[120.704061,16.027023],[120.703503,16.026746]],[[120.70601,16.028128],[120.705723,16.028667],[120.705163,16.028661],[120.705154,16.029474],[120.705994,16.029483],[120.70601,16.028128]],[[120.706555,16.029489],[120.707121,16.028953],[120.707131,16.02814],[120.706573,16.027863],[120.706278,16.029215],[120.706555,16.029489]],[[120.707389,16.03004],[120.707383,16.030582],[120.707953,16.029775],[120.707389,16.03004]]],[[[120.703746,16.030001],[120.702906,16.029992],[120.702918,16.028908],[120.703475,16.029185],[120.703753,16.029459],[120.703746,16.030001]]],[[[120.660116,16.029498],[120.66067,16.030046],[120.660113,16.029769],[120.660116,16.029498]]],[[[120.636296,16.029507],[120.636299,16.029236],[120.636022,16.028962],[120.637416,16.02952],[120.63685,16.030055],[120.636573,16.029781],[120.636296,16.029507]]],[[[120.638257,16.029529],[120.638537,16.029532],[120.638251,16.030071],[120.637974,16.029797],[120.638257,16.029529]]],[[[120.590338,16.029538],[120.590331,16.03008],[120.590051,16.030077],[120.590054,16.029806],[120.590338,16.029538]]],[[[120.593416,16.029843],[120.593413,16.030114],[120.593133,16.030111],[120.593136,16.02984],[120.593416,16.029843]]],[[[120.641623,16.029295],[120.642196,16.028217],[120.643024,16.02931],[120.642734,16.03012],[120.642177,16.029843],[120.641623,16.029295]]],[[[120.701785,16.02998],[120.701782,16.030251],[120.700944,16.029971],[120.701785,16.02998]]],[[[120.632096,16.02919],[120.631806,16.03],[120.630962,16.030261],[120.631535,16.029184],[120.632096,16.02919]]],[[[120.703746,16.030001],[120.704027,16.030004],[120.703743,16.030272],[120.703746,16.030001]]],[[[120.68133,16.02976],[120.682167,16.03004],[120.681884,16.030308],[120.681323,16.030302],[120.68133,16.02976]]],[[[120.63685,16.030055],[120.63713,16.030059],[120.637127,16.03033],[120.63685,16.030055]]],[[[120.711872,16.030088],[120.711589,16.030356],[120.711306,16.030624],[120.711294,16.031708],[120.710733,16.031702],[120.710453,16.031699],[120.710745,16.030618],[120.710468,16.030344],[120.710749,16.030347],[120.710752,16.030076],[120.710475,16.029802],[120.711324,16.028998],[120.711318,16.02954],[120.711595,16.029814],[120.711592,16.030085],[120.711872,16.030088]]],[[[120.592856,16.029837],[120.59285,16.030379],[120.592289,16.030373],[120.592856,16.029837]]],[[[120.669835,16.030177],[120.669552,16.030445],[120.669555,16.030174],[120.669835,16.030177]]],[[[120.704584,16.030281],[120.704581,16.030552],[120.704304,16.030278],[120.704584,16.030281]]],[[[120.683285,16.030323],[120.683282,16.030594],[120.682441,16.030585],[120.682447,16.030043],[120.682728,16.030046],[120.683285,16.030323]]],[[[120.638247,16.030342],[120.638524,16.030616],[120.638244,16.030613],[120.638247,16.030342]]],[[[120.64133,16.030376],[120.641326,16.030647],[120.641049,16.030373],[120.64133,16.030376]]],[[[120.59285,16.030379],[120.59313,16.030382],[120.593126,16.030653],[120.59285,16.030379]]],[[[120.665345,16.03067],[120.664225,16.030658],[120.663954,16.029842],[120.66425,16.02849],[120.665374,16.028231],[120.664801,16.029309],[120.664791,16.030122],[120.665345,16.03067]]],[[[120.624238,16.030187],[120.624231,16.030729],[120.623391,16.03072],[120.624238,16.030187]]],[[[120.641654,16.026585],[120.641661,16.026043],[120.642498,16.026323],[120.642492,16.026865],[120.64473,16.027161],[120.644695,16.030142],[120.643845,16.030945],[120.644428,16.029055],[120.643049,16.027143],[120.641928,16.02713],[120.641654,16.026585]]],[[[120.62311,16.030717],[120.623107,16.030988],[120.622827,16.030984],[120.62311,16.030717]]],[[[120.629275,16.030785],[120.630118,16.030523],[120.630112,16.031065],[120.629275,16.030785]]],[[[120.701782,16.030251],[120.702625,16.029989],[120.702619,16.030531],[120.701495,16.03079],[120.701782,16.030251]]],[[[120.621709,16.030701],[120.622544,16.031252],[120.621706,16.030972],[120.621709,16.030701]]],[[[120.67208,16.02993],[120.672064,16.031285],[120.671799,16.029927],[120.67208,16.02993]]],[[[120.697286,16.031287],[120.697006,16.031284],[120.696744,16.029655],[120.697865,16.029667],[120.697862,16.029938],[120.698136,16.030483],[120.697286,16.031287]]],[[[120.601809,16.031021],[120.601806,16.031292],[120.600688,16.031009],[120.600969,16.031012],[120.601809,16.031021]]],[[[120.698142,16.029941],[120.698983,16.02995],[120.699263,16.029953],[120.69954,16.030227],[120.700097,16.030504],[120.700088,16.031317],[120.699257,16.030495],[120.698142,16.029941]]],[[[120.605452,16.031062],[120.605732,16.031065],[120.605729,16.031336],[120.605452,16.031062]]],[[[120.637114,16.031413],[120.636834,16.03141],[120.637117,16.031142],[120.637114,16.031413]]],[[[120.59312,16.031195],[120.593117,16.031466],[120.592836,16.031463],[120.59312,16.031195]]],[[[120.682441,16.030585],[120.682709,16.031672],[120.682158,16.030853],[120.682441,16.030585]]],[[[120.590031,16.031702],[120.590035,16.031431],[120.590315,16.031435],[120.590031,16.031702]]],[[[120.66226,16.030908],[120.66282,16.030914],[120.662814,16.031456],[120.662531,16.031724],[120.66225,16.031721],[120.66226,16.030908]]],[[[120.68467,16.031693],[120.684667,16.031964],[120.68439,16.03169],[120.68467,16.031693]]],[[[120.639349,16.03198],[120.638508,16.031971],[120.638515,16.031429],[120.639349,16.03198]]],[[[120.643552,16.032026],[120.642992,16.03202],[120.642995,16.031749],[120.643558,16.031484],[120.643839,16.031487],[120.643835,16.031758],[120.643552,16.032026]]],[[[120.595352,16.032033],[120.594795,16.031756],[120.594804,16.030943],[120.59425,16.030395],[120.594257,16.029853],[120.594537,16.029856],[120.595088,16.030675],[120.595365,16.030949],[120.596205,16.030959],[120.595915,16.031768],[120.595635,16.031765],[120.595352,16.032033]]],[[[120.668982,16.031252],[120.668972,16.032065],[120.668412,16.032059],[120.668141,16.031243],[120.668144,16.030972],[120.66816,16.029617],[120.668163,16.029346],[120.668166,16.029075],[120.668446,16.029078],[120.66873,16.02881],[120.66929,16.028816],[120.669577,16.028277],[120.670694,16.02856],[120.670688,16.029102],[120.670685,16.029373],[120.670118,16.029909],[120.669281,16.029629],[120.669555,16.030174],[120.669268,16.030713],[120.668982,16.031252]]],[[[120.597886,16.030978],[120.598434,16.032068],[120.597873,16.032061],[120.597036,16.031781],[120.596759,16.031507],[120.596489,16.030691],[120.596492,16.03042],[120.597056,16.030155],[120.597346,16.029345],[120.597635,16.028536],[120.599036,16.028551],[120.599027,16.029364],[120.598193,16.028813],[120.59818,16.029897],[120.597616,16.030161],[120.597886,16.030978]]],[[[120.67741,16.029446],[120.677964,16.029994],[120.677951,16.031078],[120.677378,16.032156],[120.676827,16.031337],[120.67684,16.030253],[120.676006,16.029702],[120.675445,16.029696],[120.67543,16.031051],[120.675707,16.031325],[120.674869,16.031045],[120.674595,16.0305],[120.673755,16.030491],[120.673487,16.029404],[120.673777,16.028594],[120.674337,16.0286],[120.674346,16.027787],[120.673786,16.027781],[120.674073,16.027242],[120.672382,16.028037],[120.672936,16.028585],[120.672643,16.029665],[120.672083,16.029659],[120.672105,16.027763],[120.672958,16.026688],[120.674359,16.026703],[120.674926,16.026167],[120.674649,16.025893],[120.674668,16.024267],[120.675791,16.024008],[120.676346,16.024556],[120.676339,16.025098],[120.676893,16.025646],[120.676871,16.027543],[120.676311,16.027537],[120.676305,16.028079],[120.676585,16.028082],[120.676579,16.028624],[120.676018,16.028618],[120.676286,16.029705],[120.676569,16.029437],[120.67741,16.029446]]],[[[120.637114,16.031413],[120.637394,16.031417],[120.637671,16.031691],[120.637665,16.032233],[120.637384,16.032229],[120.637111,16.031684],[120.637114,16.031413]]],[[[120.66225,16.031721],[120.661964,16.03226],[120.661967,16.031989],[120.66197,16.031718],[120.66225,16.031721]]],[[[120.593667,16.032285],[120.59255,16.032002],[120.592833,16.031734],[120.593113,16.031737],[120.593667,16.032285]]],[[[120.618891,16.032025],[120.619172,16.032028],[120.618888,16.032296],[120.618891,16.032025]]],[[[120.643552,16.032026],[120.643832,16.032029],[120.643829,16.0323],[120.643549,16.032297],[120.643552,16.032026]]],[[[120.62141,16.032324],[120.621413,16.032053],[120.621693,16.032056],[120.62141,16.032324]]],[[[120.59703,16.032323],[120.597033,16.032052],[120.597593,16.032058],[120.59759,16.032329],[120.59703,16.032323]]],[[[120.658406,16.031918],[120.6584,16.03246],[120.657565,16.031909],[120.658406,16.031918]]],[[[120.637384,16.032229],[120.637381,16.0325],[120.637101,16.032497],[120.637384,16.032229]]],[[[120.710444,16.032512],[120.710163,16.032509],[120.709886,16.032235],[120.71045,16.03197],[120.710444,16.032512]]],[[[120.62141,16.032324],[120.620846,16.032589],[120.620849,16.032318],[120.62141,16.032324]]],[[[120.677378,16.032156],[120.677939,16.032162],[120.677652,16.032701],[120.677378,16.032156]]],[[[120.681865,16.031934],[120.681024,16.031924],[120.681298,16.032469],[120.680735,16.032734],[120.680455,16.032731],[120.680181,16.032186],[120.67962,16.03218],[120.679343,16.031906],[120.679362,16.03028],[120.679916,16.030828],[120.680476,16.030834],[120.68047,16.031376],[120.681314,16.031115],[120.681865,16.031934]]],[[[120.710444,16.032512],[120.710721,16.032786],[120.71044,16.032783],[120.710444,16.032512]]],[[[120.687463,16.032536],[120.687759,16.031184],[120.688322,16.030919],[120.688335,16.029835],[120.688615,16.029838],[120.688606,16.030651],[120.689166,16.030657],[120.689431,16.032015],[120.68859,16.032006],[120.688581,16.032819],[120.688014,16.033355],[120.687731,16.033623],[120.68745,16.03362],[120.68746,16.032807],[120.687463,16.032536]]],[[[120.620002,16.03285],[120.620006,16.032579],[120.620286,16.032582],[120.620566,16.032585],[120.620002,16.03285]]],[[[120.668412,16.032059],[120.668966,16.032607],[120.668122,16.032869],[120.668412,16.032059]]],[[[120.699229,16.032934],[120.698952,16.03266],[120.699232,16.032663],[120.699229,16.032934]]],[[[120.594785,16.032569],[120.595348,16.032304],[120.595059,16.033114],[120.594501,16.032837],[120.594785,16.032569]]],[[[120.620002,16.03285],[120.619719,16.033118],[120.619722,16.032847],[120.620002,16.03285]]],[[[120.645504,16.032861],[120.645501,16.033132],[120.645221,16.033129],[120.645224,16.032858],[120.645504,16.032861]]],[[[120.608237,16.032448],[120.608788,16.033267],[120.607107,16.033249],[120.608237,16.032448]]],[[[120.660912,16.0333],[120.660632,16.033297],[120.660651,16.031672],[120.660931,16.031675],[120.660912,16.0333]]],[[[120.616917,16.033087],[120.617191,16.033632],[120.618595,16.033377],[120.618592,16.033648],[120.617188,16.033903],[120.616341,16.034436],[120.61635,16.033623],[120.616634,16.033355],[120.616637,16.033084],[120.616073,16.033349],[120.615793,16.033345],[120.614672,16.033333],[120.614402,16.032517],[120.612721,16.032498],[120.612717,16.032769],[120.611316,16.032754],[120.61132,16.032483],[120.609915,16.032738],[120.609088,16.031645],[120.609928,16.031654],[120.610218,16.030844],[120.609381,16.030564],[120.607693,16.031087],[120.607964,16.031903],[120.607403,16.031897],[120.606846,16.03162],[120.606566,16.031617],[120.606009,16.031339],[120.606576,16.030804],[120.607413,16.031084],[120.6077,16.030545],[120.608827,16.030016],[120.610788,16.030038],[120.610782,16.03058],[120.611915,16.029508],[120.612756,16.029518],[120.61303,16.030063],[120.614431,16.030078],[120.615548,16.030362],[120.616656,16.031458],[120.618057,16.031474],[120.618614,16.031751],[120.618904,16.030941],[120.618634,16.030125],[120.617793,16.030116],[120.61808,16.029577],[120.61892,16.029586],[120.619468,16.030676],[120.619748,16.030679],[120.620308,16.030686],[120.621136,16.031779],[120.621133,16.03205],[120.620853,16.032047],[120.620302,16.031227],[120.619458,16.031489],[120.618891,16.032025],[120.618608,16.032293],[120.618044,16.032557],[120.617764,16.032554],[120.616917,16.033087]],[[120.615535,16.031446],[120.614978,16.031168],[120.614411,16.031704],[120.615535,16.031446]]],[[[120.641307,16.032273],[120.641871,16.032008],[120.641861,16.032821],[120.642142,16.032824],[120.641855,16.033363],[120.641858,16.033092],[120.640457,16.033076],[120.640463,16.032534],[120.641301,16.032815],[120.641307,16.032273]]],[[[120.619439,16.033115],[120.618875,16.03338],[120.619442,16.032844],[120.619439,16.033115]]],[[[120.645781,16.033135],[120.645778,16.033406],[120.645498,16.033403],[120.645501,16.033132],[120.645781,16.033135]]],[[[120.692806,16.030967],[120.694207,16.030983],[120.694484,16.031257],[120.69392,16.031522],[120.693898,16.033418],[120.693618,16.033415],[120.693344,16.03287],[120.693357,16.031786],[120.69308,16.031512],[120.692806,16.030967]]],[[[120.680732,16.033005],[120.680725,16.033547],[120.680451,16.033002],[120.680732,16.033005]]],[[[120.609912,16.033009],[120.610189,16.033283],[120.610186,16.033554],[120.609068,16.033271],[120.609912,16.033009]]],[[[120.616073,16.033349],[120.616353,16.033352],[120.61635,16.033623],[120.61607,16.03362],[120.616073,16.033349]]],[[[120.663633,16.033362],[120.663913,16.033365],[120.66391,16.033636],[120.663633,16.033362]]],[[[120.66419,16.033639],[120.664193,16.033368],[120.66447,16.033642],[120.66419,16.033639]]],[[[120.59703,16.032323],[120.597026,16.032594],[120.596456,16.033401],[120.595616,16.033391],[120.596189,16.032314],[120.595632,16.032036],[120.596472,16.032046],[120.596469,16.032317],[120.596749,16.03232],[120.59703,16.032323]]],[[[120.693335,16.033683],[120.693055,16.03368],[120.693338,16.033412],[120.693335,16.033683]]],[[[120.633446,16.033541],[120.633442,16.033812],[120.633162,16.033809],[120.633446,16.033541]]],[[[120.635687,16.033566],[120.635404,16.033834],[120.635407,16.033563],[120.635687,16.033566]]],[[[120.637085,16.033852],[120.636805,16.033849],[120.636808,16.033578],[120.637085,16.033852]]],[[[120.711275,16.033334],[120.711549,16.033879],[120.710989,16.033873],[120.710711,16.033599],[120.709591,16.033587],[120.710715,16.033328],[120.710718,16.033057],[120.711278,16.033063],[120.711275,16.033334]]],[[[120.686339,16.032795],[120.686326,16.033879],[120.686046,16.033876],[120.686339,16.032795]]],[[[120.687731,16.033623],[120.688011,16.033626],[120.688008,16.033897],[120.687728,16.033894],[120.687731,16.033623]]],[[[120.66419,16.033639],[120.664187,16.03391],[120.66391,16.033636],[120.66419,16.033639]]],[[[120.665345,16.03067],[120.665903,16.030947],[120.66618,16.031221],[120.66646,16.031224],[120.666737,16.031498],[120.667291,16.032047],[120.667288,16.032318],[120.667565,16.032592],[120.667562,16.032863],[120.667836,16.033408],[120.666989,16.03394],[120.666709,16.033937],[120.666428,16.033934],[120.666151,16.03366],[120.666167,16.032305],[120.665043,16.032564],[120.664215,16.031471],[120.665056,16.03148],[120.665345,16.03067]]],[[[120.59759,16.032329],[120.59787,16.032332],[120.597854,16.033687],[120.59729,16.033952],[120.597303,16.032868],[120.59759,16.032329]]],[[[120.693335,16.033683],[120.693615,16.033686],[120.693332,16.033954],[120.693335,16.033683]]],[[[120.65334,16.03376],[120.653617,16.034034],[120.654458,16.034043],[120.654732,16.034588],[120.655572,16.034597],[120.655566,16.035139],[120.654451,16.034585],[120.653327,16.034844],[120.653057,16.034028],[120.653337,16.034031],[120.65334,16.03376]]],[[[120.701751,16.032961],[120.701741,16.033774],[120.701178,16.034039],[120.700624,16.033491],[120.700347,16.033217],[120.700916,16.03241],[120.700938,16.030513],[120.701209,16.031329],[120.701772,16.031064],[120.702043,16.03188],[120.702884,16.031889],[120.702878,16.032431],[120.702317,16.032425],[120.702311,16.032967],[120.701751,16.032961]]],[[[120.678197,16.034062],[120.677917,16.034059],[120.67792,16.033788],[120.678197,16.034062]]],[[[120.607661,16.033797],[120.607658,16.034068],[120.606537,16.034055],[120.606823,16.033517],[120.607661,16.033797]]],[[[120.633723,16.033815],[120.633719,16.034086],[120.633442,16.033812],[120.633723,16.033815]]],[[[120.637085,16.033852],[120.637365,16.033855],[120.637082,16.034123],[120.637085,16.033852]]],[[[120.614666,16.033875],[120.614109,16.033598],[120.61551,16.033613],[120.614943,16.034149],[120.614666,16.033875]]],[[[120.640171,16.033615],[120.640725,16.034163],[120.639604,16.034151],[120.638206,16.033865],[120.637929,16.033591],[120.637378,16.032771],[120.637381,16.0325],[120.637665,16.032233],[120.638222,16.03251],[120.638776,16.033058],[120.639616,16.033067],[120.640171,16.033615]]],[[[120.59729,16.033952],[120.597571,16.033955],[120.597567,16.034226],[120.597287,16.034223],[120.59729,16.033952]]],[[[120.668116,16.033411],[120.668953,16.033691],[120.668947,16.034233],[120.668387,16.034227],[120.668116,16.033411]]],[[[120.67429,16.032665],[120.674841,16.033484],[120.674831,16.034297],[120.674271,16.034291],[120.672879,16.033462],[120.671478,16.033447],[120.670361,16.033164],[120.670087,16.032619],[120.670931,16.032357],[120.670657,16.031812],[120.671497,16.031821],[120.671768,16.032637],[120.672886,16.03292],[120.672051,16.032369],[120.672061,16.031556],[120.672901,16.031565],[120.673172,16.032381],[120.67429,16.032665]]],[[[120.700057,16.034027],[120.700337,16.03403],[120.700054,16.034298],[120.700057,16.034027]]],[[[120.607661,16.033797],[120.608782,16.033809],[120.608775,16.034351],[120.607938,16.034071],[120.607661,16.033797]]],[[[120.637082,16.034123],[120.636798,16.034391],[120.636802,16.03412],[120.637082,16.034123]]],[[[120.66203,16.033584],[120.66202,16.034397],[120.661463,16.03412],[120.661746,16.033852],[120.66203,16.033584]]],[[[120.644928,16.03421],[120.645208,16.034213],[120.644644,16.034477],[120.644647,16.034206],[120.644928,16.03421]]],[[[120.678474,16.034336],[120.678751,16.03461],[120.678471,16.034607],[120.678474,16.034336]]],[[[120.633449,16.03327],[120.634573,16.033011],[120.634589,16.031657],[120.635146,16.031934],[120.63542,16.032479],[120.634853,16.033015],[120.63569,16.033295],[120.635127,16.03356],[120.63512,16.034102],[120.635397,16.034376],[120.634834,16.03464],[120.634847,16.033557],[120.634289,16.033279],[120.633723,16.033815],[120.633446,16.033541],[120.633449,16.03327]]],[[[120.710139,16.034677],[120.709868,16.033861],[120.710425,16.034138],[120.710139,16.034677]]],[[[120.711263,16.034418],[120.711823,16.034424],[120.71154,16.034692],[120.711259,16.034689],[120.711263,16.034418]]],[[[120.616341,16.034436],[120.615777,16.0347],[120.61578,16.034429],[120.616341,16.034436]]],[[[120.642122,16.03445],[120.642119,16.034721],[120.641005,16.034166],[120.641285,16.03417],[120.641845,16.034176],[120.642122,16.03445]]],[[[120.64296,16.03473],[120.642683,16.034456],[120.642689,16.033914],[120.643243,16.034462],[120.64324,16.034733],[120.64296,16.03473]]],[[[120.644367,16.034203],[120.644364,16.034474],[120.644361,16.034745],[120.644081,16.034742],[120.644084,16.034471],[120.644367,16.034203]]],[[[120.681831,16.034914],[120.68156,16.034098],[120.681578,16.032473],[120.681856,16.032747],[120.681831,16.034914]]],[[[120.609336,16.034358],[120.609062,16.033813],[120.610463,16.033828],[120.611023,16.033834],[120.612981,16.034127],[120.612714,16.03304],[120.613558,16.032779],[120.613822,16.034137],[120.612698,16.034395],[120.612131,16.034931],[120.608769,16.034893],[120.608775,16.034351],[120.609336,16.034358]]],[[[120.615777,16.0347],[120.615493,16.034968],[120.615497,16.034697],[120.615777,16.0347]]],[[[120.598682,16.034781],[120.598962,16.034784],[120.598959,16.035055],[120.598678,16.035052],[120.598682,16.034781]]],[[[120.661183,16.034117],[120.661457,16.034662],[120.66117,16.0352],[120.660616,16.034652],[120.661183,16.034117]]],[[[120.63791,16.035216],[120.637923,16.034132],[120.638203,16.034136],[120.6382,16.034407],[120.638193,16.034949],[120.63819,16.035219],[120.63791,16.035216]]],[[[120.614656,16.034688],[120.613529,16.035217],[120.612972,16.03494],[120.613816,16.034679],[120.614656,16.034688]]],[[[120.64296,16.03473],[120.642957,16.035001],[120.642113,16.035263],[120.642119,16.034721],[120.64268,16.034727],[120.64296,16.03473]]],[[[120.694437,16.035321],[120.694163,16.034776],[120.694727,16.034511],[120.694437,16.035321]]],[[[120.598959,16.035055],[120.599239,16.035058],[120.599235,16.035329],[120.598955,16.035326],[120.598959,16.035055]]],[[[120.673698,16.035368],[120.673424,16.034823],[120.674265,16.034832],[120.673698,16.035368]]],[[[120.63791,16.035216],[120.637907,16.035487],[120.637626,16.035484],[120.63791,16.035216]]],[[[120.598682,16.034781],[120.597841,16.034771],[120.597831,16.035584],[120.597284,16.034494],[120.597564,16.034497],[120.597851,16.033958],[120.598691,16.033968],[120.598685,16.03451],[120.598682,16.034781]]],[[[120.59,16.035673],[120.59,16.035402],[120.590154,16.035404],[120.590151,16.035675],[120.59,16.035673]]],[[[120.612962,16.035753],[120.612965,16.035482],[120.613245,16.035485],[120.613242,16.035756],[120.612962,16.035753]]],[[[120.687998,16.03471],[120.687151,16.035243],[120.687145,16.035785],[120.686585,16.035779],[120.686607,16.033882],[120.68717,16.033617],[120.687447,16.033891],[120.687441,16.034433],[120.687998,16.03471]]],[[[120.69978,16.033753],[120.699497,16.034021],[120.699216,16.034018],[120.699213,16.034289],[120.69949,16.034563],[120.699487,16.034834],[120.699484,16.035105],[120.699478,16.035647],[120.699475,16.035918],[120.699195,16.035915],[120.698914,16.035912],[120.698357,16.035635],[120.69836,16.035364],[120.698086,16.034819],[120.698089,16.034548],[120.697809,16.034545],[120.697544,16.033187],[120.698665,16.033199],[120.698659,16.033741],[120.699223,16.033476],[120.699226,16.033205],[120.699229,16.032934],[120.699512,16.032666],[120.700073,16.032672],[120.69978,16.033753]]],[[[120.699755,16.035921],[120.699758,16.03565],[120.699761,16.035379],[120.700035,16.035924],[120.699755,16.035921]]],[[[120.67429,16.032665],[120.674296,16.032123],[120.673456,16.032114],[120.674302,16.031581],[120.674576,16.032126],[120.675697,16.032138],[120.676528,16.03296],[120.677649,16.032972],[120.677926,16.033246],[120.677366,16.03324],[120.677076,16.03405],[120.677634,16.034327],[120.677624,16.03514],[120.678188,16.034875],[120.678468,16.034878],[120.678459,16.035691],[120.678175,16.035959],[120.677054,16.035947],[120.67679,16.034589],[120.675675,16.034035],[120.675962,16.033496],[120.675118,16.033758],[120.675131,16.032674],[120.67429,16.032665]]],[[[120.612962,16.035753],[120.612398,16.036018],[120.612402,16.035747],[120.612682,16.03575],[120.612962,16.035753]]],[[[120.591664,16.035786],[120.59138,16.036054],[120.591383,16.035783],[120.591664,16.035786]]],[[[120.69387,16.035857],[120.693307,16.036122],[120.693027,16.036119],[120.693033,16.035577],[120.69387,16.035857]]],[[[120.699755,16.035921],[120.699752,16.036192],[120.699475,16.035918],[120.699755,16.035921]]],[[[120.675093,16.035926],[120.67509,16.036197],[120.674809,16.036194],[120.674813,16.035923],[120.675093,16.035926]]],[[[120.681831,16.034914],[120.682104,16.035459],[120.681824,16.035456],[120.681815,16.036269],[120.681254,16.036263],[120.680977,16.035989],[120.6807,16.035715],[120.680429,16.034899],[120.681827,16.035185],[120.681831,16.034914]]],[[[120.636779,16.036017],[120.636776,16.036288],[120.636496,16.036285],[120.636779,16.036017]]],[[[120.690511,16.03555],[120.691065,16.036098],[120.690221,16.03636],[120.68882,16.036345],[120.689387,16.035809],[120.689122,16.034451],[120.68968,16.034728],[120.689972,16.033647],[120.689409,16.033912],[120.689431,16.032015],[120.689997,16.031479],[120.690838,16.031488],[120.691675,16.031768],[120.691669,16.03231],[120.691103,16.032846],[120.691087,16.034201],[120.691071,16.035556],[120.690511,16.03555]]],[[[120.59672,16.034759],[120.596981,16.036388],[120.596427,16.035839],[120.59672,16.034759]]],[[[120.69387,16.035857],[120.694144,16.036402],[120.693864,16.036399],[120.69387,16.035857]]],[[[120.610991,16.036544],[120.610994,16.036273],[120.612118,16.036015],[120.612115,16.036286],[120.611835,16.036283],[120.610991,16.036544]]],[[[120.663409,16.035496],[120.663676,16.036583],[120.663119,16.036306],[120.663409,16.035496]]],[[[120.710958,16.036583],[120.710397,16.036577],[120.710403,16.036035],[120.710964,16.036041],[120.711244,16.036044],[120.711238,16.036586],[120.710958,16.036583]]],[[[120.615474,16.036594],[120.615471,16.036865],[120.614634,16.036585],[120.61493,16.035233],[120.61549,16.035239],[120.615484,16.035781],[120.615481,16.036052],[120.616882,16.036068],[120.616875,16.03661],[120.617149,16.037155],[120.616308,16.037145],[120.616315,16.036603],[120.615474,16.036594]]],[[[120.593619,16.03635],[120.593895,16.036624],[120.593615,16.036621],[120.593619,16.03635]]],[[[120.610991,16.036544],[120.610427,16.036809],[120.610431,16.036538],[120.610711,16.036541],[120.610991,16.036544]]],[[[120.659753,16.03654],[120.660597,16.036278],[120.660591,16.03682],[120.659753,16.03654]]],[[[120.636209,16.036824],[120.636493,16.036556],[120.63649,16.036827],[120.636209,16.036824]]],[[[120.682709,16.031672],[120.68298,16.032488],[120.68354,16.032494],[120.684651,16.033319],[120.684611,16.036842],[120.683216,16.036285],[120.682936,16.036281],[120.682954,16.034656],[120.682674,16.034653],[120.682967,16.033572],[120.68241,16.033295],[120.682709,16.031672]]],[[[120.690221,16.03636],[120.691062,16.036369],[120.690215,16.036902],[120.690221,16.03636]]],[[[120.693027,16.036119],[120.693017,16.036932],[120.692457,16.036926],[120.693027,16.036119]]],[[[120.693864,16.036399],[120.694141,16.036673],[120.693578,16.036938],[120.693584,16.036396],[120.693864,16.036399]]],[[[120.62893,16.036201],[120.629481,16.03702],[120.62836,16.037008],[120.62837,16.036195],[120.62893,16.036201]]],[[[120.701704,16.037026],[120.701975,16.037842],[120.701692,16.03811],[120.701689,16.038381],[120.701134,16.037833],[120.701421,16.037294],[120.700577,16.037556],[120.700291,16.038095],[120.69973,16.038089],[120.700017,16.03755],[120.699456,16.037544],[120.700026,16.036737],[120.699752,16.036192],[120.700312,16.036198],[120.700325,16.035114],[120.701165,16.035123],[120.701175,16.03431],[120.701455,16.034313],[120.701443,16.035397],[120.701997,16.035945],[120.702274,16.036219],[120.702268,16.036761],[120.701704,16.037026]],[[120.70087,16.036475],[120.701144,16.03702],[120.701704,16.037026],[120.70171,16.036484],[120.70087,16.036475]]],[[[120.610427,16.036809],[120.609864,16.037074],[120.609867,16.036803],[120.610147,16.036806],[120.610427,16.036809]]],[[[120.682095,16.036272],[120.682089,16.036814],[120.682086,16.037085],[120.681805,16.037082],[120.681815,16.036269],[120.682095,16.036272]]],[[[120.682652,16.036549],[120.682926,16.037094],[120.682366,16.037088],[120.682369,16.036817],[120.682652,16.036549]]],[[[120.636209,16.036824],[120.636206,16.037095],[120.635652,16.036547],[120.636209,16.036824]]],[[[120.598092,16.037213],[120.597541,16.036394],[120.597825,16.036126],[120.598102,16.0364],[120.598092,16.037213]]],[[[120.694695,16.037221],[120.694415,16.037218],[120.694428,16.036134],[120.694708,16.036137],[120.694985,16.036411],[120.694695,16.037221]]],[[[120.703382,16.037315],[120.702825,16.037038],[120.703389,16.036773],[120.703382,16.037315]]],[[[120.609583,16.03707],[120.60902,16.037335],[120.608186,16.036784],[120.60959,16.036529],[120.609587,16.0368],[120.609583,16.03707]]],[[[120.680401,16.037338],[120.679567,16.036787],[120.68013,16.036522],[120.680401,16.037338]]],[[[120.609864,16.037074],[120.60958,16.037341],[120.609583,16.03707],[120.609864,16.037074]]],[[[120.639008,16.037126],[120.639569,16.037132],[120.639005,16.037397],[120.639008,16.037126]]],[[[120.665827,16.037451],[120.665824,16.037722],[120.664983,16.037713],[120.664715,16.036626],[120.665846,16.035825],[120.665855,16.035012],[120.667253,16.035298],[120.667817,16.035033],[120.667782,16.038014],[120.667231,16.037195],[120.667247,16.03584],[120.666406,16.035831],[120.665839,16.036367],[120.66583,16.03718],[120.666107,16.037454],[120.665827,16.037451]]],[[[120.596688,16.037468],[120.596408,16.037465],[120.596131,16.037191],[120.595854,16.036917],[120.595857,16.036646],[120.59586,16.036375],[120.595873,16.035291],[120.596694,16.036926],[120.596691,16.037197],[120.596688,16.037468]]],[[[120.60902,16.037335],[120.6093,16.037338],[120.609017,16.037606],[120.60902,16.037335]]],[[[120.662011,16.03521],[120.661998,16.036294],[120.662842,16.036032],[120.662552,16.036842],[120.661712,16.036832],[120.661982,16.037648],[120.661702,16.037645],[120.661145,16.037368],[120.661435,16.036558],[120.661715,16.036561],[120.661731,16.035207],[120.662011,16.03521]]],[[[120.639005,16.037397],[120.639002,16.037668],[120.638722,16.037664],[120.639005,16.037397]]],[[[120.686852,16.036866],[120.686292,16.03686],[120.686286,16.037402],[120.685442,16.037664],[120.684888,16.037116],[120.685455,16.03658],[120.685467,16.035496],[120.685747,16.035499],[120.685763,16.034144],[120.68632,16.034421],[120.686034,16.03496],[120.686018,16.036315],[120.686582,16.03605],[120.686852,16.036866]]],[[[120.643765,16.03772],[120.642651,16.037166],[120.643215,16.036901],[120.643765,16.03772]]],[[[120.596688,16.037468],[120.596968,16.037471],[120.596965,16.037742],[120.596684,16.037739],[120.596688,16.037468]]],[[[120.649373,16.037511],[120.64937,16.037782],[120.648812,16.037504],[120.649093,16.037507],[120.649373,16.037511]]],[[[120.649933,16.037517],[120.650494,16.037523],[120.650481,16.038607],[120.64993,16.037788],[120.64965,16.037785],[120.649653,16.037514],[120.649933,16.037517]]],[[[120.673109,16.037801],[120.672829,16.037798],[120.673112,16.03753],[120.673109,16.037801]]],[[[120.703382,16.037315],[120.704223,16.037324],[120.703937,16.037863],[120.703382,16.037315]]],[[[120.657238,16.035971],[120.657792,16.036519],[120.658909,16.036802],[120.658897,16.037886],[120.657228,16.036784],[120.657238,16.035971]]],[[[120.683761,16.037646],[120.683477,16.037913],[120.683197,16.03791],[120.683203,16.037368],[120.683761,16.037646]]],[[[120.693005,16.038016],[120.693291,16.037477],[120.693285,16.038019],[120.693005,16.038016]]],[[[120.668645,16.036127],[120.668623,16.038023],[120.668342,16.03802],[120.668358,16.036665],[120.668084,16.03612],[120.668645,16.036127]]],[[[120.694695,16.037221],[120.695256,16.037227],[120.69525,16.037769],[120.694686,16.038034],[120.694695,16.037221]]],[[[120.701975,16.037842],[120.702252,16.038116],[120.701972,16.038113],[120.701975,16.037842]]],[[[120.681805,16.037082],[120.681242,16.037347],[120.681232,16.03816],[120.680401,16.037338],[120.680685,16.03707],[120.681805,16.037082]]],[[[120.682363,16.037359],[120.682634,16.038175],[120.682073,16.038169],[120.682363,16.037359]]],[[[120.683758,16.037917],[120.683754,16.038188],[120.683474,16.038184],[120.683477,16.037913],[120.683758,16.037917]]],[[[120.638168,16.037116],[120.637604,16.037381],[120.637878,16.037926],[120.637594,16.038194],[120.637588,16.038736],[120.637311,16.038462],[120.637314,16.038191],[120.636754,16.038185],[120.63677,16.03683],[120.636773,16.036559],[120.637053,16.036562],[120.637056,16.036291],[120.63734,16.036023],[120.637903,16.035758],[120.638187,16.03549],[120.638467,16.035494],[120.63847,16.035223],[120.638473,16.034952],[120.63848,16.03441],[120.63932,16.034419],[120.639314,16.034961],[120.640718,16.034705],[120.640709,16.035518],[120.640145,16.035783],[120.639591,16.035235],[120.639581,16.036048],[120.639008,16.037126],[120.638168,16.037116]]],[[[120.608186,16.036784],[120.608176,16.037597],[120.607619,16.03732],[120.607329,16.038129],[120.606765,16.038394],[120.606768,16.038123],[120.606501,16.037036],[120.607342,16.037045],[120.607629,16.036507],[120.608186,16.036784]]],[[[120.639556,16.038216],[120.639833,16.03849],[120.639553,16.038487],[120.639556,16.038216]]],[[[120.712057,16.038491],[120.711499,16.038215],[120.710379,16.038203],[120.710388,16.03739],[120.710948,16.037396],[120.711229,16.037399],[120.711225,16.03767],[120.711222,16.037941],[120.711783,16.037947],[120.71206,16.038221],[120.712057,16.038491]]],[[[120.693005,16.038016],[120.693002,16.038287],[120.692999,16.038558],[120.693279,16.038561],[120.693266,16.039645],[120.692983,16.039913],[120.69298,16.040184],[120.692687,16.041265],[120.692678,16.042078],[120.692662,16.043433],[120.691548,16.042879],[120.692108,16.042885],[120.692136,16.040446],[120.691856,16.040443],[120.691868,16.039359],[120.692149,16.039362],[120.692174,16.037194],[120.692454,16.037197],[120.692438,16.038552],[120.692718,16.038555],[120.693005,16.038016]]],[[[120.675061,16.038635],[120.675049,16.039719],[120.676167,16.040003],[120.675874,16.041083],[120.676711,16.041364],[120.676705,16.041906],[120.67531,16.041348],[120.675036,16.040803],[120.673648,16.039704],[120.673941,16.038623],[120.674224,16.038355],[120.67424,16.037],[120.673682,16.036723],[120.673412,16.035907],[120.673698,16.035368],[120.674258,16.035374],[120.674529,16.03619],[120.674809,16.036194],[120.675087,16.036468],[120.675367,16.036471],[120.675373,16.035929],[120.675093,16.035926],[120.675386,16.034845],[120.67622,16.035396],[120.676211,16.036209],[120.677045,16.03676],[120.677035,16.037573],[120.67759,16.038121],[120.677583,16.038663],[120.678421,16.038943],[120.678695,16.039488],[120.679249,16.040036],[120.678962,16.040575],[120.678402,16.040569],[120.678408,16.040027],[120.677848,16.040021],[120.677574,16.039476],[120.676185,16.038377],[120.675918,16.03729],[120.675638,16.037287],[120.675071,16.037822],[120.675065,16.038364],[120.675061,16.038635]]],[[[120.605921,16.038656],[120.606205,16.038388],[120.606202,16.038659],[120.605921,16.038656]]],[[[120.606765,16.038394],[120.606762,16.038665],[120.606482,16.038662],[120.606485,16.038391],[120.606765,16.038394]]],[[[120.708993,16.036833],[120.708707,16.037372],[120.709827,16.037384],[120.709264,16.037649],[120.709532,16.038736],[120.708974,16.038459],[120.708981,16.037917],[120.70842,16.037911],[120.70814,16.037908],[120.708414,16.038453],[120.708694,16.038456],[120.708676,16.040082],[120.708395,16.040079],[120.707838,16.039802],[120.707552,16.040341],[120.707271,16.040338],[120.707561,16.039528],[120.707844,16.03926],[120.707564,16.039257],[120.70757,16.038715],[120.706729,16.038706],[120.706742,16.037622],[120.706181,16.037616],[120.706178,16.037887],[120.704777,16.037872],[120.705341,16.037607],[120.705347,16.037065],[120.705067,16.037062],[120.705088,16.035165],[120.705372,16.034897],[120.704257,16.034343],[120.703139,16.03406],[120.703423,16.033792],[120.703444,16.031895],[120.703725,16.031898],[120.703737,16.030814],[120.704581,16.030552],[120.705976,16.031109],[120.706253,16.031383],[120.705973,16.03138],[120.705951,16.033277],[120.706219,16.034364],[120.706773,16.034912],[120.707327,16.03546],[120.708168,16.035469],[120.707878,16.036279],[120.708993,16.036833]],[[120.70563,16.036797],[120.706474,16.036535],[120.706748,16.03708],[120.707041,16.035999],[120.705923,16.035716],[120.70563,16.036797]],[[120.706748,16.03708],[120.707019,16.037896],[120.707863,16.037634],[120.707589,16.037089],[120.706748,16.03708]],[[120.706181,16.037616],[120.706188,16.037074],[120.705621,16.03761],[120.706181,16.037616]],[[120.70757,16.038715],[120.707857,16.038176],[120.707296,16.03817],[120.70757,16.038715]]],[[[120.712057,16.038491],[120.712337,16.038494],[120.712334,16.038765],[120.712057,16.038491]]],[[[120.690215,16.036902],[120.690196,16.038528],[120.690473,16.038802],[120.689913,16.038796],[120.689935,16.036899],[120.690215,16.036902]]],[[[120.667782,16.038014],[120.668053,16.03883],[120.667773,16.038827],[120.667492,16.038824],[120.667782,16.038014]]],[[[120.646558,16.038564],[120.647672,16.039118],[120.648793,16.03913],[120.648787,16.039672],[120.649067,16.039675],[120.649624,16.039952],[120.650462,16.040233],[120.650468,16.039691],[120.651312,16.039429],[120.651599,16.03889],[120.651879,16.038893],[120.652153,16.039438],[120.65215,16.039709],[120.65214,16.040522],[120.65186,16.040519],[120.65158,16.040516],[120.651296,16.040784],[120.650449,16.041317],[120.650169,16.041314],[120.649889,16.04131],[120.649898,16.040497],[120.6485,16.040211],[120.648214,16.04075],[120.64765,16.041015],[120.64766,16.040202],[120.647663,16.039931],[120.647943,16.039934],[120.647386,16.039657],[120.647383,16.039928],[120.647102,16.039925],[120.647106,16.039654],[120.646275,16.038832],[120.645994,16.038829],[120.645721,16.038284],[120.644319,16.038268],[120.643765,16.03772],[120.644329,16.037455],[120.644883,16.038003],[120.646561,16.038293],[120.646558,16.038564]]],[[[120.636754,16.038185],[120.636747,16.038727],[120.636744,16.038998],[120.636464,16.038995],[120.636754,16.038185]]],[[[120.664215,16.038486],[120.665332,16.038769],[120.664488,16.039031],[120.663934,16.038483],[120.664215,16.038486]]],[[[120.667492,16.038824],[120.666649,16.039086],[120.666658,16.038273],[120.666094,16.038538],[120.665824,16.037722],[120.666387,16.037457],[120.666945,16.037734],[120.666935,16.038547],[120.667492,16.038824]]],[[[120.648793,16.03913],[120.6488,16.038588],[120.64964,16.038598],[120.649914,16.039143],[120.648793,16.03913]]],[[[120.604797,16.038914],[120.605074,16.039188],[120.604794,16.039185],[120.604797,16.038914]]],[[[120.616308,16.037145],[120.616286,16.039042],[120.616006,16.039039],[120.615722,16.039307],[120.614324,16.03902],[120.613774,16.038201],[120.61406,16.037662],[120.614894,16.038214],[120.615735,16.038223],[120.616025,16.037413],[120.615471,16.036865],[120.616308,16.037145]]],[[[120.596945,16.039368],[120.596665,16.039365],[120.596668,16.039094],[120.596671,16.038823],[120.596675,16.038552],[120.596945,16.039368]]],[[[120.598639,16.038303],[120.599473,16.038855],[120.599467,16.039396],[120.598626,16.039387],[120.598639,16.038303]]],[[[120.712608,16.03931],[120.712605,16.039581],[120.712328,16.039307],[120.712608,16.03931]]],[[[120.689627,16.039335],[120.690187,16.039341],[120.690184,16.039612],[120.689623,16.039606],[120.689627,16.039335]]],[[[120.598626,16.039387],[120.598343,16.039655],[120.598346,16.039384],[120.598626,16.039387]]],[[[120.60367,16.039444],[120.603667,16.039715],[120.60339,16.03944],[120.60367,16.039444]]],[[[120.700555,16.039453],[120.700272,16.03972],[120.699715,16.039443],[120.699721,16.038902],[120.700558,16.039182],[120.700555,16.039453]]],[[[120.700555,16.039453],[120.700832,16.039727],[120.700552,16.039724],[120.700555,16.039453]]],[[[120.703918,16.039489],[120.703915,16.03976],[120.703635,16.039757],[120.703638,16.039486],[120.703918,16.039489]]],[[[120.694387,16.039657],[120.693824,16.039922],[120.694116,16.038841],[120.694387,16.039657]]],[[[120.65243,16.039712],[120.652987,16.039989],[120.652707,16.039986],[120.652427,16.039983],[120.65243,16.039712]]],[[[120.700552,16.039724],[120.700269,16.039991],[120.700272,16.03972],[120.700552,16.039724]]],[[[120.6572,16.039222],[120.658031,16.040044],[120.656913,16.039761],[120.6572,16.039222]]],[[[120.709522,16.039549],[120.709796,16.040094],[120.708956,16.040085],[120.708962,16.039543],[120.709522,16.039549]]],[[[120.638139,16.039555],[120.638136,16.039826],[120.638132,16.040097],[120.637855,16.039823],[120.637859,16.039552],[120.638139,16.039555]]],[[[120.638693,16.040103],[120.638413,16.0401],[120.638416,16.039829],[120.638693,16.040103]]],[[[120.615722,16.039307],[120.616002,16.03931],[120.616276,16.039855],[120.616273,16.040126],[120.615722,16.039307]]],[[[120.665597,16.040127],[120.665326,16.039311],[120.665883,16.039588],[120.665597,16.040127]]],[[[120.595538,16.039894],[120.595534,16.040165],[120.595257,16.039891],[120.595538,16.039894]]],[[[120.5989,16.039932],[120.598897,16.040203],[120.59862,16.039929],[120.5989,16.039932]]],[[[120.705033,16.040043],[120.705599,16.039507],[120.70559,16.04032],[120.705033,16.040043]]],[[[120.636728,16.040353],[120.636731,16.040082],[120.637012,16.040085],[120.636728,16.040353]]],[[[120.598343,16.039655],[120.59834,16.039926],[120.598053,16.040465],[120.597496,16.040187],[120.596939,16.03991],[120.596945,16.039368],[120.597515,16.038562],[120.597783,16.039649],[120.598343,16.039655]]],[[[120.647096,16.040467],[120.647099,16.040196],[120.64738,16.040199],[120.647096,16.040467]]],[[[120.602259,16.040241],[120.602256,16.040512],[120.601976,16.040509],[120.601979,16.040238],[120.602259,16.040241]]],[[[120.698313,16.039428],[120.698594,16.039431],[120.698581,16.040515],[120.698313,16.039428]]],[[[120.705033,16.040043],[120.705026,16.040585],[120.703909,16.040302],[120.703631,16.040028],[120.704192,16.040034],[120.704752,16.04004],[120.705033,16.040043]]],[[[120.668031,16.040727],[120.667763,16.03964],[120.668317,16.040188],[120.668031,16.040727]]],[[[120.670556,16.040484],[120.669435,16.040471],[120.669501,16.034781],[120.669227,16.034236],[120.669511,16.033968],[120.66896,16.033149],[120.669246,16.03261],[120.670077,16.033432],[120.670071,16.033974],[120.670351,16.033977],[120.670631,16.03398],[120.670909,16.034254],[120.670619,16.035064],[120.670616,16.035335],[120.671444,16.036428],[120.67088,16.036693],[120.671434,16.037241],[120.670874,16.037235],[120.670591,16.037503],[120.670855,16.038861],[120.670295,16.038855],[120.670556,16.040484]]],[[[120.601976,16.040509],[120.601692,16.040776],[120.601696,16.040505],[120.601976,16.040509]]],[[[120.661664,16.040897],[120.661671,16.040355],[120.662788,16.040638],[120.662228,16.040632],[120.661664,16.040897]]],[[[120.638693,16.040103],[120.63953,16.040384],[120.638964,16.040919],[120.638687,16.040645],[120.638693,16.040103]]],[[[120.61683,16.040403],[120.616824,16.040945],[120.61655,16.0404],[120.61683,16.040403]]],[[[120.61683,16.040403],[120.616837,16.039861],[120.617674,16.040142],[120.617951,16.040416],[120.617664,16.040955],[120.61683,16.040403]]],[[[120.643453,16.040427],[120.642613,16.040417],[120.642606,16.040959],[120.642336,16.040143],[120.643453,16.040427]]],[[[120.647096,16.040467],[120.646529,16.041003],[120.646249,16.040999],[120.646259,16.040187],[120.646819,16.040193],[120.647096,16.040467]]],[[[120.600849,16.041038],[120.600852,16.040767],[120.601132,16.04077],[120.601412,16.040773],[120.601129,16.041041],[120.600849,16.041038]]],[[[120.679517,16.041123],[120.679803,16.040584],[120.680077,16.041129],[120.679517,16.041123]]],[[[120.633639,16.040861],[120.63392,16.040864],[120.633636,16.041132],[120.633639,16.040861]]],[[[120.678988,16.038407],[120.679822,16.038958],[120.679816,16.0395],[120.680653,16.03978],[120.680638,16.041135],[120.680093,16.039774],[120.679532,16.039768],[120.679539,16.039226],[120.678981,16.038949],[120.678988,16.038407]]],[[[120.706421,16.041142],[120.7053,16.04113],[120.705587,16.040591],[120.706708,16.040603],[120.706421,16.041142]]],[[[120.68372,16.041168],[120.68316,16.041162],[120.683169,16.040349],[120.68372,16.041168]]],[[[120.665867,16.040943],[120.666145,16.041217],[120.666425,16.04122],[120.666699,16.041765],[120.666412,16.042304],[120.665858,16.041756],[120.665017,16.041747],[120.664186,16.040925],[120.66418,16.041467],[120.663342,16.041187],[120.663355,16.040103],[120.663915,16.040109],[120.663925,16.039296],[120.664473,16.040386],[120.665033,16.040392],[120.665024,16.041205],[120.665587,16.04094],[120.665864,16.041214],[120.665867,16.040943]]],[[[120.639833,16.03849],[120.641794,16.038511],[120.641788,16.039053],[120.64011,16.038764],[120.6401,16.039577],[120.641782,16.039595],[120.641778,16.039866],[120.641495,16.040134],[120.641492,16.040405],[120.641482,16.041218],[120.640922,16.041212],[120.640645,16.040938],[120.640648,16.040667],[120.640094,16.040119],[120.639814,16.040116],[120.63954,16.039571],[120.639543,16.0393],[120.639549,16.038758],[120.639833,16.03849]]],[[[120.689617,16.040148],[120.689605,16.041232],[120.689324,16.041229],[120.689337,16.040145],[120.689617,16.040148]]],[[[120.642606,16.040959],[120.642883,16.041234],[120.642603,16.04123],[120.642606,16.040959]]],[[[120.596085,16.040985],[120.596082,16.041256],[120.595805,16.040981],[120.596085,16.040985]]],[[[120.599174,16.040477],[120.599467,16.039396],[120.599737,16.040213],[120.600301,16.039948],[120.600572,16.040764],[120.600568,16.041035],[120.600005,16.0413],[120.600565,16.041306],[120.600562,16.041577],[120.600001,16.041571],[120.599988,16.042654],[120.599431,16.042377],[120.599161,16.041561],[120.599164,16.04129],[120.598884,16.041287],[120.598607,16.041013],[120.59861,16.040742],[120.598894,16.040474],[120.599174,16.040477]]],[[[120.600849,16.041038],[120.600845,16.041309],[120.600565,16.041306],[120.600568,16.041035],[120.600849,16.041038]]],[[[120.696909,16.039684],[120.697467,16.039961],[120.697451,16.041316],[120.697171,16.041313],[120.697183,16.040229],[120.696909,16.039684]]],[[[120.707262,16.041151],[120.707268,16.040609],[120.707552,16.040341],[120.707832,16.040344],[120.708112,16.040347],[120.708395,16.040079],[120.708672,16.040353],[120.708657,16.041707],[120.709214,16.041984],[120.708093,16.041972],[120.708371,16.042246],[120.709491,16.042258],[120.709488,16.042529],[120.709485,16.0428],[120.707524,16.042779],[120.707259,16.041422],[120.707262,16.041151]]],[[[120.662221,16.041174],[120.662218,16.041445],[120.661938,16.041442],[120.662221,16.041174]]],[[[120.684006,16.040629],[120.684564,16.040906],[120.684558,16.041448],[120.684,16.041171],[120.684006,16.040629]]],[[[120.687126,16.037411],[120.687964,16.037691],[120.687674,16.038501],[120.689075,16.038516],[120.688789,16.039055],[120.688764,16.041223],[120.6882,16.041488],[120.688216,16.040133],[120.687662,16.039585],[120.688503,16.039594],[120.687948,16.039046],[120.687385,16.039311],[120.687397,16.038227],[120.686837,16.038221],[120.686569,16.037134],[120.686849,16.037137],[120.687126,16.037411]]],[[[120.700266,16.040262],[120.701667,16.040278],[120.701113,16.03973],[120.701673,16.039736],[120.70223,16.040013],[120.702511,16.040016],[120.703065,16.040564],[120.702781,16.040832],[120.702775,16.041373],[120.702772,16.041644],[120.70082,16.04081],[120.700266,16.040262]]],[[[120.658295,16.041402],[120.658572,16.041677],[120.658292,16.041673],[120.658295,16.041402]]],[[[120.661664,16.040897],[120.661658,16.041439],[120.661655,16.04171],[120.661094,16.041704],[120.660824,16.040888],[120.661664,16.040897]]],[[[120.684,16.041171],[120.683994,16.041713],[120.68372,16.041168],[120.684,16.041171]]],[[[120.71202,16.041743],[120.711179,16.041734],[120.711194,16.040379],[120.711752,16.040656],[120.712023,16.041472],[120.71202,16.041743]]],[[[120.641476,16.04176],[120.641759,16.041492],[120.641756,16.041763],[120.641476,16.04176]]],[[[120.642883,16.041234],[120.643444,16.04124],[120.643157,16.041779],[120.642883,16.041234]]],[[[120.696069,16.039675],[120.696349,16.039678],[120.696324,16.041846],[120.695767,16.041569],[120.695776,16.040756],[120.694655,16.040744],[120.694658,16.040473],[120.694957,16.03885],[120.695517,16.038856],[120.695243,16.038311],[120.695804,16.038317],[120.696069,16.039675]]],[[[120.69997,16.041614],[120.700527,16.041891],[120.699967,16.041885],[120.69997,16.041614]]],[[[120.632805,16.040309],[120.632792,16.041393],[120.631665,16.041923],[120.631414,16.039481],[120.630866,16.038391],[120.630029,16.038111],[120.630319,16.037301],[120.631993,16.037861],[120.632544,16.03868],[120.633388,16.038419],[120.633662,16.038964],[120.633939,16.039238],[120.634206,16.040325],[120.633923,16.040593],[120.633639,16.040861],[120.632805,16.040309]]],[[[120.713421,16.041758],[120.713418,16.042029],[120.713141,16.041755],[120.713421,16.041758]]],[[[120.641476,16.04176],[120.641473,16.042031],[120.641196,16.041757],[120.641476,16.04176]]],[[[120.684558,16.041448],[120.685115,16.041725],[120.685109,16.042267],[120.684551,16.04199],[120.684558,16.041448]]],[[[120.68679,16.042286],[120.68651,16.042283],[120.686532,16.040386],[120.686258,16.039841],[120.686815,16.040118],[120.68679,16.042286]]],[[[120.640349,16.04229],[120.639791,16.042013],[120.639801,16.0412],[120.639244,16.040922],[120.640084,16.040932],[120.640081,16.041203],[120.640349,16.04229]]],[[[120.599161,16.041561],[120.599151,16.042374],[120.598314,16.042094],[120.598037,16.04182],[120.598053,16.040465],[120.59833,16.040739],[120.598327,16.04101],[120.598323,16.041281],[120.598604,16.041284],[120.598884,16.041287],[120.599161,16.041561]]],[[[120.647914,16.042373],[120.647641,16.041828],[120.649042,16.041843],[120.649048,16.041301],[120.649325,16.041575],[120.649035,16.042385],[120.648758,16.042111],[120.647914,16.042373]]],[[[120.673626,16.041601],[120.674463,16.041881],[120.674457,16.042423],[120.675294,16.042703],[120.675282,16.043787],[120.676113,16.044609],[120.676384,16.045425],[120.675543,16.045416],[120.675276,16.044329],[120.674441,16.043778],[120.674447,16.043236],[120.673339,16.04214],[120.673342,16.041869],[120.673062,16.041866],[120.672776,16.042405],[120.672218,16.042128],[120.672221,16.041857],[120.670827,16.0413],[120.671116,16.04049],[120.671674,16.040767],[120.671689,16.039412],[120.672259,16.038605],[120.672817,16.038882],[120.673109,16.037801],[120.67366,16.03862],[120.673097,16.038885],[120.673087,16.039698],[120.672527,16.039692],[120.672514,16.040776],[120.672511,16.041047],[120.672794,16.040779],[120.673626,16.041601]]],[[[120.69997,16.041614],[120.699129,16.041605],[120.699123,16.042147],[120.69884,16.042415],[120.698855,16.04106],[120.699973,16.041343],[120.69997,16.041614]]],[[[120.654652,16.041363],[120.65464,16.042447],[120.65436,16.042444],[120.654092,16.041357],[120.654652,16.041363]]],[[[120.650436,16.042401],[120.651,16.042136],[120.65128,16.042139],[120.651554,16.042684],[120.650436,16.042401]]],[[[120.705562,16.042758],[120.706116,16.043306],[120.704995,16.043294],[120.705282,16.042755],[120.705285,16.042484],[120.705562,16.042758]]],[[[120.594282,16.041684],[120.5954,16.041967],[120.594276,16.042226],[120.594282,16.041684]]],[[[120.636728,16.040353],[120.637269,16.041985],[120.637827,16.042262],[120.63754,16.042801],[120.636709,16.041979],[120.636715,16.041437],[120.635875,16.041427],[120.63533,16.040066],[120.63562,16.039256],[120.636177,16.039534],[120.636458,16.039537],[120.636451,16.040079],[120.636728,16.040353]]],[[[120.68679,16.042286],[120.687064,16.042831],[120.686503,16.042825],[120.68679,16.042286]]],[[[120.687624,16.042837],[120.687344,16.042834],[120.68736,16.041479],[120.688197,16.041759],[120.687624,16.042837]]],[[[120.643144,16.042862],[120.643148,16.042591],[120.643425,16.042866],[120.643144,16.042862]]],[[[120.653528,16.041621],[120.653525,16.041892],[120.653513,16.042976],[120.652675,16.042696],[120.652411,16.041338],[120.651857,16.04079],[120.652137,16.040793],[120.6527,16.040528],[120.652984,16.04026],[120.653258,16.040805],[120.654101,16.040544],[120.655219,16.040827],[120.655767,16.041917],[120.654652,16.041363],[120.654095,16.041086],[120.653254,16.041076],[120.653528,16.041621]]],[[[120.630251,16.042991],[120.629691,16.042985],[120.629143,16.041895],[120.628879,16.040537],[120.629436,16.040814],[120.630251,16.042991]]],[[[120.593149,16.042755],[120.591741,16.043281],[120.592031,16.042471],[120.592872,16.042481],[120.592878,16.041939],[120.592881,16.041668],[120.592601,16.041665],[120.592598,16.041936],[120.592034,16.0422],[120.591764,16.041384],[120.591484,16.041381],[120.591477,16.041923],[120.590633,16.042185],[120.590627,16.042727],[120.59,16.042449],[120.59,16.042178],[120.590079,16.041636],[120.590643,16.041372],[120.590646,16.041101],[120.590366,16.041098],[120.590086,16.041094],[120.59,16.041094],[120.590096,16.040282],[120.59094,16.04002],[120.590672,16.038933],[120.590969,16.037581],[120.590698,16.036765],[120.590151,16.035675],[120.590431,16.035678],[120.591262,16.036501],[120.591368,16.037044],[120.592653,16.037329],[120.592647,16.037871],[120.591355,16.038128],[120.591349,16.03867],[120.5918,16.038404],[120.592183,16.039221],[120.592636,16.038778],[120.593201,16.038419],[120.593193,16.039055],[120.593866,16.039063],[120.594994,16.038533],[120.595264,16.039349],[120.594311,16.039339],[120.594866,16.039793],[120.594305,16.039787],[120.594572,16.040874],[120.593452,16.040861],[120.593458,16.040319],[120.593178,16.040316],[120.593162,16.041671],[120.594276,16.042226],[120.594273,16.042497],[120.594546,16.043042],[120.594543,16.043313],[120.593699,16.043574],[120.593142,16.043297],[120.593426,16.043029],[120.593145,16.043026],[120.593149,16.042755]],[[120.59178,16.04003],[120.592057,16.040304],[120.59206,16.040033],[120.59178,16.04003]],[[120.593426,16.043029],[120.593709,16.042761],[120.593429,16.042758],[120.593426,16.043029]],[[120.593458,16.040319],[120.594015,16.040597],[120.59403,16.039336],[120.59347,16.039329],[120.593458,16.040319]]],[[[120.663607,16.042545],[120.664724,16.042828],[120.664161,16.043093],[120.663607,16.042545]]],[[[120.642304,16.042853],[120.64174,16.043118],[120.641747,16.042576],[120.642027,16.042579],[120.642304,16.042853]]],[[[120.690168,16.040967],[120.690448,16.04097],[120.690436,16.042054],[120.690156,16.042051],[120.690143,16.043135],[120.689583,16.043129],[120.689309,16.042584],[120.689602,16.041503],[120.690162,16.041509],[120.690168,16.040967]]],[[[120.667524,16.043129],[120.667527,16.042858],[120.66753,16.042587],[120.667253,16.042313],[120.668097,16.042051],[120.668377,16.042054],[120.668648,16.04287],[120.668364,16.043138],[120.667804,16.043132],[120.667524,16.043129]]],[[[120.643425,16.042866],[120.643705,16.042869],[120.643702,16.04314],[120.643421,16.043137],[120.643425,16.042866]]],[[[120.643982,16.043143],[120.643985,16.042872],[120.644265,16.042875],[120.643982,16.043143]]],[[[120.64595,16.042622],[120.647351,16.042638],[120.647348,16.042909],[120.647064,16.043177],[120.645947,16.042893],[120.645663,16.043161],[120.645103,16.043155],[120.644268,16.042604],[120.643711,16.042327],[120.644555,16.042065],[120.644291,16.040707],[120.645689,16.040993],[120.645402,16.041532],[120.645959,16.041809],[120.645399,16.041803],[120.645396,16.042074],[120.64595,16.042622]]],[[[120.653513,16.042976],[120.653793,16.042979],[120.65379,16.04325],[120.653513,16.042976]]],[[[120.65464,16.042447],[120.655194,16.042995],[120.655191,16.043266],[120.654637,16.042718],[120.65464,16.042447]]],[[[120.687624,16.042837],[120.688179,16.043385],[120.687618,16.043379],[120.687624,16.042837]]],[[[120.713683,16.043387],[120.713405,16.043113],[120.713686,16.043116],[120.713683,16.043387]]],[[[120.64174,16.043118],[120.641737,16.043389],[120.64118,16.043112],[120.64146,16.043115],[120.64174,16.043118]]],[[[120.643982,16.043143],[120.643979,16.043414],[120.643702,16.04314],[120.643982,16.043143]]],[[[120.59719,16.042352],[120.596616,16.04343],[120.596619,16.043159],[120.596356,16.041801],[120.596636,16.041804],[120.59719,16.042352]]],[[[120.649035,16.042385],[120.649032,16.042656],[120.649026,16.043198],[120.648755,16.042382],[120.649035,16.042385]]],[[[120.657719,16.042751],[120.657709,16.043564],[120.657429,16.043561],[120.657719,16.042751]]],[[[120.713683,16.043387],[120.71396,16.043661],[120.713679,16.043658],[120.713683,16.043387]]],[[[120.667797,16.043674],[120.667801,16.043403],[120.668078,16.043677],[120.667797,16.043674]]],[[[120.59831,16.042365],[120.598864,16.042913],[120.598297,16.043449],[120.597457,16.043439],[120.59746,16.043168],[120.598027,16.042632],[120.59831,16.042365]]],[[[120.699967,16.041885],[120.69968,16.042424],[120.699665,16.043779],[120.698547,16.043496],[120.698553,16.042954],[120.698837,16.042686],[120.699397,16.042692],[120.699403,16.04215],[120.699967,16.041885]]],[[[120.629401,16.043795],[120.628567,16.043244],[120.628296,16.042428],[120.629407,16.043253],[120.629401,16.043795]]],[[[120.631646,16.043549],[120.631086,16.043543],[120.630805,16.043539],[120.630242,16.043804],[120.630251,16.042991],[120.631375,16.042733],[120.631649,16.043278],[120.631646,16.043549]]],[[[120.655191,16.043266],[120.655474,16.042998],[120.655754,16.043001],[120.655465,16.043811],[120.655184,16.043808],[120.655191,16.043266]]],[[[120.677527,16.043541],[120.67782,16.04246],[120.6781,16.042463],[120.678116,16.041108],[120.678396,16.041111],[120.678676,16.041114],[120.679517,16.041123],[120.678953,16.041388],[120.678944,16.042201],[120.679504,16.042207],[120.679765,16.043836],[120.679208,16.043559],[120.679214,16.043017],[120.678654,16.043011],[120.678641,16.044095],[120.679202,16.044101],[120.678906,16.045453],[120.678355,16.044634],[120.677791,16.044899],[120.677524,16.043812],[120.677527,16.043541]]],[[[120.631646,16.043549],[120.631926,16.043552],[120.631923,16.043823],[120.631646,16.043549]]],[[[120.7106,16.043354],[120.710033,16.04389],[120.709473,16.043884],[120.709202,16.043068],[120.709485,16.0428],[120.709765,16.042803],[120.709769,16.042532],[120.709772,16.042261],[120.710329,16.042538],[120.7106,16.043354]]],[[[120.7106,16.043354],[120.71116,16.04336],[120.710896,16.042002],[120.71145,16.04255],[120.711441,16.043363],[120.712281,16.043372],[120.711715,16.043908],[120.710594,16.043896],[120.7106,16.043354]]],[[[120.694066,16.043177],[120.694633,16.042641],[120.694627,16.043183],[120.695184,16.04346],[120.695178,16.044002],[120.694898,16.043999],[120.693777,16.043987],[120.693497,16.043984],[120.693528,16.041274],[120.693817,16.040464],[120.694655,16.040744],[120.694639,16.042099],[120.694082,16.041822],[120.693799,16.04209],[120.693786,16.043174],[120.694066,16.043177]]],[[[120.69714,16.044023],[120.696579,16.044017],[120.696585,16.043475],[120.697706,16.043487],[120.69714,16.044023]]],[[[120.65322,16.044057],[120.653223,16.043786],[120.6535,16.04406],[120.65322,16.044057]]],[[[120.63248,16.0441],[120.632203,16.043826],[120.632206,16.043555],[120.632483,16.043829],[120.63248,16.0441]]],[[[120.657429,16.043561],[120.656582,16.044094],[120.656585,16.043823],[120.656589,16.043552],[120.656308,16.043549],[120.656312,16.043278],[120.657429,16.043561]]],[[[120.680634,16.041406],[120.680905,16.042222],[120.681459,16.04277],[120.681173,16.043309],[120.682014,16.043318],[120.681724,16.044128],[120.68145,16.043583],[120.680883,16.044119],[120.680902,16.042493],[120.680342,16.042487],[120.680634,16.041406]]],[[[120.64145,16.043928],[120.641447,16.044199],[120.641167,16.044196],[120.64117,16.043925],[120.64145,16.043928]]],[[[120.645657,16.043703],[120.645931,16.044248],[120.645377,16.0437],[120.645657,16.043703]]],[[[120.590826,16.043721],[120.5911,16.044267],[120.591006,16.044265],[120.59,16.043622],[120.590363,16.043355],[120.590826,16.043721]]],[[[120.656582,16.044094],[120.656299,16.044362],[120.656019,16.044359],[120.656022,16.044088],[120.656582,16.044094]]],[[[120.702199,16.042722],[120.703317,16.043005],[120.703868,16.043824],[120.703862,16.044366],[120.702747,16.043812],[120.702199,16.042722]]],[[[120.591287,16.044178],[120.591379,16.04436],[120.591284,16.044449],[120.591191,16.044448],[120.591193,16.044268],[120.591287,16.044178]]],[[[120.655455,16.044624],[120.655458,16.044353],[120.655738,16.044356],[120.655455,16.044624]]],[[[120.62838,16.035382],[120.627816,16.035647],[120.627806,16.03646],[120.626695,16.035635],[120.626425,16.034819],[120.625861,16.035083],[120.626409,16.036173],[120.625004,16.036429],[120.624998,16.036971],[120.626399,16.036986],[120.626953,16.037535],[120.628074,16.037547],[120.628064,16.03836],[120.628621,16.038637],[120.628335,16.039176],[120.628889,16.039724],[120.628602,16.040263],[120.627491,16.039438],[120.627227,16.03808],[120.625265,16.038058],[120.625268,16.037787],[120.623867,16.037771],[120.621619,16.038288],[120.621887,16.039375],[120.621323,16.03964],[120.623281,16.039933],[120.623558,16.040207],[120.623822,16.041565],[120.624103,16.041568],[120.624927,16.042932],[120.625488,16.042939],[120.625758,16.043755],[120.626596,16.044035],[120.627997,16.04405],[120.629114,16.044334],[120.629668,16.044882],[120.629949,16.044885],[120.630229,16.044888],[120.629933,16.04624],[120.630776,16.045978],[120.630764,16.047062],[120.630194,16.047869],[120.630467,16.048414],[120.630748,16.048417],[120.630744,16.048688],[120.632146,16.048704],[120.631308,16.048423],[120.632712,16.048168],[120.632442,16.047352],[120.631604,16.047071],[120.631891,16.046533],[120.633015,16.046274],[120.633305,16.045464],[120.632184,16.045452],[120.63248,16.0441],[120.633598,16.044383],[120.633044,16.043835],[120.63333,16.043296],[120.634455,16.043038],[120.634732,16.043312],[120.634165,16.043848],[120.634722,16.044125],[120.633875,16.044657],[120.634149,16.045202],[120.634709,16.045209],[120.635263,16.045757],[120.63498,16.046025],[120.63554,16.046031],[120.636381,16.04604],[120.636368,16.047124],[120.637212,16.046862],[120.637492,16.046865],[120.638887,16.047423],[120.639164,16.047697],[120.639431,16.048784],[120.639989,16.049061],[120.639985,16.049332],[120.639142,16.049594],[120.639135,16.050136],[120.638861,16.049591],[120.638021,16.049581],[120.637744,16.049307],[120.637183,16.049301],[120.636906,16.049027],[120.636909,16.048756],[120.636916,16.048214],[120.636629,16.048753],[120.636069,16.048747],[120.635772,16.050099],[120.635215,16.049821],[120.635508,16.048741],[120.634957,16.047922],[120.633836,16.047909],[120.633827,16.048722],[120.634384,16.048999],[120.634381,16.04927],[120.634101,16.049267],[120.63382,16.049264],[120.633534,16.049803],[120.632136,16.049516],[120.631009,16.050046],[120.62934,16.048943],[120.629063,16.048669],[120.629343,16.048673],[120.629356,16.047589],[120.627672,16.047841],[120.627385,16.04838],[120.628496,16.049205],[120.627936,16.049199],[120.627933,16.04947],[120.627369,16.049735],[120.627089,16.049732],[120.625968,16.049719],[120.626251,16.049451],[120.626535,16.049183],[120.626815,16.049187],[120.626818,16.048916],[120.626541,16.048641],[120.626277,16.047283],[120.624035,16.047259],[120.624042,16.046717],[120.625726,16.046464],[120.625736,16.045651],[120.62658,16.04539],[120.628541,16.045411],[120.628544,16.04514],[120.628267,16.044866],[120.625185,16.044832],[120.624348,16.044552],[120.624634,16.044013],[120.624924,16.043203],[120.62381,16.042649],[120.623819,16.041836],[120.622698,16.041824],[120.622405,16.042904],[120.622418,16.04182],[120.621864,16.041272],[120.622157,16.040191],[120.62104,16.039908],[120.620473,16.040444],[120.620482,16.039631],[120.619655,16.038538],[120.618814,16.038528],[120.618817,16.038257],[120.618537,16.038254],[120.618534,16.038525],[120.617973,16.038519],[120.617716,16.036619],[120.618283,16.036083],[120.619407,16.035825],[120.619416,16.035012],[120.620537,16.035024],[120.620827,16.034214],[120.621668,16.034224],[120.622804,16.032881],[120.624209,16.032626],[120.624766,16.032903],[120.624476,16.033713],[120.623626,16.034517],[120.625027,16.034532],[120.624727,16.036155],[120.625291,16.03589],[120.625304,16.034806],[120.625307,16.034535],[120.625323,16.03318],[120.625043,16.033177],[120.625059,16.031822],[120.624782,16.031548],[120.625062,16.031551],[120.625899,16.031832],[120.625626,16.031287],[120.626466,16.031296],[120.626756,16.030486],[120.62788,16.030227],[120.628167,16.029689],[120.628444,16.029963],[120.629275,16.030785],[120.628434,16.030776],[120.628424,16.031589],[120.629825,16.031604],[120.629822,16.031875],[120.630102,16.031878],[120.630383,16.031881],[120.630669,16.031342],[120.63151,16.031352],[120.6318,16.030542],[120.633204,16.030286],[120.633207,16.030015],[120.633497,16.029205],[120.634054,16.029483],[120.634064,16.02867],[120.634898,16.029221],[120.634872,16.031389],[120.634312,16.031383],[120.634608,16.030031],[120.634051,16.029754],[120.634035,16.031108],[120.633751,16.031376],[120.63235,16.031361],[120.632334,16.032716],[120.63121,16.032974],[120.631198,16.034058],[120.632029,16.034881],[120.632022,16.035422],[120.632866,16.035161],[120.63286,16.035703],[120.632013,16.036235],[120.631169,16.036497],[120.630615,16.035949],[120.629774,16.03594],[120.62838,16.035382]],[[120.628106,16.034837],[120.62838,16.035382],[120.628386,16.03484],[120.628106,16.034837]],[[120.628386,16.03484],[120.628943,16.035117],[120.62923,16.034579],[120.628676,16.03403],[120.628389,16.034569],[120.628386,16.03484]],[[120.629822,16.031875],[120.627581,16.03185],[120.62731,16.031034],[120.627023,16.031573],[120.627017,16.032115],[120.627014,16.032386],[120.628972,16.032679],[120.628975,16.032408],[120.629249,16.032953],[120.63037,16.032965],[120.630656,16.032426],[120.629536,16.032414],[120.629822,16.031875]],[[120.636916,16.048214],[120.637473,16.048491],[120.637753,16.048494],[120.637479,16.047949],[120.636916,16.048214]],[[120.638307,16.049043],[120.638868,16.049049],[120.638877,16.048236],[120.638307,16.049043]],[[120.620795,16.036924],[120.621362,16.036388],[120.620247,16.035834],[120.620241,16.036376],[120.6194,16.036367],[120.619394,16.036909],[120.620795,16.036924]]],[[[120.643966,16.044498],[120.643128,16.044217],[120.643402,16.044762],[120.642285,16.044479],[120.642014,16.043663],[120.642861,16.04313],[120.642304,16.042853],[120.643144,16.042862],[120.643421,16.043137],[120.643412,16.043949],[120.643966,16.044498]]],[[[120.698254,16.044577],[120.698251,16.044848],[120.697974,16.044574],[120.698254,16.044577]]],[[[120.654621,16.044072],[120.655181,16.044079],[120.655178,16.04435],[120.654611,16.044885],[120.654621,16.044072]]],[[[120.612302,16.044147],[120.613139,16.044427],[120.612295,16.044689],[120.612302,16.044147]]],[[[120.641167,16.044196],[120.641164,16.044467],[120.641157,16.045009],[120.640046,16.044183],[120.640887,16.044193],[120.641167,16.044196]]],[[[120.71339,16.044468],[120.714224,16.045019],[120.712823,16.045004],[120.712829,16.044462],[120.71339,16.044468]]],[[[120.643966,16.044498],[120.644807,16.044507],[120.6448,16.045049],[120.64424,16.045043],[120.643963,16.044769],[120.643966,16.044498]]],[[[120.659372,16.045208],[120.659935,16.044944],[120.659932,16.045215],[120.659372,16.045208]]],[[[120.643963,16.044769],[120.64396,16.04504],[120.643402,16.044762],[120.643963,16.044769]]],[[[120.66974,16.045322],[120.670023,16.045054],[120.67002,16.045325],[120.66974,16.045322]]],[[[120.647055,16.04399],[120.647058,16.043719],[120.649019,16.04374],[120.649297,16.044014],[120.649,16.045366],[120.647892,16.04427],[120.647329,16.044535],[120.647055,16.04399]]],[[[120.698809,16.045125],[120.698805,16.045396],[120.698525,16.045393],[120.698809,16.045125]]],[[[120.663295,16.045251],[120.663572,16.045525],[120.663846,16.04607],[120.663563,16.046338],[120.663282,16.046335],[120.663002,16.046332],[120.663292,16.045522],[120.663295,16.045251]]],[[[120.665537,16.045276],[120.664136,16.04526],[120.664979,16.044999],[120.664712,16.043912],[120.66554,16.045005],[120.665537,16.045276]]],[[[120.665537,16.045276],[120.665817,16.045279],[120.665814,16.04555],[120.665537,16.045276]]],[[[120.641157,16.045009],[120.641998,16.045018],[120.641992,16.04556],[120.641157,16.045009]]],[[[120.597431,16.045607],[120.597998,16.045071],[120.598552,16.045619],[120.597431,16.045607]]],[[[120.680584,16.045742],[120.680868,16.045474],[120.680864,16.045745],[120.680584,16.045742]]],[[[120.659372,16.045208],[120.659365,16.04575],[120.659088,16.045476],[120.659092,16.045205],[120.659372,16.045208]]],[[[120.681145,16.045748],[120.681148,16.045477],[120.681151,16.045206],[120.681154,16.044935],[120.68088,16.04439],[120.681718,16.04467],[120.681708,16.045483],[120.681145,16.045748]]],[[[120.638362,16.044436],[120.638358,16.044707],[120.637795,16.044972],[120.638626,16.045794],[120.636384,16.045769],[120.635833,16.04495],[120.63527,16.045215],[120.634722,16.044125],[120.635563,16.044134],[120.635852,16.043324],[120.634732,16.043312],[120.634735,16.043041],[120.635862,16.042511],[120.636136,16.043056],[120.637253,16.04334],[120.63754,16.042801],[120.638107,16.042265],[120.639225,16.042548],[120.640065,16.042558],[120.640613,16.043648],[120.640056,16.043371],[120.639766,16.04418],[120.639486,16.044177],[120.639205,16.044174],[120.637808,16.043888],[120.638362,16.044436]]],[[[120.681145,16.045748],[120.680861,16.046016],[120.680864,16.045745],[120.681145,16.045748]]],[[[120.709171,16.045778],[120.709168,16.046049],[120.708888,16.046046],[120.709171,16.045778]]],[[[120.667212,16.045836],[120.667209,16.046107],[120.666928,16.046104],[120.667212,16.045836]]],[[[120.688428,16.046098],[120.688424,16.046369],[120.687867,16.046092],[120.687307,16.046086],[120.686469,16.045805],[120.686756,16.045267],[120.687593,16.045547],[120.687599,16.045005],[120.68844,16.045014],[120.688434,16.045556],[120.689555,16.045568],[120.689548,16.04611],[120.688428,16.046098]]],[[[120.669737,16.045593],[120.668619,16.045309],[120.668352,16.044222],[120.668075,16.043948],[120.668078,16.043677],[120.668641,16.043412],[120.668629,16.044496],[120.669186,16.044773],[120.66946,16.045318],[120.66974,16.045322],[120.669737,16.045593]]],[[[120.69179,16.046134],[120.691793,16.045863],[120.691797,16.045592],[120.692354,16.045869],[120.69179,16.046134]]],[[[120.622103,16.044798],[120.622647,16.046159],[120.621806,16.04615],[120.620975,16.045328],[120.621262,16.044789],[120.620425,16.044508],[120.620434,16.043696],[120.61932,16.043141],[120.620721,16.043157],[120.621011,16.042347],[120.622405,16.042904],[120.622396,16.043717],[120.62295,16.044265],[120.622103,16.044798]]],[[[120.693204,16.045065],[120.694045,16.045074],[120.694312,16.046161],[120.693752,16.046155],[120.693758,16.045613],[120.693198,16.045607],[120.693204,16.045065]]],[[[120.65322,16.044057],[120.653497,16.044331],[120.653771,16.044876],[120.653755,16.046231],[120.653474,16.046228],[120.653484,16.045415],[120.652923,16.045409],[120.652933,16.044596],[120.652379,16.044048],[120.65322,16.044057]]],[[[120.591365,16.045534],[120.590616,16.045616],[120.590617,16.045526],[120.590525,16.045434],[120.590527,16.045254],[120.590904,16.044987],[120.590624,16.044984],[120.590625,16.044894],[120.590815,16.044625],[120.591005,16.044356],[120.591191,16.044448],[120.591739,16.045448],[120.591365,16.045534]]],[[[120.659932,16.045215],[120.660212,16.045218],[120.660776,16.044953],[120.660206,16.04576],[120.659646,16.045754],[120.659932,16.045215]]],[[[120.68509,16.043893],[120.685647,16.04417],[120.685638,16.044983],[120.685077,16.044977],[120.684788,16.045787],[120.68395,16.045507],[120.683664,16.046046],[120.6831,16.046311],[120.68282,16.046308],[120.683116,16.044956],[120.683673,16.045233],[120.683692,16.043607],[120.683969,16.043881],[120.684536,16.043345],[120.68509,16.043893]],[[120.684523,16.044429],[120.683966,16.044152],[120.683959,16.044694],[120.684523,16.044429]]],[[[120.711693,16.045805],[120.712254,16.045811],[120.712247,16.046353],[120.71141,16.046073],[120.711693,16.045805]]],[[[120.666374,16.045556],[120.666648,16.046101],[120.666365,16.046369],[120.666091,16.045824],[120.666374,16.045556]]],[[[120.641992,16.04556],[120.642549,16.045837],[120.642262,16.046376],[120.641992,16.04556]]],[[[120.643944,16.046394],[120.643947,16.046123],[120.644224,16.046398],[120.643944,16.046394]]],[[[120.69179,16.046134],[120.691227,16.046399],[120.691236,16.045586],[120.690676,16.04558],[120.690682,16.045038],[120.691519,16.045318],[120.691513,16.04586],[120.69179,16.046134]]],[[[120.672813,16.046168],[120.673377,16.045903],[120.673374,16.046174],[120.67281,16.046439],[120.672813,16.046168]]],[[[120.65151,16.046478],[120.650956,16.045929],[120.651239,16.045662],[120.651796,16.045939],[120.65151,16.046478]]],[[[120.654032,16.046505],[120.654035,16.046234],[120.654312,16.046508],[120.654032,16.046505]]],[[[120.680861,16.046016],[120.680575,16.046555],[120.680581,16.046013],[120.680861,16.046016]]],[[[120.708607,16.046043],[120.709165,16.04632],[120.709162,16.046591],[120.708881,16.046588],[120.708324,16.046311],[120.708607,16.046043]]],[[[120.710855,16.045525],[120.710292,16.04579],[120.710002,16.0466],[120.710005,16.046329],[120.709728,16.046055],[120.709171,16.045778],[120.708614,16.045501],[120.708623,16.044688],[120.709741,16.044971],[120.710855,16.045525]]],[[[120.685065,16.046061],[120.685625,16.046067],[120.685339,16.046606],[120.685065,16.046061]]],[[[120.644224,16.046398],[120.644501,16.046672],[120.644221,16.046669],[120.644224,16.046398]]],[[[120.65151,16.046478],[120.651506,16.046749],[120.651229,16.046474],[120.65151,16.046478]]],[[[120.654032,16.046505],[120.653748,16.046773],[120.653471,16.046499],[120.654032,16.046505]]],[[[120.664964,16.046354],[120.6644,16.046618],[120.664397,16.046889],[120.664117,16.046886],[120.663843,16.046341],[120.663846,16.04607],[120.664132,16.045531],[120.664964,16.046354]]],[[[120.666639,16.046914],[120.666919,16.046917],[120.667196,16.047191],[120.667464,16.048278],[120.666897,16.048814],[120.667171,16.049359],[120.66661,16.049353],[120.665773,16.049073],[120.66547,16.050966],[120.66519,16.050963],[120.664904,16.051502],[120.664066,16.051222],[120.663792,16.050677],[120.664085,16.049596],[120.663528,16.049319],[120.663531,16.049048],[120.663817,16.048509],[120.663263,16.047961],[120.663266,16.04769],[120.664107,16.047699],[120.664113,16.047157],[120.664397,16.046889],[120.66468,16.046622],[120.664964,16.046354],[120.665804,16.046363],[120.665801,16.046634],[120.666078,16.046908],[120.666081,16.046637],[120.666362,16.04664],[120.666639,16.046914]],[[120.665773,16.049073],[120.665776,16.048802],[120.666056,16.048805],[120.66662,16.04854],[120.66634,16.048537],[120.666059,16.048534],[120.665499,16.048528],[120.665219,16.048525],[120.665222,16.048254],[120.665785,16.047989],[120.665795,16.047176],[120.664391,16.047431],[120.664387,16.047702],[120.664942,16.04825],[120.664938,16.048521],[120.664932,16.049063],[120.665773,16.049073]]],[[[120.688701,16.046643],[120.688979,16.046917],[120.688698,16.046914],[120.688701,16.046643]]],[[[120.66804,16.046929],[120.667763,16.046655],[120.667766,16.046384],[120.668326,16.04639],[120.66804,16.046929]]],[[[120.596577,16.046681],[120.596294,16.046949],[120.596297,16.046678],[120.596577,16.046681]]],[[[120.597698,16.046694],[120.597415,16.046962],[120.597418,16.046691],[120.597698,16.046694]]],[[[120.597978,16.046697],[120.598255,16.046971],[120.597975,16.046968],[120.597978,16.046697]]],[[[120.695446,16.045089],[120.696274,16.046182],[120.696265,16.046995],[120.695704,16.046989],[120.695433,16.046173],[120.695436,16.045902],[120.695166,16.045086],[120.695446,16.045089]]],[[[120.678607,16.047076],[120.678327,16.047072],[120.678339,16.045989],[120.678619,16.045992],[120.678607,16.047076]]],[[[120.657391,16.046813],[120.657671,16.046816],[120.657668,16.047087],[120.657391,16.046813]]],[[[120.642539,16.04665],[120.64338,16.046659],[120.643374,16.047201],[120.642539,16.04665]]],[[[120.644221,16.046669],[120.644218,16.04694],[120.643934,16.047207],[120.64366,16.046662],[120.643663,16.046391],[120.643944,16.046394],[120.644221,16.046669]]],[[[120.657668,16.047087],[120.657949,16.04709],[120.658229,16.047093],[120.658226,16.047364],[120.657668,16.047087]]],[[[120.641412,16.04718],[120.641135,16.046906],[120.639728,16.047432],[120.639167,16.047426],[120.638887,16.047423],[120.63918,16.046342],[120.638906,16.045797],[120.63975,16.045535],[120.639756,16.044993],[120.640594,16.045274],[120.641412,16.04718]]],[[[120.668594,16.047477],[120.668317,16.047203],[120.66832,16.046932],[120.669154,16.047483],[120.668594,16.047477]]],[[[120.644501,16.046672],[120.645052,16.047491],[120.644498,16.046943],[120.644501,16.046672]]],[[[120.671125,16.046692],[120.671677,16.047511],[120.670836,16.047502],[120.670562,16.046957],[120.671125,16.046692]]],[[[120.651777,16.047565],[120.651217,16.047558],[120.651503,16.04702],[120.651777,16.047565]]],[[[120.594807,16.044671],[120.595368,16.044677],[120.595358,16.04549],[120.594801,16.045213],[120.59395,16.046016],[120.593931,16.047642],[120.593383,16.046552],[120.593667,16.046284],[120.593116,16.045465],[120.593406,16.044655],[120.59424,16.045206],[120.594537,16.043855],[120.595104,16.043319],[120.594807,16.044671]]],[[[120.709149,16.047675],[120.708875,16.04713],[120.709159,16.046862],[120.709716,16.047139],[120.709149,16.047675]]],[[[120.698781,16.047564],[120.697937,16.047826],[120.697666,16.04701],[120.69907,16.046754],[120.698781,16.047564]]],[[[120.700459,16.047853],[120.700465,16.047311],[120.699901,16.047576],[120.699627,16.047031],[120.699083,16.04567],[120.699649,16.045134],[120.699923,16.045679],[120.69992,16.04595],[120.700758,16.04623],[120.701026,16.047317],[120.700739,16.047856],[120.700459,16.047853]]],[[[120.654019,16.047589],[120.654016,16.04786],[120.653736,16.047857],[120.654019,16.047589]]],[[[120.590311,16.04769],[120.590682,16.047875],[120.590776,16.047876],[120.590866,16.048148],[120.59049,16.048325],[120.590215,16.04787],[120.590311,16.04769]]],[[[120.59,16.046874],[120.590232,16.046515],[120.590417,16.046608],[120.591159,16.047068],[120.590878,16.047155],[120.590782,16.047334],[120.590228,16.046786],[120.590134,16.046875],[120.59,16.046874]]],[[[120.662983,16.047958],[120.662142,16.047949],[120.662161,16.046323],[120.662719,16.0466],[120.662712,16.047142],[120.662989,16.047416],[120.662983,16.047958]]],[[[120.710831,16.047693],[120.710828,16.047964],[120.71055,16.04769],[120.710831,16.047693]]],[[[120.700459,16.047853],[120.700175,16.048121],[120.700179,16.04785],[120.700459,16.047853]]],[[[120.656815,16.048162],[120.656805,16.048975],[120.657643,16.049255],[120.656802,16.049246],[120.655962,16.049236],[120.655977,16.047882],[120.65542,16.047604],[120.656828,16.047078],[120.65571,16.046795],[120.656277,16.046259],[120.657394,16.046542],[120.657391,16.046813],[120.656818,16.047891],[120.656815,16.048162]]],[[[120.71055,16.04769],[120.710264,16.048229],[120.709984,16.048226],[120.709999,16.046871],[120.71084,16.04688],[120.710831,16.047693],[120.710554,16.047419],[120.71055,16.04769]]],[[[120.694574,16.04779],[120.694287,16.048329],[120.69401,16.048055],[120.693739,16.047239],[120.6943,16.047245],[120.694574,16.04779]]],[[[120.625423,16.048358],[120.624022,16.048343],[120.623468,16.047794],[120.624592,16.047536],[120.625423,16.048358]]],[[[120.702137,16.048142],[120.701854,16.04841],[120.701574,16.048407],[120.701602,16.045968],[120.701328,16.045423],[120.701891,16.045158],[120.702445,16.045706],[120.702439,16.046248],[120.701879,16.046242],[120.70215,16.047058],[120.702137,16.048142]]],[[[120.684756,16.048497],[120.684476,16.048494],[120.684495,16.046868],[120.685058,16.046603],[120.68504,16.048229],[120.684756,16.048497]]],[[[120.704376,16.048437],[120.704373,16.048708],[120.704093,16.048705],[120.704376,16.048437]]],[[[120.590866,16.048148],[120.590951,16.048872],[120.590299,16.048684],[120.590488,16.048505],[120.590866,16.048148]]],[[[120.695131,16.048067],[120.695685,16.048615],[120.695122,16.04888],[120.695131,16.048067]]],[[[120.599637,16.048613],[120.599914,16.048887],[120.599634,16.048884],[120.599637,16.048613]]],[[[120.651777,16.047565],[120.652051,16.04811],[120.652892,16.048119],[120.652885,16.048661],[120.652322,16.048926],[120.651491,16.048103],[120.651777,16.047565]]],[[[120.700736,16.048127],[120.701293,16.048404],[120.701287,16.048946],[120.70073,16.048669],[120.700736,16.048127]]],[[[120.70465,16.048982],[120.704653,16.048711],[120.70493,16.048985],[120.70465,16.048982]]],[[[120.68447,16.049036],[120.684753,16.048768],[120.68475,16.049039],[120.68447,16.049036]]],[[[120.663263,16.047961],[120.663531,16.049048],[120.663251,16.049045],[120.662983,16.047958],[120.663263,16.047961]]],[[[120.687272,16.049066],[120.687556,16.048798],[120.687552,16.049069],[120.687272,16.049066]]],[[[120.667744,16.048281],[120.668588,16.048019],[120.668855,16.049106],[120.668295,16.0491],[120.668298,16.048829],[120.667744,16.048281]]],[[[120.625417,16.0489],[120.625977,16.048906],[120.625691,16.049445],[120.625971,16.049448],[120.625968,16.049719],[120.625688,16.049716],[120.625681,16.050258],[120.625398,16.050526],[120.624837,16.05052],[120.624573,16.049162],[120.624853,16.049165],[120.62542,16.048629],[120.625417,16.0489]]],[[[120.649797,16.049169],[120.6498,16.048898],[120.650357,16.049175],[120.649797,16.049169]]],[[[120.626541,16.048641],[120.626535,16.049183],[120.626254,16.04918],[120.626258,16.048909],[120.626541,16.048641]]],[[[120.652882,16.048932],[120.653162,16.048935],[120.653159,16.049206],[120.652879,16.049203],[120.652599,16.0492],[120.652882,16.048932]]],[[[120.70465,16.048982],[120.704647,16.049253],[120.70437,16.048979],[120.70465,16.048982]]],[[[120.659324,16.049273],[120.65821,16.048719],[120.658222,16.047635],[120.659063,16.047644],[120.659324,16.049273]]],[[[120.593364,16.048178],[120.593647,16.04791],[120.594488,16.047919],[120.594511,16.046022],[120.595068,16.0463],[120.594762,16.048464],[120.594204,16.048187],[120.594472,16.049274],[120.594191,16.049271],[120.593914,16.048997],[120.593357,16.048719],[120.593364,16.048178]]],[[[120.641409,16.047451],[120.64196,16.04827],[120.641396,16.048535],[120.640836,16.048528],[120.640266,16.049335],[120.640269,16.049064],[120.640568,16.047441],[120.640848,16.047444],[120.641129,16.047448],[120.641409,16.047451]]],[[[120.622612,16.04914],[120.622889,16.049414],[120.622608,16.049411],[120.622612,16.04914]]],[[[120.700175,16.048121],[120.700446,16.048937],[120.70016,16.049476],[120.699599,16.04947],[120.699045,16.048922],[120.699048,16.048651],[120.700175,16.048121]]],[[[120.590102,16.049495],[120.590194,16.049676],[120.590381,16.049679],[120.590472,16.04986],[120.590753,16.049773],[120.59066,16.049772],[120.590289,16.049497],[120.590943,16.049504],[120.591037,16.049505],[120.591221,16.049688],[120.591315,16.049689],[120.591593,16.049873],[120.59131,16.05005],[120.590842,16.050135],[120.590655,16.050133],[120.59019,16.049947],[120.590189,16.050038],[120.59001,16.049403],[120.590102,16.049495]]],[[[120.634381,16.04927],[120.634661,16.049273],[120.634658,16.049544],[120.634378,16.049541],[120.634381,16.04927]]],[[[120.640266,16.049335],[120.640262,16.049606],[120.639985,16.049332],[120.640266,16.049335]]],[[[120.68924,16.048546],[120.689801,16.048552],[120.690075,16.049097],[120.689228,16.04963],[120.68924,16.048546]]],[[[120.649797,16.049169],[120.64979,16.049711],[120.64923,16.049705],[120.648118,16.048879],[120.647851,16.047792],[120.64701,16.047783],[120.647023,16.046699],[120.645902,16.046687],[120.645912,16.045874],[120.647593,16.045893],[120.647867,16.046438],[120.648984,16.046721],[120.648978,16.047263],[120.647857,16.047251],[120.648402,16.048612],[120.648956,16.04916],[120.649797,16.049169]]],[[[120.676988,16.048652],[120.676985,16.048923],[120.676422,16.049188],[120.676415,16.04973],[120.675864,16.048911],[120.675584,16.048908],[120.675571,16.049992],[120.676409,16.050272],[120.676403,16.050814],[120.675279,16.051073],[120.675263,16.052428],[120.676384,16.05244],[120.676381,16.052711],[120.676097,16.052979],[120.674699,16.052693],[120.674432,16.051606],[120.6736,16.050784],[120.673629,16.048345],[120.672794,16.047794],[120.672804,16.046981],[120.672246,16.046704],[120.67281,16.046439],[120.673078,16.047526],[120.674205,16.046996],[120.674208,16.046725],[120.673644,16.04699],[120.673654,16.046177],[120.674775,16.046189],[120.674221,16.045641],[120.675064,16.045379],[120.675338,16.045924],[120.675058,16.045921],[120.675323,16.047279],[120.676724,16.047295],[120.676998,16.04784],[120.676428,16.048646],[120.676988,16.048652]],[[120.675584,16.048908],[120.676151,16.048372],[120.676157,16.04783],[120.675319,16.04755],[120.675024,16.048902],[120.675584,16.048908]]],[[[120.654274,16.04976],[120.653994,16.049757],[120.653997,16.049486],[120.654274,16.04976]]],[[[120.633814,16.049806],[120.633817,16.049535],[120.634098,16.049538],[120.634094,16.049809],[120.633814,16.049806]]],[[[120.612253,16.048212],[120.61224,16.049296],[120.611673,16.049831],[120.611689,16.048476],[120.612253,16.048212]]],[[[120.663528,16.049319],[120.663521,16.049861],[120.663248,16.049316],[120.663528,16.049319]]],[[[120.654274,16.04976],[120.654287,16.048676],[120.654844,16.048953],[120.655118,16.049498],[120.654831,16.050037],[120.654551,16.050034],[120.654274,16.04976]]],[[[120.703797,16.050057],[120.703239,16.04978],[120.703529,16.04897],[120.704089,16.048976],[120.703797,16.050057]]],[[[120.633814,16.049806],[120.633811,16.050077],[120.633534,16.049803],[120.633814,16.049806]]],[[[120.706042,16.04981],[120.706602,16.049816],[120.706612,16.049003],[120.706054,16.048726],[120.70606,16.048184],[120.70579,16.047368],[120.705229,16.047362],[120.705515,16.046823],[120.704961,16.046275],[120.705248,16.045736],[120.705805,16.046013],[120.706926,16.046025],[120.70692,16.046567],[120.70748,16.046573],[120.707754,16.047118],[120.708035,16.047121],[120.708589,16.047669],[120.709149,16.047675],[120.708857,16.048756],[120.709417,16.048762],[120.709131,16.049301],[120.709968,16.049581],[120.709953,16.050936],[120.71051,16.051213],[120.70966,16.052017],[120.709109,16.051198],[120.708548,16.051192],[120.708274,16.050647],[120.707153,16.050635],[120.707147,16.051177],[120.706587,16.051171],[120.706313,16.050626],[120.706033,16.050623],[120.705758,16.050078],[120.705201,16.049801],[120.705768,16.049265],[120.706042,16.04981]],[[120.70606,16.048184],[120.706341,16.048187],[120.706353,16.047103],[120.706076,16.046829],[120.70606,16.048184]],[[120.706076,16.046829],[120.706362,16.04629],[120.705802,16.046284],[120.706076,16.046829]],[[120.708281,16.050105],[120.707157,16.050364],[120.708278,16.050376],[120.708281,16.050105]],[[120.708281,16.050105],[120.70857,16.049295],[120.708004,16.049831],[120.708281,16.050105]]],[[[120.594191,16.049271],[120.594468,16.049545],[120.594462,16.050087],[120.593908,16.049539],[120.593911,16.049268],[120.594191,16.049271]]],[[[120.681101,16.049542],[120.681664,16.049277],[120.681655,16.05009],[120.681094,16.050084],[120.681101,16.049542]]],[[[120.695122,16.04888],[120.695399,16.049154],[120.695387,16.050238],[120.694826,16.050232],[120.694835,16.049419],[120.694287,16.048329],[120.694848,16.048335],[120.695122,16.04888]]],[[[120.697921,16.049181],[120.697909,16.050265],[120.696791,16.049982],[120.69708,16.049172],[120.697921,16.049181]]],[[[120.628767,16.050021],[120.628203,16.050286],[120.628493,16.049476],[120.628767,16.050021]]],[[[120.592346,16.049339],[120.593344,16.049803],[120.593898,16.050352],[120.593057,16.050342],[120.592253,16.049338],[120.592346,16.049339]]],[[[120.638021,16.049581],[120.638014,16.050123],[120.63717,16.050385],[120.637167,16.050656],[120.63633,16.050376],[120.636893,16.050111],[120.63718,16.049572],[120.63746,16.049575],[120.63774,16.049578],[120.638021,16.049581]]],[[[120.639976,16.050145],[120.639973,16.050416],[120.639692,16.050413],[120.639976,16.050145]]],[[[120.655108,16.050311],[120.655388,16.050314],[120.655385,16.050585],[120.654825,16.050579],[120.655108,16.050311]]],[[[120.65764,16.049526],[120.657907,16.050613],[120.656799,16.049517],[120.65764,16.049526]]],[[[120.684747,16.04931],[120.684741,16.049852],[120.684738,16.050123],[120.684731,16.050665],[120.683613,16.050382],[120.68362,16.04984],[120.682785,16.049289],[120.682804,16.047663],[120.682527,16.047389],[120.682817,16.046579],[120.683377,16.046585],[120.683657,16.046588],[120.683371,16.047127],[120.683361,16.04794],[120.683919,16.048217],[120.683352,16.048753],[120.683346,16.049295],[120.683906,16.049301],[120.68447,16.049036],[120.684747,16.04931]]],[[[120.638291,16.050397],[120.638288,16.050668],[120.638008,16.050665],[120.638011,16.050394],[120.638291,16.050397]]],[[[120.591681,16.050326],[120.591396,16.050684],[120.591303,16.050683],[120.591023,16.050589],[120.591025,16.050499],[120.591026,16.050409],[120.591309,16.050141],[120.591681,16.050326]]],[[[120.614527,16.045527],[120.616205,16.045817],[120.616749,16.047178],[120.61759,16.047187],[120.61758,16.048],[120.618141,16.048006],[120.618144,16.047735],[120.619545,16.047751],[120.618428,16.047467],[120.61816,16.04638],[120.616485,16.04582],[120.616521,16.042839],[120.616254,16.041752],[120.616824,16.040945],[120.617664,16.040955],[120.618225,16.040961],[120.618489,16.042319],[120.618199,16.043129],[120.619036,16.043409],[120.61875,16.043948],[120.619294,16.045309],[120.619858,16.045044],[120.620412,16.045592],[120.620402,16.046405],[120.621239,16.046686],[120.620953,16.047224],[120.62151,16.047502],[120.622612,16.04914],[120.621771,16.049131],[120.620363,16.049657],[120.620083,16.049654],[120.619516,16.05019],[120.618953,16.050454],[120.620634,16.050473],[120.621748,16.051027],[120.620627,16.051015],[120.620621,16.051557],[120.61978,16.051548],[120.618666,16.050993],[120.617548,16.05071],[120.618115,16.050174],[120.617561,16.049626],[120.6173,16.047997],[120.616463,16.047717],[120.616469,16.047175],[120.615638,16.046352],[120.614801,16.046072],[120.614782,16.047698],[120.615055,16.048243],[120.615896,16.048252],[120.616166,16.049068],[120.616727,16.049075],[120.616711,16.050429],[120.616431,16.050426],[120.616147,16.050694],[120.61588,16.049607],[120.615039,16.049598],[120.615033,16.05014],[120.614479,16.049592],[120.613638,16.049582],[120.612804,16.049031],[120.612533,16.048215],[120.612253,16.048212],[120.61226,16.04767],[120.611706,16.047122],[120.610865,16.047112],[120.611152,16.046573],[120.612269,16.046857],[120.612276,16.046315],[120.61311,16.046866],[120.612562,16.045776],[120.613683,16.045789],[120.613696,16.044705],[120.613986,16.043895],[120.613162,16.042531],[120.613445,16.042263],[120.614009,16.041998],[120.613999,16.042811],[120.615126,16.042281],[120.615967,16.042291],[120.61596,16.042833],[120.615117,16.043094],[120.615094,16.044991],[120.614253,16.044982],[120.614527,16.045527]],[[120.618199,16.043129],[120.617352,16.043661],[120.618186,16.044213],[120.618199,16.043129]],[[120.616801,16.042842],[120.617358,16.043119],[120.617371,16.042035],[120.616811,16.042029],[120.616801,16.042842]]],[[[120.627643,16.05028],[120.62764,16.050551],[120.627636,16.050822],[120.627356,16.050819],[120.627643,16.05028]]],[[[120.652589,16.050013],[120.652876,16.049474],[120.653156,16.049477],[120.653433,16.049751],[120.653147,16.05029],[120.653704,16.050567],[120.65314,16.050832],[120.652589,16.050013]]],[[[120.634094,16.049809],[120.634371,16.050083],[120.634648,16.050357],[120.634925,16.050631],[120.634642,16.050899],[120.633808,16.050348],[120.633811,16.050077],[120.634094,16.049809]]],[[[120.614743,16.05095],[120.615029,16.050411],[120.615303,16.050956],[120.614743,16.05095]]],[[[120.704071,16.050602],[120.704065,16.051144],[120.703504,16.051138],[120.703791,16.050599],[120.704071,16.050602]]],[[[120.631286,16.05032],[120.632407,16.050332],[120.633238,16.051155],[120.63184,16.050868],[120.631286,16.05032]]],[[[120.638008,16.050665],[120.638001,16.051207],[120.637447,16.050659],[120.638008,16.050665]]],[[[120.614743,16.05095],[120.61474,16.05122],[120.614459,16.051217],[120.614463,16.050946],[120.614743,16.05095]]],[[[120.666881,16.050169],[120.667168,16.04963],[120.667448,16.049633],[120.667429,16.051259],[120.666872,16.050982],[120.666881,16.050169]]],[[[120.670231,16.051289],[120.670225,16.051831],[120.669668,16.051554],[120.669387,16.051551],[120.6694,16.050467],[120.670241,16.050476],[120.670238,16.050747],[120.670511,16.051292],[120.670231,16.051289]]],[[[120.698466,16.050542],[120.69874,16.051087],[120.697896,16.051349],[120.697902,16.050807],[120.698466,16.050542]]],[[[120.60297,16.051089],[120.602967,16.05136],[120.60269,16.051086],[120.60297,16.051089]]],[[[120.70238,16.051397],[120.702386,16.050855],[120.702947,16.050861],[120.702941,16.051403],[120.70238,16.051397]]],[[[120.706587,16.051171],[120.706584,16.051442],[120.706303,16.051439],[120.706587,16.051171]]],[[[120.614459,16.051217],[120.614176,16.051485],[120.614179,16.051214],[120.614459,16.051217]]],[[[120.64052,16.051506],[120.640813,16.050425],[120.641654,16.050434],[120.641648,16.050976],[120.640801,16.051509],[120.64052,16.051506]]],[[[120.655662,16.050859],[120.656509,16.050327],[120.6565,16.051139],[120.655933,16.051675],[120.655099,16.051124],[120.655662,16.050859]]],[[[120.706303,16.051439],[120.7063,16.05171],[120.706023,16.051436],[120.706303,16.051439]]],[[[120.693126,16.05184],[120.693135,16.051027],[120.693973,16.051307],[120.694247,16.051852],[120.693126,16.05184]]],[[[120.676403,16.050814],[120.676963,16.05082],[120.677234,16.051636],[120.67667,16.051901],[120.676116,16.051353],[120.676403,16.050814]]],[[[120.590353,16.051937],[120.590352,16.052027],[120.590165,16.052025],[120.59017,16.051664],[120.590261,16.051845],[120.590353,16.051937]]],[[[120.702934,16.051945],[120.702937,16.051674],[120.703218,16.051677],[120.702934,16.051945]]],[[[120.591292,16.051586],[120.591385,16.051587],[120.591479,16.051588],[120.591381,16.051948],[120.591102,16.051855],[120.591292,16.051586]]],[[[120.637158,16.051469],[120.636317,16.05146],[120.63603,16.051999],[120.63576,16.051183],[120.637161,16.051198],[120.637158,16.051469]]],[[[120.613612,16.05175],[120.613049,16.052015],[120.613052,16.051744],[120.613612,16.05175]]],[[[120.614176,16.051485],[120.614169,16.052027],[120.613612,16.05175],[120.614176,16.051485]]],[[[120.711908,16.051499],[120.712182,16.052044],[120.711622,16.052038],[120.711908,16.051499]]],[[[120.640262,16.049606],[120.641947,16.049354],[120.641393,16.048806],[120.642234,16.048815],[120.64224,16.048273],[120.642514,16.048818],[120.643077,16.048553],[120.643609,16.050998],[120.644167,16.051275],[120.643316,16.052079],[120.643332,16.050724],[120.642211,16.050712],[120.641941,16.049896],[120.640533,16.050422],[120.640253,16.050419],[120.639976,16.050145],[120.640262,16.049606]]],[[[120.693126,16.05184],[120.693123,16.052111],[120.692282,16.052102],[120.692288,16.05156],[120.692291,16.051289],[120.692295,16.051018],[120.692855,16.051024],[120.693126,16.05184]]],[[[120.591102,16.051855],[120.59082,16.051942],[120.590824,16.051671],[120.591102,16.051855]]],[[[120.670241,16.050476],[120.669406,16.049925],[120.669409,16.049654],[120.669693,16.049386],[120.669967,16.049931],[120.670807,16.04994],[120.671081,16.050485],[120.671648,16.04995],[120.671642,16.050492],[120.672486,16.05023],[120.672199,16.050769],[120.672473,16.051314],[120.672747,16.051859],[120.672744,16.05213],[120.671903,16.052121],[120.671358,16.05076],[120.670241,16.050476]]],[[[120.654812,16.051663],[120.654806,16.052205],[120.653968,16.051925],[120.654255,16.051386],[120.654812,16.051663]]],[[[120.592314,16.052049],[120.591943,16.051774],[120.59185,16.051773],[120.592044,16.051143],[120.592225,16.051687],[120.592314,16.052049]]],[[[120.593598,16.051974],[120.593595,16.052245],[120.593315,16.052242],[120.593318,16.051971],[120.593598,16.051974]]],[[[120.659324,16.049273],[120.659885,16.049279],[120.659875,16.050092],[120.659305,16.050899],[120.659293,16.051983],[120.659009,16.052251],[120.658729,16.052248],[120.658742,16.051164],[120.657901,16.051155],[120.657907,16.050613],[120.659028,16.050625],[120.659324,16.049273]]],[[[120.613049,16.052015],[120.612205,16.052276],[120.612208,16.052005],[120.612211,16.051734],[120.612491,16.051737],[120.613049,16.052015]]],[[[120.684165,16.051201],[120.684445,16.051204],[120.685005,16.05121],[120.684712,16.052291],[120.684432,16.052288],[120.683875,16.052011],[120.684165,16.051201]]],[[[120.670222,16.052102],[120.670219,16.052373],[120.669942,16.052099],[120.670222,16.052102]]],[[[120.59,16.051391],[120.590092,16.050398],[120.590559,16.050403],[120.590176,16.051122],[120.590732,16.051489],[120.590824,16.051671],[120.590449,16.051757],[120.590174,16.051302],[120.59,16.051391]]],[[[120.702934,16.051945],[120.702928,16.052487],[120.702654,16.051942],[120.702934,16.051945]]],[[[120.593598,16.051974],[120.593888,16.051164],[120.594449,16.051171],[120.594832,16.051988],[120.594998,16.052084],[120.594825,16.05253],[120.594545,16.052527],[120.593598,16.051974]]],[[[120.651698,16.054339],[120.651962,16.055697],[120.651121,16.055688],[120.650844,16.055414],[120.651128,16.055146],[120.651163,16.052165],[120.651449,16.051626],[120.650892,16.051349],[120.650322,16.052156],[120.650309,16.05324],[120.649742,16.053776],[120.64945,16.054856],[120.649994,16.056218],[120.651118,16.055959],[120.651392,16.056504],[120.650271,16.056492],[120.650822,16.057311],[120.652223,16.057326],[120.652781,16.057603],[120.652774,16.058145],[120.650252,16.058117],[120.65022,16.060827],[120.650778,16.061104],[120.650491,16.061643],[120.649657,16.061092],[120.649676,16.059466],[120.649395,16.059463],[120.649695,16.05784],[120.64886,16.057289],[120.649704,16.057027],[120.649714,16.056214],[120.648593,16.056202],[120.648886,16.055121],[120.648889,16.05485],[120.648615,16.054305],[120.648634,16.052679],[120.648637,16.052408],[120.649217,16.050789],[120.650338,16.050801],[120.650067,16.049985],[120.650634,16.049449],[120.651188,16.049997],[120.650902,16.050536],[120.651739,16.050816],[120.651452,16.051355],[120.65229,16.051635],[120.651997,16.052716],[120.651433,16.052981],[120.651988,16.053529],[120.651698,16.054339]]],[[[120.706584,16.051442],[120.707144,16.051448],[120.706568,16.052797],[120.706288,16.052794],[120.7063,16.05171],[120.706584,16.051442]]],[[[120.661579,16.048214],[120.661859,16.048217],[120.662136,16.048491],[120.662413,16.048765],[120.662671,16.050665],[120.663225,16.051213],[120.662939,16.051752],[120.663776,16.052032],[120.66377,16.052574],[120.662649,16.052562],[120.662085,16.052827],[120.661531,16.052279],[120.660133,16.051992],[120.659859,16.051447],[120.66014,16.05145],[120.659863,16.051176],[120.660155,16.050095],[120.661276,16.050108],[120.662111,16.050659],[120.662123,16.049575],[120.661569,16.049027],[120.661579,16.048214]]],[[[120.639664,16.052852],[120.639393,16.052036],[120.640231,16.052316],[120.639664,16.052852]]],[[[120.712176,16.052586],[120.712173,16.052857],[120.711896,16.052583],[120.712176,16.052586]]],[[[120.673021,16.052404],[120.673295,16.052949],[120.673015,16.052946],[120.673021,16.052404]]],[[[120.652838,16.052725],[120.652835,16.052996],[120.652558,16.052722],[120.652838,16.052725]]],[[[120.593315,16.052242],[120.593592,16.052516],[120.593305,16.053055],[120.593856,16.053874],[120.593015,16.053865],[120.592725,16.054675],[120.592168,16.054397],[120.592738,16.053591],[120.593025,16.053052],[120.592468,16.052775],[120.593038,16.051968],[120.593315,16.052242]]],[[[120.662085,16.052827],[120.662082,16.053098],[120.661802,16.053095],[120.662085,16.052827]]],[[[120.664904,16.051502],[120.665464,16.051508],[120.665445,16.053134],[120.664904,16.051502]]],[[[120.666846,16.05315],[120.666006,16.05314],[120.666012,16.052598],[120.666846,16.05315]]],[[[120.647284,16.048328],[120.647001,16.048596],[120.647552,16.049415],[120.647268,16.049683],[120.647246,16.05158],[120.647797,16.052399],[120.647236,16.052393],[120.646947,16.053203],[120.646096,16.054007],[120.646389,16.052926],[120.646669,16.052929],[120.646392,16.052655],[120.646679,16.052116],[120.646701,16.050219],[120.645857,16.050481],[120.645029,16.049388],[120.645326,16.048036],[120.645052,16.047491],[120.646456,16.047235],[120.64701,16.047783],[120.647284,16.048328]]],[[[120.600983,16.053235],[120.600422,16.053229],[120.599872,16.052409],[120.600986,16.052964],[120.600983,16.053235]]],[[[120.680864,16.05276],[120.680578,16.053299],[120.680021,16.053022],[120.680036,16.051667],[120.679759,16.051393],[120.67947,16.052203],[120.678632,16.051923],[120.678638,16.051381],[120.678358,16.051378],[120.67725,16.050281],[120.67809,16.050291],[120.678377,16.049752],[120.677816,16.049746],[120.678103,16.049207],[120.677262,16.049197],[120.676988,16.048652],[120.676998,16.04784],[120.677552,16.048388],[120.677842,16.047578],[120.678399,16.047855],[120.678944,16.049216],[120.679504,16.049222],[120.679485,16.050848],[120.68032,16.051399],[120.68031,16.052212],[120.680864,16.05276]]],[[[120.610237,16.052796],[120.61108,16.052535],[120.611064,16.05389],[120.60995,16.053335],[120.608549,16.05332],[120.608001,16.052229],[120.607434,16.052765],[120.606036,16.052478],[120.606046,16.051666],[120.604085,16.051644],[120.603811,16.051098],[120.60297,16.051089],[120.602413,16.050812],[120.60241,16.051083],[120.601563,16.051615],[120.601592,16.049177],[120.600754,16.048896],[120.601605,16.048093],[120.603006,16.048108],[120.60299,16.049463],[120.603267,16.049737],[120.604098,16.05056],[120.604661,16.050295],[120.607744,16.050329],[120.608581,16.05061],[120.608314,16.049523],[120.608037,16.049249],[120.608056,16.047623],[120.608337,16.047626],[120.608359,16.045729],[120.60949,16.044929],[120.610063,16.043851],[120.61035,16.043312],[120.610366,16.041957],[120.610942,16.040609],[120.608414,16.041123],[120.608137,16.040848],[120.60843,16.039768],[120.609838,16.039241],[120.609847,16.038428],[120.610972,16.03817],[120.611245,16.038715],[120.613767,16.038743],[120.614041,16.039288],[120.615158,16.039572],[120.615432,16.040117],[120.615142,16.040927],[120.613455,16.04145],[120.613461,16.040908],[120.612627,16.040357],[120.61206,16.040892],[120.612897,16.041173],[120.612894,16.041444],[120.613165,16.04226],[120.613162,16.042531],[120.612037,16.042789],[120.611764,16.042244],[120.610643,16.042231],[120.61062,16.044128],[120.611741,16.044141],[120.611454,16.04468],[120.610053,16.044664],[120.60976,16.045745],[120.6092,16.045739],[120.608626,16.046816],[120.608897,16.047632],[120.608333,16.047897],[120.609158,16.049261],[120.610556,16.049548],[120.610549,16.05009],[120.61167,16.050102],[120.612221,16.050921],[120.614466,16.050675],[120.614463,16.050946],[120.614182,16.050943],[120.613335,16.051476],[120.611654,16.051457],[120.611374,16.051454],[120.609973,16.051438],[120.609702,16.050622],[120.608861,16.050613],[120.608294,16.051149],[120.608558,16.052507],[120.608839,16.05251],[120.609683,16.052248],[120.610237,16.052796]]],[[[120.684709,16.052562],[120.6847,16.053375],[120.684429,16.052559],[120.684709,16.052562]]],[[[120.617236,16.053416],[120.617223,16.0545],[120.616392,16.053678],[120.616379,16.054762],[120.615822,16.054485],[120.615831,16.053672],[120.615281,16.052853],[120.615297,16.051498],[120.615583,16.050959],[120.615864,16.050962],[120.616698,16.051513],[120.616708,16.0507],[120.617548,16.05071],[120.617542,16.051252],[120.618102,16.051258],[120.618666,16.050993],[120.619217,16.051812],[120.61893,16.052351],[120.618376,16.051803],[120.618366,16.052616],[120.619767,16.052631],[120.620611,16.05237],[120.621169,16.052647],[120.621162,16.053189],[120.622006,16.052927],[120.62284,16.053479],[120.622834,16.054021],[120.623394,16.054027],[120.623385,16.05484],[120.624222,16.05512],[120.625623,16.055136],[120.62563,16.054594],[120.624789,16.054584],[120.625082,16.053504],[120.625085,16.053233],[120.625092,16.052691],[120.624805,16.053229],[120.623971,16.052678],[120.623981,16.051865],[120.622025,16.051302],[120.623716,16.050507],[120.623707,16.05132],[120.625391,16.051068],[120.625398,16.050526],[120.625678,16.050529],[120.625665,16.051613],[120.626506,16.051622],[120.626515,16.050809],[120.627353,16.05109],[120.627343,16.051903],[120.627904,16.051909],[120.627636,16.050822],[120.6282,16.050557],[120.629034,16.051108],[120.629025,16.051921],[120.629585,16.051927],[120.629321,16.050569],[120.628767,16.050021],[120.629604,16.050301],[120.630722,16.050585],[120.631553,16.051407],[120.631833,16.05141],[120.632384,16.052229],[120.633222,16.05251],[120.632932,16.053319],[120.632658,16.052774],[120.631257,16.052759],[120.631543,16.05222],[120.630423,16.052208],[120.63041,16.053292],[120.630961,16.054111],[120.631795,16.054662],[120.633196,16.054677],[120.634033,16.054958],[120.634868,16.055509],[120.634861,16.056051],[120.633463,16.055764],[120.63347,16.055222],[120.631788,16.055204],[120.63289,16.056842],[120.633167,16.057116],[120.63317,16.056845],[120.633737,16.056309],[120.635412,16.05687],[120.635406,16.057412],[120.634562,16.057674],[120.63568,16.057957],[120.634839,16.057948],[120.634826,16.059032],[120.634823,16.059303],[120.634269,16.058754],[120.634272,16.058484],[120.633992,16.05848],[120.633989,16.058751],[120.633712,16.058477],[120.633161,16.057658],[120.632881,16.057655],[120.632874,16.058197],[120.632314,16.058191],[120.632024,16.059001],[120.631463,16.058994],[120.632037,16.057917],[120.631202,16.057366],[120.630922,16.057362],[120.630097,16.055998],[120.629827,16.055182],[120.628989,16.054902],[120.627604,16.053531],[120.62733,16.052986],[120.626216,16.052432],[120.625926,16.053242],[120.626486,16.053248],[120.626477,16.054061],[120.627311,16.054612],[120.626744,16.055148],[120.627018,16.055693],[120.626728,16.056503],[120.627282,16.057051],[120.626996,16.05759],[120.626442,16.057042],[120.625591,16.057845],[120.624747,16.058107],[120.624467,16.058104],[120.624187,16.058101],[120.623919,16.057014],[120.623082,16.056733],[120.623372,16.055924],[120.621703,16.054821],[120.62171,16.054279],[120.620035,16.053719],[120.620293,16.055618],[120.619172,16.055606],[120.618608,16.055871],[120.618895,16.055332],[120.618914,16.053706],[120.618353,16.0537],[120.618357,16.053429],[120.61808,16.053155],[120.617239,16.053145],[120.617236,16.053416]],[[120.629025,16.051921],[120.628744,16.051918],[120.628187,16.051641],[120.628177,16.052454],[120.628741,16.052189],[120.629025,16.051921]],[[120.624222,16.05512],[120.624219,16.055391],[120.624499,16.055394],[120.624222,16.05512]],[[120.623919,16.057014],[120.6242,16.057017],[120.624477,16.057291],[120.62449,16.056207],[120.624209,16.056204],[120.623919,16.057014]],[[120.630945,16.055466],[120.63011,16.054914],[120.630661,16.055733],[120.630945,16.055466]]],[[[120.641899,16.053418],[120.641893,16.05396],[120.641613,16.053957],[120.641622,16.053144],[120.641628,16.052602],[120.642749,16.052615],[120.64246,16.053425],[120.641899,16.053418]]],[[[120.670766,16.053463],[120.67077,16.053192],[120.671047,16.053466],[120.670766,16.053463]]],[[[120.671891,16.053204],[120.672168,16.053479],[120.672165,16.05375],[120.671604,16.053743],[120.671607,16.053472],[120.671327,16.053469],[120.671336,16.052656],[120.671891,16.053204]]],[[[120.673015,16.052946],[120.673292,16.05322],[120.672448,16.053482],[120.673015,16.052946]]],[[[120.652838,16.052725],[120.652844,16.052184],[120.653952,16.05328],[120.653389,16.053545],[120.652838,16.052725]]],[[[120.658993,16.053606],[120.658433,16.0536],[120.658723,16.05279],[120.659283,16.052796],[120.658993,16.053606]]],[[[120.706279,16.053607],[120.706005,16.053062],[120.706565,16.053068],[120.706279,16.053607]]],[[[120.671327,16.053469],[120.671324,16.05374],[120.671047,16.053466],[120.671327,16.053469]]],[[[120.653389,16.053545],[120.653666,16.053819],[120.653386,16.053816],[120.653389,16.053545]]],[[[120.703199,16.053303],[120.703193,16.053845],[120.702913,16.053842],[120.703199,16.053303]]],[[[120.632932,16.053319],[120.632925,16.053861],[120.632091,16.05331],[120.632932,16.053319]]],[[[120.705447,16.052785],[120.705435,16.053869],[120.705155,16.053866],[120.705167,16.052782],[120.705447,16.052785]]],[[[120.681901,16.053074],[120.682458,16.053351],[120.682455,16.053622],[120.681891,16.053887],[120.681901,16.053074]]],[[[120.663197,16.053652],[120.662914,16.05392],[120.66264,16.053375],[120.662643,16.053104],[120.662646,16.052833],[120.663206,16.052839],[120.663197,16.053652]]],[[[120.711043,16.053658],[120.71132,16.053932],[120.71104,16.053929],[120.711043,16.053658]]],[[[120.669655,16.052638],[120.6702,16.053999],[120.669359,16.05399],[120.669085,16.053445],[120.669646,16.053451],[120.669655,16.052638]]],[[[120.671604,16.053743],[120.671601,16.054014],[120.671324,16.05374],[120.671604,16.053743]]],[[[120.680578,16.053299],[120.681129,16.054118],[120.680569,16.054112],[120.680578,16.053299]]],[[[120.695623,16.054035],[120.6959,16.054309],[120.69562,16.054306],[120.695623,16.054035]]],[[[120.653386,16.053816],[120.653379,16.054358],[120.652825,16.053809],[120.653386,16.053816]]],[[[120.676381,16.052711],[120.676941,16.052717],[120.678897,16.053281],[120.67861,16.053819],[120.678323,16.054358],[120.676929,16.053801],[120.676938,16.052988],[120.676381,16.052711]]],[[[120.600983,16.053235],[120.601263,16.053238],[120.604626,16.053276],[120.605173,16.054366],[120.604613,16.05436],[120.604062,16.05354],[120.603778,16.053808],[120.601817,16.053786],[120.60126,16.053509],[120.60097,16.054319],[120.600983,16.053235]]],[[[120.6545,16.05437],[120.654223,16.054096],[120.654503,16.054099],[120.6545,16.05437]]],[[[120.611628,16.053625],[120.611354,16.05308],[120.612755,16.053095],[120.612459,16.054447],[120.612188,16.053631],[120.611628,16.053625]]],[[[120.639928,16.05421],[120.639645,16.054478],[120.639641,16.054749],[120.639635,16.055291],[120.638247,16.054191],[120.63825,16.05392],[120.63797,16.053917],[120.637403,16.054453],[120.637676,16.054998],[120.63739,16.055537],[120.636565,16.054173],[120.636288,16.053899],[120.636578,16.053089],[120.63574,16.052808],[120.635447,16.053889],[120.635167,16.053886],[120.63489,16.053612],[120.634906,16.052257],[120.634632,16.051712],[120.635193,16.051718],[120.635744,16.052537],[120.637138,16.053095],[120.637145,16.052553],[120.637982,16.052833],[120.637158,16.051469],[120.637998,16.051478],[120.638562,16.051213],[120.638842,16.051217],[120.639113,16.052033],[120.638552,16.052026],[120.63882,16.053113],[120.639374,16.053662],[120.639941,16.053126],[120.640495,16.053674],[120.640769,16.054219],[120.641039,16.055035],[120.64102,16.056661],[120.642147,16.056131],[120.64159,16.055854],[120.641603,16.05477],[120.643284,16.054789],[120.642708,16.056137],[120.643268,16.056144],[120.643259,16.056957],[120.643823,16.056692],[120.64409,16.057779],[120.643243,16.058311],[120.644364,16.058324],[120.643797,16.05886],[120.64351,16.059398],[120.643791,16.059402],[120.643781,16.060214],[120.644622,16.060224],[120.644612,16.061037],[120.645173,16.061043],[120.645453,16.061046],[120.646004,16.061865],[120.647128,16.061606],[120.646841,16.062145],[120.64572,16.062133],[120.645997,16.062407],[120.645994,16.062678],[120.646275,16.062681],[120.646278,16.06241],[120.647118,16.062419],[120.647112,16.062961],[120.646829,16.063229],[120.646265,16.063494],[120.645972,16.064575],[120.645418,16.064027],[120.645408,16.06484],[120.646246,16.06512],[120.64652,16.065665],[120.646794,16.06621],[120.64623,16.066475],[120.645946,16.066743],[120.64651,16.066478],[120.648472,16.066499],[120.648469,16.06677],[120.647067,16.066755],[120.646494,16.067833],[120.647052,16.06811],[120.646491,16.068104],[120.646759,16.069191],[120.645638,16.069178],[120.645634,16.069449],[120.644794,16.06944],[120.644516,16.069166],[120.644532,16.067811],[120.643411,16.067799],[120.643395,16.069154],[120.643663,16.070241],[120.64338,16.070509],[120.643099,16.070506],[120.643118,16.06888],[120.641437,16.068861],[120.64144,16.06859],[120.642841,16.068606],[120.642851,16.067793],[120.643138,16.067254],[120.643141,16.066983],[120.643708,16.066447],[120.642313,16.06589],[120.642876,16.065625],[120.642619,16.063725],[120.642338,16.063722],[120.642055,16.06399],[120.642322,16.065077],[120.641759,16.065341],[120.641771,16.064258],[120.641211,16.064251],[120.641214,16.06398],[120.640934,16.063977],[120.641217,16.063709],[120.641221,16.063438],[120.641224,16.063167],[120.641507,16.0629],[120.64151,16.062629],[120.640953,16.062351],[120.640969,16.060997],[120.640689,16.060993],[120.640708,16.059368],[120.640151,16.05909],[120.639877,16.058545],[120.639316,16.058539],[120.639326,16.057726],[120.639052,16.057181],[120.638501,16.056362],[120.638785,16.056094],[120.639065,16.056097],[120.639622,16.056374],[120.640179,16.056652],[120.639906,16.056107],[120.639922,16.054752],[120.640205,16.054484],[120.639925,16.054481],[120.639928,16.05421]],[[120.640208,16.054213],[120.640211,16.053942],[120.639928,16.05421],[120.640208,16.054213]],[[120.637403,16.054453],[120.637412,16.05364],[120.636852,16.053634],[120.637403,16.054453]],[[120.641561,16.058293],[120.641007,16.057745],[120.641268,16.059374],[120.641826,16.059651],[120.642112,16.059112],[120.642673,16.059118],[120.642686,16.058034],[120.642409,16.05776],[120.642405,16.058031],[120.641842,16.058296],[120.641561,16.058293]],[[120.643169,16.064544],[120.643443,16.065089],[120.643154,16.065899],[120.643991,16.066179],[120.64372,16.065363],[120.64401,16.064553],[120.643453,16.064276],[120.643169,16.064544]],[[120.645946,16.066743],[120.645666,16.06674],[120.645386,16.066736],[120.645106,16.066733],[120.644545,16.066727],[120.644265,16.066724],[120.644262,16.066995],[120.644539,16.067269],[120.64594,16.067285],[120.645946,16.066743]],[[120.64572,16.062133],[120.644603,16.06185],[120.644599,16.062121],[120.64544,16.06213],[120.64572,16.062133]],[[120.644603,16.06185],[120.644326,16.061576],[120.643488,16.061295],[120.643482,16.061837],[120.643478,16.062108],[120.643762,16.06184],[120.644322,16.061847],[120.644603,16.06185]],[[120.643478,16.062108],[120.642644,16.061557],[120.642071,16.062635],[120.642912,16.062644],[120.643478,16.062108]],[[120.639886,16.057732],[120.639606,16.057729],[120.640444,16.05801],[120.640447,16.057739],[120.640167,16.057736],[120.639886,16.057732]]],[[[120.64246,16.053425],[120.642737,16.053699],[120.644138,16.053714],[120.643294,16.053976],[120.643007,16.054515],[120.64189,16.054231],[120.641893,16.05396],[120.64246,16.053425]]],[[[120.61022,16.054151],[120.609937,16.054419],[120.609377,16.054413],[120.608813,16.054678],[120.608826,16.053594],[120.609103,16.053868],[120.609383,16.053871],[120.61022,16.054151]]],[[[120.61022,16.054151],[120.610501,16.054154],[120.610214,16.054693],[120.610217,16.054422],[120.61022,16.054151]]],[[[120.612459,16.054447],[120.612456,16.054718],[120.612179,16.054444],[120.612459,16.054447]]],[[[120.704862,16.054947],[120.704301,16.054941],[120.704027,16.054396],[120.70403,16.054125],[120.704046,16.05277],[120.704326,16.052773],[120.704594,16.05386],[120.705151,16.054137],[120.704862,16.054947]]],[[[120.706279,16.053607],[120.70655,16.054423],[120.705989,16.054417],[120.706263,16.054962],[120.705983,16.054959],[120.705703,16.054956],[120.705715,16.053872],[120.706279,16.053607]]],[[[120.708225,16.054983],[120.707122,16.053345],[120.70796,16.053625],[120.707954,16.054167],[120.709075,16.054179],[120.708225,16.054983]]],[[[120.684681,16.055001],[120.684401,16.054998],[120.684413,16.053914],[120.684694,16.053917],[120.685245,16.054736],[120.684681,16.055001]]],[[[120.685818,16.053658],[120.685812,16.0542],[120.686363,16.055019],[120.685802,16.055013],[120.685538,16.053655],[120.685818,16.053658]]],[[[120.688904,16.05342],[120.689171,16.054507],[120.688885,16.055046],[120.688331,16.054498],[120.688343,16.053414],[120.688904,16.05342]]],[[[120.601804,16.05487],[120.603205,16.054886],[120.603202,16.055157],[120.601801,16.055141],[120.601804,16.05487]]],[[[120.703458,16.055203],[120.703177,16.0552],[120.703461,16.054932],[120.703458,16.055203]]],[[[120.607689,16.054936],[120.607125,16.055201],[120.607128,16.05493],[120.607689,16.054936]]],[[[120.610214,16.054693],[120.609927,16.055232],[120.609647,16.055229],[120.60937,16.054955],[120.609373,16.054684],[120.610214,16.054693]]],[[[120.659538,16.054967],[120.658993,16.053606],[120.660949,16.054169],[120.660942,16.054711],[120.660102,16.054702],[120.660363,16.056331],[120.659516,16.056864],[120.659535,16.055238],[120.659538,16.054967]]],[[[120.660942,16.054711],[120.661783,16.05472],[120.661493,16.05553],[120.660942,16.054711]]],[[[120.672989,16.055114],[120.672703,16.055652],[120.672423,16.055649],[120.671601,16.054014],[120.672161,16.05402],[120.672165,16.05375],[120.672445,16.053753],[120.673276,16.054575],[120.672989,16.055114]]],[[[120.653083,16.055709],[120.652816,16.054622],[120.65393,16.055177],[120.65421,16.05518],[120.653644,16.055716],[120.653914,16.056532],[120.653908,16.057073],[120.653064,16.057335],[120.65251,16.056787],[120.652796,16.056248],[120.653354,16.056525],[120.653363,16.055712],[120.653083,16.055709]]],[[[120.606568,16.054923],[120.606561,16.055465],[120.606278,16.055733],[120.605998,16.05573],[120.606275,16.056004],[120.606271,16.056275],[120.604587,16.056527],[120.605717,16.055727],[120.605157,16.055721],[120.605447,16.054911],[120.606568,16.054923]]],[[[120.703458,16.055203],[120.704012,16.055751],[120.703451,16.055745],[120.703458,16.055203]]],[[[120.662898,16.055275],[120.662891,16.055817],[120.662617,16.055272],[120.662898,16.055275]]],[[[120.710741,16.055552],[120.710458,16.05582],[120.709891,16.056356],[120.709903,16.055272],[120.710464,16.055278],[120.710461,16.055549],[120.710741,16.055552]]],[[[120.651121,16.055688],[120.651118,16.055959],[120.650841,16.055685],[120.651121,16.055688]]],[[[120.59171,16.055205],[120.591877,16.055301],[120.591987,16.055479],[120.592154,16.055575],[120.591591,16.055746],[120.59171,16.055205]]],[[[120.661487,16.056072],[120.661207,16.056069],[120.66149,16.055801],[120.661487,16.056072]]],[[[120.618353,16.0537],[120.618051,16.055594],[120.617764,16.056132],[120.617207,16.055855],[120.617487,16.055858],[120.617503,16.054503],[120.617793,16.053694],[120.618353,16.0537]]],[[[120.70238,16.051397],[120.702377,16.051668],[120.701813,16.051933],[120.701244,16.05274],[120.701795,16.053559],[120.701228,16.054095],[120.701219,16.054908],[120.700652,16.055444],[120.70149,16.055724],[120.701483,16.056266],[120.700923,16.05626],[120.700095,16.055167],[120.700384,16.054357],[120.700409,16.052189],[120.700135,16.051644],[120.700696,16.05165],[120.70125,16.052198],[120.701549,16.050575],[120.70238,16.051397]]],[[[120.635447,16.053889],[120.635995,16.054979],[120.636829,16.055531],[120.63654,16.05634],[120.635708,16.055518],[120.635441,16.054431],[120.635447,16.053889]]],[[[120.661487,16.056072],[120.661764,16.056346],[120.661484,16.056343],[120.661487,16.056072]]],[[[120.63739,16.055537],[120.637954,16.055272],[120.638788,16.055823],[120.638501,16.056362],[120.63739,16.055537]]],[[[120.664859,16.055296],[120.664286,16.056374],[120.664299,16.05529],[120.664863,16.055025],[120.664859,16.055296]]],[[[120.618324,16.056139],[120.618321,16.05641],[120.618044,16.056135],[120.618324,16.056139]]],[[[120.698964,16.055968],[120.699802,16.056248],[120.699226,16.057597],[120.699786,16.057603],[120.69949,16.058955],[120.698927,16.05922],[120.699216,16.05841],[120.698659,16.058133],[120.698653,16.058675],[120.697812,16.058666],[120.698102,16.057856],[120.698114,16.056772],[120.698675,16.056778],[120.698681,16.056236],[120.698117,16.056501],[120.698136,16.054875],[120.697862,16.05433],[120.697865,16.054059],[120.697868,16.053788],[120.697874,16.053246],[120.698435,16.053252],[120.697884,16.052433],[120.697887,16.052162],[120.699011,16.051903],[120.699297,16.051364],[120.699571,16.051909],[120.699008,16.052174],[120.698964,16.055968]]],[[[120.672989,16.055114],[120.67383,16.055123],[120.67411,16.055126],[120.674114,16.054855],[120.674117,16.054584],[120.67412,16.054313],[120.67384,16.05431],[120.673572,16.053223],[120.674416,16.052961],[120.674413,16.053232],[120.674693,16.053235],[120.675531,16.053515],[120.675789,16.055415],[120.676623,16.055966],[120.676337,16.056505],[120.675502,16.055954],[120.674661,16.055945],[120.674098,16.05621],[120.672983,16.055656],[120.672989,16.055114]]],[[[120.654198,16.056264],[120.654484,16.055725],[120.655319,16.056276],[120.655325,16.055734],[120.655605,16.055737],[120.656153,16.056827],[120.655596,16.05655],[120.655309,16.057089],[120.655029,16.057086],[120.655306,16.05736],[120.655019,16.057899],[120.654739,16.057896],[120.654462,16.057622],[120.654749,16.057083],[120.654194,16.056535],[120.653914,16.056532],[120.654198,16.056264]]],[[[120.608513,16.0563],[120.607949,16.056565],[120.607953,16.056294],[120.606275,16.056004],[120.606278,16.055733],[120.607679,16.055749],[120.608513,16.0563]]],[[[120.704286,16.056296],[120.704566,16.056299],[120.704563,16.05657],[120.704283,16.056567],[120.704286,16.056296]]],[[[120.687272,16.049066],[120.68783,16.049343],[120.687257,16.050421],[120.687527,16.051237],[120.687512,16.052592],[120.687225,16.053131],[120.687779,16.053679],[120.687493,16.054218],[120.687474,16.055844],[120.687748,16.056389],[120.686904,16.056651],[120.687197,16.05557],[120.687219,16.053673],[120.686658,16.053667],[120.68668,16.05177],[120.686126,16.051222],[120.686139,16.050138],[120.686422,16.04987],[120.686463,16.046347],[120.686457,16.046889],[120.687017,16.046895],[120.686727,16.047705],[120.688409,16.047724],[120.688686,16.047998],[120.688966,16.048001],[120.68868,16.04854],[120.687562,16.048256],[120.687001,16.04825],[120.687272,16.049066]]],[[[120.636536,16.056611],[120.637374,16.056892],[120.636533,16.056882],[120.636536,16.056611]]],[[[120.672413,16.056462],[120.67241,16.056733],[120.670729,16.056715],[120.670461,16.055628],[120.669627,16.055077],[120.669356,16.054261],[120.670197,16.05427],[120.670754,16.054547],[120.671299,16.055908],[120.671573,16.056453],[120.672413,16.056462]]],[[[120.603202,16.055157],[120.603482,16.05516],[120.603463,16.056786],[120.602619,16.057047],[120.603189,16.056241],[120.603202,16.055157]]],[[[120.604023,16.056792],[120.60402,16.057063],[120.603743,16.056789],[120.604023,16.056792]]],[[[120.682975,16.057151],[120.682978,16.05688],[120.683255,16.057154],[120.682975,16.057151]]],[[[120.591126,16.057189],[120.590846,16.057186],[120.590849,16.056915],[120.591126,16.057189]]],[[[120.646338,16.057261],[120.645794,16.0559],[120.64467,16.056159],[120.644399,16.055343],[120.645523,16.055084],[120.645517,16.055626],[120.646354,16.055907],[120.646338,16.057261]]],[[[120.623082,16.056733],[120.622795,16.057272],[120.621961,16.056721],[120.623082,16.056733]]],[[[120.601804,16.05487],[120.601524,16.054867],[120.601501,16.056764],[120.601775,16.057309],[120.600941,16.056758],[120.601227,16.056219],[120.600966,16.05459],[120.601804,16.05487]]],[[[120.659516,16.056864],[120.65951,16.057406],[120.659229,16.057403],[120.659236,16.056861],[120.659516,16.056864]]],[[[120.682975,16.057151],[120.682971,16.057422],[120.682691,16.057419],[120.682975,16.057151]]],[[[120.667646,16.056682],[120.668206,16.056688],[120.668477,16.057504],[120.667917,16.057498],[120.667646,16.056682]]],[[[120.621111,16.057525],[120.621114,16.057254],[120.621391,16.057528],[120.621111,16.057525]]],[[[120.670729,16.056715],[120.671283,16.057263],[120.670719,16.057528],[120.670729,16.056715]]],[[[120.653908,16.057073],[120.654182,16.057619],[120.653902,16.057615],[120.653908,16.057073]]],[[[120.682971,16.057422],[120.683252,16.057425],[120.683249,16.057696],[120.682968,16.057693],[120.682971,16.057422]]],[[[120.663993,16.057455],[120.66427,16.057729],[120.66399,16.057726],[120.663993,16.057455]]],[[[120.617464,16.057755],[120.616904,16.057749],[120.616914,16.056936],[120.617464,16.057755]]],[[[120.644654,16.057514],[120.644931,16.057788],[120.64465,16.057785],[120.644654,16.057514]]],[[[120.626996,16.05759],[120.627273,16.057864],[120.626992,16.057861],[120.626996,16.05759]]],[[[120.654462,16.057622],[120.654459,16.057893],[120.654179,16.05789],[120.654182,16.057619],[120.654462,16.057622]]],[[[120.657551,16.057113],[120.657825,16.057658],[120.657822,16.057929],[120.656427,16.057372],[120.657271,16.05711],[120.657551,16.057113]]],[[[120.658666,16.057668],[120.658382,16.057936],[120.658385,16.057665],[120.658666,16.057668]]],[[[120.646335,16.057532],[120.645488,16.058065],[120.645498,16.057252],[120.646338,16.057261],[120.646335,16.057532]]],[[[120.622228,16.057808],[120.621388,16.057799],[120.621391,16.057528],[120.622232,16.057537],[120.622228,16.057808]]],[[[120.670719,16.057528],[120.672404,16.057275],[120.672114,16.058085],[120.670993,16.058073],[120.670719,16.057528]]],[[[120.702305,16.057901],[120.702586,16.057904],[120.702302,16.058172],[120.702305,16.057901]]],[[[120.660621,16.058231],[120.660341,16.058228],[120.660624,16.05796],[120.660621,16.058231]]],[[[120.637371,16.057163],[120.637358,16.058247],[120.63653,16.057153],[120.63681,16.057156],[120.63709,16.05716],[120.637371,16.057163]]],[[[120.623623,16.058366],[120.62363,16.057824],[120.623907,16.058098],[120.623623,16.058366]]],[[[120.60402,16.057063],[120.605691,16.057895],[120.606809,16.058178],[120.605408,16.058163],[120.604017,16.057334],[120.60402,16.057063]]],[[[120.660621,16.058231],[120.660901,16.058234],[120.660898,16.058505],[120.660618,16.058502],[120.660621,16.058231]]],[[[120.663433,16.057449],[120.6637,16.058536],[120.663143,16.058259],[120.662595,16.057169],[120.662598,16.056898],[120.663162,16.056633],[120.663433,16.057449]]],[[[120.684681,16.055001],[120.685522,16.05501],[120.686064,16.056642],[120.686051,16.057726],[120.686322,16.058542],[120.685768,16.057994],[120.68578,16.05691],[120.685223,16.056633],[120.685232,16.05582],[120.684672,16.055814],[120.684681,16.055001]]],[[[120.688296,16.057479],[120.688564,16.058566],[120.688003,16.05856],[120.688016,16.057476],[120.688296,16.057479]]],[[[120.644921,16.058601],[120.644928,16.058059],[120.645201,16.058604],[120.644921,16.058601]]],[[[120.646335,16.057532],[120.646896,16.057539],[120.646883,16.058622],[120.646326,16.058345],[120.646335,16.057532]]],[[[120.601775,16.057309],[120.602055,16.057312],[120.602039,16.058667],[120.601758,16.058664],[120.601775,16.057309]]],[[[120.702302,16.058172],[120.702576,16.058717],[120.702016,16.058711],[120.701736,16.058708],[120.702302,16.058172]]],[[[120.655857,16.058179],[120.656137,16.058182],[120.656134,16.058453],[120.656131,16.058724],[120.655857,16.058179]]],[[[120.660618,16.058502],[120.660615,16.058773],[120.660334,16.05877],[120.660338,16.058499],[120.660618,16.058502]]],[[[120.683516,16.058783],[120.683519,16.058512],[120.6838,16.058515],[120.683797,16.058786],[120.683516,16.058783]]],[[[120.668181,16.058856],[120.667633,16.057765],[120.668474,16.057775],[120.668181,16.058856]]],[[[120.60372,16.058686],[120.603156,16.05895],[120.603173,16.057596],[120.60373,16.057873],[120.60372,16.058686]]],[[[120.628664,16.058692],[120.628661,16.058963],[120.6281,16.058957],[120.628387,16.058418],[120.628664,16.058692]]],[[[120.660892,16.059047],[120.661455,16.058782],[120.661452,16.059053],[120.660892,16.059047]]],[[[120.683516,16.058783],[120.683513,16.059054],[120.683236,16.05878],[120.683516,16.058783]]],[[[120.662857,16.058797],[120.663134,16.059072],[120.662853,16.059068],[120.662857,16.058797]]],[[[120.620534,16.058873],[120.619413,16.058861],[120.619139,16.058316],[120.618302,16.058035],[120.619423,16.058048],[120.619697,16.058593],[120.620534,16.058873]]],[[[120.621932,16.05916],[120.621938,16.058618],[120.622215,16.058892],[120.621932,16.05916]]],[[[120.626136,16.059206],[120.626699,16.058942],[120.626696,16.059213],[120.626136,16.059206]]],[[[120.655003,16.059254],[120.655287,16.058986],[120.655284,16.059257],[120.655003,16.059254]]],[[[120.68163,16.059273],[120.68135,16.05927],[120.681362,16.058186],[120.681642,16.058189],[120.68163,16.059273]]],[[[120.635383,16.059309],[120.635387,16.059038],[120.635667,16.059041],[120.635664,16.059312],[120.635383,16.059309]]],[[[120.637358,16.058247],[120.637638,16.05825],[120.637915,16.058524],[120.638189,16.059069],[120.637625,16.059334],[120.637351,16.058789],[120.637358,16.058247]]],[[[120.6897,16.057223],[120.68942,16.05722],[120.689405,16.058575],[120.689115,16.059385],[120.688277,16.059105],[120.688841,16.05884],[120.689131,16.05803],[120.689153,16.056133],[120.688595,16.055856],[120.688885,16.055046],[120.689165,16.055049],[120.689442,16.055323],[120.68943,16.056407],[120.6897,16.057223]]],[[[120.652198,16.059494],[120.652768,16.058687],[120.652746,16.060584],[120.651618,16.061114],[120.651058,16.061107],[120.651363,16.058943],[120.651918,16.059491],[120.652198,16.059494]]],[[[120.608217,16.057652],[120.608771,16.0582],[120.608761,16.059013],[120.608755,16.059555],[120.608197,16.059278],[120.607927,16.058462],[120.607656,16.057646],[120.608217,16.057652]]],[[[120.636504,16.059321],[120.636501,16.059592],[120.635941,16.059586],[120.635944,16.059315],[120.635947,16.059044],[120.636227,16.059047],[120.636504,16.059321]]],[[[120.590256,16.059619],[120.590549,16.058538],[120.59111,16.058544],[120.590256,16.059619]]],[[[120.663414,16.059075],[120.663978,16.05881],[120.663971,16.059352],[120.663688,16.05962],[120.663411,16.059346],[120.663414,16.059075]]],[[[120.623623,16.058366],[120.624464,16.058375],[120.624734,16.059191],[120.623887,16.059724],[120.623881,16.060266],[120.623607,16.05972],[120.622496,16.058895],[120.622228,16.057808],[120.622509,16.057811],[120.622789,16.057814],[120.623069,16.057817],[120.623349,16.05782],[120.623623,16.058366]]],[[[120.698927,16.05922],[120.698924,16.059491],[120.700045,16.059503],[120.700042,16.059774],[120.69864,16.059759],[120.698927,16.05922]]],[[[120.68163,16.059273],[120.682468,16.059553],[120.681624,16.059815],[120.68163,16.059273]]],[[[120.635383,16.059309],[120.635377,16.059851],[120.6351,16.059577],[120.635383,16.059309]]],[[[120.635941,16.059586],[120.635937,16.059857],[120.635657,16.059854],[120.635941,16.059586]]],[[[120.669872,16.058061],[120.66957,16.059955],[120.669305,16.058597],[120.668748,16.05832],[120.668757,16.057507],[120.669031,16.058052],[120.669872,16.058061]]],[[[120.644921,16.058601],[120.645198,16.058875],[120.64631,16.0597],[120.646306,16.059971],[120.645189,16.059688],[120.645192,16.059417],[120.644912,16.059414],[120.644631,16.059411],[120.644921,16.058601]]],[[[120.629495,16.059515],[120.630056,16.059521],[120.630052,16.059792],[120.629495,16.059515]]],[[[120.655558,16.059802],[120.655554,16.060073],[120.655274,16.06007],[120.655277,16.059799],[120.655558,16.059802]]],[[[120.705089,16.059557],[120.705363,16.060102],[120.704803,16.060096],[120.705089,16.059557]]],[[[120.686312,16.059355],[120.686583,16.060171],[120.686029,16.059623],[120.686312,16.059355]]],[[[120.665401,16.056928],[120.666248,16.056395],[120.666805,16.056672],[120.667359,16.05722],[120.667073,16.057759],[120.667063,16.058572],[120.667054,16.059385],[120.666774,16.059382],[120.666771,16.059653],[120.665646,16.059912],[120.665372,16.059367],[120.666213,16.059376],[120.666232,16.05775],[120.665391,16.057741],[120.665105,16.05828],[120.664548,16.058003],[120.664551,16.057732],[120.665401,16.056928]]],[[[120.668181,16.058856],[120.668461,16.058859],[120.668446,16.060214],[120.668165,16.06021],[120.668181,16.058856]]],[[[120.647144,16.060251],[120.646587,16.059974],[120.64659,16.059703],[120.647144,16.060251]]],[[[120.601739,16.06029],[120.601459,16.060286],[120.602026,16.059751],[120.602022,16.060022],[120.601739,16.06029]]],[[[120.702284,16.059798],[120.701997,16.060337],[120.701156,16.060328],[120.700882,16.059783],[120.701446,16.059518],[120.702007,16.059524],[120.702284,16.059798]]],[[[120.631731,16.060081],[120.632575,16.05982],[120.632568,16.060362],[120.631724,16.060623],[120.631728,16.060352],[120.630887,16.060343],[120.630333,16.059795],[120.630339,16.059253],[120.630626,16.058714],[120.631463,16.058994],[120.631731,16.060081]]],[[[120.592221,16.05937],[120.592781,16.059376],[120.592491,16.060186],[120.591928,16.06045],[120.591934,16.059909],[120.592218,16.059641],[120.592221,16.05937]]],[[[120.713491,16.060189],[120.713488,16.06046],[120.71321,16.060186],[120.713491,16.060189]]],[[[120.67293,16.060262],[120.672086,16.060524],[120.672375,16.059714],[120.672656,16.059717],[120.67293,16.060262]]],[[[120.601739,16.06029],[120.602019,16.060293],[120.601736,16.060561],[120.601739,16.06029]]],[[[120.65723,16.060633],[120.657787,16.06091],[120.657781,16.061452],[120.657497,16.06172],[120.656933,16.061985],[120.656656,16.061711],[120.656096,16.061705],[120.656093,16.061976],[120.656373,16.061979],[120.655809,16.062244],[120.655806,16.062515],[120.655803,16.062786],[120.656357,16.063334],[120.657761,16.063078],[120.657188,16.064156],[120.656625,16.064421],[120.656612,16.065505],[120.656048,16.065769],[120.656606,16.066047],[120.656316,16.066856],[120.655736,16.068476],[120.655169,16.069012],[120.654895,16.068467],[120.655462,16.067931],[120.655198,16.066573],[120.655758,16.066579],[120.655762,16.066308],[120.655201,16.066302],[120.655497,16.06495],[120.655784,16.064412],[120.65523,16.063863],[120.655233,16.063592],[120.654959,16.063047],[120.654962,16.062776],[120.654682,16.062773],[120.653841,16.062764],[120.654411,16.061957],[120.654691,16.06196],[120.654965,16.062505],[120.654972,16.061963],[120.654975,16.061692],[120.655539,16.061428],[120.655268,16.060612],[120.655271,16.060341],[120.655551,16.060344],[120.655838,16.059805],[120.655558,16.059802],[120.655561,16.059531],[120.656398,16.059811],[120.656679,16.059814],[120.657242,16.059549],[120.657796,16.060097],[120.657233,16.060362],[120.65751,16.060636],[120.65723,16.060633]]],[[[120.657796,16.060097],[120.658354,16.060374],[120.65807,16.060642],[120.65779,16.060639],[120.657796,16.060097]]],[[[120.633979,16.059564],[120.633976,16.059835],[120.634253,16.060109],[120.634807,16.060658],[120.633686,16.060645],[120.633415,16.059829],[120.632575,16.05982],[120.633142,16.059284],[120.633979,16.059564]]],[[[120.685739,16.060433],[120.686017,16.060707],[120.685736,16.060704],[120.685739,16.060433]]],[[[120.591367,16.060444],[120.591364,16.060715],[120.591087,16.060441],[120.591367,16.060444]]],[[[120.71321,16.060186],[120.712644,16.060722],[120.712936,16.059641],[120.71321,16.060186]]],[[[120.615773,16.058549],[120.616044,16.059365],[120.616888,16.059104],[120.616868,16.06073],[120.616311,16.060452],[120.616321,16.059639],[120.614923,16.059353],[120.615773,16.058549]]],[[[120.621075,16.060505],[120.621072,16.060776],[120.620792,16.060773],[120.621075,16.060505]]],[[[120.621932,16.05916],[120.621913,16.060786],[120.621632,16.060783],[120.621642,16.05997],[120.620534,16.058873],[120.621098,16.058609],[120.621107,16.057796],[120.621388,16.057799],[120.621658,16.058615],[120.621932,16.05916]]],[[[120.647144,16.060251],[120.647978,16.060803],[120.647418,16.060796],[120.647144,16.060251]]],[[[120.601736,16.060561],[120.601452,16.060828],[120.601456,16.060557],[120.601736,16.060561]]],[[[120.658911,16.060651],[120.658908,16.060922],[120.658628,16.060919],[120.658631,16.060648],[120.658911,16.060651]]],[[[120.611267,16.060396],[120.610706,16.06039],[120.609586,16.060377],[120.609579,16.060919],[120.609025,16.060371],[120.609035,16.059558],[120.609041,16.059016],[120.609602,16.059022],[120.609344,16.057123],[120.608507,16.056842],[120.608513,16.0563],[120.609347,16.056852],[120.610752,16.056596],[120.611602,16.055793],[120.614404,16.055824],[120.614398,16.056366],[120.615519,16.056378],[120.615793,16.056923],[120.615503,16.057733],[120.615229,16.057188],[120.614659,16.057995],[120.614102,16.057718],[120.614372,16.058534],[120.613812,16.058527],[120.613821,16.057715],[120.613267,16.057166],[120.612146,16.057154],[120.612684,16.059057],[120.612961,16.059331],[120.612681,16.059328],[120.612665,16.060683],[120.613232,16.060147],[120.613519,16.059608],[120.614076,16.059885],[120.614066,16.060698],[120.613506,16.060692],[120.613502,16.060963],[120.61434,16.061243],[120.613216,16.061502],[120.613209,16.062044],[120.612929,16.062041],[120.612942,16.060957],[120.611821,16.060944],[120.611827,16.060402],[120.611547,16.060399],[120.611541,16.060941],[120.61126,16.060938],[120.611267,16.060396]],[[120.611827,16.060402],[120.612108,16.060406],[120.612111,16.060135],[120.611834,16.05986],[120.611831,16.060131],[120.611827,16.060402]],[[120.611557,16.059586],[120.611573,16.058231],[120.611013,16.058225],[120.611003,16.059038],[120.611557,16.059586]]],[[[120.66872,16.060759],[120.668439,16.060755],[120.666755,16.061008],[120.666761,16.060466],[120.668723,16.060488],[120.66872,16.060759]]],[[[120.66872,16.060759],[120.669,16.060762],[120.668716,16.06103],[120.66872,16.060759]]],[[[120.621632,16.060783],[120.621069,16.061047],[120.621072,16.060776],[120.621632,16.060783]]],[[[120.601452,16.060828],[120.601169,16.061096],[120.601172,16.060825],[120.601452,16.060828]]],[[[120.698345,16.061111],[120.698357,16.060027],[120.698911,16.060575],[120.698345,16.061111]]],[[[120.676579,16.05976],[120.677124,16.061121],[120.676006,16.060838],[120.676579,16.05976]]],[[[120.628642,16.060589],[120.629202,16.060596],[120.629473,16.061412],[120.628909,16.061676],[120.628355,16.061128],[120.628075,16.061125],[120.626976,16.059216],[120.628097,16.059228],[120.627811,16.059767],[120.628648,16.060047],[120.628651,16.059776],[120.628658,16.059234],[120.629498,16.059244],[120.629495,16.059515],[120.629205,16.060325],[120.628642,16.060589]]],[[[120.699749,16.060855],[120.699185,16.06112],[120.699198,16.060036],[120.699758,16.060042],[120.699749,16.060855]]],[[[120.681057,16.06035],[120.683019,16.060372],[120.682449,16.061179],[120.682455,16.060637],[120.681331,16.060896],[120.681054,16.060621],[120.681057,16.06035]]],[[[120.636501,16.059592],[120.637332,16.060414],[120.636769,16.060679],[120.636482,16.061218],[120.635651,16.060396],[120.635371,16.060393],[120.635374,16.060122],[120.635937,16.059857],[120.636501,16.059592]]],[[[120.708153,16.061216],[120.708157,16.060945],[120.708437,16.060948],[120.708153,16.061216]]],[[[120.709841,16.060692],[120.709555,16.061231],[120.708717,16.060951],[120.709287,16.060144],[120.710128,16.060153],[120.709841,16.060692]]],[[[120.686583,16.060171],[120.686864,16.060174],[120.687131,16.061261],[120.686571,16.061255],[120.686017,16.060707],[120.686583,16.060171]]],[[[120.666755,16.061008],[120.666471,16.061276],[120.666474,16.061005],[120.666755,16.061008]]],[[[120.594443,16.061021],[120.59472,16.061295],[120.59444,16.061292],[120.594443,16.061021]]],[[[120.601169,16.061096],[120.600885,16.061364],[120.600889,16.061093],[120.601169,16.061096]]],[[[120.635371,16.060393],[120.635648,16.060667],[120.635638,16.06148],[120.635084,16.060932],[120.635371,16.060393]]],[[[120.707338,16.059039],[120.707618,16.059042],[120.707599,16.060668],[120.70759,16.061481],[120.707036,16.060933],[120.707054,16.059307],[120.707338,16.059039]]],[[[120.61126,16.060938],[120.611534,16.061483],[120.61098,16.060935],[120.61126,16.060938]]],[[[120.592198,16.061267],[120.591915,16.061534],[120.591634,16.061531],[120.591641,16.060989],[120.592198,16.061267]]],[[[120.701141,16.061683],[120.70115,16.06087],[120.701988,16.06115],[120.701701,16.061689],[120.701141,16.061683]]],[[[120.609579,16.060919],[120.60985,16.061735],[120.609292,16.061458],[120.609579,16.060919]]],[[[120.615174,16.061795],[120.614894,16.061792],[120.614614,16.061789],[120.614337,16.061514],[120.615174,16.061795]]],[[[120.629186,16.06195],[120.629189,16.061679],[120.62947,16.061683],[120.629186,16.06195]]],[[[120.706182,16.062008],[120.706173,16.062821],[120.706727,16.063369],[120.705883,16.063631],[120.705609,16.063086],[120.705628,16.06146],[120.706198,16.060653],[120.706185,16.061737],[120.706182,16.062008]]],[[[120.708153,16.061216],[120.708144,16.062029],[120.707873,16.061213],[120.708153,16.061216]]],[[[120.639842,16.061526],[120.639555,16.062065],[120.638718,16.061785],[120.637316,16.061769],[120.637304,16.062853],[120.637854,16.063672],[120.637867,16.062588],[120.638421,16.063137],[120.638405,16.064491],[120.638966,16.064498],[120.638943,16.066394],[120.639781,16.066675],[120.640055,16.06722],[120.639491,16.067485],[120.639211,16.067482],[120.638937,16.066936],[120.638096,16.066927],[120.63809,16.067469],[120.637539,16.06665],[120.638663,16.066391],[120.638106,16.066114],[120.638119,16.06503],[120.637568,16.064211],[120.636453,16.063657],[120.636186,16.06257],[120.636466,16.062573],[120.636476,16.06176],[120.637323,16.061227],[120.637049,16.060682],[120.637609,16.060688],[120.638721,16.061514],[120.638727,16.060972],[120.639842,16.061526]]],[[[120.711846,16.056919],[120.711286,16.056913],[120.711267,16.058539],[120.711554,16.058],[120.712105,16.058819],[120.712083,16.060716],[120.711803,16.060713],[120.711787,16.062068],[120.711507,16.062065],[120.711236,16.061249],[120.711523,16.06071],[120.710685,16.06043],[120.710701,16.059075],[120.71014,16.059069],[120.710414,16.059614],[120.710128,16.060153],[120.709854,16.059608],[120.709293,16.059602],[120.709287,16.060144],[120.708726,16.060138],[120.70844,16.060677],[120.70816,16.060674],[120.707883,16.0604],[120.707898,16.059045],[120.708462,16.05878],[120.708471,16.057967],[120.707356,16.057413],[120.707646,16.056603],[120.708194,16.057693],[120.709601,16.057166],[120.709589,16.05825],[120.709302,16.058789],[120.709863,16.058795],[120.710439,16.057446],[120.710448,16.056633],[120.711015,16.056097],[120.710741,16.055552],[120.710464,16.055278],[120.71019,16.054733],[120.709909,16.05473],[120.709642,16.053643],[120.709922,16.053646],[120.709925,16.053375],[120.709368,16.053098],[120.70966,16.052017],[120.710501,16.052026],[120.711043,16.053658],[120.710482,16.053652],[120.711037,16.0542],[120.711317,16.054203],[120.71132,16.053932],[120.712441,16.053944],[120.712721,16.053947],[120.713553,16.054769],[120.713559,16.054227],[120.714396,16.054507],[120.714671,16.055052],[120.714649,16.056949],[120.714926,16.057223],[120.714911,16.058578],[120.714064,16.059111],[120.713771,16.060192],[120.713491,16.060189],[120.7135,16.059376],[120.712939,16.05937],[120.712946,16.058828],[120.713503,16.059105],[120.713512,16.058292],[120.714356,16.05803],[120.714076,16.058027],[120.714095,16.056401],[120.71382,16.055856],[120.71326,16.05585],[120.713251,16.056663],[120.71269,16.056657],[120.712977,16.056118],[120.712989,16.055034],[120.712429,16.055028],[120.712419,16.055841],[120.711859,16.055835],[120.711846,16.056919]]],[[[120.712644,16.060722],[120.712628,16.062077],[120.71208,16.060987],[120.712644,16.060722]]],[[[120.600035,16.062168],[120.600605,16.061361],[120.600602,16.061632],[120.600035,16.062168]]],[[[120.675436,16.061645],[120.674312,16.061903],[120.674041,16.061087],[120.674063,16.059191],[120.673226,16.05891],[120.672656,16.059717],[120.672659,16.059446],[120.672391,16.058359],[120.673509,16.058642],[120.673808,16.05702],[120.674649,16.057029],[120.674655,16.056487],[120.675776,16.056499],[120.67577,16.057041],[120.676607,16.057321],[120.676308,16.058944],[120.675751,16.058667],[120.675461,16.059477],[120.676022,16.059483],[120.675172,16.060287],[120.676012,16.060296],[120.676006,16.060838],[120.675439,16.061374],[120.675436,16.061645]],[[120.675172,16.060287],[120.674611,16.060281],[120.674608,16.060552],[120.675172,16.060287]],[[120.674063,16.059191],[120.674343,16.059194],[120.674901,16.059471],[120.674633,16.058384],[120.674347,16.058923],[120.674063,16.059191]]],[[[120.675436,16.061645],[120.676277,16.061654],[120.676271,16.062196],[120.675436,16.061645]]],[[[120.656933,16.061985],[120.65693,16.062256],[120.656653,16.061982],[120.656933,16.061985]]],[[[120.635632,16.062022],[120.634791,16.062012],[120.635074,16.061745],[120.635635,16.061751],[120.635632,16.062022]]],[[[120.612929,16.062041],[120.612926,16.062312],[120.612646,16.062309],[120.612649,16.062038],[120.612929,16.062041]]],[[[120.661421,16.061763],[120.662258,16.062043],[120.662255,16.062314],[120.660854,16.062299],[120.66058,16.061754],[120.66086,16.061757],[120.661421,16.061763]]],[[[120.650491,16.061643],[120.650762,16.062459],[120.650204,16.062182],[120.650491,16.061643]]],[[[120.655277,16.059799],[120.654988,16.060609],[120.654701,16.061147],[120.654698,16.061418],[120.654414,16.061686],[120.653004,16.062484],[120.6533,16.061132],[120.654144,16.06087],[120.654163,16.059244],[120.655003,16.059254],[120.655281,16.059528],[120.655277,16.059799]]],[[[120.618247,16.062642],[120.61769,16.062365],[120.618534,16.062103],[120.618247,16.062642]]],[[[120.698345,16.061111],[120.698341,16.061382],[120.699462,16.061394],[120.698899,16.061659],[120.698886,16.062743],[120.698326,16.062737],[120.698619,16.061656],[120.698055,16.061921],[120.698345,16.061111]]],[[[120.700851,16.062493],[120.701132,16.062496],[120.700848,16.062764],[120.700851,16.062493]]],[[[120.702533,16.062511],[120.701689,16.062773],[120.701695,16.062231],[120.702542,16.061698],[120.702551,16.060885],[120.703112,16.060891],[120.703118,16.060349],[120.703959,16.060358],[120.703987,16.057919],[120.704831,16.057657],[120.70456,16.056841],[120.704563,16.05657],[120.704846,16.056302],[120.705404,16.056579],[120.705117,16.057118],[120.705105,16.058202],[120.706232,16.057672],[120.706241,16.056859],[120.70541,16.056037],[120.705413,16.055766],[120.704862,16.054947],[120.70598,16.05523],[120.706263,16.054962],[120.706537,16.055507],[120.707098,16.055513],[120.70707,16.057952],[120.705662,16.058479],[120.704541,16.058467],[120.704498,16.062261],[120.704214,16.062529],[120.703374,16.06252],[120.70394,16.061984],[120.7031,16.061975],[120.702533,16.062511]]],[[[120.681035,16.062247],[120.681595,16.062253],[120.681589,16.062795],[120.681035,16.062247]]],[[[120.657768,16.062536],[120.657765,16.062807],[120.657488,16.062533],[120.657768,16.062536]]],[[[120.636186,16.06257],[120.635632,16.062022],[120.635915,16.061754],[120.636195,16.061757],[120.636186,16.06257]]],[[[120.661691,16.062579],[120.661688,16.06285],[120.661408,16.062847],[120.661411,16.062576],[120.661691,16.062579]]],[[[120.703374,16.06252],[120.703648,16.063065],[120.702527,16.063053],[120.702533,16.062511],[120.703374,16.06252]]],[[[120.707587,16.061752],[120.707861,16.062297],[120.707571,16.063107],[120.707023,16.062017],[120.707587,16.061752]]],[[[120.66337,16.062868],[120.663366,16.063139],[120.662806,16.063133],[120.662809,16.062862],[120.663089,16.062865],[120.66337,16.062868]]],[[[120.664768,16.063155],[120.664487,16.063152],[120.664503,16.061797],[120.665051,16.062887],[120.664768,16.063155]]],[[[120.665895,16.062625],[120.665892,16.062896],[120.665615,16.062622],[120.665895,16.062625]]],[[[120.669532,16.063207],[120.669252,16.063204],[120.669535,16.062936],[120.669532,16.063207]]],[[[120.672054,16.063234],[120.672328,16.063779],[120.672048,16.063776],[120.672045,16.064047],[120.672042,16.064318],[120.671761,16.064315],[120.671478,16.064583],[120.671198,16.06458],[120.67064,16.064303],[120.670644,16.064032],[120.670927,16.063764],[120.67121,16.063496],[120.670933,16.063222],[120.670096,16.062942],[120.671226,16.062141],[120.671774,16.063231],[120.672054,16.063234]]],[[[120.703928,16.063068],[120.703644,16.063336],[120.703648,16.063065],[120.703928,16.063068]]],[[[120.688791,16.063176],[120.68823,16.06317],[120.687956,16.062625],[120.686839,16.062342],[120.686826,16.063426],[120.686546,16.063423],[120.686568,16.061526],[120.686845,16.0618],[120.688246,16.061815],[120.688237,16.062628],[120.688797,16.062634],[120.688791,16.063176]]],[[[120.711498,16.062878],[120.712052,16.063426],[120.711492,16.06342],[120.711498,16.062878]]],[[[120.667573,16.062914],[120.667287,16.063453],[120.667016,16.062637],[120.667573,16.062914]]],[[[120.691874,16.063209],[120.691871,16.06348],[120.69159,16.063477],[120.691874,16.063209]]],[[[120.648507,16.063519],[120.648233,16.062974],[120.648236,16.062703],[120.648794,16.06298],[120.648507,16.063519]]],[[[120.696638,16.063261],[120.696355,16.063529],[120.696358,16.063258],[120.696638,16.063261]]],[[[120.626938,16.062468],[120.626928,16.06328],[120.626645,16.063548],[120.625814,16.062726],[120.625537,16.062452],[120.625256,16.062449],[120.62526,16.062178],[120.624435,16.060814],[120.624715,16.060817],[120.624718,16.060546],[120.624441,16.060272],[120.624161,16.060269],[120.624731,16.059462],[120.625018,16.058923],[120.625855,16.059203],[120.625569,16.059742],[120.625846,16.060016],[120.626397,16.060835],[120.62638,16.06219],[120.626938,16.062468]]],[[[120.676837,16.06166],[120.677946,16.062756],[120.677659,16.063295],[120.677099,16.063289],[120.677108,16.062476],[120.676551,16.062199],[120.676837,16.06166]]],[[[120.679908,16.062777],[120.680182,16.063322],[120.679341,16.063313],[120.678516,16.061949],[120.678531,16.060594],[120.678824,16.059513],[120.67827,16.058965],[120.67856,16.058155],[120.678585,16.055987],[120.678305,16.055984],[120.678323,16.054358],[120.678878,16.054906],[120.679145,16.055993],[120.680266,16.056006],[120.679996,16.05519],[120.680562,16.054654],[120.679722,16.054645],[120.679728,16.054103],[120.679448,16.0541],[120.679466,16.052474],[120.679737,16.05329],[120.680569,16.054112],[120.680839,16.054928],[120.68168,16.054937],[120.68111,16.055744],[120.681098,16.056828],[120.681658,16.056834],[120.681649,16.057647],[120.681088,16.057641],[120.680789,16.059264],[120.680506,16.059531],[120.681343,16.059812],[120.681057,16.06035],[120.681051,16.060892],[120.681331,16.060896],[120.680767,16.06116],[120.679908,16.062777]]],[[[120.668411,16.063194],[120.668124,16.063733],[120.66814,16.062378],[120.668411,16.063194]]],[[[120.670089,16.063484],[120.670647,16.063761],[120.670644,16.064032],[120.67036,16.0643],[120.67008,16.064297],[120.669803,16.064023],[120.669806,16.063752],[120.669529,16.063478],[120.669532,16.063207],[120.670092,16.063213],[120.670089,16.063484]]],[[[120.670647,16.063761],[120.67093,16.063493],[120.670927,16.063764],[120.670647,16.063761]]],[[[120.67485,16.063806],[120.674854,16.063535],[120.675134,16.063538],[120.675131,16.063809],[120.67485,16.063806]]],[[[120.698033,16.063818],[120.697762,16.063002],[120.698323,16.063008],[120.69832,16.063279],[120.698036,16.063547],[120.698033,16.063818]]],[[[120.703361,16.063604],[120.703358,16.063875],[120.703078,16.063872],[120.703361,16.063604]]],[[[120.683186,16.063115],[120.683457,16.063931],[120.682896,16.063925],[120.682336,16.063919],[120.683186,16.063115]]],[[[120.685736,16.060704],[120.685711,16.062872],[120.686265,16.06342],[120.685979,16.063959],[120.685418,16.063953],[120.685151,16.062866],[120.684593,16.062589],[120.684597,16.062318],[120.685166,16.061511],[120.684889,16.061237],[120.684896,16.060695],[120.685736,16.060704]]],[[[120.598331,16.064045],[120.599748,16.062706],[120.599458,16.063516],[120.598331,16.064045]]],[[[120.675131,16.063809],[120.675411,16.063813],[120.675128,16.06408],[120.675131,16.063809]]],[[[120.677656,16.063566],[120.67793,16.064111],[120.67737,16.064105],[120.677656,16.063566]]],[[[120.65523,16.063863],[120.654946,16.064131],[120.654949,16.06386],[120.65523,16.063863]]],[[[120.704214,16.062529],[120.704495,16.062532],[120.705049,16.06308],[120.70504,16.063893],[120.704196,16.064155],[120.703922,16.06361],[120.704762,16.063619],[120.704488,16.063074],[120.703928,16.063068],[120.704214,16.062529]]],[[[120.635886,16.064193],[120.637007,16.064205],[120.636998,16.065018],[120.637552,16.065566],[120.636434,16.065283],[120.636708,16.065828],[120.637539,16.06665],[120.637526,16.067734],[120.63809,16.067469],[120.638647,16.067746],[120.639208,16.067752],[120.638644,16.068017],[120.638911,16.069104],[120.640036,16.068846],[120.64059,16.069394],[120.640857,16.070481],[120.640016,16.070472],[120.640848,16.071294],[120.639723,16.071552],[120.639739,16.070197],[120.639459,16.070194],[120.639185,16.069649],[120.638064,16.069637],[120.638612,16.070727],[120.638609,16.070998],[120.638889,16.071001],[120.639456,16.070465],[120.639156,16.072088],[120.639434,16.072362],[120.63943,16.072633],[120.639427,16.072904],[120.638867,16.072898],[120.638873,16.072356],[120.638035,16.072076],[120.637758,16.071802],[120.637211,16.070712],[120.637504,16.069631],[120.63723,16.069086],[120.636128,16.067447],[120.636131,16.067176],[120.635861,16.06636],[120.6353,16.066354],[120.634749,16.065535],[120.634485,16.064177],[120.634769,16.063909],[120.635329,16.063915],[120.635326,16.064186],[120.635606,16.06419],[120.635609,16.063919],[120.635886,16.064193]]],[[[120.591602,16.064241],[120.591331,16.063425],[120.592169,16.063705],[120.592162,16.064247],[120.591602,16.064241]]],[[[120.691871,16.06348],[120.692431,16.063486],[120.692708,16.06376],[120.692705,16.064031],[120.692702,16.064302],[120.692141,16.064296],[120.691871,16.06348]]],[[[120.598331,16.064045],[120.598047,16.064313],[120.59805,16.064042],[120.598331,16.064045]]],[[[120.628597,16.064383],[120.628871,16.064928],[120.629711,16.064937],[120.629698,16.066021],[120.628577,16.066009],[120.627743,16.065458],[120.62831,16.064922],[120.627186,16.06518],[120.626912,16.064635],[120.625227,16.064888],[120.626075,16.064355],[120.626078,16.064084],[120.626641,16.063819],[120.627482,16.063829],[120.627208,16.063284],[120.627489,16.063287],[120.628055,16.062751],[120.628339,16.062483],[120.628906,16.061947],[120.629186,16.06195],[120.629183,16.062221],[120.630584,16.062237],[120.630587,16.061966],[120.630868,16.061969],[120.631418,16.062788],[120.631406,16.063872],[120.630565,16.063863],[120.630578,16.062779],[120.628616,16.062757],[120.628049,16.063293],[120.62832,16.064109],[120.628597,16.064383]],[[120.627482,16.063829],[120.626915,16.064364],[120.627756,16.064374],[120.627482,16.063829]]],[[[120.617403,16.062904],[120.617397,16.063446],[120.618237,16.063455],[120.618508,16.064271],[120.617107,16.064255],[120.616836,16.063439],[120.616566,16.062623],[120.616569,16.062352],[120.617403,16.062904]]],[[[120.67064,16.064303],[120.670637,16.064574],[120.67036,16.0643],[120.67064,16.064303]]],[[[120.707833,16.064736],[120.707553,16.064733],[120.707836,16.064465],[120.707833,16.064736]]],[[[120.671478,16.064583],[120.671758,16.064586],[120.671755,16.064857],[120.671478,16.064583]]],[[[120.694228,16.053478],[120.694216,16.054562],[120.694773,16.054839],[120.694767,16.055381],[120.695888,16.055393],[120.695598,16.056203],[120.694477,16.056191],[120.694745,16.057278],[120.695305,16.057284],[120.695586,16.057287],[120.696146,16.057293],[120.696417,16.058109],[120.696121,16.059461],[120.696682,16.059467],[120.696392,16.060277],[120.696953,16.060283],[120.696383,16.06109],[120.69694,16.061367],[120.696934,16.061909],[120.696093,16.0619],[120.696087,16.062442],[120.69552,16.062978],[120.695505,16.064332],[120.694944,16.064326],[120.694658,16.064865],[120.694673,16.06351],[120.694676,16.063239],[120.694113,16.063504],[120.694122,16.062691],[120.694683,16.062697],[120.694689,16.062155],[120.695252,16.061891],[120.695268,16.060536],[120.695,16.059449],[120.694156,16.059711],[120.6933,16.061056],[120.693284,16.062411],[120.692434,16.063215],[120.691874,16.063209],[120.69216,16.06267],[120.691603,16.062393],[120.691889,16.061854],[120.691908,16.060228],[120.692469,16.060234],[120.692195,16.059689],[120.691647,16.058599],[120.691086,16.058593],[120.690522,16.058858],[120.690233,16.059668],[120.690248,16.058313],[120.690532,16.058045],[120.689981,16.057226],[120.690544,16.056961],[120.690557,16.055877],[120.689996,16.055871],[120.690025,16.053432],[120.690311,16.052894],[120.689751,16.052887],[120.689464,16.053426],[120.688904,16.05342],[120.688356,16.05233],[120.689218,16.050443],[120.689224,16.049901],[120.689498,16.050446],[120.690339,16.050455],[120.690068,16.049639],[120.690909,16.049648],[120.691195,16.049109],[120.692033,16.049389],[120.692017,16.050744],[120.692295,16.051018],[120.691448,16.051551],[120.691441,16.052093],[120.690881,16.052087],[120.69032,16.052081],[120.690591,16.052897],[120.690875,16.052629],[120.691152,16.052903],[120.691139,16.053987],[120.691977,16.054267],[120.691989,16.053183],[120.692266,16.053457],[120.694228,16.053478]],[[120.691977,16.054267],[120.69141,16.054803],[120.692251,16.054812],[120.691977,16.054267]],[[120.692251,16.054812],[120.692525,16.055357],[120.693926,16.055372],[120.693372,16.054824],[120.692251,16.054812]],[[120.693054,16.058073],[120.692774,16.05807],[120.692786,16.056986],[120.692229,16.056709],[120.6925,16.057525],[120.692481,16.05915],[120.692755,16.059695],[120.69359,16.060246],[120.693599,16.059434],[120.693054,16.058073]],[[120.688639,16.052062],[120.689757,16.052345],[120.689486,16.05153],[120.69033,16.051268],[120.688929,16.051252],[120.688639,16.052062]]],[[[120.675398,16.064896],[120.674558,16.064887],[120.674564,16.064345],[120.675124,16.064351],[120.675398,16.064896]]],[[[120.654937,16.064944],[120.65494,16.064673],[120.655217,16.064947],[120.654937,16.064944]]],[[[120.679602,16.064942],[120.679898,16.06359],[120.680456,16.063867],[120.680163,16.064948],[120.679602,16.064942]]],[[[120.704189,16.064697],[120.704186,16.064968],[120.703065,16.064956],[120.702791,16.064411],[120.702231,16.064405],[120.701944,16.064944],[120.701664,16.064941],[120.701676,16.063857],[120.70224,16.063592],[120.702523,16.063324],[120.702798,16.063869],[120.703078,16.063872],[120.703355,16.064146],[120.703349,16.064688],[120.704189,16.064697]]],[[[120.707833,16.064736],[120.708113,16.064739],[120.70811,16.06501],[120.70783,16.065007],[120.707833,16.064736]]],[[[120.683724,16.065018],[120.683447,16.064744],[120.683454,16.064202],[120.684014,16.064208],[120.683724,16.065018]]],[[[120.616263,16.064517],[120.615976,16.065056],[120.615422,16.064508],[120.616263,16.064517]]],[[[120.640921,16.065061],[120.640908,16.066145],[120.640348,16.066139],[120.640367,16.064513],[120.640934,16.063977],[120.640931,16.064248],[120.640924,16.06479],[120.641201,16.065064],[120.640921,16.065061]]],[[[120.687928,16.065064],[120.687931,16.064793],[120.688208,16.065067],[120.687928,16.065064]]],[[[120.688785,16.063718],[120.689345,16.063724],[120.690177,16.064546],[120.68989,16.065085],[120.689616,16.06454],[120.688775,16.064531],[120.688785,16.063718]]],[[[120.622989,16.064592],[120.622982,16.065134],[120.622148,16.064582],[120.621307,16.064573],[120.621881,16.063495],[120.621893,16.062412],[120.619661,16.061574],[120.6194,16.059945],[120.618286,16.05939],[120.618292,16.058848],[120.619413,16.058861],[120.619403,16.059674],[120.620244,16.059683],[120.619954,16.060493],[120.620792,16.060773],[120.620789,16.061044],[120.621069,16.061047],[120.621903,16.061599],[120.622177,16.062144],[120.622457,16.062147],[120.622737,16.06215],[120.623008,16.062966],[120.623562,16.063514],[120.622161,16.063499],[120.622158,16.06377],[120.622718,16.063776],[120.622989,16.064592]]],[[[120.649335,16.064612],[120.649048,16.065151],[120.648768,16.065148],[120.648771,16.064877],[120.649055,16.064609],[120.649335,16.064612]]],[[[120.679602,16.064942],[120.679599,16.065213],[120.679319,16.06521],[120.679602,16.064942]]],[[[120.631406,16.063872],[120.63225,16.06361],[120.63223,16.065236],[120.63195,16.065233],[120.631406,16.063872]]],[[[120.70783,16.065007],[120.707827,16.065278],[120.707546,16.065275],[120.707549,16.065004],[120.70783,16.065007]]],[[[120.709231,16.065022],[120.709228,16.065293],[120.708948,16.06529],[120.709231,16.065022]]],[[[120.684845,16.06503],[120.684842,16.065301],[120.684562,16.065298],[120.684285,16.065024],[120.684845,16.06503]]],[[[120.591872,16.065057],[120.591031,16.065047],[120.591035,16.064777],[120.591872,16.065057]]],[[[120.688208,16.065067],[120.688486,16.065341],[120.688205,16.065338],[120.688208,16.065067]]],[[[120.671755,16.064857],[120.672038,16.064589],[120.672312,16.065134],[120.672309,16.065405],[120.671755,16.064857]]],[[[120.696909,16.064077],[120.696896,16.065161],[120.696053,16.065422],[120.696065,16.064339],[120.696348,16.064071],[120.696909,16.064077]]],[[[120.675398,16.064896],[120.676236,16.065177],[120.675392,16.065438],[120.675398,16.064896]]],[[[120.70418,16.06551],[120.7039,16.065507],[120.704183,16.065239],[120.70418,16.06551]]],[[[120.708948,16.06529],[120.708664,16.065558],[120.708667,16.065287],[120.708948,16.06529]]],[[[120.672309,16.065405],[120.672593,16.065137],[120.672596,16.064866],[120.672882,16.064327],[120.674,16.06461],[120.673717,16.064878],[120.67315,16.065414],[120.672309,16.065405]]],[[[120.673988,16.065694],[120.674271,16.065426],[120.674268,16.065697],[120.673988,16.065694]]],[[[120.701097,16.065477],[120.700253,16.065739],[120.699982,16.064923],[120.700266,16.064655],[120.700263,16.064926],[120.70026,16.065197],[120.701941,16.065215],[120.701938,16.065486],[120.701658,16.065483],[120.701097,16.065477]]],[[[120.681756,16.065539],[120.681753,16.06581],[120.681473,16.065807],[120.681756,16.065539]]],[[[120.649045,16.065422],[120.648759,16.065961],[120.648478,16.065957],[120.648765,16.065419],[120.649045,16.065422]]],[[[120.698874,16.063827],[120.698292,16.065718],[120.697728,16.065983],[120.698011,16.065715],[120.698033,16.063818],[120.698874,16.063827]]],[[[120.681756,16.065539],[120.681763,16.064997],[120.682606,16.064735],[120.68289,16.064467],[120.68317,16.06447],[120.683158,16.065554],[120.68232,16.065274],[120.682311,16.066087],[120.681756,16.065539]]],[[[120.683724,16.065018],[120.684272,16.066108],[120.683432,16.066099],[120.683444,16.065015],[120.683724,16.065018]]],[[[120.712021,16.066136],[120.712024,16.065865],[120.712585,16.065871],[120.712582,16.066142],[120.712302,16.066139],[120.712021,16.066136]]],[[[120.613167,16.065567],[120.613174,16.065025],[120.614014,16.065034],[120.613728,16.065573],[120.614845,16.065856],[120.615122,16.06613],[120.616243,16.066143],[120.616804,16.066149],[120.617368,16.065884],[120.617358,16.066697],[120.617915,16.066974],[120.618208,16.065894],[120.616263,16.064517],[120.615989,16.063972],[120.614874,16.063417],[120.614034,16.063408],[120.614304,16.064224],[120.613747,16.063947],[120.613757,16.063134],[120.613196,16.063128],[120.612926,16.062312],[120.613209,16.062044],[120.613483,16.062589],[120.614884,16.062605],[120.615158,16.06315],[120.616836,16.063439],[120.616823,16.064523],[120.617664,16.064533],[120.617658,16.065075],[120.619056,16.065361],[120.619046,16.066174],[120.619323,16.066448],[120.619345,16.064551],[120.619903,16.064829],[120.620743,16.064838],[120.621017,16.065383],[120.621294,16.065657],[120.622132,16.065937],[120.622683,16.066756],[120.622116,16.067292],[120.622106,16.068105],[120.622673,16.067569],[120.622663,16.068382],[120.623221,16.06866],[120.621819,16.068644],[120.622093,16.069189],[120.622934,16.069198],[120.622931,16.069469],[120.620689,16.069444],[120.619858,16.068622],[120.619861,16.068351],[120.620144,16.068083],[120.619864,16.06808],[120.620148,16.067812],[120.620151,16.067541],[120.619597,16.066993],[120.618756,16.066984],[120.618749,16.067526],[120.618189,16.06752],[120.618173,16.068874],[120.618453,16.068878],[120.619007,16.069426],[120.617606,16.06941],[120.617326,16.069407],[120.616762,16.069672],[120.617335,16.068594],[120.617622,16.068055],[120.617071,16.067236],[120.616504,16.067772],[120.61595,16.067224],[120.615673,16.06695],[120.614839,16.066398],[120.614549,16.067208],[120.614559,16.066395],[120.613998,16.066389],[120.613718,16.066386],[120.613151,16.066921],[120.612877,16.066376],[120.612046,16.065554],[120.611206,16.065545],[120.611218,16.064461],[120.612893,16.065021],[120.613167,16.065567]],[[120.621268,16.067825],[120.621272,16.067554],[120.621562,16.066744],[120.620447,16.06619],[120.620434,16.067274],[120.620714,16.067277],[120.620991,16.067551],[120.621268,16.067825]],[[120.621819,16.068644],[120.621542,16.06837],[120.621546,16.068099],[120.621549,16.067828],[120.621268,16.067825],[120.621265,16.068096],[120.620698,16.068632],[120.621819,16.068644]]],[[[120.623813,16.065956],[120.6241,16.065417],[120.625227,16.064888],[120.624371,16.066233],[120.625208,16.066514],[120.625202,16.067055],[120.625756,16.067604],[120.626587,16.068426],[120.626867,16.068429],[120.627698,16.069251],[120.629099,16.069267],[120.628813,16.069806],[120.629653,16.069815],[120.629663,16.069002],[120.630227,16.068737],[120.631615,16.069837],[120.632453,16.070117],[120.634134,16.070136],[120.633848,16.070674],[120.634405,16.070952],[120.634399,16.071494],[120.633844,16.070945],[120.632723,16.070933],[120.632443,16.07093],[120.632166,16.070656],[120.632163,16.070927],[120.631886,16.070653],[120.630765,16.07064],[120.630485,16.070637],[120.629637,16.07117],[120.630182,16.072531],[120.631019,16.072811],[120.63101,16.073624],[120.63129,16.073627],[120.631574,16.073359],[120.631844,16.074175],[120.633239,16.074733],[120.633229,16.075546],[120.634344,16.0761],[120.634341,16.076371],[120.634624,16.076103],[120.635745,16.076116],[120.63658,16.076667],[120.637134,16.077215],[120.63685,16.077483],[120.636296,16.076935],[120.63601,16.077474],[120.635169,16.077464],[120.633777,16.076636],[120.632376,16.07662],[120.631541,16.076069],[120.631545,16.075798],[120.630707,16.075518],[120.629306,16.075502],[120.629309,16.075231],[120.630997,16.074708],[120.63044,16.074431],[120.630172,16.073344],[120.629892,16.073341],[120.629331,16.073335],[120.629596,16.074693],[120.629042,16.074144],[120.628201,16.074135],[120.627366,16.073584],[120.627093,16.073039],[120.625972,16.073026],[120.626526,16.073574],[120.62707,16.074936],[120.625956,16.074381],[120.625672,16.074649],[120.62651,16.074929],[120.627341,16.075752],[120.629022,16.07577],[120.629016,16.076312],[120.626774,16.076287],[120.626494,16.076284],[120.626213,16.076281],[120.625939,16.075736],[120.625389,16.074917],[120.624831,16.07464],[120.62399,16.07463],[120.623156,16.074079],[120.622032,16.074338],[120.62008,16.073503],[120.622042,16.073525],[120.622609,16.072989],[120.622612,16.072718],[120.622895,16.07245],[120.622615,16.072447],[120.622058,16.07217],[120.621781,16.071896],[120.622341,16.071902],[120.622067,16.071357],[120.621507,16.071351],[120.620956,16.070531],[120.62179,16.071083],[120.623192,16.071098],[120.623469,16.071372],[120.623749,16.071376],[120.624297,16.072466],[120.625418,16.072478],[120.625984,16.071942],[120.624316,16.07084],[120.624045,16.070024],[120.624883,16.070304],[120.624886,16.070033],[120.624332,16.069485],[120.625176,16.069223],[120.624896,16.06922],[120.624615,16.069217],[120.624338,16.068943],[120.623778,16.068937],[120.624345,16.068401],[120.624084,16.066772],[120.623804,16.066769],[120.62381,16.066227],[120.623813,16.065956]],[[120.625202,16.067055],[120.624364,16.066775],[120.625192,16.067868],[120.625202,16.067055]],[[120.629637,16.07117],[120.629641,16.070899],[120.62936,16.070896],[120.629077,16.071164],[120.629637,16.07117]],[[120.629077,16.071164],[120.62852,16.070886],[120.628243,16.070612],[120.627966,16.070338],[120.627688,16.070064],[120.627408,16.070061],[120.626845,16.070326],[120.627682,16.070606],[120.627669,16.07169],[120.628787,16.071973],[120.629341,16.072522],[120.629077,16.071164]],[[120.625756,16.067604],[120.625472,16.067872],[120.625752,16.067875],[120.625756,16.067604]],[[120.625984,16.071942],[120.625978,16.072484],[120.626819,16.072494],[120.626828,16.071681],[120.626265,16.071945],[120.625984,16.071942]],[[120.622895,16.07245],[120.623456,16.072456],[120.623465,16.071643],[120.622625,16.071634],[120.622895,16.07245]],[[120.626284,16.07032],[120.62629,16.069778],[120.625443,16.07031],[120.626284,16.07032]],[[120.629934,16.069818],[120.630771,16.070098],[120.630497,16.069553],[120.629934,16.069818]]],[[[120.673988,16.065694],[120.673981,16.066236],[120.673424,16.065959],[120.673988,16.065694]]],[[[120.701655,16.065754],[120.702212,16.066031],[120.701368,16.066293],[120.701655,16.065754]]],[[[120.633635,16.064981],[120.632784,16.065784],[120.633338,16.066333],[120.632498,16.066323],[120.631663,16.065772],[120.63195,16.065233],[120.632507,16.06551],[120.632527,16.063884],[120.632816,16.063075],[120.632256,16.063068],[120.631708,16.061978],[120.630868,16.061969],[120.630591,16.061695],[120.630597,16.061153],[120.630877,16.061156],[120.631151,16.061701],[120.632269,16.061985],[120.632832,16.06172],[120.632839,16.061178],[120.63368,16.061187],[120.633393,16.061726],[120.633953,16.061732],[120.634237,16.061464],[120.634514,16.061738],[120.634794,16.061741],[120.634791,16.062012],[120.633947,16.062274],[120.633937,16.063087],[120.635052,16.063641],[120.634769,16.063909],[120.634205,16.064174],[120.633644,16.064168],[120.633635,16.064981]],[[120.63338,16.06281],[120.633106,16.062265],[120.6331,16.062807],[120.63338,16.06281]]],[[[120.666134,16.066151],[120.666688,16.066699],[120.666965,16.066973],[120.666685,16.06697],[120.666641,16.070764],[120.665807,16.070212],[120.665542,16.068854],[120.664698,16.069116],[120.664689,16.069929],[120.664128,16.069923],[120.664711,16.068032],[120.664153,16.067755],[120.664163,16.066942],[120.664446,16.066674],[120.665564,16.066958],[120.665848,16.06669],[120.665851,16.066419],[120.66501,16.066409],[120.665016,16.065868],[120.664736,16.065864],[120.664742,16.065322],[120.663621,16.06531],[120.663625,16.065039],[120.663911,16.0645],[120.664191,16.064503],[120.664475,16.064236],[120.66587,16.064793],[120.666134,16.066151]],[[120.665016,16.065868],[120.665297,16.065871],[120.6653,16.0656],[120.665016,16.065868]]],[[[120.692141,16.064296],[120.692699,16.064573],[120.692415,16.064841],[120.692132,16.065109],[120.69212,16.066193],[120.691556,16.066458],[120.690999,16.066181],[120.691288,16.065371],[120.691849,16.065377],[120.691861,16.064293],[120.692141,16.064296]]],[[[120.697725,16.066254],[120.697722,16.066525],[120.697441,16.066522],[120.697445,16.066251],[120.697725,16.066254]]],[[[120.68175,16.066081],[120.681744,16.066623],[120.681467,16.066349],[120.68147,16.066078],[120.68175,16.066081]]],[[[120.663612,16.066123],[120.664166,16.066671],[120.663886,16.066668],[120.663328,16.066391],[120.663612,16.066123]]],[[[120.688486,16.065341],[120.689046,16.065347],[120.68904,16.065889],[120.688479,16.065883],[120.68875,16.066699],[120.688193,16.066422],[120.687922,16.065606],[120.688486,16.065341]]],[[[120.642587,16.066435],[120.642023,16.066699],[120.642033,16.065887],[120.642313,16.06589],[120.642587,16.066435]]],[[[120.673981,16.066236],[120.674258,16.06651],[120.674255,16.066781],[120.673975,16.066778],[120.673981,16.066236]]],[[[120.650434,16.066521],[120.65045,16.065166],[120.650453,16.064895],[120.649606,16.065428],[120.649335,16.064612],[120.649357,16.062715],[120.649918,16.062721],[120.649905,16.063805],[120.650469,16.06354],[120.650459,16.064353],[120.65102,16.064359],[120.651029,16.063546],[120.651593,16.063281],[120.652157,16.063017],[120.652994,16.063297],[120.653841,16.062764],[120.654395,16.063312],[120.654373,16.065209],[120.654653,16.065212],[120.65436,16.066293],[120.654637,16.066567],[120.654618,16.068193],[120.654338,16.06819],[120.654351,16.067106],[120.653507,16.067368],[120.653516,16.066555],[120.654083,16.066019],[120.653816,16.064932],[120.652975,16.064923],[120.653539,16.064658],[120.653551,16.063574],[120.652991,16.063568],[120.652701,16.064378],[120.652137,16.064643],[120.652128,16.065455],[120.652692,16.065191],[120.652395,16.066542],[120.651832,16.066807],[120.651552,16.066804],[120.651274,16.06653],[120.650994,16.066527],[120.650988,16.067069],[120.65043,16.066792],[120.650434,16.066521]]],[[[120.709216,16.066377],[120.708935,16.066374],[120.708655,16.066371],[120.708375,16.066368],[120.708091,16.066636],[120.707808,16.066904],[120.707251,16.066627],[120.707257,16.066085],[120.70754,16.065817],[120.708661,16.065829],[120.709222,16.065835],[120.709216,16.066377]]],[[[120.642587,16.066435],[120.643141,16.066983],[120.642861,16.06698],[120.642587,16.066435]]],[[[120.658561,16.06661],[120.65772,16.066601],[120.657153,16.067137],[120.657443,16.066327],[120.658561,16.06661]]],[[[120.659408,16.066077],[120.659682,16.066622],[120.659115,16.067158],[120.658558,16.066881],[120.658561,16.06661],[120.659408,16.066077]]],[[[120.661364,16.066641],[120.662198,16.067192],[120.661357,16.067183],[120.661364,16.066641]]],[[[120.642861,16.06698],[120.642857,16.067251],[120.642577,16.067248],[120.642861,16.06698]]],[[[120.691547,16.067271],[120.691553,16.066729],[120.691827,16.067274],[120.691547,16.067271]]],[[[120.676787,16.065996],[120.67707,16.065728],[120.677344,16.066273],[120.677064,16.06627],[120.676771,16.067351],[120.676491,16.067348],[120.676787,16.065996]]],[[[120.704161,16.067136],[120.703598,16.067401],[120.703318,16.067398],[120.70333,16.066314],[120.70418,16.06551],[120.70446,16.065513],[120.704445,16.066868],[120.704161,16.067136]]],[[[120.678651,16.067403],[120.678384,16.066316],[120.678664,16.066319],[120.678651,16.067403]]],[[[120.706126,16.066886],[120.70556,16.067422],[120.705575,16.066067],[120.706136,16.066073],[120.706145,16.06526],[120.706702,16.065537],[120.706696,16.066079],[120.706133,16.066344],[120.706126,16.066886]]],[[[120.708643,16.067455],[120.708372,16.066639],[120.708652,16.066642],[120.708932,16.066645],[120.708923,16.067458],[120.708643,16.067455]]],[[[120.662475,16.067466],[120.662478,16.067195],[120.663036,16.067472],[120.662475,16.067466]]],[[[120.641736,16.067238],[120.642013,16.067512],[120.641733,16.067509],[120.641736,16.067238]]],[[[120.620995,16.06728],[120.621272,16.067554],[120.620991,16.067551],[120.620995,16.06728]]],[[[120.604193,16.066008],[120.603913,16.066005],[120.603893,16.067631],[120.603333,16.067625],[120.603066,16.066538],[120.601123,16.06489],[120.601684,16.064896],[120.601697,16.063812],[120.600856,16.063803],[120.600846,16.064616],[120.599725,16.064603],[120.599703,16.0665],[120.599422,16.066497],[120.599419,16.066768],[120.598575,16.067029],[120.598021,16.066481],[120.599162,16.064868],[120.598888,16.064323],[120.600015,16.063793],[120.600305,16.062984],[120.601707,16.062999],[120.602264,16.063277],[120.60228,16.061922],[120.60172,16.061915],[120.601729,16.061103],[120.602293,16.060838],[120.602586,16.059757],[120.603156,16.05895],[120.603714,16.059228],[120.60315,16.059492],[120.60286,16.060302],[120.60313,16.061118],[120.604251,16.061131],[120.604538,16.060592],[120.605095,16.060869],[120.606496,16.060885],[120.60734,16.060623],[120.607611,16.061439],[120.607881,16.062255],[120.609553,16.063087],[120.60954,16.064171],[120.610938,16.064458],[120.610094,16.064719],[120.610645,16.065538],[120.611206,16.065545],[120.610912,16.066625],[120.610626,16.067164],[120.609791,16.066613],[120.608667,16.066871],[120.608954,16.066333],[120.60812,16.065781],[120.606441,16.065491],[120.603378,16.063831],[120.603362,16.065186],[120.603926,16.064921],[120.604193,16.066008]],[[120.605346,16.063311],[120.60591,16.063046],[120.605923,16.061962],[120.604525,16.061676],[120.604512,16.06276],[120.605066,16.063308],[120.605346,16.063311]],[[120.605066,16.063308],[120.604506,16.063302],[120.605063,16.063579],[120.605066,16.063308]]],[[[120.703598,16.067401],[120.703875,16.067675],[120.703595,16.067672],[120.703598,16.067401]]],[[[120.657153,16.067137],[120.656867,16.067676],[120.656587,16.067673],[120.657153,16.067137]]],[[[120.706126,16.066886],[120.706404,16.06716],[120.707525,16.067172],[120.707238,16.067711],[120.706397,16.067702],[120.706126,16.066886]]],[[[120.682301,16.0669],[120.682572,16.067716],[120.682011,16.06771],[120.682301,16.0669]]],[[[120.710047,16.067199],[120.709761,16.067738],[120.709767,16.067196],[120.710047,16.067199]]],[[[120.712021,16.066136],[120.712298,16.06641],[120.712579,16.066413],[120.712566,16.067497],[120.712003,16.067762],[120.711993,16.068575],[120.710863,16.069376],[120.710854,16.070189],[120.710296,16.069912],[120.710586,16.069102],[120.710589,16.068831],[120.710312,16.068557],[120.710315,16.068286],[120.710598,16.068018],[120.710885,16.067479],[120.710604,16.067476],[120.710047,16.067199],[120.709773,16.066654],[120.709782,16.065841],[120.710346,16.065576],[120.710352,16.065034],[120.709231,16.065022],[120.709237,16.06448],[120.708671,16.065016],[120.70839,16.065013],[120.708393,16.064742],[120.708126,16.063655],[120.708129,16.063384],[120.708132,16.063113],[120.708973,16.063122],[120.709262,16.062312],[120.709549,16.061773],[120.710103,16.062321],[120.710118,16.060966],[120.710682,16.060701],[120.71066,16.062598],[120.710937,16.062872],[120.710934,16.063143],[120.710928,16.063685],[120.711492,16.06342],[120.711486,16.063962],[120.712588,16.0656],[120.712031,16.065323],[120.712027,16.065594],[120.711187,16.065585],[120.71118,16.066127],[120.711732,16.066946],[120.712021,16.066136]],[[120.71118,16.066127],[120.71062,16.066121],[120.71034,16.066118],[120.710337,16.066389],[120.710617,16.066392],[120.710891,16.066937],[120.71118,16.066127]],[[120.709798,16.064486],[120.710084,16.063947],[120.710642,16.064224],[120.710651,16.063411],[120.710087,16.063676],[120.709816,16.06286],[120.709798,16.064486]]],[[[120.691547,16.067271],[120.69154,16.067813],[120.69126,16.06781],[120.690715,16.066449],[120.690152,16.066714],[120.689314,16.066434],[120.689878,16.066169],[120.690999,16.066181],[120.691547,16.067271]]],[[[120.691821,16.067816],[120.692104,16.067548],[120.692381,16.067822],[120.691821,16.067816]]],[[[120.677045,16.067896],[120.677329,16.067628],[120.677326,16.067899],[120.677045,16.067896]]],[[[120.652946,16.067362],[120.65294,16.067904],[120.652666,16.067359],[120.652946,16.067362]]],[[[120.710318,16.068015],[120.710601,16.067747],[120.710598,16.068018],[120.710318,16.068015]]],[[[120.691821,16.067816],[120.691817,16.068087],[120.69154,16.067813],[120.691821,16.067816]]],[[[120.67144,16.067835],[120.671717,16.068109],[120.671437,16.068106],[120.67144,16.067835]]],[[[120.672278,16.068115],[120.671997,16.068112],[120.672013,16.066757],[120.672574,16.066763],[120.672278,16.068115]]],[[[120.601648,16.067877],[120.601084,16.068141],[120.600811,16.067596],[120.601648,16.067877]]],[[[120.677045,16.067896],[120.677042,16.068167],[120.676765,16.067893],[120.677045,16.067896]]],[[[120.628574,16.06628],[120.628845,16.067096],[120.629682,16.067376],[120.629673,16.068189],[120.629122,16.06737],[120.628284,16.06709],[120.628574,16.06628]]],[[[120.633338,16.066333],[120.633896,16.06661],[120.633329,16.067146],[120.633876,16.068236],[120.633316,16.068229],[120.631924,16.067401],[120.631934,16.066588],[120.632498,16.066323],[120.632491,16.066865],[120.633338,16.066333]]],[[[120.710318,16.068015],[120.710315,16.068286],[120.710035,16.068283],[120.710038,16.068012],[120.710318,16.068015]]],[[[120.666965,16.066973],[120.667517,16.067792],[120.667794,16.068066],[120.66695,16.068328],[120.666965,16.066973]]],[[[120.668354,16.068072],[120.669481,16.067542],[120.669472,16.068355],[120.668911,16.068349],[120.668354,16.068072]]],[[[120.610893,16.068251],[120.610049,16.068513],[120.610059,16.0677],[120.61118,16.067712],[120.610893,16.068251]]],[[[120.639488,16.067756],[120.640886,16.068042],[120.640599,16.068581],[120.639478,16.068569],[120.639488,16.067756]]],[[[120.668354,16.068072],[120.668348,16.068614],[120.668074,16.068069],[120.668354,16.068072]]],[[[120.67144,16.067835],[120.671157,16.068103],[120.670873,16.068371],[120.67087,16.068642],[120.670036,16.06809],[120.670322,16.067551],[120.671443,16.067564],[120.67144,16.067835]]],[[[120.648733,16.068128],[120.649593,16.066512],[120.649864,16.067328],[120.649287,16.068677],[120.649007,16.068673],[120.648733,16.068128]]],[[[120.651809,16.068704],[120.652099,16.067894],[120.652937,16.068175],[120.65237,16.06871],[120.651809,16.068704]]],[[[120.605288,16.068189],[120.605852,16.067924],[120.605839,16.069008],[120.605001,16.068727],[120.603887,16.068173],[120.603893,16.067631],[120.605014,16.067643],[120.605288,16.068189]]],[[[120.701904,16.068467],[120.70162,16.068735],[120.701633,16.067651],[120.702203,16.066844],[120.702187,16.068199],[120.701904,16.068467]]],[[[120.67976,16.068499],[120.678642,16.068216],[120.678651,16.067403],[120.679766,16.067957],[120.67976,16.068499]]],[[[120.612851,16.068544],[120.613409,16.068821],[120.613686,16.069095],[120.613969,16.068828],[120.613966,16.069099],[120.614517,16.069918],[120.613402,16.069363],[120.612561,16.069354],[120.612288,16.068809],[120.611453,16.068257],[120.611747,16.067177],[120.612027,16.06718],[120.613415,16.068279],[120.613412,16.06855],[120.612851,16.068544]]],[[[120.710312,16.068557],[120.710309,16.068828],[120.710032,16.068554],[120.710312,16.068557]]],[[[120.596033,16.068627],[120.59603,16.068898],[120.59575,16.068895],[120.595753,16.068624],[120.596033,16.068627]]],[[[120.673389,16.06894],[120.673115,16.068395],[120.67367,16.068943],[120.673389,16.06894]]],[[[120.675918,16.068425],[120.675631,16.068964],[120.675361,16.068148],[120.675364,16.067877],[120.675087,16.067603],[120.675927,16.067612],[120.675918,16.068425]]],[[[120.654338,16.06819],[120.654609,16.069006],[120.654329,16.069003],[120.654058,16.068187],[120.654338,16.06819]]],[[[120.662475,16.067466],[120.663313,16.067746],[120.66387,16.068023],[120.66358,16.068833],[120.662736,16.069095],[120.662749,16.068011],[120.661908,16.068002],[120.661618,16.068812],[120.661345,16.068267],[120.660501,16.068528],[120.660214,16.069067],[120.659373,16.069058],[120.659666,16.067977],[120.660513,16.067444],[120.662475,16.067466]]],[[[120.602205,16.068154],[120.601352,16.069229],[120.601648,16.067877],[120.602205,16.068154]]],[[[120.684842,16.065301],[120.685119,16.065576],[120.686807,16.065052],[120.687084,16.065326],[120.687066,16.066952],[120.687346,16.066955],[120.68733,16.06831],[120.68761,16.068313],[120.687598,16.069397],[120.687318,16.069394],[120.686757,16.069388],[120.686773,16.068033],[120.687056,16.067765],[120.686788,16.066678],[120.685951,16.066398],[120.685941,16.067211],[120.685378,16.067475],[120.685671,16.066395],[120.684549,16.066382],[120.684553,16.066111],[120.684559,16.065569],[120.684842,16.065301]]],[[[120.619858,16.068622],[120.619568,16.069432],[120.619574,16.06889],[120.619577,16.068619],[120.619858,16.068622]]],[[[120.67058,16.069451],[120.670867,16.068912],[120.670861,16.069454],[120.67058,16.069451]]],[[[120.623778,16.068937],[120.623771,16.069479],[120.622934,16.069198],[120.623221,16.06866],[120.623778,16.068937]]],[[[120.603033,16.069247],[120.604434,16.069263],[120.604431,16.069534],[120.60303,16.069518],[120.603033,16.069247]]],[[[120.701057,16.069],[120.701898,16.069009],[120.701611,16.069548],[120.701057,16.069]]],[[[120.704161,16.067136],[120.704442,16.067139],[120.704414,16.069578],[120.703293,16.069566],[120.703592,16.067943],[120.703875,16.067675],[120.704161,16.067136]]],[[[120.708643,16.067455],[120.708639,16.067726],[120.708914,16.068271],[120.709191,16.068545],[120.708901,16.069355],[120.708338,16.06962],[120.70835,16.068536],[120.70807,16.068533],[120.707783,16.069072],[120.7075,16.06934],[120.706656,16.069602],[120.706665,16.068789],[120.706945,16.068792],[120.707238,16.067711],[120.708082,16.067449],[120.708643,16.067455]]],[[[120.661618,16.068812],[120.661609,16.069625],[120.661329,16.069622],[120.661332,16.069351],[120.661618,16.068812]]],[[[120.619568,16.069432],[120.619564,16.069703],[120.619284,16.0697],[120.619287,16.069429],[120.619568,16.069432]]],[[[120.65237,16.06871],[120.652641,16.069526],[120.652077,16.069791],[120.65237,16.06871]]],[[[120.677042,16.068167],[120.677322,16.06817],[120.6776,16.068444],[120.677864,16.069802],[120.677304,16.069796],[120.677316,16.068712],[120.677042,16.068167]]],[[[120.658529,16.06932],[120.657682,16.069853],[120.657402,16.06985],[120.657978,16.068501],[120.658529,16.06932]]],[[[120.7075,16.06934],[120.70778,16.069343],[120.707774,16.069885],[120.707494,16.069882],[120.7075,16.06934]]],[[[120.67058,16.069451],[120.670574,16.069993],[120.670294,16.06999],[120.6703,16.069448],[120.67058,16.069451]]],[[[120.67367,16.068943],[120.674227,16.06922],[120.674217,16.070033],[120.67367,16.068943]]],[[[120.600785,16.069764],[120.600221,16.070029],[120.599947,16.069484],[120.600788,16.069493],[120.600785,16.069764]]],[[[120.656838,16.070114],[120.657122,16.069847],[120.657118,16.070117],[120.656838,16.070114]]],[[[120.661886,16.069899],[120.662166,16.069902],[120.662163,16.070173],[120.661886,16.069899]]],[[[120.615097,16.068298],[120.616498,16.068314],[120.616211,16.068853],[120.616478,16.06994],[120.615357,16.069927],[120.615084,16.069382],[120.615087,16.069111],[120.613969,16.068828],[120.613695,16.068283],[120.613979,16.068015],[120.614262,16.067747],[120.615097,16.068298]]],[[[120.68955,16.070231],[120.688429,16.070219],[120.688722,16.069138],[120.688165,16.068861],[120.688454,16.068051],[120.688183,16.067235],[120.688747,16.06697],[120.688738,16.067783],[120.689298,16.067789],[120.689566,16.068876],[120.68955,16.070231]]],[[[120.690114,16.069966],[120.690117,16.069695],[120.690397,16.069698],[120.690958,16.069704],[120.690671,16.070243],[120.690114,16.069966]]],[[[120.596858,16.069991],[120.596855,16.070262],[120.596574,16.070259],[120.596578,16.069988],[120.596858,16.069991]]],[[[120.597699,16.070001],[120.597695,16.070272],[120.597415,16.070268],[120.597699,16.070001]]],[[[120.671695,16.070006],[120.671131,16.07027],[120.671138,16.069729],[120.671695,16.070006]]],[[[120.678141,16.070076],[120.678138,16.070347],[120.677858,16.070344],[120.678141,16.070076]]],[[[120.701885,16.070093],[120.702162,16.070367],[120.701882,16.070364],[120.701885,16.070093]]],[[[120.657118,16.070117],[120.657396,16.070392],[120.657115,16.070388],[120.657118,16.070117]]],[[[120.608625,16.070394],[120.608345,16.070391],[120.608071,16.069846],[120.608912,16.069855],[120.608625,16.070394]]],[[[120.657959,16.070127],[120.657956,16.070398],[120.657676,16.070395],[120.657679,16.070124],[120.657959,16.070127]]],[[[120.66273,16.069637],[120.663001,16.070453],[120.662443,16.070176],[120.662447,16.069905],[120.66273,16.069637]]],[[[120.68591,16.06992],[120.685904,16.070462],[120.685623,16.070459],[120.68591,16.06992]]],[[[120.689831,16.070234],[120.689827,16.070505],[120.689547,16.070502],[120.68955,16.070231],[120.689831,16.070234]]],[[[120.601619,16.070316],[120.601055,16.07058],[120.601345,16.06977],[120.601902,16.070048],[120.601619,16.070316]]],[[[120.697395,16.070586],[120.697114,16.070583],[120.697121,16.070041],[120.697684,16.069776],[120.69769,16.069234],[120.698251,16.06924],[120.699089,16.06952],[120.698528,16.069514],[120.698242,16.070053],[120.697681,16.070047],[120.697395,16.070586]]],[[[120.627966,16.070338],[120.627962,16.070609],[120.627682,16.070606],[120.627685,16.070335],[120.627966,16.070338]]],[[[120.678138,16.070347],[120.678418,16.07035],[120.678415,16.070621],[120.678138,16.070347]]],[[[120.701882,16.070364],[120.701879,16.070635],[120.701602,16.070361],[120.701882,16.070364]]],[[[120.706927,16.070418],[120.706643,16.070686],[120.706647,16.070415],[120.706927,16.070418]]],[[[120.599654,16.070565],[120.59937,16.070832],[120.599374,16.070561],[120.599654,16.070565]]],[[[120.601619,16.070316],[120.601899,16.070319],[120.601893,16.070861],[120.601612,16.070857],[120.601619,16.070316]]],[[[120.677858,16.070344],[120.677571,16.070883],[120.677577,16.070341],[120.677858,16.070344]]],[[[120.59,16.070451],[120.590046,16.069729],[120.590336,16.06887],[120.590046,16.067653],[120.590168,16.066935],[120.590443,16.067386],[120.590606,16.067753],[120.590716,16.067931],[120.590873,16.06884],[120.590983,16.069112],[120.590861,16.06983],[120.59,16.070722],[120.59,16.070632],[120.59,16.070451]]],[[[120.683388,16.069893],[120.683098,16.070703],[120.682534,16.070968],[120.681697,16.070688],[120.681983,16.070149],[120.681989,16.069607],[120.682843,16.068532],[120.683123,16.068535],[120.683397,16.06908],[120.6834,16.068809],[120.683403,16.068538],[120.683428,16.06637],[120.683709,16.066373],[120.68398,16.067189],[120.684257,16.067463],[120.684241,16.068818],[120.683961,16.068815],[120.683945,16.07017],[120.683388,16.069893]]],[[[120.614507,16.070731],[120.616185,16.07102],[120.616189,16.070749],[120.616749,16.070756],[120.616466,16.071023],[120.616746,16.071027],[120.616739,16.071569],[120.616459,16.071565],[120.615615,16.071827],[120.615335,16.071824],[120.615612,16.072098],[120.615609,16.072369],[120.615605,16.07264],[120.613924,16.072621],[120.613927,16.07235],[120.612806,16.072338],[120.61308,16.072883],[120.61364,16.072889],[120.613917,16.073163],[120.614752,16.073714],[120.614748,16.073985],[120.615016,16.075072],[120.615573,16.07535],[120.615844,16.076166],[120.615277,16.076701],[120.616401,16.076443],[120.616678,16.076717],[120.616955,16.076991],[120.617235,16.076994],[120.617516,16.076997],[120.61807,16.077546],[120.618066,16.077817],[120.618063,16.078088],[120.618624,16.078094],[120.618627,16.077823],[120.619471,16.077561],[120.620308,16.077842],[120.620585,16.078116],[120.621146,16.078122],[120.621156,16.077309],[120.619754,16.077293],[120.620041,16.076755],[120.620321,16.076758],[120.620605,16.07649],[120.620608,16.076219],[120.621169,16.076225],[120.621449,16.076228],[120.622573,16.07597],[120.622286,16.076508],[120.622844,16.076786],[120.623404,16.076792],[120.624242,16.077072],[120.624235,16.077614],[120.62507,16.078165],[120.62563,16.078172],[120.626751,16.078184],[120.627032,16.078187],[120.627309,16.078461],[120.627863,16.07901],[120.628423,16.079016],[120.62842,16.079287],[120.627859,16.079281],[120.627573,16.079819],[120.62505,16.079791],[120.625044,16.080333],[120.624483,16.080327],[120.624203,16.080324],[120.623079,16.080582],[120.622805,16.080037],[120.622525,16.080034],[120.621404,16.080022],[120.621407,16.079751],[120.621127,16.079748],[120.620292,16.079196],[120.619171,16.079184],[120.618617,16.078636],[120.617216,16.07862],[120.617209,16.079162],[120.616375,16.078611],[120.616662,16.078072],[120.616101,16.078066],[120.614703,16.077779],[120.614423,16.077776],[120.613022,16.07776],[120.612748,16.077215],[120.613031,16.076947],[120.614152,16.07696],[120.613035,16.076676],[120.612754,16.076673],[120.612474,16.07667],[120.612197,16.076396],[120.611923,16.075851],[120.611363,16.075845],[120.609127,16.075278],[120.609121,16.07582],[120.608283,16.075539],[120.60829,16.074997],[120.607449,16.074988],[120.608003,16.075536],[120.60828,16.07581],[120.609114,16.076362],[120.609111,16.076633],[120.609388,16.076907],[120.609662,16.077452],[120.609659,16.077723],[120.608818,16.077713],[120.608547,16.076897],[120.607987,16.076891],[120.607996,16.076078],[120.607436,16.076072],[120.606325,16.075246],[120.606334,16.074433],[120.607172,16.074714],[120.606898,16.074169],[120.605777,16.074156],[120.605787,16.073343],[120.605233,16.072795],[120.606357,16.072537],[120.607195,16.072817],[120.606921,16.072272],[120.608589,16.073375],[120.60914,16.074194],[120.609411,16.07501],[120.609971,16.075016],[120.611372,16.075032],[120.611099,16.074487],[120.610258,16.074477],[120.610271,16.073393],[120.611666,16.073951],[120.611952,16.073412],[120.611969,16.072057],[120.611408,16.072051],[120.610848,16.072045],[120.610851,16.071774],[120.610854,16.071503],[120.611134,16.071506],[120.611415,16.071509],[120.611138,16.071235],[120.610857,16.071232],[120.610017,16.071223],[120.610303,16.070684],[120.610307,16.070413],[120.61031,16.070142],[120.610316,16.0696],[120.612549,16.070438],[120.612259,16.071248],[120.613383,16.070989],[120.613376,16.071531],[120.613653,16.071805],[120.613657,16.071534],[120.61422,16.071269],[120.614224,16.070999],[120.613666,16.070721],[120.61451,16.07046],[120.614507,16.070731]],[[120.612806,16.072338],[120.612529,16.072064],[120.612526,16.072335],[120.612806,16.072338]],[[120.61422,16.071269],[120.615055,16.071821],[120.615061,16.071279],[120.61422,16.071269]],[[120.610303,16.070684],[120.61058,16.070958],[120.610584,16.070687],[120.610303,16.070684]],[[120.612216,16.07477],[120.61249,16.075315],[120.613611,16.075328],[120.613618,16.074786],[120.61278,16.074506],[120.612216,16.07477]],[[120.614152,16.07696],[120.614713,16.076966],[120.614156,16.076689],[120.614152,16.07696]],[[120.614178,16.074792],[120.614465,16.074253],[120.613627,16.073973],[120.614178,16.074792]]],[[[120.665807,16.070212],[120.665797,16.071025],[120.665517,16.071022],[120.665807,16.070212]]],[[[120.616749,16.070756],[120.617026,16.07103],[120.616746,16.071027],[120.616749,16.070756]]],[[[120.603014,16.070873],[120.60245,16.071138],[120.602173,16.070864],[120.60302,16.070331],[120.603014,16.070873]]],[[[120.652341,16.071149],[120.652631,16.070339],[120.652622,16.071152],[120.652341,16.071149]]],[[[120.632443,16.07093],[120.63244,16.071201],[120.632163,16.070927],[120.632443,16.07093]]],[[[120.609736,16.071219],[120.610017,16.071223],[120.610571,16.071771],[120.610848,16.072045],[120.610844,16.072316],[120.610284,16.07231],[120.61029,16.071768],[120.609169,16.071755],[120.609456,16.071216],[120.609736,16.071219]]],[[[120.635806,16.070967],[120.635243,16.071232],[120.635532,16.070422],[120.635806,16.070967]]],[[[120.670294,16.06999],[120.669437,16.071336],[120.66945,16.070252],[120.66917,16.070249],[120.668893,16.069975],[120.668615,16.069701],[120.668622,16.069159],[120.669749,16.068629],[120.67002,16.069445],[120.670294,16.06999]]],[[[120.697388,16.071128],[120.697385,16.071399],[120.697105,16.071396],[120.697108,16.071125],[120.697388,16.071128]]],[[[120.652622,16.071152],[120.653192,16.070345],[120.653195,16.070074],[120.65322,16.067907],[120.653491,16.068723],[120.654048,16.069],[120.653762,16.069539],[120.654036,16.070084],[120.653179,16.071429],[120.652622,16.071152]]],[[[120.682534,16.070968],[120.683375,16.070977],[120.682808,16.071513],[120.682534,16.070968]]],[[[120.68449,16.071531],[120.684493,16.07126],[120.68477,16.071534],[120.68449,16.071531]]],[[[120.591243,16.070741],[120.591235,16.07146],[120.591233,16.071554],[120.590961,16.070915],[120.591243,16.070741]]],[[[120.642809,16.071315],[120.642246,16.07158],[120.642255,16.070767],[120.642809,16.071315]]],[[[120.690095,16.071592],[120.689538,16.071315],[120.689824,16.070776],[120.690095,16.071592]]],[[[120.652341,16.071149],[120.652055,16.071688],[120.651781,16.071143],[120.652341,16.071149]]],[[[120.68477,16.071534],[120.68505,16.071537],[120.685047,16.071808],[120.684767,16.071805],[120.68477,16.071534]]],[[[120.669437,16.071336],[120.669434,16.071607],[120.669431,16.071878],[120.668874,16.071601],[120.668877,16.07133],[120.669157,16.071333],[120.669437,16.071336]]],[[[120.650093,16.071667],[120.649809,16.071934],[120.649529,16.071931],[120.649262,16.070844],[120.649278,16.069489],[120.649825,16.07058],[120.650093,16.071667]]],[[[120.705227,16.072026],[120.704946,16.072023],[120.70523,16.071755],[120.705227,16.072026]]],[[[120.674199,16.071659],[120.674473,16.072204],[120.673632,16.072195],[120.674199,16.071659]]],[[[120.701057,16.069],[120.701047,16.069813],[120.701038,16.070626],[120.700755,16.070894],[120.701586,16.071716],[120.700748,16.071436],[120.700462,16.071974],[120.699338,16.072233],[120.699344,16.071691],[120.69794,16.071947],[120.697943,16.071676],[120.698503,16.071682],[120.699357,16.070607],[120.699378,16.068711],[120.698818,16.068705],[120.699114,16.067353],[120.699397,16.067085],[120.6994,16.066814],[120.699403,16.066543],[120.699964,16.066549],[120.699945,16.068175],[120.700216,16.068991],[120.700496,16.068994],[120.700518,16.067097],[120.700795,16.067371],[120.700783,16.068455],[120.70106,16.068729],[120.701057,16.069]]],[[[120.653453,16.071974],[120.653169,16.072242],[120.652612,16.071965],[120.653453,16.071974]]],[[[120.707774,16.069885],[120.708334,16.069891],[120.708325,16.070704],[120.71001,16.070451],[120.70916,16.071255],[120.708319,16.071246],[120.707755,16.071511],[120.707466,16.072321],[120.707469,16.07205],[120.706911,16.071773],[120.707481,16.070966],[120.707484,16.070695],[120.707487,16.070424],[120.707768,16.070427],[120.707771,16.070156],[120.707774,16.069885]]],[[[120.682799,16.072326],[120.682522,16.072052],[120.682805,16.071784],[120.682799,16.072326]]],[[[120.684767,16.071805],[120.684764,16.072076],[120.6842,16.072341],[120.68449,16.071531],[120.684767,16.071805]]],[[[120.696292,16.068948],[120.696576,16.06868],[120.696843,16.069767],[120.696557,16.070306],[120.695713,16.070568],[120.695722,16.069755],[120.695156,16.070291],[120.695165,16.069478],[120.694604,16.069472],[120.694875,16.070288],[120.694857,16.071914],[120.695131,16.072459],[120.694293,16.072179],[120.694309,16.070824],[120.693751,16.070547],[120.694044,16.069466],[120.694327,16.069198],[120.6949,16.06812],[120.696018,16.068403],[120.696292,16.068948]],[[120.696292,16.068948],[120.695455,16.068668],[120.695168,16.069207],[120.696286,16.06949],[120.696292,16.068948]]],[[[120.656838,16.070114],[120.656835,16.070385],[120.65681,16.072553],[120.656252,16.072276],[120.655988,16.070918],[120.655427,16.070912],[120.655431,16.070641],[120.655994,16.070376],[120.656548,16.070924],[120.656838,16.070114]]],[[[120.63272,16.071204],[120.633278,16.071481],[120.633545,16.072568],[120.633265,16.072565],[120.632437,16.071472],[120.63272,16.071204]]],[[[120.634949,16.072313],[120.634386,16.072577],[120.634399,16.071494],[120.634962,16.071229],[120.634949,16.072313]]],[[[120.611121,16.07259],[120.611125,16.072319],[120.611405,16.072322],[120.611121,16.07259]]],[[[120.685608,16.071814],[120.686168,16.07182],[120.686159,16.072633],[120.685598,16.072627],[120.685608,16.071814]]],[[[120.665221,16.072374],[120.665501,16.072377],[120.665218,16.072645],[120.664937,16.072642],[120.665221,16.072374]]],[[[120.592625,16.072383],[120.592229,16.072649],[120.592061,16.072647],[120.592062,16.072553],[120.591791,16.071831],[120.592635,16.07157],[120.592625,16.072383]]],[[[120.619812,16.072416],[120.619249,16.072681],[120.6198,16.0735],[120.619513,16.074039],[120.618959,16.07349],[120.617838,16.073478],[120.617284,16.07293],[120.617271,16.074014],[120.616163,16.072917],[120.61729,16.072388],[120.61786,16.071581],[120.61815,16.070771],[120.61759,16.070765],[120.617873,16.070497],[120.618437,16.070232],[120.618717,16.070236],[120.619275,16.070513],[120.619281,16.069971],[120.619564,16.069703],[120.619838,16.070248],[120.620676,16.070528],[120.620112,16.070793],[120.620386,16.071338],[120.621784,16.071625],[120.621781,16.071896],[120.62066,16.071883],[120.620093,16.072419],[120.619812,16.072416]],[[120.619275,16.070513],[120.618431,16.070774],[120.618704,16.071319],[120.619548,16.071058],[120.619275,16.070513]],[[120.61786,16.071581],[120.618134,16.072126],[120.618978,16.071865],[120.618137,16.071855],[120.61786,16.071581]]],[[[120.669421,16.072691],[120.669141,16.072688],[120.669425,16.07242],[120.669421,16.072691]]],[[[120.622615,16.072447],[120.622612,16.072718],[120.622054,16.072441],[120.622615,16.072447]]],[[[120.653453,16.071974],[120.654297,16.071713],[120.654284,16.072797],[120.653724,16.07279],[120.654013,16.071981],[120.653453,16.071974]]],[[[120.702134,16.072806],[120.70215,16.071451],[120.702153,16.07118],[120.701876,16.070906],[120.702436,16.070912],[120.702997,16.070918],[120.703258,16.072547],[120.702134,16.072806]]],[[[120.611121,16.07259],[120.611118,16.072861],[120.610838,16.072858],[120.610841,16.072587],[120.611121,16.07259]]],[[[120.690095,16.071592],[120.690649,16.07214],[120.69064,16.072953],[120.690366,16.072408],[120.688965,16.072393],[120.688407,16.072116],[120.688136,16.0713],[120.688697,16.071306],[120.688691,16.071848],[120.690095,16.071592]]],[[[120.700459,16.072245],[120.70073,16.073061],[120.700172,16.072784],[120.700459,16.072245]]],[[[120.671664,16.072715],[120.671377,16.073254],[120.671097,16.073251],[120.67082,16.072977],[120.671664,16.072715]]],[[[120.69793,16.07276],[120.698485,16.073308],[120.697644,16.073299],[120.69793,16.07276]]],[[[120.603265,16.073315],[120.602991,16.07277],[120.603271,16.072773],[120.603265,16.073315]]],[[[120.6313,16.072814],[120.631574,16.073359],[120.631293,16.073356],[120.6313,16.072814]]],[[[120.658214,16.072298],[120.658762,16.073388],[120.658482,16.073385],[120.657931,16.072566],[120.658214,16.072298]]],[[[120.668297,16.07295],[120.668291,16.073492],[120.668011,16.073489],[120.668297,16.07295]]],[[[120.695965,16.07301],[120.695679,16.073549],[120.695398,16.073546],[120.695688,16.072736],[120.695701,16.071652],[120.696264,16.071387],[120.696544,16.07139],[120.696529,16.072745],[120.696249,16.072742],[120.695965,16.07301]]],[[[120.673903,16.073011],[120.673899,16.073282],[120.673896,16.073553],[120.673619,16.073279],[120.673903,16.073011]]],[[[120.695965,16.07301],[120.696245,16.073013],[120.696519,16.073558],[120.695959,16.073552],[120.695965,16.07301]]],[[[120.651472,16.073579],[120.651485,16.072495],[120.652052,16.071959],[120.652045,16.072501],[120.652042,16.072772],[120.651472,16.073579]]],[[[120.680607,16.067966],[120.680576,16.070676],[120.68085,16.071221],[120.679719,16.072022],[120.6797,16.073647],[120.67942,16.073644],[120.679146,16.073099],[120.678875,16.072283],[120.679445,16.071477],[120.679473,16.069038],[120.67976,16.068499],[120.68032,16.068505],[120.680607,16.067966]]],[[[120.634949,16.072313],[120.63522,16.073129],[120.636054,16.07368],[120.635214,16.073671],[120.63466,16.073123],[120.634949,16.072313]]],[[[120.685586,16.073711],[120.685589,16.07344],[120.685866,16.073714],[120.685586,16.073711]]],[[[120.685592,16.073169],[120.686436,16.072907],[120.686707,16.073723],[120.686146,16.073717],[120.686153,16.073175],[120.685592,16.073169]]],[[[120.664934,16.072913],[120.665208,16.073458],[120.664925,16.073726],[120.664644,16.073723],[120.664934,16.072913]]],[[[120.59429,16.073756],[120.594561,16.074572],[120.59372,16.074563],[120.593733,16.073479],[120.593172,16.073473],[120.593185,16.072389],[120.593743,16.072666],[120.593752,16.071853],[120.594313,16.07186],[120.59459,16.072134],[120.594867,16.072408],[120.59486,16.07295],[120.594023,16.072669],[120.594293,16.073485],[120.59429,16.073756]]],[[[120.691191,16.073772],[120.690911,16.073769],[120.690634,16.073495],[120.690637,16.073224],[120.691481,16.072962],[120.691191,16.073772]]],[[[120.673339,16.073276],[120.673052,16.073815],[120.672781,16.072999],[120.673339,16.073276]]],[[[120.676976,16.073857],[120.676985,16.073044],[120.677256,16.07386],[120.676976,16.073857]]],[[[120.592061,16.072647],[120.592059,16.072824],[120.592226,16.072826],[120.592612,16.073466],[120.592095,16.073909],[120.592095,16.073908],[120.592052,16.073834],[120.591798,16.073453],[120.591776,16.073422],[120.591745,16.073362],[120.591685,16.073232],[120.591945,16.072917],[120.592061,16.072647]]],[[[120.633542,16.072839],[120.634102,16.072845],[120.63437,16.073932],[120.633532,16.073652],[120.633261,16.072836],[120.633542,16.072839]]],[[[120.662402,16.073699],[120.662399,16.073969],[120.662119,16.073966],[120.662122,16.073695],[120.662402,16.073699]]],[[[120.689232,16.07348],[120.688949,16.073748],[120.688678,16.072932],[120.689519,16.072941],[120.689232,16.07348]]],[[[120.653437,16.073329],[120.652876,16.073323],[120.652587,16.074133],[120.652319,16.073046],[120.653166,16.072513],[120.653443,16.072787],[120.653437,16.073329]]],[[[120.701561,16.073883],[120.701558,16.074154],[120.701278,16.074151],[120.701561,16.073883]]],[[[120.654284,16.072797],[120.654552,16.073884],[120.654548,16.074155],[120.654275,16.07361],[120.653437,16.073329],[120.653997,16.073335],[120.654281,16.073068],[120.654284,16.072797]]],[[[120.702134,16.072806],[120.702119,16.07416],[120.701838,16.074157],[120.701561,16.073883],[120.701567,16.073341],[120.702134,16.072806]]],[[[120.692646,16.06918],[120.69263,16.070535],[120.692907,16.070809],[120.693169,16.072438],[120.693147,16.074335],[120.692596,16.073516],[120.692621,16.071348],[120.692073,16.070258],[120.691512,16.070252],[120.691799,16.069713],[120.692359,16.069719],[120.692646,16.06918]]],[[[120.651472,16.073579],[120.651182,16.074389],[120.650908,16.073844],[120.651472,16.073579]]],[[[120.705227,16.072026],[120.705793,16.07149],[120.706354,16.071496],[120.70607,16.071764],[120.706055,16.073119],[120.705775,16.073116],[120.705214,16.07311],[120.705485,16.073926],[120.705482,16.074197],[120.705199,16.074465],[120.704361,16.074185],[120.704644,16.073917],[120.704925,16.07392],[120.704937,16.072836],[120.70522,16.072568],[120.705501,16.072571],[120.705223,16.072297],[120.705227,16.072026]]],[[[120.669403,16.074317],[120.669399,16.074588],[120.669122,16.074314],[120.669403,16.074317]]],[[[120.64788,16.069203],[120.647867,16.070287],[120.648427,16.070293],[120.648695,16.07138],[120.648669,16.073548],[120.648096,16.074626],[120.647816,16.074623],[120.647539,16.074349],[120.647822,16.074081],[120.648115,16.073],[120.647835,16.072997],[120.64786,16.070829],[120.646746,16.070275],[120.646759,16.069191],[120.647325,16.068655],[120.647052,16.06811],[120.647615,16.067845],[120.64788,16.069203]]],[[[120.655106,16.074432],[120.655103,16.074703],[120.654826,16.074429],[120.655106,16.074432]]],[[[120.705199,16.074465],[120.705479,16.074468],[120.705195,16.074736],[120.705199,16.074465]]],[[[120.681952,16.072859],[120.681668,16.073127],[120.682493,16.074491],[120.681933,16.074485],[120.681939,16.073943],[120.681098,16.073934],[120.680528,16.074741],[120.680251,16.074466],[120.680538,16.073928],[120.680554,16.072573],[120.681413,16.070956],[120.681974,16.070962],[120.682241,16.072049],[120.681952,16.072859]]],[[[120.7083,16.072872],[120.708291,16.073685],[120.709132,16.073694],[120.709129,16.073965],[120.709126,16.074236],[120.708559,16.074772],[120.708285,16.074227],[120.707721,16.074492],[120.707444,16.074218],[120.707173,16.073402],[120.70774,16.072866],[120.7083,16.072872]]],[[[120.662112,16.074508],[120.66239,16.074782],[120.662109,16.074779],[120.662112,16.074508]]],[[[120.685586,16.073711],[120.685583,16.073982],[120.68558,16.074253],[120.685293,16.074792],[120.685306,16.073708],[120.685586,16.073711]]],[[[120.687261,16.074271],[120.687255,16.074813],[120.686694,16.074807],[120.687261,16.074271]]],[[[120.690905,16.074311],[120.691185,16.074314],[120.691179,16.074856],[120.690618,16.07485],[120.690905,16.074311]]],[[[120.695666,16.074633],[120.695953,16.074094],[120.696513,16.0741],[120.696507,16.074642],[120.695666,16.074633]]],[[[120.697071,16.074377],[120.698192,16.074389],[120.698186,16.074931],[120.697068,16.074648],[120.697071,16.074377]]],[[[120.650896,16.074928],[120.651179,16.07466],[120.651456,16.074934],[120.650896,16.074928]]],[[[120.67942,16.073644],[120.679688,16.074731],[120.678844,16.074993],[120.678859,16.073638],[120.67942,16.073644]]],[[[120.685293,16.074792],[120.68501,16.07506],[120.685013,16.074789],[120.685293,16.074792]]],[[[120.596268,16.072424],[120.596816,16.073514],[120.596803,16.074598],[120.597357,16.075146],[120.596242,16.074591],[120.596252,16.073778],[120.595701,16.072959],[120.595134,16.073495],[120.595427,16.072414],[120.595708,16.072417],[120.595988,16.07242],[120.596268,16.072424]]],[[[120.650896,16.074928],[120.650892,16.075199],[120.650612,16.075195],[120.650896,16.074928]]],[[[120.651456,16.074934],[120.651743,16.074395],[120.652583,16.074404],[120.652577,16.074946],[120.652297,16.074943],[120.651453,16.075205],[120.651456,16.074934]]],[[[120.627911,16.074945],[120.628471,16.074951],[120.628468,16.075222],[120.627911,16.074945]]],[[[120.699042,16.073585],[120.699319,16.073859],[120.700163,16.073597],[120.700437,16.074142],[120.700144,16.075223],[120.699304,16.075214],[120.699313,16.074401],[120.698752,16.074395],[120.699042,16.073585]]],[[[120.629309,16.075231],[120.628748,16.075225],[120.628752,16.074954],[120.629309,16.075231]]],[[[120.65538,16.074977],[120.655377,16.075248],[120.655099,16.074974],[120.65538,16.074977]]],[[[120.658459,16.075281],[120.658463,16.075011],[120.658743,16.075014],[120.658459,16.075281]]],[[[120.648927,16.075448],[120.649217,16.074638],[120.649208,16.075451],[120.648927,16.075448]]],[[[120.652574,16.075217],[120.652571,16.075488],[120.652294,16.075214],[120.652574,16.075217]]],[[[120.653412,16.075497],[120.652851,16.075491],[120.652854,16.07522],[120.653412,16.075497]]],[[[120.701278,16.074151],[120.701272,16.074693],[120.701546,16.075238],[120.700982,16.075503],[120.700994,16.074419],[120.701278,16.074151]]],[[[120.704361,16.074185],[120.704638,16.074459],[120.704626,16.075543],[120.704345,16.07554],[120.704071,16.074995],[120.703785,16.075533],[120.703224,16.075527],[120.70295,16.074982],[120.703514,16.074718],[120.70352,16.074176],[120.704361,16.074185]]],[[[120.592872,16.075543],[120.593054,16.075906],[120.593073,16.075906],[120.593147,16.075972],[120.593147,16.075997],[120.593052,16.076087],[120.592408,16.075266],[120.59241,16.075086],[120.592414,16.074815],[120.592506,16.074932],[120.592505,16.074996],[120.592555,16.075087],[120.592596,16.075219],[120.592611,16.075269],[120.592686,16.07543],[120.592686,16.07545],[120.592779,16.075542],[120.592872,16.075543]]],[[[120.661542,16.075315],[120.661259,16.075583],[120.661262,16.075312],[120.661542,16.075315]]],[[[120.683882,16.07559],[120.683602,16.075587],[120.683331,16.074771],[120.683621,16.073961],[120.684458,16.074241],[120.684455,16.074512],[120.683892,16.074777],[120.683885,16.075319],[120.683882,16.07559]]],[[[120.684163,16.075593],[120.684166,16.075322],[120.684446,16.075325],[120.684443,16.075596],[120.684163,16.075593]]],[[[120.693695,16.075425],[120.693131,16.07569],[120.693418,16.075151],[120.693704,16.074612],[120.693707,16.074341],[120.694829,16.074353],[120.694822,16.074895],[120.694262,16.074889],[120.694255,16.075431],[120.693695,16.075425]]],[[[120.650612,16.075195],[120.650609,16.075466],[120.650048,16.07546],[120.650612,16.075195]]],[[[120.684163,16.075593],[120.683879,16.075861],[120.683882,16.07559],[120.684163,16.075593]]],[[[120.664638,16.074265],[120.664918,16.074268],[120.664899,16.075894],[120.664619,16.075891],[120.664638,16.074265]]],[[[120.61893,16.075929],[120.618099,16.075107],[120.617535,16.075372],[120.617545,16.074559],[120.618385,16.074568],[120.61893,16.075929]]],[[[120.690618,16.07485],[120.690892,16.075395],[120.690606,16.075934],[120.690045,16.075928],[120.690061,16.074573],[120.690618,16.07485]]],[[[120.695666,16.074633],[120.695383,16.074901],[120.69537,16.075985],[120.69509,16.075982],[120.694816,16.075437],[120.695099,16.075169],[120.695389,16.074359],[120.695666,16.074633]]],[[[120.651453,16.075205],[120.651163,16.076015],[120.650889,16.07547],[120.650892,16.075199],[120.651453,16.075205]]],[[[120.698173,16.076015],[120.697896,16.075741],[120.697902,16.075199],[120.698743,16.075208],[120.698453,16.076018],[120.698173,16.076015]]],[[[120.602955,16.075751],[120.602952,16.076022],[120.602672,16.076019],[120.602955,16.075751]]],[[[120.653412,16.075497],[120.653966,16.076045],[120.653685,16.076042],[120.653408,16.075768],[120.653412,16.075497]]],[[[120.655647,16.076064],[120.65537,16.07579],[120.65565,16.075793],[120.655647,16.076064]]],[[[120.703224,16.075527],[120.703498,16.076072],[120.702657,16.076063],[120.703224,16.075527]]],[[[120.646679,16.075965],[120.646115,16.07623],[120.646125,16.075417],[120.645571,16.074869],[120.643892,16.074579],[120.643911,16.072954],[120.643631,16.072951],[120.64365,16.071325],[120.642809,16.071315],[120.64338,16.070509],[120.643653,16.071054],[120.644778,16.070795],[120.644513,16.069437],[120.644794,16.06944],[120.645911,16.069723],[120.645889,16.07162],[120.64645,16.071626],[120.646994,16.072988],[120.646153,16.072978],[120.64644,16.072439],[120.645319,16.072427],[120.645045,16.071882],[120.645026,16.073508],[120.644462,16.073773],[120.645293,16.074595],[120.645577,16.074327],[120.645854,16.074601],[120.646131,16.074875],[120.646688,16.075152],[120.646679,16.075965]],[[120.644208,16.071602],[120.645048,16.071611],[120.645055,16.071069],[120.644208,16.071602]]],[[[120.69509,16.075982],[120.695087,16.076253],[120.694807,16.07625],[120.69509,16.075982]]],[[[120.649765,16.075728],[120.649478,16.076267],[120.649198,16.076264],[120.649208,16.075451],[120.649488,16.075454],[120.649765,16.075728]]],[[[120.698173,16.076015],[120.69817,16.076286],[120.697893,16.076012],[120.698173,16.076015]]],[[[120.655647,16.076064],[120.655924,16.076338],[120.655644,16.076335],[120.655647,16.076064]]],[[[120.686959,16.076165],[120.686956,16.076436],[120.686676,16.076433],[120.686959,16.076165]]],[[[120.667419,16.076192],[120.667415,16.076463],[120.667138,16.076189],[120.667419,16.076192]]],[[[120.6691,16.076211],[120.669384,16.075943],[120.670243,16.074326],[120.669403,16.074317],[120.669421,16.072691],[120.669705,16.072423],[120.669711,16.071881],[120.670832,16.071893],[120.670829,16.072164],[120.670549,16.072161],[120.67053,16.073787],[120.67081,16.07379],[120.670794,16.075145],[120.670511,16.075413],[120.670508,16.075684],[120.670785,16.075958],[120.670769,16.077313],[120.670489,16.07731],[120.670473,16.078665],[120.671034,16.078671],[120.671049,16.077316],[120.671607,16.077593],[120.671893,16.077054],[120.671874,16.07868],[120.671311,16.078945],[120.67046,16.079749],[120.67018,16.079746],[120.670193,16.078662],[120.669635,16.078385],[120.669368,16.077298],[120.669371,16.077027],[120.669094,16.076753],[120.669097,16.076482],[120.668817,16.076479],[120.668536,16.076476],[120.667419,16.076192],[120.667428,16.075379],[120.667989,16.075386],[120.667982,16.075928],[120.6691,16.076211]],[[120.669658,16.076488],[120.669925,16.077575],[120.670492,16.077039],[120.670501,16.076226],[120.669658,16.076488]]],[[[120.603789,16.076302],[120.604066,16.076576],[120.603786,16.076573],[120.603789,16.076302]]],[[[120.704622,16.075814],[120.704626,16.075543],[120.705195,16.074736],[120.705473,16.07501],[120.70518,16.076091],[120.706024,16.075829],[120.706307,16.075561],[120.706588,16.075564],[120.706868,16.075567],[120.706862,16.076109],[120.706021,16.0761],[120.706018,16.076371],[120.705451,16.076906],[120.705725,16.077451],[120.705719,16.077993],[120.704594,16.078252],[120.704317,16.077978],[120.70432,16.077707],[120.704607,16.077168],[120.704619,16.076085],[120.704053,16.07662],[120.704342,16.075811],[120.704622,16.075814]]],[[[120.610793,16.076651],[120.610512,16.076648],[120.610235,16.076374],[120.609678,16.076097],[120.609684,16.075555],[120.610799,16.076109],[120.610793,16.076651]]],[[[120.636309,16.075851],[120.638268,16.076144],[120.637984,16.076411],[120.636309,16.075851]]],[[[120.687236,16.076439],[120.687233,16.07671],[120.686956,16.076436],[120.687236,16.076439]]],[[[120.693128,16.075961],[120.693689,16.075967],[120.693679,16.07678],[120.693128,16.075961]]],[[[120.597353,16.075417],[120.598468,16.075971],[120.597897,16.076778],[120.597343,16.07623],[120.597353,16.075417]]],[[[120.67274,16.076521],[120.673021,16.076524],[120.672737,16.076792],[120.67274,16.076521]]],[[[120.702657,16.076063],[120.702648,16.076876],[120.701807,16.076867],[120.702657,16.076063]]],[[[120.655921,16.076609],[120.655918,16.07688],[120.655638,16.076877],[120.655641,16.076606],[120.655921,16.076609]]],[[[120.609388,16.076907],[120.609391,16.076636],[120.609672,16.076639],[120.609668,16.07691],[120.609388,16.076907]]],[[[120.686676,16.076433],[120.686672,16.076704],[120.686389,16.076972],[120.686115,16.076427],[120.686676,16.076433]]],[[[120.666008,16.07699],[120.665727,16.076987],[120.665731,16.076716],[120.666008,16.07699]]],[[[120.641905,16.076726],[120.64078,16.076984],[120.64079,16.076171],[120.639109,16.076153],[120.639398,16.075343],[120.63829,16.074247],[120.638026,16.072889],[120.638867,16.072898],[120.638851,16.074253],[120.640806,16.074816],[120.64107,16.076174],[120.641905,16.076726]]],[[[120.643879,16.075663],[120.643863,16.077018],[120.643303,16.077012],[120.643312,16.076199],[120.643879,16.075663]]],[[[120.644711,16.076486],[120.644424,16.077024],[120.644153,16.076208],[120.644714,16.076215],[120.644711,16.076486]]],[[[120.672737,16.076792],[120.672734,16.077063],[120.672457,16.076789],[120.672737,16.076792]]],[[[120.609668,16.07691],[120.609949,16.076913],[120.609945,16.077184],[120.609665,16.077181],[120.609668,16.07691]]],[[[120.610226,16.077187],[120.610229,16.076916],[120.610509,16.076919],[120.610506,16.07719],[120.610226,16.077187]]],[[[120.691431,16.077298],[120.690877,16.07675],[120.690883,16.076208],[120.691169,16.075669],[120.691456,16.07513],[120.691733,16.075404],[120.691717,16.076759],[120.691431,16.077298]]],[[[120.694807,16.07625],[120.695364,16.076527],[120.6948,16.076792],[120.694794,16.077334],[120.694523,16.076518],[120.694807,16.07625]]],[[[120.651714,16.076834],[120.651708,16.077376],[120.651427,16.077373],[120.651434,16.076831],[120.651714,16.076834]]],[[[120.701807,16.076867],[120.701801,16.077409],[120.701521,16.077406],[120.701807,16.076867]]],[[[120.610226,16.077187],[120.609942,16.077455],[120.609945,16.077184],[120.610226,16.077187]]],[[[120.684147,16.076948],[120.684141,16.07749],[120.683863,16.077216],[120.683019,16.077478],[120.683309,16.076668],[120.68415,16.076677],[120.684147,16.076948]]],[[[120.616401,16.076443],[120.616134,16.075356],[120.616968,16.075907],[120.617809,16.075917],[120.618363,16.076465],[120.61864,16.076739],[120.61892,16.076742],[120.61891,16.077555],[120.618353,16.077278],[120.618073,16.077275],[120.617516,16.076997],[120.617238,16.076723],[120.616958,16.07672],[120.616681,16.076446],[120.616401,16.076443]]],[[[120.649198,16.076264],[120.649195,16.076535],[120.649462,16.077622],[120.648905,16.077345],[120.648631,16.0768],[120.648918,16.076261],[120.649198,16.076264]]],[[[120.627605,16.07711],[120.627038,16.077645],[120.62621,16.076552],[120.62649,16.076555],[120.626771,16.076558],[120.627605,16.07711]]],[[[120.637131,16.077486],[120.637127,16.077757],[120.63685,16.077483],[120.637131,16.077486]]],[[[120.663766,16.076966],[120.6646,16.077517],[120.664597,16.077788],[120.664317,16.077785],[120.663766,16.076966]]],[[[120.693667,16.077864],[120.693393,16.077319],[120.693953,16.077325],[120.693667,16.077864]]],[[[120.696189,16.077891],[120.695909,16.077888],[120.695915,16.077346],[120.696189,16.077891]]],[[[120.594246,16.077816],[120.594152,16.077906],[120.59397,16.077452],[120.593971,16.077362],[120.594255,16.077094],[120.594246,16.077816]]],[[[120.700119,16.077391],[120.700393,16.077936],[120.699833,16.07793],[120.700119,16.077391]]],[[[120.655909,16.077693],[120.655905,16.077964],[120.655625,16.077961],[120.655628,16.07769],[120.655909,16.077693]]],[[[120.681631,16.076379],[120.68079,16.076369],[120.68078,16.077182],[120.681332,16.078001],[120.680771,16.077995],[120.680777,16.077453],[120.680214,16.077718],[120.679653,16.077712],[120.679681,16.075273],[120.679955,16.075818],[120.68108,16.07556],[120.681917,16.07584],[120.681631,16.076379]]],[[[120.61078,16.077735],[120.610776,16.078006],[120.610499,16.077732],[120.61078,16.077735]]],[[[120.637408,16.07776],[120.637131,16.077486],[120.637134,16.077215],[120.637971,16.077495],[120.638229,16.079395],[120.637388,16.079386],[120.637115,16.078841],[120.637405,16.078031],[120.637127,16.077757],[120.637408,16.07776]]],[[[120.686389,16.076972],[120.686669,16.076975],[120.686663,16.077517],[120.687224,16.077523],[120.687217,16.078065],[120.68638,16.077785],[120.686102,16.077511],[120.686389,16.076972]]],[[[120.691431,16.077298],[120.692262,16.07812],[120.691702,16.078114],[120.691431,16.077298]]],[[[120.648615,16.078155],[120.648895,16.078158],[120.648612,16.078426],[120.648615,16.078155]]],[[[120.70684,16.078005],[120.705993,16.078538],[120.706005,16.077454],[120.705725,16.077451],[120.706289,16.077187],[120.707142,16.076112],[120.706868,16.075567],[120.706591,16.075293],[120.707441,16.074489],[120.707721,16.074492],[120.707428,16.075573],[120.708559,16.074772],[120.708553,16.075314],[120.707989,16.075579],[120.707696,16.07666],[120.707413,16.076928],[120.706843,16.077735],[120.70684,16.078005]]],[[[120.616101,16.078066],[120.616382,16.078069],[120.616375,16.078611],[120.616101,16.078066]]],[[[120.688647,16.075641],[120.689478,16.076464],[120.689466,16.077547],[120.68974,16.078092],[120.688905,16.077541],[120.688915,16.076728],[120.688354,16.076722],[120.688338,16.078077],[120.688052,16.078616],[120.687772,16.078613],[120.687775,16.078342],[120.687781,16.0778],[120.688061,16.077803],[120.688074,16.076719],[120.687236,16.076439],[120.686959,16.076165],[120.687809,16.075361],[120.68837,16.075367],[120.688379,16.074554],[120.688659,16.074558],[120.688647,16.075641]]],[[[120.692539,16.078394],[120.692817,16.078668],[120.692536,16.078665],[120.692539,16.078394]]],[[[120.697024,16.078442],[120.696183,16.078433],[120.6959,16.078701],[120.695619,16.078698],[120.695906,16.078159],[120.696189,16.077891],[120.696753,16.077626],[120.697024,16.078442]]],[[[120.606002,16.078766],[120.605445,16.078489],[120.605738,16.077408],[120.606022,16.07714],[120.606302,16.077143],[120.606579,16.077417],[120.606572,16.077959],[120.606846,16.078504],[120.606282,16.078769],[120.606002,16.078766]]],[[[120.680771,16.077995],[120.680765,16.078537],[120.679921,16.078799],[120.67965,16.077983],[120.680491,16.077992],[120.680771,16.077995]]],[[[120.635156,16.078548],[120.634315,16.078539],[120.634328,16.077455],[120.634889,16.077461],[120.63572,16.078284],[120.636557,16.078564],[120.636828,16.07938],[120.636548,16.079377],[120.635713,16.078825],[120.635436,16.078551],[120.635433,16.078822],[120.635156,16.078548]]],[[[120.70684,16.078005],[120.707958,16.078289],[120.707952,16.07883],[120.707111,16.078821],[120.70684,16.078005]]],[[[120.666552,16.078351],[120.666826,16.078896],[120.666266,16.07889],[120.666552,16.078351]]],[[[120.648045,16.078961],[120.648048,16.07869],[120.648609,16.078697],[120.648325,16.078965],[120.648045,16.078961]]],[[[120.67583,16.076013],[120.676113,16.075745],[120.676954,16.075754],[120.676387,16.07629],[120.676384,16.076561],[120.676368,16.077916],[120.675808,16.07791],[120.675518,16.07872],[120.675537,16.077094],[120.674696,16.077085],[120.674403,16.078166],[120.674674,16.078982],[120.673833,16.078973],[120.673849,16.077618],[120.67441,16.077624],[120.674139,16.076808],[120.674702,16.076543],[120.674709,16.076001],[120.67583,16.076013]]],[[[120.652813,16.078743],[120.653093,16.078746],[120.653373,16.078749],[120.65337,16.07902],[120.65309,16.079017],[120.652813,16.078743]]],[[[120.631786,16.079053],[120.63179,16.078782],[120.63207,16.078785],[120.632067,16.079056],[120.631786,16.079053]]],[[[120.659259,16.078813],[120.659539,16.078817],[120.659536,16.079088],[120.659259,16.078813]]],[[[120.65982,16.07882],[120.660657,16.0791],[120.659816,16.079091],[120.65982,16.07882]]],[[[120.68638,16.077785],[120.686364,16.07914],[120.686084,16.079137],[120.686099,16.077782],[120.68638,16.077785]]],[[[120.671874,16.07868],[120.672148,16.079225],[120.671868,16.079222],[120.671874,16.07868]]],[[[120.693654,16.078948],[120.694495,16.078957],[120.694212,16.079225],[120.693651,16.079219],[120.693654,16.078948]]],[[[120.628423,16.079016],[120.628149,16.078471],[120.629264,16.079025],[120.628981,16.079293],[120.628423,16.079016]]],[[[120.705426,16.079074],[120.705993,16.078538],[120.70598,16.079622],[120.705417,16.079887],[120.70542,16.079616],[120.705423,16.079345],[120.705143,16.079342],[120.705146,16.079071],[120.705426,16.079074]]],[[[120.690008,16.079179],[120.690011,16.078908],[120.690852,16.078918],[120.690845,16.07946],[120.690008,16.079179]]],[[[120.638229,16.079395],[120.638506,16.079669],[120.638226,16.079666],[120.638229,16.079395]]],[[[120.686364,16.07914],[120.686638,16.079685],[120.686358,16.079682],[120.686364,16.07914]]],[[[120.688326,16.079161],[120.688883,16.079438],[120.68832,16.079703],[120.688326,16.079161]]],[[[120.666826,16.078896],[120.667107,16.078899],[120.667103,16.07917],[120.667097,16.079712],[120.666826,16.078896]]],[[[120.61749,16.079165],[120.619168,16.079455],[120.619165,16.079726],[120.617483,16.079707],[120.617486,16.079436],[120.61749,16.079165]]],[[[120.671868,16.079222],[120.671865,16.079493],[120.671862,16.079764],[120.671588,16.079219],[120.671868,16.079222]]],[[[120.699279,16.077382],[120.699559,16.077385],[120.699546,16.078469],[120.698983,16.078734],[120.698976,16.079276],[120.698696,16.079273],[120.698422,16.078728],[120.698715,16.077647],[120.697871,16.077909],[120.698145,16.078454],[120.697858,16.078993],[120.697855,16.079264],[120.697569,16.079803],[120.697292,16.079529],[120.697018,16.078984],[120.697021,16.078713],[120.697024,16.078442],[120.697588,16.078177],[120.697597,16.077364],[120.698157,16.07737],[120.698167,16.076557],[120.698441,16.077102],[120.698727,16.076563],[120.699285,16.07684],[120.699279,16.077382]]],[[[120.63514,16.079903],[120.63486,16.0799],[120.634583,16.079626],[120.635143,16.079632],[120.63514,16.079903]]],[[[120.660928,16.079916],[120.660934,16.079374],[120.661208,16.079919],[120.660928,16.079916]]],[[[120.662333,16.07966],[120.662329,16.079931],[120.662049,16.079928],[120.662333,16.07966]]],[[[120.687772,16.078613],[120.687482,16.079423],[120.687756,16.079968],[120.687198,16.079691],[120.686931,16.078604],[120.687772,16.078613]]],[[[120.648045,16.078961],[120.648319,16.079506],[120.648593,16.080052],[120.648313,16.080048],[120.648032,16.080045],[120.647755,16.079771],[120.647198,16.079494],[120.646934,16.078136],[120.647214,16.078139],[120.64723,16.076784],[120.646669,16.076778],[120.646679,16.075965],[120.647239,16.075971],[120.646969,16.075155],[120.648093,16.074897],[120.648071,16.076794],[120.648628,16.077071],[120.648615,16.078155],[120.648051,16.078419],[120.647768,16.078687],[120.648045,16.078961]]],[[[120.697292,16.079529],[120.697285,16.080071],[120.697005,16.080068],[120.697292,16.079529]]],[[[120.65308,16.07983],[120.653077,16.080101],[120.6528,16.079827],[120.65308,16.07983]]],[[[120.629254,16.079838],[120.629815,16.079844],[120.629812,16.080115],[120.630649,16.080395],[120.630086,16.08066],[120.628404,16.080642],[120.628691,16.080103],[120.628133,16.079826],[120.62842,16.079287],[120.628981,16.079293],[120.629254,16.079838]]],[[[120.701493,16.079845],[120.70149,16.080116],[120.701209,16.080113],[120.701493,16.079845]]],[[[120.631216,16.07986],[120.631213,16.080131],[120.630933,16.080128],[120.631216,16.07986]]],[[[120.63514,16.079903],[120.63542,16.079906],[120.635137,16.080174],[120.63514,16.079903]]],[[[120.660367,16.07991],[120.660364,16.080181],[120.660084,16.080178],[120.660087,16.079907],[120.660367,16.07991]]],[[[120.660928,16.079916],[120.660925,16.080187],[120.660645,16.080184],[120.660648,16.079913],[120.660928,16.079916]]],[[[120.685791,16.080218],[120.68523,16.080212],[120.685237,16.07967],[120.6858,16.079405],[120.685791,16.080218]]],[[[120.667371,16.080257],[120.667377,16.079715],[120.667658,16.079718],[120.667371,16.080257]]],[[[120.645242,16.078931],[120.645226,16.080286],[120.644946,16.080282],[120.644962,16.078928],[120.645242,16.078931]]],[[[120.597575,16.080297],[120.597295,16.080294],[120.597314,16.078668],[120.597594,16.078672],[120.597575,16.080297]]],[[[120.697285,16.080071],[120.697566,16.080074],[120.697282,16.080342],[120.697285,16.080071]]],[[[120.632054,16.08014],[120.632051,16.080411],[120.631774,16.080137],[120.632054,16.08014]]],[[[120.595071,16.079181],[120.59563,16.079277],[120.594782,16.0799],[120.594131,16.079622],[120.593841,16.080432],[120.593468,16.080337],[120.59404,16.07944],[120.594413,16.079444],[120.594429,16.07818],[120.595071,16.079181]]],[[[120.634296,16.080165],[120.634856,16.080171],[120.634853,16.080442],[120.634293,16.080436],[120.634296,16.080165]]],[[[120.658122,16.080156],[120.659804,16.080175],[120.659801,16.080446],[120.658122,16.080156]]],[[[120.667371,16.080257],[120.667088,16.080525],[120.667091,16.080254],[120.667371,16.080257]]],[[[120.670457,16.08002],[120.670451,16.080562],[120.670171,16.080559],[120.670177,16.080017],[120.670457,16.08002]]],[[[120.703165,16.080676],[120.702885,16.080673],[120.703168,16.080405],[120.703165,16.080676]]],[[[120.634296,16.080165],[120.633735,16.080159],[120.633455,16.080156],[120.633449,16.080698],[120.633168,16.080694],[120.632891,16.08042],[120.632054,16.08014],[120.632337,16.079872],[120.63234,16.079601],[120.63178,16.079595],[120.631783,16.079324],[120.632067,16.079056],[120.633188,16.079069],[120.633184,16.07934],[120.634022,16.07962],[120.634296,16.080165]],[[120.633184,16.07934],[120.632901,16.079607],[120.633181,16.07961],[120.633184,16.07934]]],[[[120.705417,16.079887],[120.70541,16.080429],[120.705968,16.080706],[120.704847,16.080694],[120.704859,16.07961],[120.705139,16.079613],[120.705417,16.079887]]],[[[120.640736,16.080778],[120.641019,16.08051],[120.641016,16.080781],[120.640736,16.080778]]],[[[120.668489,16.08054],[120.668766,16.080814],[120.668486,16.080811],[120.668489,16.08054]]],[[[120.625044,16.080333],[120.626162,16.080617],[120.626159,16.080888],[120.625044,16.080333]]],[[[120.703165,16.080676],[120.703723,16.080953],[120.703162,16.080947],[120.703165,16.080676]]],[[[120.632891,16.08042],[120.632888,16.080691],[120.632605,16.080959],[120.632331,16.080414],[120.632891,16.08042]]],[[[120.664282,16.080766],[120.664279,16.081037],[120.664001,16.080762],[120.664282,16.080766]]],[[[120.640736,16.080778],[120.640733,16.081049],[120.640455,16.080775],[120.640736,16.080778]]],[[[120.678579,16.08065],[120.678573,16.081192],[120.678018,16.080644],[120.677458,16.080638],[120.67719,16.079551],[120.677474,16.079283],[120.678579,16.08065]]],[[[120.702041,16.080935],[120.702321,16.080938],[120.702038,16.081206],[120.702041,16.080935]]],[[[120.681861,16.080717],[120.682135,16.081262],[120.681574,16.081256],[120.681861,16.080717]]],[[[120.615785,16.081043],[120.615502,16.081311],[120.615222,16.081308],[120.614664,16.081031],[120.61356,16.079663],[120.612442,16.07938],[120.612174,16.078293],[120.613015,16.078302],[120.613843,16.079396],[120.614407,16.079131],[120.615521,16.079685],[120.615785,16.081043]]],[[[120.616346,16.08105],[120.616343,16.081321],[120.615782,16.081314],[120.615785,16.081043],[120.616346,16.08105]]],[[[120.686619,16.081311],[120.686622,16.08104],[120.686625,16.080769],[120.686355,16.079953],[120.687195,16.079962],[120.687186,16.080775],[120.68774,16.081323],[120.686619,16.081311]]],[[[120.643252,16.081348],[120.642698,16.0808],[120.643255,16.081077],[120.643252,16.081348]]],[[[120.643532,16.081351],[120.643535,16.08108],[120.643812,16.081354],[120.643532,16.081351]]],[[[120.622515,16.080847],[120.623349,16.081399],[120.622228,16.081386],[120.622515,16.080847]]],[[[120.599807,16.081136],[120.59954,16.080049],[120.598983,16.079771],[120.598996,16.078687],[120.598435,16.078681],[120.598725,16.077871],[120.599846,16.077884],[120.59984,16.078426],[120.599837,16.078697],[120.600101,16.080055],[120.600935,16.080606],[120.60262,16.080354],[120.602893,16.080899],[120.60289,16.08117],[120.603441,16.081989],[120.603151,16.082799],[120.603418,16.083886],[120.602854,16.084151],[120.602291,16.084415],[120.60201,16.084412],[120.60173,16.084409],[120.601456,16.083864],[120.600329,16.084393],[120.600335,16.083852],[120.599775,16.083845],[120.600065,16.083035],[120.600628,16.082771],[120.601192,16.082506],[120.600632,16.0825],[120.600068,16.082765],[120.599224,16.083026],[120.599804,16.081407],[120.599807,16.081136]],[[120.601192,16.082506],[120.601479,16.081967],[120.601482,16.081696],[120.600919,16.081961],[120.601192,16.082506]]],[[[120.698973,16.079547],[120.698958,16.080902],[120.698397,16.080896],[120.69783,16.081432],[120.69784,16.080619],[120.698693,16.079544],[120.698973,16.079547]]],[[[120.702038,16.081206],[120.701754,16.081474],[120.701757,16.081203],[120.702038,16.081206]]],[[[120.703162,16.080947],[120.703156,16.081489],[120.702882,16.080944],[120.703162,16.080947]]],[[[120.632598,16.081501],[120.633436,16.081781],[120.633442,16.081239],[120.63456,16.081523],[120.63484,16.081526],[120.635407,16.08099],[120.635134,16.080445],[120.636535,16.080461],[120.637102,16.079925],[120.637382,16.079928],[120.637666,16.07966],[120.637943,16.079934],[120.638777,16.080485],[120.639054,16.080759],[120.639615,16.080766],[120.639322,16.081846],[120.638487,16.081295],[120.637927,16.081289],[120.637646,16.081286],[120.637366,16.081283],[120.637079,16.081822],[120.637076,16.082093],[120.63736,16.081825],[120.6382,16.081834],[120.637914,16.082373],[120.639592,16.082663],[120.639595,16.082392],[120.641838,16.082416],[120.642395,16.082693],[120.642675,16.082697],[120.642398,16.082422],[120.642121,16.082148],[120.642405,16.08188],[120.642688,16.081613],[120.643245,16.08189],[120.643242,16.082161],[120.643522,16.082164],[120.644077,16.082712],[120.64435,16.083257],[120.64407,16.083254],[120.64379,16.083251],[120.642672,16.082968],[120.642105,16.083503],[120.641831,16.082958],[120.641267,16.083223],[120.639586,16.083204],[120.639857,16.084021],[120.640134,16.084295],[120.64013,16.084566],[120.640124,16.085108],[120.639286,16.084827],[120.638446,16.084818],[120.639277,16.08564],[120.637595,16.085622],[120.637598,16.085351],[120.638162,16.085086],[120.638175,16.084002],[120.637334,16.083993],[120.63706,16.083448],[120.637057,16.083719],[120.637328,16.084535],[120.636487,16.084525],[120.636197,16.085335],[120.635636,16.085329],[120.635624,16.086413],[120.634796,16.08532],[120.635366,16.084513],[120.635929,16.084248],[120.635379,16.083429],[120.635382,16.083158],[120.635105,16.082884],[120.633703,16.082868],[120.633707,16.082597],[120.632025,16.082579],[120.631468,16.082302],[120.631471,16.082031],[120.631477,16.081489],[120.631484,16.080947],[120.632605,16.080959],[120.632601,16.08123],[120.632879,16.081504],[120.632598,16.081501]],[[120.639857,16.084021],[120.639576,16.084017],[120.639296,16.084014],[120.638458,16.083734],[120.638452,16.084276],[120.639293,16.084285],[120.639573,16.084288],[120.639857,16.084021]],[[120.638188,16.082918],[120.638191,16.082647],[120.63679,16.082632],[120.636786,16.082903],[120.638188,16.082918]],[[120.638188,16.082918],[120.638184,16.083189],[120.637901,16.083457],[120.638181,16.08346],[120.638465,16.083192],[120.638188,16.082918]]],[[[120.671002,16.081381],[120.670438,16.081646],[120.670728,16.080836],[120.671002,16.081381]]],[[[120.647459,16.081123],[120.647739,16.081126],[120.647453,16.081665],[120.647456,16.081394],[120.647459,16.081123]]],[[[120.701757,16.081203],[120.701191,16.081739],[120.701188,16.08201],[120.700901,16.082549],[120.700054,16.083082],[120.699777,16.082808],[120.699789,16.081724],[120.700073,16.081456],[120.700913,16.081465],[120.701197,16.081197],[120.700926,16.080381],[120.700085,16.080372],[120.700088,16.080101],[120.700368,16.080104],[120.701209,16.080113],[120.701486,16.080387],[120.70177,16.080119],[120.701493,16.079845],[120.701499,16.079303],[120.701785,16.078764],[120.701515,16.077948],[120.701518,16.077677],[120.701801,16.077409],[120.702358,16.077686],[120.702072,16.078225],[120.70206,16.079309],[120.70234,16.079312],[120.702324,16.080667],[120.702041,16.080935],[120.701757,16.081203]]],[[[120.657542,16.081776],[120.656982,16.08177],[120.656985,16.081499],[120.657542,16.081776]]],[[[120.643532,16.081351],[120.643806,16.081896],[120.643245,16.08189],[120.643252,16.081348],[120.643532,16.081351]]],[[[120.69139,16.080821],[120.691667,16.081095],[120.691938,16.081911],[120.691378,16.081904],[120.691387,16.081092],[120.69139,16.080821]]],[[[120.676343,16.080084],[120.676044,16.081707],[120.67576,16.081975],[120.675486,16.08143],[120.675515,16.078991],[120.676072,16.079268],[120.676916,16.079006],[120.676346,16.079813],[120.676343,16.080084]]],[[[120.704551,16.082046],[120.703997,16.081498],[120.704557,16.081504],[120.704551,16.082046]]],[[[120.657542,16.081776],[120.65782,16.08205],[120.657539,16.082047],[120.657542,16.081776]]],[[[120.608212,16.081501],[120.609613,16.081516],[120.609607,16.082058],[120.608766,16.082049],[120.608212,16.081501]]],[[[120.684122,16.079116],[120.684402,16.079119],[120.684115,16.079658],[120.684103,16.080742],[120.684663,16.080748],[120.68467,16.080206],[120.685227,16.080483],[120.685208,16.082109],[120.684367,16.0821],[120.684654,16.081561],[120.683542,16.080736],[120.683268,16.080191],[120.683832,16.079926],[120.683552,16.079923],[120.682991,16.079917],[120.683001,16.079104],[120.683558,16.079381],[120.683574,16.078026],[120.684415,16.078035],[120.684122,16.079116]]],[[[120.639882,16.081853],[120.641006,16.081594],[120.641013,16.081052],[120.641293,16.081055],[120.64129,16.081326],[120.64157,16.081329],[120.641573,16.081058],[120.641577,16.080787],[120.64185,16.081332],[120.642127,16.081606],[120.642124,16.081877],[120.642121,16.082148],[120.641844,16.081874],[120.639882,16.081853]]],[[[120.619149,16.081081],[120.61998,16.081903],[120.618578,16.081887],[120.618305,16.081342],[120.616903,16.081327],[120.616346,16.08105],[120.616072,16.080504],[120.617193,16.080517],[120.617467,16.081062],[120.618591,16.080804],[120.619149,16.081081]]],[[[120.645771,16.081647],[120.646045,16.082192],[120.645765,16.082189],[120.645488,16.081914],[120.645491,16.081643],[120.645771,16.081647]]],[[[120.672394,16.082209],[120.671559,16.081658],[120.671856,16.080306],[120.672126,16.081122],[120.672123,16.081393],[120.672397,16.081938],[120.672394,16.082209]]],[[[120.628388,16.081996],[120.628108,16.081993],[120.62755,16.081716],[120.627273,16.081442],[120.626719,16.080894],[120.626722,16.080623],[120.627286,16.080358],[120.627283,16.080629],[120.62756,16.080903],[120.627837,16.081177],[120.627834,16.081448],[120.628114,16.081451],[120.628394,16.081455],[120.628955,16.081461],[120.629235,16.081464],[120.630076,16.081473],[120.630917,16.081483],[120.631191,16.082028],[120.631468,16.082302],[120.631464,16.082573],[120.630063,16.082557],[120.630066,16.082286],[120.629506,16.08228],[120.628945,16.082274],[120.628668,16.082],[120.628665,16.082271],[120.628385,16.082267],[120.628388,16.081996]]],[[[120.607371,16.081491],[120.60596,16.082289],[120.605686,16.081743],[120.607371,16.081491]]],[[[120.703146,16.082302],[120.702866,16.082299],[120.702589,16.082025],[120.703153,16.08176],[120.703146,16.082302]]],[[[120.611285,16.082348],[120.609887,16.082061],[120.610731,16.0818],[120.611285,16.082348]]],[[[120.688033,16.080242],[120.688313,16.080245],[120.688301,16.081329],[120.688581,16.081332],[120.688569,16.082416],[120.688288,16.082413],[120.688027,16.080784],[120.687753,16.080239],[120.688033,16.080242]]],[[[120.667066,16.082422],[120.667617,16.083241],[120.667897,16.083244],[120.667891,16.083786],[120.66705,16.083777],[120.666203,16.08431],[120.665932,16.083494],[120.666499,16.082958],[120.665097,16.082943],[120.66511,16.081859],[120.664839,16.081043],[120.664842,16.080772],[120.666247,16.080516],[120.667085,16.080796],[120.667069,16.082151],[120.667066,16.082422]],[[120.665954,16.081597],[120.666795,16.081606],[120.666801,16.081064],[120.665954,16.081597]]],[[[120.69139,16.080821],[120.69111,16.080818],[120.690275,16.080266],[120.690257,16.081892],[120.689693,16.082157],[120.689413,16.082154],[120.689699,16.081615],[120.689425,16.08107],[120.689438,16.079986],[120.689164,16.079441],[120.690008,16.079179],[120.690282,16.079724],[120.690845,16.07946],[120.6914,16.080008],[120.69139,16.080821]]],[[[120.644924,16.082179],[120.64464,16.082447],[120.64436,16.082444],[120.644083,16.08217],[120.643803,16.082167],[120.643806,16.081896],[120.644647,16.081905],[120.644924,16.082179]]],[[[120.644924,16.082179],[120.645201,16.082453],[120.644921,16.08245],[120.644924,16.082179]]],[[[120.672394,16.082209],[120.672674,16.082212],[120.672671,16.082483],[120.672391,16.08248],[120.672394,16.082209]]],[[[120.673795,16.082224],[120.673792,16.082495],[120.673512,16.082492],[120.673515,16.082221],[120.673795,16.082224]]],[[[120.596436,16.082177],[120.596339,16.082447],[120.595502,16.082167],[120.595596,16.082077],[120.59625,16.082085],[120.596436,16.082177]]],[[[120.590359,16.08247],[120.590358,16.08256],[120.59,16.082285],[120.590457,16.08211],[120.590469,16.081116],[120.591775,16.081312],[120.592046,16.082037],[120.592514,16.081952],[120.591876,16.08068],[120.592163,16.080142],[120.593468,16.080337],[120.593544,16.081783],[120.593359,16.081691],[120.593263,16.08187],[120.593633,16.082146],[120.59334,16.083226],[120.594644,16.083602],[120.594747,16.082791],[120.59482,16.084508],[120.59529,16.084242],[120.595183,16.085325],[120.595647,16.085601],[120.595362,16.08605],[120.595636,16.086504],[120.595821,16.086687],[120.595629,16.087137],[120.594988,16.086045],[120.594143,16.086397],[120.594056,16.085854],[120.594803,16.085863],[120.594624,16.085228],[120.592946,16.084938],[120.593687,16.085489],[120.593497,16.085667],[120.593404,16.085666],[120.592658,16.085567],[120.592659,16.085477],[120.59266,16.085387],[120.592661,16.085296],[120.592569,16.085205],[120.592197,16.08502],[120.591918,16.084927],[120.591825,16.084926],[120.592196,16.085111],[120.592286,16.085383],[120.592379,16.085474],[120.592378,16.085564],[120.592471,16.085565],[120.593306,16.086026],[120.592549,16.086831],[120.592455,16.08692],[120.591893,16.087004],[120.591896,16.086733],[120.591803,16.086732],[120.591544,16.084923],[120.592392,16.08439],[120.591553,16.0842],[120.592026,16.083754],[120.59157,16.082755],[120.59167,16.082214],[120.591025,16.081484],[120.590923,16.082205],[120.590453,16.082471],[120.590359,16.08247]]],[[[120.678872,16.079569],[120.679429,16.079846],[120.67941,16.081472],[120.680251,16.081481],[120.681086,16.082033],[120.680242,16.082294],[120.679404,16.082014],[120.678579,16.08065],[120.678872,16.079569]]],[[[120.644921,16.08245],[120.644917,16.082721],[120.64464,16.082447],[120.644921,16.08245]]],[[[120.597572,16.080568],[120.597842,16.081384],[120.597826,16.082739],[120.597265,16.082733],[120.596992,16.082188],[120.596724,16.081101],[120.597282,16.081378],[120.597572,16.080568]]],[[[120.694735,16.082483],[120.693891,16.082745],[120.69362,16.081929],[120.694738,16.082212],[120.694735,16.082483]]],[[[120.594375,16.082606],[120.594102,16.082061],[120.595038,16.08189],[120.595037,16.081981],[120.594375,16.082606]]],[[[120.656692,16.08258],[120.656689,16.082851],[120.656409,16.082848],[120.656692,16.08258]]],[[[120.657253,16.082586],[120.656969,16.082854],[120.656972,16.082583],[120.657253,16.082586]]],[[[120.660055,16.082616],[120.660052,16.082887],[120.659775,16.082613],[120.660055,16.082616]]],[[[120.612119,16.082899],[120.611842,16.082625],[120.612123,16.082628],[120.612119,16.082899]]],[[[120.597265,16.082733],[120.597262,16.083004],[120.597005,16.08273],[120.597265,16.082733]]],[[[120.646319,16.082737],[120.645755,16.083001],[120.645761,16.08246],[120.646042,16.082463],[120.646322,16.082466],[120.646319,16.082737]]],[[[120.675757,16.082246],[120.676592,16.082797],[120.675471,16.082785],[120.67548,16.081972],[120.675757,16.082246]]],[[[120.697279,16.080613],[120.69699,16.081423],[120.698388,16.081709],[120.697821,16.082245],[120.698095,16.08279],[120.697531,16.083055],[120.697257,16.08251],[120.697264,16.081968],[120.696706,16.081691],[120.696719,16.080607],[120.696999,16.08061],[120.697279,16.080613]]],[[[120.652482,16.083075],[120.652765,16.082808],[120.652762,16.083079],[120.652482,16.083075]]],[[[120.679111,16.083095],[120.678551,16.083089],[120.678837,16.08255],[120.679111,16.083095]]],[[[120.701455,16.083097],[120.701458,16.082826],[120.701736,16.0831],[120.701455,16.083097]]],[[[120.630063,16.082557],[120.629776,16.083096],[120.629499,16.082822],[120.630063,16.082557]]],[[[120.612119,16.082899],[120.6124,16.082903],[120.612396,16.083174],[120.612119,16.082899]]],[[[120.661454,16.082903],[120.662014,16.082909],[120.662011,16.08318],[120.66145,16.083174],[120.661454,16.082903]]],[[[120.613801,16.082918],[120.613244,16.082641],[120.613804,16.082647],[120.613801,16.082918]]],[[[120.647453,16.081665],[120.647443,16.082478],[120.646873,16.083285],[120.646902,16.080846],[120.647185,16.080578],[120.647465,16.080581],[120.647459,16.081123],[120.647176,16.081391],[120.647453,16.081665]]],[[[120.702016,16.083103],[120.702013,16.083374],[120.701733,16.083371],[120.701736,16.0831],[120.702016,16.083103]]],[[[120.618002,16.083236],[120.618282,16.083239],[120.618279,16.08351],[120.618002,16.083236]]],[[[120.619967,16.082987],[120.620241,16.083532],[120.6194,16.083523],[120.619123,16.083249],[120.618285,16.082968],[120.618005,16.082965],[120.618011,16.082423],[120.61941,16.08271],[120.61969,16.082713],[120.619967,16.082987]]],[[[120.694442,16.083564],[120.693881,16.083558],[120.693885,16.083287],[120.694445,16.083293],[120.694442,16.083564]]],[[[120.696404,16.083585],[120.696407,16.083314],[120.696687,16.083317],[120.696404,16.083585]]],[[[120.629499,16.082822],[120.629496,16.083093],[120.628369,16.083622],[120.628088,16.083619],[120.628091,16.083348],[120.628095,16.083077],[120.629499,16.082822]]],[[[120.684071,16.083452],[120.683228,16.083713],[120.683517,16.082904],[120.682957,16.082897],[120.683246,16.082088],[120.683807,16.082094],[120.683797,16.082907],[120.684358,16.082913],[120.684364,16.082371],[120.684925,16.082377],[120.684912,16.083461],[120.684071,16.083452]]],[[[120.619123,16.083249],[120.61912,16.08352],[120.618559,16.083513],[120.619123,16.083249]]],[[[120.692496,16.082188],[120.69248,16.083543],[120.691356,16.083801],[120.691075,16.083798],[120.691642,16.083262],[120.691655,16.082178],[120.691935,16.082182],[120.692496,16.082188]]],[[[120.620521,16.083535],[120.620518,16.083806],[120.621078,16.083812],[120.621909,16.084635],[120.621062,16.085167],[120.620782,16.085164],[120.619381,16.085149],[120.619097,16.085416],[120.619113,16.084061],[120.620237,16.083803],[120.620241,16.083532],[120.620521,16.083535]]],[[[120.669853,16.083808],[120.669572,16.083804],[120.669579,16.083262],[120.669862,16.082995],[120.670142,16.082998],[120.669853,16.083808]]],[[[120.621378,16.08219],[120.621381,16.081919],[120.622782,16.081934],[120.623897,16.082489],[120.625298,16.082504],[120.625292,16.083046],[120.626416,16.082788],[120.62669,16.083333],[120.626403,16.083872],[120.625289,16.083317],[120.624161,16.083847],[120.623881,16.083844],[120.623604,16.083569],[120.623043,16.083563],[120.622776,16.082476],[120.621378,16.08219]]],[[[120.62949,16.083635],[120.633413,16.083678],[120.633417,16.083407],[120.635379,16.083429],[120.635092,16.083968],[120.634251,16.083959],[120.633964,16.084497],[120.633404,16.084491],[120.633127,16.084217],[120.631725,16.084202],[120.630888,16.083921],[120.630881,16.084463],[120.629486,16.083906],[120.629206,16.083903],[120.62949,16.083635]]],[[[120.701733,16.083371],[120.701729,16.083642],[120.701446,16.08391],[120.700325,16.083898],[120.701169,16.083636],[120.701175,16.083094],[120.701455,16.083097],[120.701733,16.083371]]],[[[120.642662,16.08378],[120.642659,16.084051],[120.642379,16.084048],[120.642662,16.08378]]],[[[120.645465,16.083811],[120.645462,16.084082],[120.645185,16.083808],[120.645465,16.083811]]],[[[120.671534,16.083826],[120.670977,16.083549],[120.67069,16.084088],[120.670706,16.082733],[120.670989,16.082465],[120.671544,16.083013],[120.671821,16.083287],[120.671818,16.083558],[120.671534,16.083826]]],[[[120.603441,16.081989],[120.604852,16.081192],[120.604842,16.082005],[120.604278,16.08227],[120.604256,16.084167],[120.603975,16.084163],[120.603702,16.083618],[120.603438,16.08226],[120.603441,16.081989]]],[[[120.680229,16.083378],[120.680506,16.083652],[120.6805,16.084194],[120.680223,16.08392],[120.680229,16.083378]]],[[[120.663963,16.084014],[120.66396,16.084285],[120.663683,16.084011],[120.663963,16.084014]]],[[[120.64042,16.083756],[120.640694,16.084301],[120.640414,16.084298],[120.64042,16.083756]]],[[[120.642379,16.084048],[120.641255,16.084307],[120.641541,16.083768],[120.642379,16.084048]]],[[[120.691072,16.084069],[120.691353,16.084072],[120.691069,16.08434],[120.690789,16.084337],[120.691072,16.084069]]],[[[120.669853,16.083808],[120.670126,16.084353],[120.669846,16.084349],[120.669853,16.083808]]],[[[120.692477,16.083814],[120.692751,16.084359],[120.69219,16.084352],[120.692477,16.083814]]],[[[120.599775,16.083845],[120.599488,16.084384],[120.599217,16.083568],[120.599775,16.083845]]],[[[120.649663,16.0844],[120.649102,16.084393],[120.649106,16.084122],[120.649663,16.0844]]],[[[120.629206,16.083903],[120.6292,16.084445],[120.628082,16.084161],[120.62668,16.084146],[120.626403,16.083872],[120.627251,16.083339],[120.627811,16.083345],[120.628085,16.08389],[120.628365,16.083893],[120.629206,16.083903]]],[[[120.658912,16.084501],[120.658915,16.08423],[120.659199,16.083962],[120.659196,16.084233],[120.658912,16.084501]]],[[[120.610145,16.083961],[120.610699,16.08451],[120.609858,16.0845],[120.610145,16.083961]]],[[[120.684059,16.084536],[120.683505,16.083988],[120.684906,16.084003],[120.684059,16.084536]]],[[[120.649663,16.0844],[120.64994,16.084674],[120.64966,16.084671],[120.649663,16.0844]]],[[[120.678532,16.084715],[120.677411,16.084703],[120.67742,16.08389],[120.678548,16.08336],[120.678532,16.084715]]],[[[120.605957,16.08256],[120.606794,16.08284],[120.606772,16.084737],[120.605654,16.084453],[120.605957,16.08256]]],[[[120.65695,16.08448],[120.656947,16.084751],[120.656667,16.084747],[120.65695,16.08448]]],[[[120.658071,16.084492],[120.658068,16.084763],[120.657788,16.08476],[120.657791,16.084489],[120.658071,16.084492]]],[[[120.658912,16.084501],[120.658629,16.084769],[120.658632,16.084498],[120.658912,16.084501]]],[[[120.611536,16.08479],[120.611829,16.083709],[120.612103,16.084254],[120.611536,16.08479]]],[[[120.641255,16.084307],[120.640968,16.084846],[120.640411,16.084569],[120.640694,16.084301],[120.641255,16.084307]]],[[[120.689951,16.084057],[120.689661,16.084867],[120.689381,16.084864],[120.689387,16.084322],[120.689951,16.084057]]],[[[120.690786,16.084608],[120.691066,16.084611],[120.691063,16.084882],[120.690502,16.084876],[120.690786,16.084608]]],[[[120.621909,16.084635],[120.62219,16.084638],[120.622186,16.084909],[120.621906,16.084906],[120.621909,16.084635]]],[[[120.696949,16.084946],[120.696971,16.083049],[120.697251,16.083052],[120.697528,16.083326],[120.697799,16.084142],[120.697229,16.084949],[120.696949,16.084946]]],[[[120.700054,16.083082],[120.700041,16.084166],[120.700882,16.084175],[120.700032,16.084979],[120.699752,16.084976],[120.699761,16.084163],[120.699204,16.083886],[120.698917,16.084425],[120.69893,16.083341],[120.69921,16.083344],[120.699774,16.083079],[120.700054,16.083082]]],[[[120.654982,16.085],[120.655546,16.084735],[120.655542,16.085006],[120.655262,16.085003],[120.654982,16.085]]],[[[120.613495,16.085083],[120.612934,16.085077],[120.612944,16.084264],[120.613495,16.085083]]],[[[120.684059,16.084536],[120.684613,16.085084],[120.683772,16.085074],[120.684059,16.084536]]],[[[120.618263,16.084865],[120.617982,16.084862],[120.617699,16.08513],[120.617428,16.084314],[120.618263,16.084865]]],[[[120.670117,16.085165],[120.66984,16.084891],[120.67012,16.084895],[120.670117,16.085165]]],[[[120.623304,16.085192],[120.623591,16.084653],[120.624709,16.084937],[120.624142,16.085473],[120.623575,16.086008],[120.623565,16.086821],[120.622992,16.087899],[120.623005,16.086815],[120.622167,16.086535],[120.623291,16.086276],[120.622457,16.085725],[120.62246,16.085454],[120.622183,16.08518],[120.622186,16.084909],[120.622467,16.084912],[120.622747,16.084915],[120.622744,16.085186],[120.623024,16.085189],[120.623027,16.084918],[120.623304,16.085192]]],[[[120.696949,16.084946],[120.696946,16.085217],[120.696666,16.085214],[120.696949,16.084946]]],[[[120.699188,16.085241],[120.698908,16.085238],[120.698911,16.084967],[120.699188,16.085241]]],[[[120.703146,16.082302],[120.70342,16.082847],[120.703417,16.083118],[120.703411,16.08366],[120.703121,16.08447],[120.702838,16.084738],[120.702863,16.08257],[120.703146,16.082302]]],[[[120.693585,16.08491],[120.693579,16.085452],[120.693022,16.085175],[120.693585,16.08491]]],[[[120.696946,16.085217],[120.697226,16.08522],[120.696943,16.085488],[120.696946,16.085217]]],[[[120.701446,16.08391],[120.701726,16.083913],[120.702007,16.083916],[120.701997,16.084729],[120.701437,16.084723],[120.70143,16.085265],[120.700867,16.08553],[120.700586,16.085527],[120.701443,16.084181],[120.701446,16.08391]]],[[[120.605641,16.085537],[120.605087,16.084989],[120.604246,16.084979],[120.60537,16.084721],[120.605641,16.085537]]],[[[120.654982,16.085],[120.654979,16.085271],[120.654138,16.085262],[120.654982,16.085]]],[[[120.631429,16.085553],[120.630591,16.085273],[120.630598,16.084731],[120.632279,16.08475],[120.631429,16.085553]]],[[[120.663387,16.085363],[120.663664,16.085637],[120.663384,16.085634],[120.663387,16.085363]]],[[[120.664788,16.085378],[120.664515,16.084833],[120.664518,16.084562],[120.664804,16.084023],[120.665352,16.085114],[120.66675,16.0854],[120.666754,16.085129],[120.667034,16.085132],[120.667037,16.084861],[120.668438,16.084876],[120.668442,16.084605],[120.668716,16.08515],[120.668155,16.085144],[120.668136,16.08677],[120.667273,16.088658],[120.667834,16.088664],[120.667267,16.0892],[120.667818,16.090019],[120.668378,16.090025],[120.668375,16.090296],[120.668092,16.090564],[120.667811,16.090561],[120.667528,16.090829],[120.667248,16.090826],[120.667805,16.091103],[120.668085,16.091106],[120.668646,16.091112],[120.66921,16.090847],[120.6695,16.090037],[120.670054,16.090585],[120.670608,16.091133],[120.67034,16.090046],[120.670901,16.090052],[120.671165,16.09141],[120.670599,16.091946],[120.671153,16.092494],[120.669751,16.092479],[120.669739,16.093563],[120.669458,16.09356],[120.669477,16.091934],[120.668917,16.091928],[120.668347,16.092735],[120.667229,16.092451],[120.666674,16.091903],[120.666681,16.091361],[120.665563,16.091078],[120.666114,16.091897],[120.665827,16.092436],[120.665544,16.092704],[120.665264,16.092701],[120.665279,16.091346],[120.665002,16.091072],[120.664728,16.090527],[120.664735,16.089985],[120.665575,16.089994],[120.665859,16.089726],[120.665856,16.089997],[120.666139,16.089729],[120.666429,16.08892],[120.666439,16.088107],[120.667005,16.087571],[120.666731,16.087026],[120.666445,16.087565],[120.665324,16.087552],[120.66533,16.08701],[120.666171,16.08702],[120.666741,16.086213],[120.665623,16.08593],[120.665343,16.085926],[120.665056,16.086465],[120.664215,16.086456],[120.664222,16.085914],[120.664225,16.085643],[120.664505,16.085646],[120.664788,16.085378]],[[120.664788,16.085378],[120.664785,16.085649],[120.665066,16.085652],[120.664788,16.085378]]],[[[120.693022,16.085175],[120.692735,16.085713],[120.692175,16.085707],[120.692181,16.085165],[120.693022,16.085175]]],[[[120.597513,16.085446],[120.59751,16.085717],[120.597229,16.085714],[120.597513,16.085446]]],[[[120.631429,16.085553],[120.631426,16.085824],[120.631149,16.08555],[120.631429,16.085553]]],[[[120.670117,16.085165],[120.670397,16.085169],[120.670394,16.08544],[120.670668,16.085985],[120.670388,16.085982],[120.670108,16.085978],[120.670111,16.085707],[120.670117,16.085165]]],[[[120.594056,16.085854],[120.593306,16.086026],[120.593497,16.085667],[120.594056,16.085854]]],[[[120.675719,16.085498],[120.676,16.085501],[120.676554,16.086049],[120.675436,16.085765],[120.675719,16.085498]]],[[[120.700583,16.085798],[120.70058,16.086069],[120.7003,16.086066],[120.700583,16.085798]]],[[[120.629741,16.086077],[120.629744,16.085806],[120.630868,16.085547],[120.630582,16.086086],[120.629741,16.086077]]],[[[120.633961,16.084768],[120.634515,16.085317],[120.633114,16.085301],[120.632544,16.086108],[120.632837,16.085027],[120.633961,16.084768]]],[[[120.613485,16.085896],[120.613495,16.085083],[120.613785,16.084273],[120.612947,16.083993],[120.612673,16.083448],[120.614072,16.083734],[120.614065,16.084276],[120.614903,16.084557],[120.614609,16.085637],[120.61517,16.085644],[120.615434,16.087002],[120.614026,16.087528],[120.613752,16.086983],[120.612912,16.086973],[120.613198,16.086435],[120.613756,16.086712],[120.613482,16.086167],[120.613202,16.086164],[120.613485,16.085896]]],[[[120.686619,16.081311],[120.686616,16.081582],[120.686613,16.081853],[120.6866,16.082937],[120.687435,16.083488],[120.687407,16.085927],[120.686843,16.086192],[120.686865,16.084295],[120.686304,16.084289],[120.686298,16.084831],[120.685737,16.084825],[120.68603,16.083744],[120.685753,16.08347],[120.685781,16.081031],[120.686068,16.080492],[120.686619,16.081311]]],[[[120.600329,16.084393],[120.600316,16.085477],[120.599745,16.086284],[120.599188,16.086007],[120.599478,16.085197],[120.600039,16.085203],[120.600329,16.084393]]],[[[120.696373,16.086295],[120.696376,16.086024],[120.696656,16.086027],[120.696373,16.086295]]],[[[120.700029,16.08525],[120.699736,16.086331],[120.698895,16.086322],[120.698905,16.085509],[120.699188,16.085241],[120.699468,16.085244],[120.700029,16.08525]]],[[[120.629741,16.086077],[120.629738,16.086348],[120.629461,16.086074],[120.629741,16.086077]]],[[[120.637025,16.086428],[120.636468,16.086151],[120.636754,16.085612],[120.637305,16.086431],[120.637025,16.086428]]],[[[120.68461,16.085355],[120.684884,16.0859],[120.684878,16.086442],[120.68432,16.086165],[120.684327,16.085623],[120.683769,16.085345],[120.68461,16.085355]]],[[[120.690484,16.086502],[120.690203,16.086499],[120.690219,16.085144],[120.690499,16.085147],[120.690776,16.085421],[120.690484,16.086502]]],[[[120.692175,16.085707],[120.692449,16.086252],[120.691885,16.086517],[120.692175,16.085707]]],[[[120.620485,16.086516],[120.620489,16.086245],[120.62189,16.08626],[120.621887,16.086531],[120.620485,16.086516]]],[[[120.626381,16.085768],[120.627222,16.085778],[120.626652,16.086584],[120.626371,16.086581],[120.626381,16.085768]]],[[[120.603975,16.084163],[120.604243,16.08525],[120.604239,16.085521],[120.604236,16.085792],[120.603386,16.086596],[120.603112,16.086051],[120.603125,16.084967],[120.602571,16.084419],[120.602851,16.084422],[120.603412,16.084428],[120.603975,16.084163]]],[[[120.67907,16.086618],[120.67851,16.086612],[120.679077,16.086076],[120.67907,16.086618]]],[[[120.61152,16.086145],[120.612361,16.086154],[120.612354,16.086696],[120.612074,16.086693],[120.61152,16.086145]]],[[[120.644873,16.086515],[120.64487,16.086786],[120.644589,16.086783],[120.644873,16.086515]]],[[[120.696373,16.086295],[120.696086,16.086834],[120.696092,16.086292],[120.696373,16.086295]]],[[[120.674318,16.085482],[120.675149,16.086304],[120.675143,16.086846],[120.674863,16.086843],[120.674031,16.086021],[120.674035,16.08575],[120.674318,16.085482]]],[[[120.698332,16.086587],[120.698329,16.086858],[120.698048,16.086855],[120.698332,16.086587]]],[[[120.698889,16.086864],[120.698609,16.086861],[120.698892,16.086593],[120.698889,16.086864]]],[[[120.677666,16.086874],[120.676834,16.086052],[120.677959,16.085793],[120.677672,16.086332],[120.677666,16.086874]]],[[[120.607316,16.086098],[120.606768,16.085008],[120.607609,16.085017],[120.607599,16.08583],[120.609278,16.08612],[120.609275,16.086391],[120.609838,16.086126],[120.610109,16.086942],[120.609542,16.087478],[120.610943,16.087493],[120.610937,16.088035],[120.611771,16.088587],[120.612055,16.088319],[120.612354,16.086696],[120.612631,16.08697],[120.612902,16.087786],[120.612341,16.08778],[120.612048,16.088861],[120.611204,16.089122],[120.611481,16.089397],[120.611465,16.090751],[120.612019,16.0913],[120.611175,16.091561],[120.611198,16.089664],[120.610924,16.089119],[120.609529,16.088562],[120.608959,16.089368],[120.609799,16.089378],[120.609783,16.090733],[120.610057,16.091278],[120.609496,16.091271],[120.609767,16.092087],[120.609206,16.092081],[120.609223,16.090726],[120.608672,16.089907],[120.608685,16.088823],[120.608141,16.087462],[120.607586,16.086914],[120.606749,16.086634],[120.606185,16.086898],[120.605634,16.086079],[120.605918,16.085811],[120.607032,16.086366],[120.607316,16.086098]]],[[[120.685712,16.086993],[120.685152,16.086987],[120.685158,16.086445],[120.685164,16.085903],[120.685719,16.086451],[120.685712,16.086993]]],[[[120.68656,16.08646],[120.68712,16.086466],[120.687114,16.087008],[120.68656,16.08646]]],[[[120.672617,16.08709],[120.672328,16.0879],[120.672047,16.087897],[120.671767,16.087894],[120.671496,16.087078],[120.671512,16.085723],[120.670952,16.085717],[120.671528,16.084368],[120.671802,16.084913],[120.67178,16.08681],[120.67234,16.086816],[120.672624,16.086548],[120.672617,16.08709]]],[[[120.696086,16.086834],[120.696083,16.087105],[120.695803,16.087102],[120.696086,16.086834]]],[[[120.700574,16.086611],[120.700287,16.08715],[120.700294,16.086608],[120.700574,16.086611]]],[[[120.654399,16.086891],[120.654676,16.087165],[120.654396,16.087162],[120.654399,16.086891]]],[[[120.660285,16.086955],[120.660565,16.086958],[120.660562,16.087229],[120.660005,16.086952],[120.660285,16.086955]]],[[[120.618243,16.086491],[120.619084,16.0865],[120.619074,16.087313],[120.618243,16.086491]]],[[[120.669815,16.087059],[120.670095,16.087062],[120.669811,16.08733],[120.669815,16.087059]]],[[[120.626642,16.087397],[120.626368,16.086852],[120.626648,16.086855],[120.626642,16.087397]]],[[[120.698322,16.0874],[120.698045,16.087126],[120.698325,16.087129],[120.698322,16.0874]]],[[[120.677666,16.086874],[120.677946,16.086877],[120.677659,16.087416],[120.677666,16.086874]]],[[[120.654956,16.087168],[120.655794,16.087448],[120.655514,16.087445],[120.654953,16.087439],[120.654956,16.087168]]],[[[120.661123,16.087235],[120.661119,16.087506],[120.660842,16.087232],[120.661123,16.087235]]],[[[120.637296,16.087244],[120.637292,16.087515],[120.637012,16.087512],[120.637015,16.087241],[120.637296,16.087244]]],[[[120.617109,16.087562],[120.6171,16.088375],[120.61766,16.088381],[120.617927,16.089468],[120.618772,16.089207],[120.618472,16.09083],[120.617915,16.090552],[120.617621,16.091633],[120.617605,16.092988],[120.617325,16.092985],[120.617348,16.091088],[120.617074,16.090543],[120.617641,16.090007],[120.617083,16.08973],[120.616813,16.088914],[120.616536,16.08864],[120.616533,16.088911],[120.615389,16.090795],[120.614828,16.090789],[120.615115,16.09025],[120.614274,16.090241],[120.613717,16.089964],[120.613727,16.089151],[120.612886,16.089141],[120.612873,16.090225],[120.612315,16.089948],[120.613743,16.087796],[120.613453,16.088606],[120.61401,16.088883],[120.614,16.089696],[120.614567,16.08916],[120.615125,16.089437],[120.615415,16.088627],[120.615434,16.087002],[120.615995,16.087008],[120.616552,16.087285],[120.616842,16.086475],[120.616001,16.086466],[120.617129,16.085936],[120.617112,16.087291],[120.617393,16.087294],[120.617109,16.087562]]],[[[120.646841,16.085995],[120.646831,16.086808],[120.646828,16.087079],[120.646261,16.087614],[120.645981,16.087611],[120.645704,16.087337],[120.645147,16.08706],[120.64515,16.086789],[120.64571,16.086795],[120.645714,16.086524],[120.64572,16.085982],[120.64657,16.085179],[120.646841,16.085995]]],[[[120.601694,16.08739],[120.601975,16.087393],[120.601691,16.087661],[120.601694,16.08739]]],[[[120.682443,16.085842],[120.681883,16.085835],[120.681864,16.087461],[120.6813,16.087726],[120.681322,16.085829],[120.681325,16.085558],[120.681331,16.085016],[120.679647,16.085269],[120.679373,16.084724],[120.680497,16.084465],[120.680777,16.084468],[120.681335,16.084745],[120.681621,16.084206],[120.681901,16.08421],[120.681889,16.085293],[120.682453,16.085029],[120.683013,16.085035],[120.683007,16.085577],[120.683567,16.085583],[120.684122,16.086131],[120.684112,16.086944],[120.682714,16.086658],[120.682443,16.085842]]],[[[120.633926,16.087749],[120.634786,16.086133],[120.634767,16.087758],[120.633926,16.087749]]],[[[120.69048,16.086773],[120.690754,16.087318],[120.690188,16.087854],[120.689627,16.087848],[120.68907,16.087571],[120.689092,16.085674],[120.689652,16.08568],[120.689633,16.087306],[120.690194,16.087312],[120.6902,16.08677],[120.69048,16.086773]]],[[[120.646261,16.087614],[120.646538,16.087888],[120.646258,16.087885],[120.646261,16.087614]]],[[[120.694118,16.087355],[120.693831,16.087893],[120.692994,16.087613],[120.693277,16.087345],[120.69328,16.087074],[120.693286,16.086532],[120.693847,16.086539],[120.693866,16.084913],[120.693585,16.08491],[120.693875,16.0841],[120.694436,16.084106],[120.694442,16.083564],[120.694729,16.083025],[120.694448,16.083022],[120.694735,16.082483],[120.695021,16.081944],[120.694741,16.081941],[120.694747,16.081399],[120.695591,16.081137],[120.695037,16.080589],[120.695323,16.08005],[120.695336,16.078966],[120.6959,16.078701],[120.69618,16.078704],[120.696177,16.078975],[120.696174,16.079246],[120.696171,16.079517],[120.696167,16.079788],[120.696164,16.080059],[120.695881,16.080327],[120.695843,16.083579],[120.69528,16.083844],[120.695273,16.084386],[120.694993,16.084383],[120.694707,16.084922],[120.695264,16.085199],[120.695538,16.085744],[120.694978,16.085738],[120.694971,16.08628],[120.694408,16.086545],[120.694118,16.087355]]],[[[120.601694,16.08739],[120.601127,16.087926],[120.60116,16.085216],[120.602004,16.084954],[120.602281,16.085228],[120.602841,16.085235],[120.601984,16.08658],[120.601978,16.087122],[120.601694,16.08739]]],[[[120.651864,16.087947],[120.651583,16.087944],[120.651587,16.087673],[120.651864,16.087947]]],[[[120.698889,16.086864],[120.699733,16.086602],[120.699717,16.087957],[120.699447,16.087141],[120.698889,16.086864]]],[[[120.593002,16.08801],[120.593283,16.087923],[120.593374,16.088195],[120.593176,16.089096],[120.592719,16.088278],[120.59188,16.088088],[120.592447,16.087552],[120.591609,16.087272],[120.592545,16.087192],[120.593011,16.087288],[120.593104,16.087289],[120.593288,16.087562],[120.592536,16.087915],[120.592909,16.088009],[120.593002,16.08801]]],[[[120.596364,16.087778],[120.59636,16.088049],[120.59608,16.088046],[120.59608,16.088036],[120.59618,16.087901],[120.596192,16.087866],[120.596221,16.087777],[120.596364,16.087778]]],[[[120.685703,16.087806],[120.686267,16.087541],[120.686541,16.088086],[120.685703,16.087806]]],[[[120.687114,16.087008],[120.687671,16.087285],[120.687662,16.088098],[120.686821,16.088089],[120.687114,16.087008]]],[[[120.646258,16.087885],[120.646255,16.088156],[120.645978,16.087882],[120.646258,16.087885]]],[[[120.599745,16.086284],[120.600003,16.088184],[120.599165,16.087904],[120.599178,16.08682],[120.599182,16.086549],[120.599185,16.086278],[120.599745,16.086284]]],[[[120.674293,16.08765],[120.674287,16.088192],[120.674013,16.087647],[120.674293,16.08765]]],[[[120.675408,16.088204],[120.675411,16.087933],[120.675688,16.088207],[120.675408,16.088204]]],[[[120.651864,16.087947],[120.652144,16.08795],[120.652141,16.088221],[120.651864,16.087947]]],[[[120.637286,16.088057],[120.637283,16.088328],[120.637002,16.088325],[120.637006,16.088054],[120.637286,16.088057]]],[[[120.645131,16.088415],[120.645414,16.088147],[120.645411,16.088418],[120.645131,16.088415]]],[[[120.59751,16.085717],[120.598351,16.085726],[120.598054,16.087078],[120.598321,16.088165],[120.598038,16.088433],[120.59748,16.088156],[120.5975,16.08653],[120.597226,16.085985],[120.59751,16.085717]]],[[[120.646816,16.088162],[120.647096,16.088166],[120.646812,16.088433],[120.646532,16.08843],[120.646535,16.088159],[120.646816,16.088162]]],[[[120.606746,16.086904],[120.607026,16.086908],[120.607006,16.088533],[120.606726,16.08853],[120.606746,16.086904]]],[[[120.691309,16.087866],[120.691019,16.088676],[120.690739,16.088673],[120.691032,16.087592],[120.691309,16.087866]]],[[[120.595615,16.088311],[120.596076,16.088411],[120.596073,16.088682],[120.595707,16.088402],[120.595615,16.088311]]],[[[120.633079,16.088282],[120.633352,16.088827],[120.633072,16.088824],[120.633079,16.088282]]],[[[120.637276,16.08887],[120.636996,16.088867],[120.636999,16.088596],[120.63728,16.088599],[120.637276,16.08887]]],[[[120.672041,16.088439],[120.671754,16.088978],[120.671761,16.088436],[120.672041,16.088439]]],[[[120.622989,16.08817],[120.623259,16.088986],[120.622979,16.088983],[120.622425,16.088435],[120.621307,16.088151],[120.621887,16.086531],[120.622167,16.086535],[120.622431,16.087893],[120.622992,16.087899],[120.622989,16.08817]]],[[[120.603079,16.08876],[120.602802,16.088486],[120.602245,16.088209],[120.602538,16.087128],[120.603096,16.087406],[120.603382,16.086867],[120.603086,16.088219],[120.603643,16.088496],[120.604468,16.08986],[120.605028,16.089866],[120.605019,16.090679],[120.605299,16.090682],[120.605859,16.090689],[120.606397,16.092592],[120.605846,16.091773],[120.605012,16.091221],[120.605006,16.091763],[120.604174,16.090941],[120.603057,16.090657],[120.603347,16.089847],[120.603627,16.089851],[120.603076,16.089031],[120.602799,16.088757],[120.603079,16.08876]]],[[[120.631671,16.088808],[120.63083,16.088799],[120.630276,16.088251],[120.629986,16.089061],[120.630012,16.086893],[120.630572,16.086899],[120.630843,16.087715],[120.631671,16.088808]]],[[[120.637276,16.08887],[120.637557,16.088873],[120.637553,16.089144],[120.637276,16.08887]]],[[[120.620469,16.087871],[120.621023,16.088419],[120.621574,16.089238],[120.621014,16.089232],[120.620173,16.089223],[120.620183,16.08841],[120.619622,16.088403],[120.619332,16.089213],[120.618772,16.089207],[120.618791,16.087581],[120.619071,16.087584],[120.619912,16.087594],[120.619361,16.086774],[120.620485,16.086516],[120.620469,16.087871]]],[[[120.619893,16.089219],[120.619612,16.089216],[120.619616,16.088945],[120.619893,16.089219]]],[[[120.693539,16.088974],[120.692695,16.089236],[120.692424,16.08842],[120.69299,16.087884],[120.693831,16.087893],[120.693539,16.088974]]],[[[120.696338,16.089276],[120.696064,16.088731],[120.696625,16.088737],[120.696338,16.089276]]],[[[120.697752,16.088207],[120.69774,16.089291],[120.697185,16.088743],[120.696908,16.088469],[120.696918,16.087656],[120.697481,16.087391],[120.698319,16.087671],[120.697752,16.088207]],[[120.697752,16.088207],[120.697475,16.087933],[120.697472,16.088204],[120.697752,16.088207]]],[[[120.67907,16.086618],[120.679341,16.087434],[120.679902,16.08744],[120.679895,16.087982],[120.679332,16.088247],[120.679319,16.089331],[120.679048,16.088515],[120.678485,16.08878],[120.678201,16.089048],[120.677921,16.089045],[120.677656,16.087687],[120.678497,16.087696],[120.67907,16.086618]]],[[[120.607,16.089075],[120.607277,16.08935],[120.606997,16.089346],[120.607,16.089075]]],[[[120.689898,16.088664],[120.689889,16.089477],[120.688487,16.089462],[120.688496,16.088649],[120.689057,16.088655],[120.689898,16.088664]]],[[[120.645124,16.088957],[120.644557,16.089493],[120.644567,16.08868],[120.645124,16.088957]]],[[[120.693539,16.088974],[120.694099,16.08898],[120.694093,16.089522],[120.693532,16.089516],[120.693539,16.088974]]],[[[120.695803,16.087102],[120.6958,16.087373],[120.695784,16.088728],[120.694934,16.089531],[120.69466,16.088986],[120.694946,16.088448],[120.694949,16.088177],[120.695242,16.087096],[120.695803,16.087102]]],[[[120.59971,16.089265],[120.599426,16.089532],[120.599429,16.089262],[120.59971,16.089265]]],[[[120.653813,16.089052],[120.653526,16.089591],[120.653533,16.089049],[120.653813,16.089052]]],[[[120.666149,16.088916],[120.666139,16.089729],[120.665859,16.089726],[120.665865,16.089184],[120.664461,16.08944],[120.663903,16.089163],[120.663623,16.08916],[120.663066,16.088883],[120.663069,16.088612],[120.663075,16.08807],[120.663632,16.088347],[120.663913,16.08835],[120.66476,16.087817],[120.666161,16.087833],[120.666158,16.088104],[120.665317,16.088094],[120.666149,16.088916]]],[[[120.621007,16.089774],[120.621011,16.089503],[120.621288,16.089777],[120.621007,16.089774]]],[[[120.67007,16.08923],[120.67063,16.089236],[120.670904,16.089781],[120.670063,16.089772],[120.67007,16.08923]]],[[[120.623259,16.088986],[120.62381,16.089805],[120.622976,16.089254],[120.623259,16.088986]]],[[[120.675398,16.089017],[120.675392,16.089559],[120.674828,16.089824],[120.674548,16.089821],[120.674567,16.088195],[120.67457,16.087924],[120.674853,16.087656],[120.675134,16.087659],[120.675408,16.088204],[120.675965,16.088481],[120.675679,16.08902],[120.675398,16.089017]]],[[[120.602229,16.089564],[120.601671,16.089287],[120.601958,16.088748],[120.602793,16.089299],[120.602786,16.089841],[120.602506,16.089838],[120.602229,16.089564]]],[[[120.651561,16.089841],[120.651845,16.089573],[120.651841,16.089844],[120.651561,16.089841]]],[[[120.678198,16.089319],[120.678192,16.089861],[120.677911,16.089858],[120.678198,16.089319]]],[[[120.60699,16.089888],[120.60671,16.089885],[120.606713,16.089614],[120.606993,16.089617],[120.60699,16.089888]]],[[[120.657454,16.089363],[120.657447,16.089905],[120.657167,16.089902],[120.657173,16.08936],[120.657454,16.089363]]],[[[120.658291,16.089644],[120.658568,16.089918],[120.658288,16.089915],[120.658291,16.089644]]],[[[120.68576,16.089943],[120.684919,16.089934],[120.684922,16.089663],[120.685485,16.089398],[120.686046,16.089404],[120.68576,16.089943]]],[[[120.620727,16.089771],[120.620444,16.090039],[120.619609,16.089487],[120.619893,16.089219],[120.620173,16.089223],[120.620727,16.089771]]],[[[120.621007,16.089774],[120.621004,16.090045],[120.620724,16.090042],[120.620727,16.089771],[120.621007,16.089774]]],[[[120.69437,16.089796],[120.694367,16.090067],[120.694087,16.090064],[120.69437,16.089796]]],[[[120.602506,16.089838],[120.602503,16.090109],[120.602226,16.089835],[120.602506,16.089838]]],[[[120.651561,16.089841],[120.651278,16.090109],[120.651281,16.089838],[120.651561,16.089841]]],[[[120.628894,16.086609],[120.628874,16.088235],[120.628304,16.089042],[120.629139,16.089593],[120.629132,16.090135],[120.628852,16.090132],[120.628014,16.089852],[120.62803,16.088497],[120.62833,16.086874],[120.627496,16.086323],[120.628897,16.086338],[120.628894,16.086609]]],[[[120.630253,16.090148],[120.630257,16.089877],[120.630537,16.08988],[120.630253,16.090148]]],[[[120.631668,16.089079],[120.631655,16.090163],[120.631097,16.089886],[120.631668,16.089079]]],[[[120.60699,16.089888],[120.607274,16.08962],[120.607548,16.090166],[120.60699,16.089888]]],[[[120.59139,16.08998],[120.59102,16.089704],[120.591018,16.089795],[120.59,16.089693],[120.59,16.089512],[120.59,16.089332],[120.591026,16.089162],[120.591576,16.090072],[120.59139,16.08998]]],[[[120.672328,16.0879],[120.672888,16.087906],[120.67286,16.090345],[120.672302,16.090068],[120.672321,16.088442],[120.672041,16.088439],[120.672044,16.088168],[120.672328,16.0879]]],[[[120.591857,16.089985],[120.592413,16.090352],[120.591668,16.090163],[120.591857,16.089985]]],[[[120.62409,16.089808],[120.624367,16.090082],[120.624364,16.090353],[120.624087,16.090079],[120.62409,16.089808]]],[[[120.697167,16.090369],[120.697173,16.089827],[120.697176,16.089556],[120.697453,16.08983],[120.697167,16.090369]]],[[[120.602226,16.089835],[120.601939,16.090374],[120.601388,16.089555],[120.602229,16.089564],[120.602226,16.089835]]],[[[120.697734,16.089833],[120.698288,16.090381],[120.697727,16.090375],[120.697734,16.089833]]],[[[120.678189,16.090132],[120.678185,16.090403],[120.677905,16.0904],[120.677908,16.090129],[120.678189,16.090132]]],[[[120.658845,16.090192],[120.659123,16.090466],[120.658842,16.090463],[120.658845,16.090192]]],[[[120.660807,16.090213],[120.661085,16.090487],[120.660804,16.090484],[120.660807,16.090213]]],[[[120.598012,16.090601],[120.597171,16.090591],[120.597467,16.089239],[120.597748,16.089243],[120.598025,16.089517],[120.598585,16.089523],[120.598012,16.090601]]],[[[120.668092,16.090564],[120.668372,16.090567],[120.668369,16.090838],[120.668089,16.090835],[120.668092,16.090564]]],[[[120.691558,16.090579],[120.691561,16.090308],[120.692682,16.09032],[120.693249,16.089784],[120.693239,16.090597],[120.692115,16.090856],[120.691558,16.090579]]],[[[120.694077,16.090877],[120.69408,16.090606],[120.694361,16.090609],[120.694077,16.090877]]],[[[120.674816,16.090908],[120.675099,16.09064],[120.675096,16.090911],[120.674816,16.090908]]],[[[120.677058,16.090932],[120.676504,16.090384],[120.676784,16.090387],[120.677058,16.090932]]],[[[120.661642,16.090764],[120.661358,16.091032],[120.661362,16.090761],[120.661642,16.090764]]],[[[120.690723,16.090028],[120.69043,16.091109],[120.690443,16.090025],[120.690723,16.090028]]],[[[120.694077,16.090877],[120.694074,16.091148],[120.693794,16.091145],[120.693797,16.090874],[120.694077,16.090877]]],[[[120.680721,16.089346],[120.681278,16.089623],[120.681269,16.090436],[120.681265,16.090707],[120.681259,16.091249],[120.680979,16.091246],[120.680695,16.091514],[120.680699,16.091243],[120.680418,16.09124],[120.680721,16.089346]]],[[[120.608098,16.090985],[120.608375,16.091259],[120.608652,16.091533],[120.608913,16.093162],[120.609754,16.093171],[120.610044,16.092362],[120.610605,16.092368],[120.610614,16.091555],[120.611172,16.091832],[120.610885,16.092371],[120.610862,16.094268],[120.610582,16.094265],[120.610012,16.095071],[120.609999,16.096155],[120.610556,16.096432],[120.610256,16.098055],[120.611087,16.098877],[120.611351,16.100235],[120.610794,16.099958],[120.611061,16.101045],[120.610778,16.101313],[120.60995,16.10022],[120.608829,16.100207],[120.609112,16.099939],[120.609132,16.098314],[120.609399,16.099401],[120.609966,16.098865],[120.609969,16.098594],[120.609138,16.097772],[120.609145,16.09723],[120.608024,16.097217],[120.607196,16.096124],[120.606916,16.096121],[120.606922,16.095579],[120.606925,16.095308],[120.606645,16.095305],[120.606651,16.094763],[120.607215,16.094498],[120.607499,16.09423],[120.608059,16.094236],[120.607795,16.092878],[120.607238,16.092601],[120.607251,16.091517],[120.606703,16.090427],[120.607264,16.090433],[120.607254,16.091246],[120.608095,16.091256],[120.608098,16.090985]],[[120.609145,16.09723],[120.609428,16.096962],[120.609432,16.096691],[120.608881,16.095872],[120.608594,16.09641],[120.609151,16.096688],[120.609148,16.096959],[120.609145,16.09723]],[[120.609735,16.094797],[120.609471,16.093439],[120.60891,16.093433],[120.609735,16.094797]]],[[[120.684903,16.091289],[120.684345,16.091012],[120.684352,16.09047],[120.684915,16.090205],[120.684903,16.091289]]],[[[120.663321,16.091054],[120.663881,16.09106],[120.663317,16.091325],[120.663321,16.091054]]],[[[120.69323,16.09141],[120.693514,16.091142],[120.69351,16.091413],[120.69323,16.09141]]],[[[120.67286,16.090345],[120.67342,16.090351],[120.673411,16.091164],[120.67257,16.091155],[120.67286,16.090345]]],[[[120.600528,16.091171],[120.600244,16.091439],[120.59969,16.09089],[120.5997,16.090078],[120.60027,16.089271],[120.59971,16.089265],[120.599716,16.088723],[120.60084,16.088464],[120.600544,16.089816],[120.601101,16.090093],[120.600541,16.090087],[120.600528,16.091171]]],[[[120.630253,16.090148],[120.630237,16.091502],[120.629957,16.091499],[120.629973,16.090144],[120.630253,16.090148]]],[[[120.632206,16.090982],[120.63304,16.091534],[120.632199,16.091524],[120.632206,16.090982]]],[[[120.689863,16.091645],[120.689306,16.091368],[120.689044,16.089739],[120.689605,16.089745],[120.689589,16.0911],[120.689863,16.091645]]],[[[120.622109,16.091412],[120.621545,16.091677],[120.621265,16.091674],[120.620721,16.090313],[120.621004,16.090045],[120.621288,16.089777],[120.621574,16.089238],[120.621845,16.090054],[120.622402,16.090331],[120.622109,16.091412]]],[[[120.69323,16.09141],[120.693227,16.091681],[120.692947,16.091678],[120.692666,16.091675],[120.69323,16.09141]]],[[[120.59912,16.091697],[120.598843,16.091423],[120.598566,16.091149],[120.598569,16.090878],[120.599129,16.090884],[120.599687,16.091161],[120.59912,16.091697]]],[[[120.674816,16.090908],[120.675093,16.091182],[120.67509,16.091453],[120.674246,16.091715],[120.674255,16.090902],[120.674816,16.090908]]],[[[120.697167,16.090369],[120.697151,16.091724],[120.696591,16.091718],[120.696316,16.091173],[120.696886,16.090366],[120.697167,16.090369]]],[[[120.602213,16.090919],[120.602763,16.091738],[120.602483,16.091735],[120.602206,16.091461],[120.602213,16.090919]]],[[[120.67901,16.091767],[120.67845,16.091761],[120.678733,16.091493],[120.67901,16.091767]]],[[[120.59306,16.090992],[120.593143,16.091806],[120.592498,16.091076],[120.59306,16.090992]]],[[[120.635563,16.091561],[120.63584,16.091836],[120.635559,16.091832],[120.635563,16.091561]]],[[[120.684903,16.091289],[120.685464,16.091295],[120.685457,16.091837],[120.684903,16.091289]]],[[[120.688263,16.091596],[120.688544,16.091599],[120.68826,16.091867],[120.688263,16.091596]]],[[[120.641449,16.091626],[120.641729,16.09163],[120.641726,16.091901],[120.641449,16.091626]]],[[[120.644248,16.091928],[120.643968,16.091925],[120.643688,16.091922],[120.643407,16.091919],[120.643694,16.09138],[120.643697,16.091109],[120.644248,16.091928]]],[[[120.620981,16.091942],[120.620701,16.091938],[120.620985,16.091671],[120.620981,16.091942]]],[[[120.69575,16.091708],[120.695186,16.091973],[120.695476,16.091163],[120.69575,16.091708]]],[[[120.689863,16.091645],[120.690424,16.091651],[120.690698,16.092196],[120.689857,16.092187],[120.689863,16.091645]]],[[[120.644806,16.092206],[120.644812,16.091664],[120.645092,16.091667],[120.645086,16.092209],[120.644806,16.092206]]],[[[120.646226,16.090595],[120.646506,16.090598],[120.6465,16.09114],[120.64622,16.091137],[120.646217,16.091408],[120.646771,16.091956],[120.646207,16.092221],[120.645927,16.092218],[120.645646,16.092215],[120.645682,16.089234],[120.645962,16.089237],[120.646519,16.089514],[120.646516,16.089785],[120.646793,16.090059],[120.64679,16.09033],[120.64651,16.090327],[120.646226,16.090595]]],[[[120.60276,16.092009],[120.602757,16.09228],[120.60248,16.092006],[120.60276,16.092009]]],[[[120.627708,16.092016],[120.627705,16.092287],[120.627425,16.092284],[120.627708,16.092016]]],[[[120.680695,16.091514],[120.681533,16.091794],[120.680409,16.092053],[120.680415,16.091511],[120.680695,16.091514]]],[[[120.683209,16.092354],[120.682941,16.091267],[120.683498,16.091544],[120.683508,16.090731],[120.683788,16.090734],[120.683769,16.09236],[120.683209,16.092354]]],[[[120.642283,16.092178],[120.642563,16.092181],[120.64228,16.092449],[120.642283,16.092178]]],[[[120.603317,16.092286],[120.603875,16.092563],[120.603314,16.092557],[120.603317,16.092286]]],[[[120.614532,16.092141],[120.615086,16.092689],[120.615076,16.093502],[120.614516,16.093496],[120.614235,16.093492],[120.614252,16.092138],[120.613688,16.092402],[120.613404,16.09267],[120.613124,16.092667],[120.613127,16.092396],[120.612576,16.091577],[120.612586,16.090764],[120.61314,16.091312],[120.61315,16.090499],[120.613714,16.090235],[120.614274,16.090241],[120.614828,16.090789],[120.614532,16.092141]]],[[[120.59,16.091771],[120.59,16.091048],[120.59156,16.091337],[120.591557,16.091607],[120.591554,16.091878],[120.591546,16.092511],[120.590984,16.092685],[120.59,16.091771]]],[[[120.688811,16.092686],[120.689098,16.092147],[120.689092,16.092689],[120.688811,16.092686]]],[[[120.666674,16.091903],[120.666665,16.092716],[120.665827,16.092436],[120.666394,16.0919],[120.666674,16.091903]]],[[[120.643401,16.092461],[120.643118,16.092729],[120.643121,16.092458],[120.643401,16.092461]]],[[[120.645646,16.092215],[120.64536,16.092754],[120.64508,16.092751],[120.645086,16.092209],[120.645646,16.092215]]],[[[120.672551,16.092781],[120.672277,16.092236],[120.672557,16.092239],[120.672554,16.09251],[120.672551,16.092781]]],[[[120.59912,16.091697],[120.598826,16.092778],[120.598833,16.092236],[120.598839,16.091694],[120.59912,16.091697]]],[[[120.624622,16.092253],[120.624896,16.092798],[120.624615,16.092795],[120.624622,16.092253]]],[[[120.687986,16.091322],[120.687422,16.091587],[120.687413,16.0924],[120.686852,16.092394],[120.686859,16.091852],[120.686301,16.091575],[120.686005,16.092927],[120.685445,16.092921],[120.685457,16.091837],[120.685741,16.091569],[120.686037,16.090217],[120.686308,16.091033],[120.686594,16.090494],[120.687712,16.090777],[120.687986,16.091322]]],[[[120.620981,16.091942],[120.621542,16.091948],[120.621819,16.092222],[120.620688,16.093022],[120.620408,16.093019],[120.620698,16.092209],[120.620981,16.091942]]],[[[120.594717,16.092998],[120.594352,16.092271],[120.594353,16.092181],[120.594354,16.092091],[120.594825,16.091825],[120.595384,16.091922],[120.594724,16.092456],[120.594717,16.092998]]],[[[120.67788,16.092568],[120.67844,16.092574],[120.678434,16.093116],[120.678154,16.093113],[120.67788,16.092568]]],[[[120.5966,16.091398],[120.597435,16.091949],[120.597419,16.093304],[120.596868,16.092485],[120.5966,16.091398]]],[[[120.69351,16.091413],[120.694071,16.091419],[120.693784,16.091958],[120.694058,16.092503],[120.693498,16.092497],[120.693492,16.093039],[120.692928,16.093304],[120.693227,16.091681],[120.69351,16.091413]]],[[[120.678434,16.093116],[120.678711,16.09339],[120.678431,16.093387],[120.678434,16.093116]]],[[[120.629938,16.093125],[120.630775,16.093405],[120.629934,16.093396],[120.629938,16.093125]]],[[[120.663295,16.093222],[120.663575,16.093225],[120.663572,16.093496],[120.663295,16.093222]]],[[[120.645914,16.093302],[120.645911,16.093573],[120.645631,16.09357],[120.64535,16.093567],[120.645357,16.093025],[120.645914,16.093302]]],[[[120.627409,16.093639],[120.627132,16.093365],[120.627412,16.093368],[120.627409,16.093639]]],[[[120.678431,16.093387],[120.67759,16.093377],[120.677593,16.093106],[120.678154,16.093113],[120.678431,16.093387]]],[[[120.688811,16.092686],[120.689085,16.093231],[120.688799,16.09377],[120.688519,16.093767],[120.688241,16.093493],[120.688244,16.093222],[120.688248,16.092951],[120.688257,16.092138],[120.688811,16.092686]]],[[[120.663856,16.093228],[120.664133,16.093502],[120.66413,16.093773],[120.663853,16.093499],[120.663856,16.093228]]],[[[120.666378,16.093255],[120.665811,16.093791],[120.66441,16.093776],[120.664413,16.093505],[120.665254,16.093514],[120.665541,16.092975],[120.666378,16.093255]]],[[[120.647589,16.093862],[120.647309,16.093859],[120.647312,16.093588],[120.647589,16.093862]]],[[[120.672551,16.092781],[120.672835,16.092513],[120.673386,16.093332],[120.672545,16.093323],[120.672551,16.092781]]],[[[120.600779,16.093613],[120.600775,16.093884],[120.600498,16.09361],[120.600779,16.093613]]],[[[120.59153,16.093866],[120.591904,16.09387],[120.591903,16.09396],[120.591529,16.093956],[120.59153,16.093866]]],[[[120.59417,16.091908],[120.594147,16.093805],[120.593771,16.093981],[120.5938,16.091542],[120.593802,16.091452],[120.59306,16.090992],[120.592973,16.090449],[120.593812,16.090549],[120.594272,16.091186],[120.59417,16.091908]]],[[[120.640299,16.094053],[120.640018,16.09405],[120.640022,16.093779],[120.640299,16.094053]]],[[[120.592837,16.093971],[120.592555,16.094058],[120.592374,16.093604],[120.591531,16.093775],[120.591543,16.092782],[120.592287,16.093061],[120.591923,16.092244],[120.59239,16.092249],[120.592469,16.093515],[120.592837,16.093971]]],[[[120.68992,16.093782],[120.690758,16.094062],[120.690197,16.094056],[120.68992,16.093782]]],[[[120.64535,16.093567],[120.645344,16.094109],[120.644235,16.093012],[120.644522,16.092473],[120.643965,16.092196],[120.644248,16.091928],[120.644806,16.092206],[120.645076,16.093022],[120.64535,16.093567]]],[[[120.645908,16.093844],[120.645624,16.094112],[120.645627,16.093841],[120.645908,16.093844]]],[[[120.647589,16.093862],[120.64787,16.093865],[120.647866,16.094136],[120.647589,16.093862]]],[[[120.64843,16.093872],[120.648427,16.094143],[120.648147,16.094139],[120.64815,16.093868],[120.64843,16.093872]]],[[[120.603298,16.093912],[120.603575,16.094186],[120.603295,16.094183],[120.603298,16.093912]]],[[[120.606661,16.09395],[120.606658,16.094221],[120.606378,16.094218],[120.606381,16.093947],[120.606661,16.09395]]],[[[120.606674,16.092866],[120.607512,16.093146],[120.607499,16.09423],[120.607219,16.094227],[120.606942,16.093953],[120.606661,16.09395],[120.606384,16.093676],[120.606104,16.093673],[120.605827,16.093398],[120.605556,16.092582],[120.60611,16.093131],[120.606674,16.092866]]],[[[120.614229,16.094034],[120.614512,16.093767],[120.614786,16.094312],[120.614229,16.094034]]],[[[120.667229,16.092451],[120.667213,16.093806],[120.666926,16.094345],[120.666659,16.093258],[120.667229,16.092451]]],[[[120.642824,16.09381],[120.642257,16.094346],[120.641984,16.0938],[120.641993,16.092988],[120.642828,16.093539],[120.642824,16.09381]]],[[[120.646194,16.093305],[120.646462,16.094392],[120.645908,16.093844],[120.645911,16.093573],[120.646194,16.093305]]],[[[120.624039,16.094144],[120.624036,16.094415],[120.623755,16.094412],[120.623759,16.094141],[120.624039,16.094144]]],[[[120.675641,16.092272],[120.675921,16.092275],[120.675896,16.094443],[120.675354,16.092811],[120.675641,16.092272]]],[[[120.603298,16.093912],[120.602731,16.094448],[120.602741,16.093635],[120.603021,16.093638],[120.603301,16.093641],[120.603298,16.093912]]],[[[120.604152,16.092838],[120.604709,16.093115],[120.605253,16.094476],[120.604416,16.094196],[120.604425,16.093383],[120.603871,16.092834],[120.604152,16.092838]]],[[[120.597125,16.094385],[120.596842,16.094653],[120.596845,16.094382],[120.597125,16.094385]]],[[[120.664397,16.09486],[120.664964,16.094324],[120.664961,16.094595],[120.664397,16.09486]]],[[[120.620105,16.094913],[120.619835,16.094097],[120.620405,16.09329],[120.620682,16.093564],[120.620105,16.094913]]],[[[120.606378,16.094218],[120.606368,16.095031],[120.605814,16.094482],[120.605824,16.093669],[120.606104,16.093673],[120.606378,16.094218]]],[[[120.68598,16.095095],[120.6857,16.095092],[120.685712,16.094008],[120.686002,16.093198],[120.687123,16.09321],[120.686279,16.093472],[120.686273,16.094014],[120.686824,16.094833],[120.68598,16.095095]]],[[[120.688506,16.094851],[120.687945,16.094845],[120.687952,16.094303],[120.688793,16.094312],[120.688506,16.094851]]],[[[120.690194,16.094327],[120.690755,16.094333],[120.690745,16.095146],[120.690188,16.094869],[120.690194,16.094327]]],[[[120.599364,16.094681],[120.599361,16.094952],[120.599077,16.09522],[120.598523,16.094671],[120.598527,16.094401],[120.59881,16.094133],[120.599364,16.094681]]],[[[120.614786,16.094312],[120.615344,16.094589],[120.615334,16.095402],[120.614493,16.095392],[120.614499,16.09485],[120.614786,16.094312]]],[[[120.616175,16.095411],[120.615894,16.095408],[120.615917,16.093511],[120.616481,16.093247],[120.616458,16.095143],[120.616175,16.095411]]],[[[120.599077,16.09522],[120.599358,16.095223],[120.599635,16.095497],[120.599631,16.095768],[120.599077,16.09522]]],[[[120.596838,16.094924],[120.597106,16.096011],[120.596825,16.096007],[120.596548,16.095733],[120.596838,16.094924]]],[[[120.624016,16.096041],[120.623749,16.094954],[120.624029,16.094957],[120.624019,16.09577],[120.624016,16.096041]]],[[[120.591597,16.096034],[120.591596,16.096125],[120.591494,16.096846],[120.591231,16.095398],[120.591511,16.095401],[120.591528,16.094046],[120.591903,16.09396],[120.591997,16.093871],[120.592463,16.093966],[120.591885,16.095405],[120.59207,16.095588],[120.592153,16.096402],[120.592429,16.096766],[120.59196,16.096942],[120.591691,16.096035],[120.591597,16.096034]]],[[[120.614499,16.09485],[120.613939,16.094844],[120.613642,16.096196],[120.613085,16.095919],[120.612818,16.094832],[120.61226,16.094554],[120.612283,16.092658],[120.612003,16.092654],[120.612019,16.0913],[120.612847,16.092393],[120.61284,16.092935],[120.613121,16.092938],[120.613404,16.09267],[120.613684,16.092673],[120.613965,16.092676],[120.613949,16.094031],[120.614229,16.094034],[120.614499,16.09485]]],[[[120.592548,16.09469],[120.592914,16.095327],[120.592527,16.096406],[120.592548,16.09469]]],[[[120.616175,16.095411],[120.616455,16.095414],[120.617012,16.095692],[120.616729,16.095959],[120.617003,16.096504],[120.616442,16.096498],[120.616175,16.095411]]],[[[120.617283,16.096508],[120.617286,16.096237],[120.617563,16.096511],[120.617283,16.096508]]],[[[120.602424,16.096612],[120.602144,16.096609],[120.60187,16.096064],[120.602151,16.096067],[120.602424,16.096612]]],[[[120.617283,16.096508],[120.61728,16.096779],[120.617003,16.096504],[120.617283,16.096508]]],[[[120.617563,16.096511],[120.617843,16.096514],[120.61784,16.096785],[120.61756,16.096782],[120.617563,16.096511]]],[[[120.590391,16.095298],[120.590467,16.096744],[120.590466,16.096835],[120.590281,16.096742],[120.590095,16.09665],[120.59,16.096649],[120.59,16.095384],[120.59,16.095203],[120.59,16.094481],[120.59,16.093939],[120.59,16.093848],[120.59013,16.093759],[120.590038,16.093578],[120.590041,16.093397],[120.590134,16.093398],[120.590516,16.09268],[120.59098,16.092956],[120.591249,16.093953],[120.591138,16.095397],[120.590764,16.095393],[120.590499,16.094125],[120.59031,16.094303],[120.590391,16.095298]]],[[[120.595022,16.096706],[120.594486,16.096699],[120.594493,16.096067],[120.595022,16.096706]]],[[[120.597376,16.096827],[120.597379,16.096556],[120.59766,16.096559],[120.59794,16.096562],[120.597933,16.097104],[120.597376,16.096827]]],[[[120.600192,16.095774],[120.600176,16.097129],[120.599631,16.095768],[120.599912,16.095771],[120.600192,16.095774]]],[[[120.613639,16.096467],[120.613916,16.096741],[120.613913,16.097012],[120.61391,16.097283],[120.613639,16.096467]]],[[[120.619235,16.097342],[120.61812,16.096788],[120.618124,16.096517],[120.618961,16.096797],[120.619235,16.097342]]],[[[120.606912,16.096392],[120.607189,16.096666],[120.607183,16.097208],[120.60718,16.097479],[120.606619,16.097472],[120.606912,16.096392]]],[[[120.619235,16.097342],[120.619512,16.097616],[120.619232,16.097613],[120.619235,16.097342]]],[[[120.602424,16.096612],[120.602975,16.097432],[120.602692,16.097699],[120.602421,16.096883],[120.602424,16.096612]]],[[[120.595404,16.097617],[120.595401,16.097888],[120.595121,16.097885],[120.595404,16.097617]]],[[[120.615021,16.098108],[120.615301,16.098112],[120.615298,16.098383],[120.615021,16.098108]]],[[[120.616419,16.098395],[120.615859,16.098389],[120.616146,16.09785],[120.616419,16.098395]]],[[[120.603243,16.098519],[120.602969,16.097973],[120.602972,16.097703],[120.603526,16.098251],[120.603243,16.098519]]],[[[120.607447,16.098566],[120.60745,16.098295],[120.607727,16.098569],[120.607447,16.098566]]],[[[120.597083,16.097907],[120.59708,16.098178],[120.597073,16.09872],[120.597066,16.099262],[120.597911,16.099001],[120.597907,16.099272],[120.59734,16.099807],[120.596219,16.099795],[120.596213,16.100337],[120.595939,16.099792],[120.595378,16.099785],[120.595385,16.099243],[120.595668,16.098975],[120.595672,16.098705],[120.595678,16.098163],[120.596525,16.09763],[120.596529,16.097359],[120.596532,16.097088],[120.597376,16.096827],[120.597083,16.097907]]],[[[120.607447,16.098566],[120.607444,16.098837],[120.607167,16.098563],[120.607447,16.098566]]],[[[120.594208,16.096515],[120.594197,16.097419],[120.593192,16.098853],[120.593155,16.098581],[120.593062,16.09858],[120.592968,16.098579],[120.592969,16.098489],[120.594007,16.097688],[120.59279,16.097855],[120.592698,16.097763],[120.592992,16.096592],[120.593642,16.096961],[120.593668,16.094793],[120.594051,16.093984],[120.593937,16.095699],[120.594208,16.096515]]],[[[120.615856,16.09866],[120.615572,16.098928],[120.615575,16.098657],[120.615856,16.09866]]],[[[120.619776,16.098974],[120.61978,16.098703],[120.62006,16.098707],[120.620337,16.098981],[120.619776,16.098974]]],[[[120.594831,16.098695],[120.594544,16.099234],[120.59455,16.098692],[120.594831,16.098695]]],[[[120.616419,16.098395],[120.61669,16.099211],[120.615846,16.099473],[120.616419,16.098395]]],[[[120.616683,16.099753],[120.616687,16.099482],[120.616964,16.099756],[120.616683,16.099753]]],[[[120.620337,16.098981],[120.620888,16.0998],[120.620327,16.099794],[120.620337,16.098981]]],[[[120.600427,16.099571],[120.600143,16.099839],[120.599312,16.099016],[120.599035,16.098742],[120.598755,16.098739],[120.597917,16.098459],[120.598204,16.09792],[120.599599,16.098478],[120.599873,16.099023],[120.600427,16.099571]]],[[[120.603523,16.098522],[120.60408,16.098799],[120.603226,16.099873],[120.60352,16.098793],[120.603523,16.098522]]],[[[120.616964,16.099756],[120.617241,16.10003],[120.616961,16.100027],[120.616964,16.099756]]],[[[120.619206,16.099781],[120.619203,16.100052],[120.618923,16.100049],[120.619206,16.099781]]],[[[120.600427,16.099571],[120.600984,16.099848],[120.600981,16.100119],[120.600423,16.099842],[120.600427,16.099571]]],[[[120.616683,16.099753],[120.616677,16.100295],[120.616116,16.100289],[120.616123,16.099747],[120.616683,16.099753]]],[[[120.601538,16.100397],[120.601261,16.100122],[120.601264,16.099851],[120.601541,16.100126],[120.601538,16.100397]]],[[[120.614712,16.100544],[120.614718,16.100002],[120.615562,16.09974],[120.615559,16.100011],[120.615553,16.100553],[120.614712,16.100544]]],[[[120.596213,16.100337],[120.596493,16.10034],[120.59649,16.100611],[120.596209,16.100608],[120.596213,16.100337]]],[[[120.615553,16.100553],[120.615833,16.100557],[120.61583,16.100828],[120.615549,16.100824],[120.615553,16.100553]]],[[[120.619196,16.100594],[120.619193,16.100865],[120.618913,16.100862],[120.619196,16.100594]]],[[[120.601538,16.100397],[120.601818,16.1004],[120.602653,16.100951],[120.602649,16.101222],[120.601812,16.100942],[120.601538,16.100397]]],[[[120.593191,16.098854],[120.593983,16.099228],[120.593587,16.099494],[120.593569,16.101026],[120.592826,16.101289],[120.592857,16.100836],[120.593191,16.098854]]],[[[120.616944,16.101382],[120.616948,16.101111],[120.617225,16.101385],[120.616944,16.101382]]],[[[120.607975,16.101282],[120.607972,16.101553],[120.607695,16.101279],[120.607975,16.101282]]],[[[120.615549,16.100824],[120.615546,16.101095],[120.615259,16.101634],[120.614979,16.101631],[120.615549,16.100824]]],[[[120.616944,16.101382],[120.616941,16.101653],[120.616664,16.101379],[120.616944,16.101382]]],[[[120.608829,16.100207],[120.609096,16.101294],[120.608806,16.102104],[120.608532,16.101559],[120.608549,16.100204],[120.608829,16.100207]]],[[[120.611332,16.101861],[120.611612,16.101864],[120.611609,16.102135],[120.611332,16.101861]]],[[[120.613011,16.102151],[120.613014,16.10188],[120.613291,16.102154],[120.613011,16.102151]]],[[[120.619177,16.10222],[120.6189,16.101946],[120.61918,16.101949],[120.619177,16.10222]]],[[[120.612166,16.102413],[120.611889,16.102139],[120.611893,16.101868],[120.61245,16.102145],[120.612166,16.102413]]],[[[120.613011,16.102151],[120.613007,16.102422],[120.612727,16.102419],[120.61273,16.102148],[120.613011,16.102151]]],[[[120.615253,16.102176],[120.61525,16.102447],[120.614969,16.102444],[120.614973,16.102173],[120.615253,16.102176]]],[[[120.598993,16.102265],[120.598709,16.102533],[120.598712,16.102262],[120.598993,16.102265]]],[[[120.6088,16.102646],[120.608803,16.102375],[120.60908,16.102649],[120.6088,16.102646]]],[[[120.610201,16.102662],[120.609641,16.102655],[120.60965,16.101842],[120.610201,16.102662]]],[[[120.612727,16.102419],[120.612724,16.10269],[120.612443,16.102687],[120.612447,16.102416],[120.612727,16.102419]]],[[[120.612724,16.10269],[120.613004,16.102693],[120.613001,16.102964],[120.612721,16.102961],[120.612724,16.10269]]],[[[120.6088,16.102646],[120.608793,16.103188],[120.608519,16.102643],[120.6088,16.102646]]],[[[120.612721,16.102961],[120.612437,16.103229],[120.61244,16.102958],[120.612721,16.102961]]],[[[120.609073,16.103191],[120.609347,16.103736],[120.609067,16.103733],[120.609073,16.103191]]],[[[120.601219,16.103645],[120.601215,16.103916],[120.600935,16.103913],[120.601219,16.103645]]],[[[120.601499,16.103648],[120.601776,16.103922],[120.601496,16.103919],[120.601499,16.103648]]],[[[120.61523,16.104073],[120.614953,16.103799],[120.615233,16.103802],[120.61523,16.104073]]],[[[120.59,16.103605],[120.59,16.103153],[120.59057,16.103701],[120.590377,16.104241],[120.59019,16.104239],[120.59,16.103605]]],[[[120.611032,16.103484],[120.610462,16.104291],[120.610475,16.103207],[120.611032,16.103484]]],[[[120.612985,16.104319],[120.612704,16.104316],[120.612708,16.104045],[120.612985,16.104319]]],[[[120.595323,16.104392],[120.595049,16.103847],[120.595893,16.103585],[120.595603,16.104395],[120.595323,16.104392]]],[[[120.600932,16.104184],[120.601209,16.104458],[120.600929,16.104455],[120.600932,16.104184]]],[[[120.61523,16.104073],[120.615511,16.104076],[120.616065,16.104624],[120.61523,16.104073]]],[[[120.595323,16.104392],[120.595319,16.104663],[120.594759,16.104656],[120.595323,16.104392]]],[[[120.612421,16.104584],[120.612698,16.104858],[120.612418,16.104855],[120.612421,16.104584]]],[[[120.618023,16.104917],[120.617746,16.104643],[120.618027,16.104646],[120.618023,16.104917]]],[[[120.596447,16.104133],[120.596998,16.104953],[120.596164,16.104401],[120.596447,16.104133]]],[[[120.609621,16.104281],[120.609611,16.105094],[120.609331,16.105091],[120.609341,16.104278],[120.609621,16.104281]]],[[[120.616065,16.104624],[120.616338,16.105169],[120.616058,16.105166],[120.616065,16.104624]]],[[[120.618023,16.104917],[120.618304,16.10492],[120.618301,16.105191],[120.618023,16.104917]]],[[[120.601479,16.105274],[120.601756,16.105548],[120.601476,16.105545],[120.601479,16.105274]]],[[[120.613535,16.105138],[120.613809,16.105683],[120.613529,16.10568],[120.613535,16.105138]]],[[[120.594752,16.105198],[120.594185,16.105734],[120.594188,16.105463],[120.594475,16.104924],[120.594752,16.105198]]],[[[120.619138,16.105472],[120.619135,16.105743],[120.618858,16.105468],[120.619138,16.105472]]],[[[120.609331,16.105091],[120.609608,16.105365],[120.609602,16.105907],[120.609321,16.105904],[120.609051,16.105088],[120.609331,16.105091]]],[[[120.612127,16.105664],[120.612124,16.105935],[120.611844,16.105932],[120.612127,16.105664]]],[[[120.619973,16.106023],[120.619692,16.10602],[120.619696,16.105749],[120.619973,16.106023]]],[[[120.594185,16.105734],[120.594179,16.106276],[120.593898,16.106273],[120.593902,16.106002],[120.593905,16.105731],[120.594185,16.105734]]],[[[120.619412,16.106017],[120.619409,16.106288],[120.619129,16.106285],[120.619132,16.106014],[120.619412,16.106017]]],[[[120.602027,16.106364],[120.602024,16.106635],[120.601747,16.106361],[120.602027,16.106364]]],[[[120.612118,16.106477],[120.612395,16.106751],[120.612115,16.106748],[120.612118,16.106477]]],[[[120.593898,16.106273],[120.593892,16.106815],[120.593618,16.10627],[120.593898,16.106273]]],[[[120.619402,16.10683],[120.619125,16.106556],[120.619406,16.106559],[120.619402,16.10683]]],[[[120.596695,16.106846],[120.596138,16.106569],[120.595874,16.105211],[120.596154,16.105214],[120.596995,16.105224],[120.597272,16.105498],[120.597268,16.105769],[120.596698,16.106575],[120.596695,16.106846]]],[[[120.614637,16.106776],[120.614914,16.107051],[120.614634,16.107047],[120.614637,16.106776]]],[[[120.591935,16.106788],[120.592028,16.106789],[120.592024,16.10715],[120.59193,16.107149],[120.591935,16.106788]]],[[[120.593493,16.107258],[120.593495,16.107102],[120.593535,16.106988],[120.593776,16.107084],[120.593606,16.10726],[120.593493,16.107258]]],[[[120.613793,16.107038],[120.61407,16.107312],[120.61379,16.107309],[120.613793,16.107038]]],[[[120.616316,16.107066],[120.617153,16.107347],[120.616313,16.107337],[120.616316,16.107066]]],[[[120.598654,16.107139],[120.599491,16.10742],[120.59865,16.10741],[120.598654,16.107139]]],[[[120.603976,16.10747],[120.603415,16.107464],[120.603419,16.107193],[120.603702,16.106925],[120.603983,16.106928],[120.603979,16.107199],[120.603976,16.10747]]],[[[120.604256,16.107473],[120.60426,16.107202],[120.60454,16.107205],[120.604256,16.107473]]],[[[120.59118,16.107412],[120.591179,16.107502],[120.590526,16.107405],[120.590439,16.106862],[120.59118,16.107412]]],[[[120.612392,16.107022],[120.612385,16.107564],[120.612105,16.107561],[120.612111,16.107019],[120.612392,16.107022]]],[[[120.615749,16.107602],[120.615468,16.107599],[120.615472,16.107328],[120.615475,16.107057],[120.616035,16.107063],[120.616032,16.107334],[120.615749,16.107602]]],[[[120.593892,16.106815],[120.594726,16.107366],[120.59472,16.107908],[120.593885,16.107357],[120.593889,16.107086],[120.593892,16.106815]]],[[[120.596695,16.106846],[120.596975,16.106849],[120.597249,16.107394],[120.597803,16.107943],[120.596962,16.107933],[120.596695,16.106846]]],[[[120.599768,16.107694],[120.599765,16.107965],[120.599488,16.107691],[120.599768,16.107694]]],[[[120.600049,16.107697],[120.600609,16.107703],[120.600606,16.107974],[120.600326,16.107971],[120.600045,16.107968],[120.600049,16.107697]]],[[[120.60089,16.107706],[120.60173,16.107716],[120.601727,16.107987],[120.601447,16.107984],[120.601167,16.107981],[120.60089,16.107706]]],[[[120.602011,16.107719],[120.602288,16.107993],[120.602007,16.10799],[120.602011,16.107719]]],[[[120.609582,16.107533],[120.609295,16.108072],[120.609302,16.10753],[120.609582,16.107533]]],[[[120.612382,16.107835],[120.612379,16.108106],[120.612098,16.108103],[120.612102,16.107832],[120.612382,16.107835]]],[[[120.61406,16.108125],[120.613783,16.107851],[120.614064,16.107854],[120.61406,16.108125]]],[[[120.616303,16.10815],[120.616023,16.108147],[120.616026,16.107876],[120.616303,16.10815]]],[[[120.604256,16.107473],[120.604527,16.108289],[120.604247,16.108286],[120.603973,16.107741],[120.603976,16.10747],[120.604256,16.107473]]],[[[120.61406,16.108125],[120.614337,16.108399],[120.614057,16.108396],[120.61406,16.108125]]],[[[120.59014,16.108394],[120.59107,16.108766],[120.591893,16.11022],[120.590875,16.109396],[120.59088,16.109035],[120.590786,16.109033],[120.5906,16.108941],[120.590602,16.108851],[120.590604,16.10867],[120.590417,16.108668],[120.590045,16.108483],[120.59,16.108483],[120.590052,16.107941],[120.590423,16.108126],[120.59014,16.108394]]],[[[120.59,16.105953],[120.590003,16.104237],[120.59019,16.104239],[120.590563,16.104334],[120.591024,16.10479],[120.591195,16.106147],[120.591564,16.106513],[120.59,16.105953]]],[[[120.612095,16.108374],[120.612092,16.108645],[120.611812,16.108642],[120.612095,16.108374]]],[[[120.596675,16.108472],[120.596111,16.108737],[120.596118,16.108195],[120.596675,16.108472]]],[[[120.602278,16.108806],[120.602001,16.108532],[120.602281,16.108535],[120.602278,16.108806]]],[[[120.614331,16.108941],[120.614054,16.108667],[120.614334,16.10867],[120.614331,16.108941]]],[[[120.602278,16.108806],[120.602558,16.108809],[120.602552,16.109351],[120.602278,16.108806]]],[[[120.604514,16.109373],[120.604243,16.108557],[120.604524,16.10856],[120.604514,16.109373]]],[[[120.594705,16.10962],[120.594327,16.109886],[120.594425,16.109493],[120.594704,16.109613],[120.594705,16.10962]]],[[[120.590295,16.111015],[120.591135,16.111115],[120.592057,16.112119],[120.591959,16.112479],[120.591127,16.111747],[120.590102,16.111555],[120.59,16.110831],[120.59,16.110741],[120.59,16.11056],[120.590295,16.111015]]],[[[120.592511,16.113208],[120.59232,16.113568],[120.591859,16.11302],[120.592419,16.113117],[120.592511,16.113208]]],[[[120.593602,16.11575],[120.593222,16.116288],[120.592951,16.115472],[120.593048,16.115202],[120.593602,16.11575]]]]},"properties":{"Var":1}},
{"type":"Feature","geometry":{"type":"MultiPolygon","coordinates":[[[[120.636688,16.020026],[120.636684,16.020297],[120.636681,16.020568],[120.636401,16.020565],[120.636127,16.02002],[120.636688,16.020026]]],[[[120.636688,16.02],[120.63977,16.02],[120.63977,16.02006],[120.64061,16.020069],[120.641444,16.02062],[120.642012,16.02],[120.643693,16.02],[120.643972,16.020106],[120.643974,16.02],[120.645094,16.02],[120.645087,16.02066],[120.644807,16.020657],[120.644249,16.02038],[120.644246,16.020651],[120.64396,16.02119],[120.643676,16.021458],[120.642829,16.021991],[120.642549,16.021988],[120.642275,16.021443],[120.642269,16.021985],[120.641986,16.022253],[120.641982,16.022524],[120.641419,16.022788],[120.641129,16.023598],[120.64168,16.024417],[120.644202,16.024445],[120.643648,16.023897],[120.643931,16.023629],[120.643094,16.023349],[120.643663,16.022542],[120.644504,16.022551],[120.644491,16.023635],[120.645045,16.024183],[120.646169,16.023925],[120.646185,16.02257],[120.645628,16.022293],[120.645915,16.021754],[120.647023,16.02285],[120.64842,16.023136],[120.649532,16.023961],[120.649516,16.025316],[120.648672,16.025578],[120.64865,16.027475],[120.64837,16.027472],[120.648354,16.028827],[120.648067,16.029366],[120.647787,16.029363],[120.647507,16.02936],[120.647233,16.028815],[120.646669,16.029079],[120.646657,16.030163],[120.646653,16.030434],[120.646644,16.031247],[120.646071,16.032325],[120.645507,16.03259],[120.645224,16.032858],[120.645221,16.033129],[120.64466,16.033123],[120.645211,16.033942],[120.644928,16.03421],[120.644647,16.034206],[120.644367,16.034203],[120.644084,16.034471],[120.643804,16.034468],[120.643243,16.034462],[120.642689,16.033914],[120.641855,16.033363],[120.642142,16.032824],[120.641861,16.032821],[120.641871,16.032008],[120.641307,16.032273],[120.641301,16.032815],[120.640463,16.032534],[120.640186,16.03226],[120.639906,16.032257],[120.639626,16.032254],[120.639349,16.03198],[120.638515,16.031429],[120.638524,16.030616],[120.638805,16.030619],[120.639091,16.03008],[120.639371,16.030083],[120.639375,16.029812],[120.639098,16.029538],[120.638537,16.029532],[120.638257,16.029529],[120.637974,16.029797],[120.637416,16.02952],[120.636022,16.028962],[120.635745,16.028688],[120.635748,16.028417],[120.636028,16.02842],[120.636312,16.028152],[120.636592,16.028156],[120.636872,16.028159],[120.637149,16.028433],[120.637432,16.028165],[120.638273,16.028174],[120.638553,16.028177],[120.638276,16.027903],[120.637999,16.027629],[120.638002,16.027358],[120.638005,16.027087],[120.638292,16.026548],[120.637448,16.02681],[120.637165,16.027078],[120.636885,16.027075],[120.636331,16.026527],[120.635493,16.026246],[120.635767,16.026791],[120.635197,16.027598],[120.634917,16.027595],[120.634637,16.027592],[120.634073,16.027857],[120.633522,16.027038],[120.633806,16.02677],[120.634089,16.026502],[120.635216,16.025972],[120.63606,16.025711],[120.637751,16.024916],[120.638601,16.024112],[120.639165,16.023848],[120.640572,16.023321],[120.640578,16.022779],[120.640585,16.022237],[120.639744,16.022228],[120.638626,16.021945],[120.638346,16.021941],[120.638349,16.021671],[120.636949,16.021655],[120.636668,16.021652],[120.635828,16.021643],[120.635551,16.021369],[120.635834,16.021101],[120.636678,16.020839],[120.636681,16.020568],[120.636965,16.0203],[120.636688,16.020026],[120.636688,16.02]],[[120.640047,16.020334],[120.639766,16.020331],[120.640043,16.020605],[120.640047,16.020334]],[[120.641107,16.025495],[120.641104,16.025766],[120.641377,16.026311],[120.641374,16.026582],[120.641648,16.027127],[120.642196,16.028217],[120.641623,16.029295],[120.640782,16.029286],[120.641616,16.029837],[120.642177,16.029843],[120.642734,16.03012],[120.643011,16.030394],[120.643571,16.0304],[120.643558,16.031484],[120.642995,16.031749],[120.642715,16.031746],[120.642434,16.031743],[120.642431,16.032014],[120.642711,16.032017],[120.642992,16.03202],[120.643552,16.032026],[120.643549,16.032297],[120.643546,16.032568],[120.643829,16.0323],[120.643832,16.032029],[120.643835,16.031758],[120.643839,16.031487],[120.643845,16.030945],[120.644695,16.030142],[120.64473,16.027161],[120.642492,16.026865],[120.642498,16.026323],[120.641661,16.026043],[120.641384,16.025769],[120.64111,16.025224],[120.641116,16.024682],[120.640005,16.023857],[120.639999,16.024399],[120.641107,16.025495]],[[120.640782,16.029286],[120.640791,16.028473],[120.639677,16.027918],[120.639668,16.028731],[120.640782,16.029286]],[[120.641326,16.030647],[120.641607,16.03065],[120.64161,16.030379],[120.64133,16.030376],[120.641049,16.030373],[120.641326,16.030647]]],[[[120.636127,16.02002],[120.635564,16.020285],[120.635567,16.02],[120.636127,16.02],[120.636127,16.02002]]],[[[120.686767,16.02],[120.687047,16.02],[120.687327,16.02],[120.688168,16.02],[120.688448,16.02],[120.689009,16.02],[120.689289,16.02],[120.69097,16.02],[120.69125,16.02],[120.697135,16.02],[120.697118,16.021528],[120.697958,16.021537],[120.697976,16.02],[120.699657,16.02],[120.699646,16.021013],[120.700203,16.02129],[120.700197,16.021832],[120.701031,16.022383],[120.701025,16.022925],[120.701862,16.023205],[120.702136,16.02375],[120.702429,16.022669],[120.701595,16.022118],[120.701601,16.021576],[120.700767,16.021025],[120.700498,16.02],[120.701619,16.02],[120.701899,16.02],[120.702179,16.02],[120.702448,16.021043],[120.703279,16.021865],[120.703273,16.022407],[120.70383,16.022684],[120.70412,16.021874],[120.70496,16.021883],[120.704686,16.021338],[120.704126,16.021332],[120.703852,16.020787],[120.703288,16.021052],[120.703294,16.02051],[120.703861,16.02],[120.704141,16.02],[120.704979,16.020257],[120.704692,16.020796],[120.70525,16.021073],[120.705259,16.02026],[120.706377,16.020543],[120.706374,16.020814],[120.70609,16.021082],[120.70637,16.021085],[120.70832,16.02219],[120.709443,16.021931],[120.70973,16.021392],[120.710564,16.021943],[120.710555,16.022756],[120.711115,16.022762],[120.711383,16.023849],[120.7111,16.024117],[120.71082,16.024114],[120.709982,16.023834],[120.709705,16.02356],[120.709425,16.023557],[120.709145,16.023554],[120.708864,16.023551],[120.70859,16.023006],[120.70803,16.023],[120.708015,16.024355],[120.708295,16.024358],[120.708289,16.0249],[120.708846,16.025177],[120.708002,16.025439],[120.707445,16.025162],[120.707155,16.025972],[120.706592,16.026237],[120.706863,16.027053],[120.70601,16.028128],[120.705452,16.027851],[120.705468,16.026496],[120.704627,16.026487],[120.70463,16.026216],[120.704633,16.025945],[120.704073,16.025939],[120.703799,16.025394],[120.703519,16.025391],[120.703239,16.025388],[120.702401,16.025108],[120.702404,16.024837],[120.702127,16.024563],[120.70185,16.024289],[120.70157,16.024286],[120.701299,16.02347],[120.700745,16.022922],[120.699344,16.022907],[120.698786,16.02263],[120.69878,16.023172],[120.699338,16.023449],[120.699608,16.024265],[120.698211,16.023979],[120.698201,16.024792],[120.697915,16.025331],[120.697077,16.025051],[120.697068,16.025864],[120.697628,16.02587],[120.697062,16.026406],[120.696785,16.026132],[120.696788,16.025861],[120.696511,16.025587],[120.69623,16.025584],[120.696237,16.025042],[120.695963,16.024497],[120.695682,16.024494],[120.695686,16.024223],[120.695412,16.023678],[120.695415,16.023407],[120.695141,16.022862],[120.69458,16.022856],[120.694577,16.023127],[120.694014,16.023392],[120.693734,16.023389],[120.693173,16.023383],[120.693176,16.023112],[120.692055,16.0231],[120.691778,16.022826],[120.691781,16.022555],[120.692062,16.022558],[120.691234,16.021465],[120.689552,16.021447],[120.688998,16.020899],[120.687597,16.020884],[120.687594,16.021155],[120.686473,16.021142],[120.686464,16.021955],[120.686461,16.022226],[120.686735,16.022771],[120.686725,16.023584],[120.687563,16.023864],[120.687557,16.024406],[120.688114,16.024683],[120.688385,16.025499],[120.689506,16.025511],[120.689502,16.025782],[120.690343,16.025792],[120.690066,16.025518],[120.690916,16.024714],[120.69091,16.025256],[120.692031,16.025268],[120.692034,16.024997],[120.692314,16.025],[120.692874,16.025006],[120.692871,16.025277],[120.692868,16.025548],[120.694829,16.025569],[120.695107,16.025843],[120.69538,16.026388],[120.695935,16.026936],[120.696495,16.026942],[120.696492,16.027213],[120.696212,16.02721],[120.696209,16.027481],[120.696206,16.027752],[120.696199,16.028294],[120.697037,16.028574],[120.697034,16.028845],[120.697871,16.029125],[120.698429,16.029402],[120.698706,16.029676],[120.698983,16.02995],[120.698142,16.029941],[120.697862,16.029938],[120.697865,16.029667],[120.696744,16.029655],[120.697006,16.031284],[120.697286,16.031287],[120.697283,16.031558],[120.69784,16.031835],[120.698117,16.032109],[120.698394,16.032383],[120.698952,16.03266],[120.699229,16.032934],[120.699226,16.033205],[120.699223,16.033476],[120.698659,16.033741],[120.698665,16.033199],[120.697544,16.033187],[120.697809,16.034545],[120.698089,16.034548],[120.698086,16.034819],[120.69836,16.035364],[120.698357,16.035635],[120.698914,16.035912],[120.699195,16.035915],[120.699475,16.035918],[120.699752,16.036192],[120.700026,16.036737],[120.699456,16.037544],[120.700017,16.03755],[120.69973,16.038089],[120.700291,16.038095],[120.700577,16.037556],[120.700854,16.03783],[120.701134,16.037833],[120.701689,16.038381],[120.701692,16.03811],[120.701972,16.038113],[120.701969,16.038384],[120.702249,16.038387],[120.702252,16.038116],[120.701975,16.037842],[120.701704,16.037026],[120.702268,16.036761],[120.702822,16.037309],[120.703093,16.038125],[120.70337,16.038399],[120.703367,16.03867],[120.703364,16.038941],[120.703638,16.039486],[120.703635,16.039757],[120.703631,16.040028],[120.703909,16.040302],[120.70418,16.041118],[120.704457,16.041392],[120.704447,16.042204],[120.705285,16.042484],[120.705282,16.042755],[120.704995,16.043294],[120.706116,16.043306],[120.706113,16.043577],[120.70639,16.043851],[120.706951,16.043857],[120.707225,16.044402],[120.708623,16.044688],[120.708614,16.045501],[120.709171,16.045778],[120.708888,16.046046],[120.708607,16.046043],[120.70833,16.045769],[120.70805,16.045766],[120.708324,16.046311],[120.708881,16.046588],[120.708875,16.04713],[120.709149,16.047675],[120.708589,16.047669],[120.708035,16.047121],[120.707754,16.047118],[120.70748,16.046573],[120.70692,16.046567],[120.706926,16.046025],[120.705805,16.046013],[120.705248,16.045736],[120.704961,16.046275],[120.705515,16.046823],[120.705229,16.047362],[120.70579,16.047368],[120.70606,16.048184],[120.706054,16.048726],[120.706612,16.049003],[120.706602,16.049816],[120.706042,16.04981],[120.705768,16.049265],[120.705201,16.049801],[120.705758,16.050078],[120.706033,16.050623],[120.706026,16.051165],[120.706023,16.051436],[120.7063,16.05171],[120.706288,16.052794],[120.706568,16.052797],[120.706565,16.053068],[120.706005,16.053062],[120.706279,16.053607],[120.705715,16.053872],[120.705703,16.054956],[120.705983,16.054959],[120.70598,16.05523],[120.704862,16.054947],[120.705151,16.054137],[120.705155,16.053866],[120.705435,16.053869],[120.705447,16.052785],[120.705731,16.052517],[120.70546,16.051701],[120.705182,16.051427],[120.704908,16.050882],[120.704628,16.050879],[120.704345,16.051147],[120.704342,16.051418],[120.704339,16.051689],[120.704332,16.052231],[120.704326,16.052773],[120.704046,16.05277],[120.70403,16.054125],[120.70375,16.054122],[120.703193,16.053845],[120.703199,16.053303],[120.702928,16.052487],[120.702934,16.051945],[120.703218,16.051677],[120.703221,16.051406],[120.703504,16.051138],[120.704065,16.051144],[120.704071,16.050602],[120.703791,16.050599],[120.703797,16.050057],[120.704089,16.048976],[120.704093,16.048705],[120.704373,16.048708],[120.70437,16.048979],[120.704647,16.049253],[120.704927,16.049256],[120.70493,16.048985],[120.704653,16.048711],[120.704376,16.048437],[120.704102,16.047892],[120.704105,16.047621],[120.70413,16.045453],[120.703853,16.045179],[120.703862,16.044366],[120.703868,16.043824],[120.703874,16.043282],[120.704155,16.043285],[120.704167,16.042201],[120.703878,16.043011],[120.703317,16.043005],[120.702199,16.042722],[120.701642,16.042445],[120.701362,16.042442],[120.700527,16.041891],[120.69997,16.041614],[120.699973,16.041343],[120.698855,16.04106],[120.698581,16.040515],[120.698594,16.039431],[120.698313,16.039428],[120.698036,16.039154],[120.697759,16.03888],[120.697488,16.038064],[120.697491,16.037793],[120.696937,16.037245],[120.696657,16.037242],[120.696925,16.038329],[120.696922,16.0386],[120.696915,16.039142],[120.696909,16.039684],[120.697183,16.040229],[120.697171,16.041313],[120.697451,16.041316],[120.697445,16.041858],[120.697722,16.042132],[120.697999,16.042406],[120.698276,16.04268],[120.698553,16.042954],[120.698547,16.043496],[120.699665,16.043779],[120.699942,16.044053],[120.700216,16.044598],[120.701894,16.044887],[120.701891,16.045158],[120.701328,16.045423],[120.701602,16.045968],[120.701574,16.048407],[120.701854,16.04841],[120.702122,16.049497],[120.702392,16.050313],[120.702389,16.050584],[120.702386,16.050855],[120.70238,16.051397],[120.701549,16.050575],[120.701567,16.048949],[120.701287,16.048946],[120.701293,16.048404],[120.700736,16.048127],[120.700739,16.047856],[120.701026,16.047317],[120.700758,16.04623],[120.69992,16.04595],[120.699923,16.045679],[120.699649,16.045134],[120.699083,16.04567],[120.698805,16.045396],[120.698809,16.045125],[120.698525,16.045393],[120.698251,16.044848],[120.698254,16.044577],[120.697974,16.044574],[120.697977,16.044303],[120.69742,16.044026],[120.69714,16.044023],[120.697706,16.043487],[120.696585,16.043475],[120.696592,16.042933],[120.696595,16.042662],[120.696601,16.04212],[120.696324,16.041846],[120.696349,16.039678],[120.696069,16.039675],[120.695804,16.038317],[120.69525,16.037769],[120.695256,16.037227],[120.694695,16.037221],[120.694985,16.036411],[120.694708,16.036137],[120.694711,16.035866],[120.694437,16.035321],[120.694727,16.034511],[120.69473,16.03424],[120.694736,16.033698],[120.695019,16.033431],[120.695303,16.033163],[120.695029,16.032618],[120.694755,16.032073],[120.694484,16.031257],[120.694207,16.030983],[120.693933,16.030438],[120.693936,16.030167],[120.693939,16.029896],[120.693662,16.029622],[120.693388,16.029077],[120.693674,16.028538],[120.6934,16.027993],[120.69256,16.027984],[120.691713,16.028517],[120.690875,16.028236],[120.690589,16.028775],[120.690306,16.029043],[120.689745,16.029037],[120.689468,16.028763],[120.689191,16.028489],[120.688914,16.028215],[120.688637,16.027941],[120.688086,16.027122],[120.687809,16.026848],[120.687248,16.026842],[120.686974,16.026297],[120.687821,16.025764],[120.68614,16.025746],[120.686143,16.025475],[120.685032,16.02465],[120.684755,16.024376],[120.684478,16.024102],[120.684474,16.024373],[120.684194,16.02437],[120.684182,16.025454],[120.683624,16.025177],[120.683628,16.024906],[120.683354,16.024361],[120.68308,16.023816],[120.683083,16.023545],[120.683089,16.023003],[120.683372,16.022735],[120.684213,16.022744],[120.684245,16.02],[120.685085,16.02],[120.685642,16.02032],[120.685636,16.020862],[120.686196,16.020868],[120.686206,16.02],[120.686487,16.02],[120.686767,16.02]],[[120.692361,16.020935],[120.692364,16.020664],[120.691803,16.020658],[120.692361,16.020935]],[[120.692361,16.020935],[120.692638,16.021209],[120.692635,16.02148],[120.692631,16.021751],[120.692628,16.022022],[120.693186,16.022299],[120.69346,16.022844],[120.694303,16.022582],[120.694306,16.022311],[120.693746,16.022305],[120.693752,16.021763],[120.692915,16.021483],[120.692918,16.021212],[120.692361,16.020935]],[[120.685066,16.021669],[120.68534,16.022214],[120.685343,16.021943],[120.685346,16.021672],[120.685069,16.021398],[120.685066,16.021669]],[[120.695159,16.021236],[120.694873,16.021775],[120.695433,16.021781],[120.695159,16.021236]],[[120.694306,16.022311],[120.694867,16.022317],[120.69487,16.022046],[120.69459,16.022043],[120.69431,16.02204],[120.694306,16.022311]],[[120.706081,16.021895],[120.706078,16.022166],[120.705795,16.022434],[120.706075,16.022437],[120.706358,16.022169],[120.706081,16.021895]],[[120.696542,16.022877],[120.69709,16.023967],[120.69793,16.023976],[120.697102,16.022883],[120.696542,16.022877]],[[120.703818,16.023768],[120.703528,16.024578],[120.704089,16.024584],[120.703818,16.023768]],[[120.695094,16.026927],[120.694811,16.027195],[120.695091,16.027198],[120.695371,16.027201],[120.695374,16.02693],[120.695094,16.026927]],[[120.692006,16.027436],[120.692849,16.027174],[120.692856,16.026632],[120.690614,16.026608],[120.690605,16.02742],[120.692006,16.027436]],[[120.695063,16.029637],[120.695343,16.02964],[120.695623,16.029643],[120.695626,16.029372],[120.695066,16.029366],[120.694786,16.029363],[120.694503,16.029631],[120.694783,16.029634],[120.695063,16.029637]],[[120.695555,16.035604],[120.695549,16.036146],[120.695829,16.036149],[120.695832,16.035878],[120.695835,16.035607],[120.695561,16.035062],[120.695555,16.035604]],[[120.698619,16.037264],[120.698615,16.037535],[120.698899,16.037267],[120.698619,16.037264]],[[120.700832,16.039727],[120.701113,16.03973],[120.701667,16.040278],[120.700266,16.040262],[120.70082,16.04081],[120.702772,16.041644],[120.703052,16.041647],[120.703056,16.041377],[120.702775,16.041373],[120.702781,16.040832],[120.703065,16.040564],[120.702511,16.040016],[120.70223,16.040013],[120.701673,16.039736],[120.701399,16.039191],[120.700558,16.039182],[120.699721,16.038902],[120.699715,16.039443],[120.700272,16.03972],[120.700269,16.039991],[120.700552,16.039724],[120.700832,16.039727]],[[120.705824,16.044387],[120.705821,16.044658],[120.706104,16.04439],[120.705824,16.044387]],[[120.70609,16.021082],[120.705533,16.020805],[120.705524,16.021618],[120.706081,16.021895],[120.70609,16.021082]],[[120.684478,16.024102],[120.684484,16.02356],[120.68392,16.023825],[120.684478,16.024102]],[[120.704155,16.043285],[120.704148,16.043827],[120.704706,16.044104],[120.704712,16.043562],[120.704155,16.043285]],[[120.695605,16.031269],[120.695891,16.03073],[120.695331,16.030724],[120.695605,16.031269]],[[120.695605,16.031269],[120.695324,16.031266],[120.695589,16.032624],[120.696146,16.032901],[120.695605,16.031269]]],[[[120.670512,16.020157],[120.671915,16.02],[120.672753,16.020181],[120.67275,16.020452],[120.672187,16.020717],[120.671906,16.020714],[120.671623,16.020982],[120.67133,16.022063],[120.67077,16.022057],[120.669652,16.021773],[120.669637,16.023128],[120.66935,16.023667],[120.669627,16.023941],[120.669344,16.024209],[120.66906,16.024477],[120.669057,16.024748],[120.668217,16.024739],[120.668229,16.023655],[120.668793,16.02339],[120.668236,16.023113],[120.668258,16.021216],[120.669104,16.020683],[120.668264,16.020674],[120.668272,16.02],[120.670233,16.02],[120.670512,16.020157]]],[[[120.648654,16.020189],[120.648374,16.020186],[120.648376,16.02],[120.648656,16.02],[120.648654,16.020189]]],[[[120.649777,16.02],[120.652299,16.02],[120.652287,16.021042],[120.650313,16.022105],[120.650036,16.02183],[120.650039,16.021559],[120.648628,16.022357],[120.648348,16.022354],[120.646396,16.02152],[120.646126,16.020704],[120.646412,16.020165],[120.647815,16.02],[120.648374,16.020186],[120.64837,16.020457],[120.648364,16.020999],[120.648651,16.02046],[120.648931,16.020463],[120.649211,16.020466],[120.649494,16.020198],[120.649777,16.02]]],[[[120.674997,16.02],[120.677519,16.02],[120.67751,16.020775],[120.677504,16.021317],[120.677495,16.022129],[120.677488,16.022671],[120.677205,16.022939],[120.677196,16.023752],[120.677473,16.024026],[120.67775,16.0243],[120.678027,16.024574],[120.678301,16.025119],[120.678285,16.026474],[120.679683,16.026761],[120.679393,16.02757],[120.679954,16.027577],[120.680489,16.029751],[120.680766,16.030025],[120.680763,16.030296],[120.68104,16.03057],[120.681314,16.031115],[120.68047,16.031376],[120.680476,16.030834],[120.679916,16.030828],[120.679362,16.03028],[120.679343,16.031906],[120.67962,16.03218],[120.679617,16.032451],[120.679891,16.032996],[120.679882,16.033809],[120.680159,16.034083],[120.680155,16.034354],[120.680439,16.034086],[120.680725,16.033547],[120.680732,16.033005],[120.680451,16.033002],[120.680455,16.032731],[120.680735,16.032734],[120.681298,16.032469],[120.681024,16.031924],[120.681865,16.031934],[120.682142,16.032208],[120.681856,16.032747],[120.681578,16.032473],[120.68156,16.034098],[120.681831,16.034914],[120.681827,16.035185],[120.680429,16.034899],[120.6807,16.035715],[120.680974,16.03626],[120.680977,16.035989],[120.681254,16.036263],[120.681815,16.036269],[120.681805,16.037082],[120.682086,16.037085],[120.682366,16.037088],[120.682363,16.037359],[120.682073,16.038169],[120.682634,16.038175],[120.68263,16.038446],[120.682627,16.038717],[120.682904,16.038991],[120.682901,16.039262],[120.682615,16.039801],[120.682892,16.040075],[120.683169,16.040349],[120.68316,16.041162],[120.68372,16.041168],[120.683994,16.041713],[120.683991,16.041984],[120.684268,16.042258],[120.684265,16.042529],[120.684536,16.043345],[120.683969,16.043881],[120.683692,16.043607],[120.683673,16.045233],[120.683116,16.044956],[120.68282,16.046308],[120.6831,16.046311],[120.683377,16.046585],[120.682817,16.046579],[120.682527,16.047389],[120.682804,16.047663],[120.682785,16.049289],[120.68362,16.04984],[120.683613,16.050382],[120.68361,16.050653],[120.683887,16.050927],[120.684165,16.051201],[120.683875,16.052011],[120.684432,16.052288],[120.684429,16.052559],[120.6847,16.053375],[120.684694,16.053917],[120.684413,16.053914],[120.684401,16.054998],[120.684681,16.055001],[120.684672,16.055814],[120.684669,16.056085],[120.684946,16.056359],[120.685478,16.058804],[120.685752,16.059349],[120.686032,16.059352],[120.686312,16.059355],[120.686029,16.059623],[120.686583,16.060171],[120.686017,16.060707],[120.686571,16.061255],[120.686568,16.061526],[120.686546,16.063423],[120.686826,16.063426],[120.6871,16.063971],[120.687374,16.064516],[120.687931,16.064793],[120.687928,16.065064],[120.687925,16.065335],[120.688205,16.065338],[120.688486,16.065341],[120.687922,16.065606],[120.688193,16.066422],[120.68875,16.066699],[120.688747,16.06697],[120.688183,16.067235],[120.688454,16.068051],[120.688165,16.068861],[120.688722,16.069138],[120.688429,16.070219],[120.688706,16.070493],[120.688697,16.071306],[120.688136,16.0713],[120.688407,16.072116],[120.688404,16.072387],[120.688379,16.074554],[120.68837,16.075367],[120.687809,16.075361],[120.686959,16.076165],[120.686676,16.076433],[120.686115,16.076427],[120.686389,16.076972],[120.686102,16.077511],[120.685822,16.077508],[120.685838,16.076153],[120.686118,16.076156],[120.686694,16.074807],[120.687255,16.074813],[120.687261,16.074271],[120.687293,16.071561],[120.687022,16.070745],[120.687028,16.070204],[120.687311,16.069936],[120.687314,16.069665],[120.687318,16.069394],[120.687598,16.069397],[120.68761,16.068313],[120.68733,16.06831],[120.687346,16.066955],[120.687066,16.066952],[120.687084,16.065326],[120.686807,16.065052],[120.685119,16.065576],[120.684842,16.065301],[120.684845,16.06503],[120.684568,16.064756],[120.684285,16.065024],[120.684562,16.065298],[120.684559,16.065569],[120.684553,16.066111],[120.684272,16.066108],[120.683724,16.065018],[120.684014,16.064208],[120.683454,16.064202],[120.683457,16.063931],[120.683186,16.063115],[120.683192,16.062573],[120.683475,16.062305],[120.683759,16.062038],[120.683762,16.061767],[120.683765,16.061496],[120.683775,16.060683],[120.684058,16.060415],[120.684061,16.060144],[120.683513,16.059054],[120.683797,16.058786],[120.6838,16.058515],[120.683249,16.057696],[120.683252,16.057425],[120.683255,16.057154],[120.682978,16.05688],[120.68299,16.055796],[120.682713,16.055522],[120.682436,16.055248],[120.681882,16.0547],[120.681891,16.053887],[120.682455,16.053622],[120.682458,16.053351],[120.681901,16.053074],[120.681904,16.052803],[120.681907,16.052532],[120.682193,16.051993],[120.682197,16.051722],[120.6822,16.051451],[120.681923,16.051177],[120.681649,16.050632],[120.681652,16.050361],[120.681655,16.05009],[120.681664,16.049277],[120.681101,16.049542],[120.68111,16.048729],[120.681113,16.048458],[120.681116,16.048187],[120.680842,16.047642],[120.680849,16.0471],[120.680291,16.046823],[120.680575,16.046555],[120.680861,16.046016],[120.681145,16.045748],[120.681708,16.045483],[120.681718,16.04467],[120.68088,16.04439],[120.680883,16.044119],[120.68145,16.043583],[120.681724,16.044128],[120.682014,16.043318],[120.681173,16.043309],[120.681459,16.04277],[120.680905,16.042222],[120.680634,16.041406],[120.680638,16.041135],[120.680653,16.03978],[120.679816,16.0395],[120.679822,16.038958],[120.678988,16.038407],[120.678711,16.038133],[120.678714,16.037862],[120.678437,16.037588],[120.678446,16.036775],[120.678452,16.036233],[120.678459,16.035691],[120.678468,16.034878],[120.678188,16.034875],[120.677917,16.034059],[120.678197,16.034062],[120.67792,16.033788],[120.677926,16.033246],[120.677649,16.032972],[120.677652,16.032701],[120.677939,16.032162],[120.677378,16.032156],[120.677951,16.031078],[120.677964,16.029994],[120.67741,16.029446],[120.676569,16.029437],[120.676579,16.028624],[120.676859,16.028627],[120.677139,16.02863],[120.677426,16.028091],[120.676865,16.028085],[120.676585,16.028082],[120.676305,16.028079],[120.676311,16.027537],[120.676871,16.027543],[120.676893,16.025646],[120.676339,16.025098],[120.676346,16.024556],[120.675791,16.024008],[120.674668,16.024267],[120.674649,16.025893],[120.674926,16.026167],[120.674359,16.026703],[120.672958,16.026688],[120.672105,16.027763],[120.672083,16.029659],[120.67208,16.02993],[120.671799,16.029927],[120.672064,16.031285],[120.672061,16.031556],[120.672051,16.032369],[120.672886,16.03292],[120.671768,16.032637],[120.671497,16.031821],[120.670657,16.031812],[120.670931,16.032357],[120.670087,16.032619],[120.670361,16.033164],[120.671478,16.033447],[120.672879,16.033462],[120.674271,16.034291],[120.674831,16.034297],[120.674828,16.034568],[120.674825,16.034839],[120.675105,16.034842],[120.675386,16.034845],[120.675093,16.035926],[120.674813,16.035923],[120.674529,16.03619],[120.674258,16.035374],[120.673698,16.035368],[120.674265,16.034832],[120.673424,16.034823],[120.672587,16.034543],[120.672029,16.034266],[120.671469,16.03426],[120.671189,16.034257],[120.670909,16.034254],[120.670631,16.03398],[120.670077,16.033432],[120.669246,16.03261],[120.66896,16.033149],[120.669511,16.033968],[120.669227,16.034236],[120.668947,16.034233],[120.668953,16.033691],[120.668116,16.033411],[120.668122,16.032869],[120.668966,16.032607],[120.668412,16.032059],[120.668972,16.032065],[120.668982,16.031252],[120.669268,16.030713],[120.669552,16.030445],[120.669835,16.030177],[120.670118,16.029909],[120.670685,16.029373],[120.670688,16.029102],[120.670694,16.02856],[120.670978,16.028292],[120.670981,16.028021],[120.671831,16.027217],[120.672114,16.02695],[120.672687,16.025872],[120.673251,16.025607],[120.67326,16.024794],[120.67354,16.024797],[120.673544,16.024526],[120.673566,16.022629],[120.674132,16.022093],[120.674139,16.021551],[120.674985,16.021018],[120.675269,16.02075],[120.674995,16.020205],[120.674997,16.02]],[[120.67741,16.029446],[120.678247,16.029726],[120.678254,16.029184],[120.677696,16.028907],[120.67741,16.029446]],[[120.678468,16.034878],[120.678751,16.03461],[120.678474,16.034336],[120.678471,16.034607],[120.678468,16.034878]],[[120.680401,16.037338],[120.68013,16.036522],[120.679567,16.036787],[120.680401,16.037338]],[[120.681805,16.037082],[120.680685,16.03707],[120.680401,16.037338],[120.681232,16.03816],[120.681242,16.037347],[120.681805,16.037082]],[[120.686017,16.060707],[120.685739,16.060433],[120.685736,16.060704],[120.686017,16.060707]],[[120.685736,16.060704],[120.684896,16.060695],[120.684889,16.061237],[120.685166,16.061511],[120.684597,16.062318],[120.684593,16.062589],[120.685151,16.062866],[120.685418,16.063953],[120.685979,16.063959],[120.686265,16.06342],[120.685711,16.062872],[120.685736,16.060704]]],[[[120.604183,16.02],[120.609787,16.02],[120.609771,16.021354],[120.608647,16.021612],[120.608634,16.022696],[120.608064,16.023503],[120.609181,16.023787],[120.608618,16.024051],[120.609442,16.025415],[120.610003,16.025422],[120.60999,16.026506],[120.611941,16.02734],[120.612221,16.027344],[120.612218,16.027614],[120.613619,16.02763],[120.615007,16.02873],[120.616408,16.028745],[120.616402,16.029287],[120.617799,16.029574],[120.61808,16.029577],[120.617793,16.030116],[120.618634,16.030125],[120.618904,16.030941],[120.618614,16.031751],[120.618057,16.031474],[120.616656,16.031458],[120.615548,16.030362],[120.614431,16.030078],[120.61303,16.030063],[120.612756,16.029518],[120.611915,16.029508],[120.610782,16.03058],[120.610788,16.030038],[120.608827,16.030016],[120.6077,16.030545],[120.607413,16.031084],[120.606576,16.030804],[120.606009,16.031339],[120.606566,16.031617],[120.606846,16.03162],[120.607403,16.031897],[120.608237,16.032448],[120.607107,16.033249],[120.608788,16.033267],[120.609068,16.033271],[120.610186,16.033554],[120.610466,16.033557],[120.610463,16.033828],[120.609062,16.033813],[120.608782,16.033809],[120.607661,16.033797],[120.606823,16.033517],[120.606537,16.034055],[120.607658,16.034068],[120.607938,16.034071],[120.608775,16.034351],[120.608769,16.034893],[120.612131,16.034931],[120.612972,16.03494],[120.613529,16.035217],[120.613526,16.035488],[120.613245,16.035485],[120.612965,16.035482],[120.612682,16.03575],[120.612402,16.035747],[120.612118,16.036015],[120.610994,16.036273],[120.610711,16.036541],[120.610431,16.036538],[120.610147,16.036806],[120.609867,16.036803],[120.609587,16.0368],[120.60959,16.036529],[120.608186,16.036784],[120.607629,16.036507],[120.607342,16.037045],[120.606501,16.037036],[120.606768,16.038123],[120.606485,16.038391],[120.606205,16.038388],[120.605921,16.038656],[120.605358,16.03892],[120.605074,16.039188],[120.604797,16.038914],[120.604814,16.037559],[120.604256,16.037282],[120.603442,16.035105],[120.605123,16.035124],[120.605696,16.034046],[120.604022,16.033485],[120.603468,16.032937],[120.600385,16.032903],[120.60122,16.033454],[120.600363,16.034799],[120.600636,16.035344],[120.600623,16.036428],[120.601461,16.036709],[120.602842,16.03835],[120.60339,16.03944],[120.603667,16.039715],[120.603103,16.039979],[120.60254,16.040244],[120.602256,16.040512],[120.602259,16.040241],[120.601979,16.040238],[120.601696,16.040505],[120.601132,16.04077],[120.600852,16.040767],[120.600572,16.040764],[120.600301,16.039948],[120.599737,16.040213],[120.599467,16.039396],[120.599473,16.038855],[120.598639,16.038303],[120.598362,16.038029],[120.598366,16.037758],[120.598369,16.037487],[120.598092,16.037213],[120.598102,16.0364],[120.599222,16.036413],[120.599235,16.035329],[120.599239,16.035058],[120.598959,16.035055],[120.598962,16.034784],[120.598685,16.03451],[120.598691,16.033968],[120.597851,16.033958],[120.597571,16.033955],[120.59729,16.033952],[120.597854,16.033687],[120.59787,16.032332],[120.598431,16.032339],[120.598434,16.032068],[120.597886,16.030978],[120.597616,16.030161],[120.59818,16.029897],[120.598193,16.028813],[120.599027,16.029364],[120.599036,16.028551],[120.597635,16.028536],[120.597346,16.029345],[120.597352,16.028803],[120.596505,16.029336],[120.596218,16.029875],[120.595935,16.030143],[120.596492,16.03042],[120.596489,16.030691],[120.596205,16.030959],[120.595365,16.030949],[120.595088,16.030675],[120.594537,16.029856],[120.59454,16.029585],[120.594263,16.029311],[120.59456,16.027959],[120.594847,16.02742],[120.59542,16.026343],[120.59543,16.02553],[120.595997,16.024994],[120.597681,16.024742],[120.597951,16.025558],[120.598512,16.025564],[120.598525,16.02448],[120.597968,16.024203],[120.5977,16.023116],[120.59658,16.023104],[120.595742,16.022823],[120.596013,16.023639],[120.59601,16.02391],[120.595439,16.024717],[120.594876,16.024982],[120.594605,16.024166],[120.592928,16.023876],[120.591797,16.024676],[120.591507,16.025486],[120.592067,16.025492],[120.591504,16.025757],[120.590934,16.026563],[120.590377,16.026286],[120.59009,16.026825],[120.590093,16.026554],[120.590663,16.025747],[120.59,16.025198],[120.59,16.02],[120.591293,16.02],[120.591566,16.020608],[120.592967,16.020624],[120.592974,16.02],[120.594095,16.02],[120.594374,16.020098],[120.594375,16.02],[120.594936,16.02],[120.595216,16.02],[120.595776,16.02],[120.595768,16.020655],[120.596883,16.02121],[120.597166,16.020942],[120.597446,16.020945],[120.597159,16.021484],[120.597153,16.022026],[120.597717,16.021761],[120.599678,16.021783],[120.599977,16.020161],[120.599419,16.02],[120.602782,16.02],[120.603046,16.021279],[120.603881,16.02183],[120.6039,16.020204],[120.604183,16.02]],[[120.595192,16.022004],[120.594915,16.02173],[120.594912,16.022001],[120.595192,16.022004]],[[120.595742,16.022823],[120.595752,16.02201],[120.595192,16.022004],[120.595742,16.022823]],[[120.606627,16.026468],[120.606624,16.026739],[120.606908,16.026471],[120.606911,16.0262],[120.606631,16.026197],[120.606627,16.026468]],[[120.600969,16.031012],[120.601258,16.030202],[120.603519,16.028601],[120.603529,16.027789],[120.602969,16.027782],[120.601307,16.026138],[120.599906,16.026122],[120.598789,16.025838],[120.599059,16.026655],[120.60046,16.02667],[120.601291,16.027493],[120.601275,16.028847],[120.600982,16.029928],[120.599571,16.030725],[120.599281,16.031535],[120.600688,16.031009],[120.601806,16.031292],[120.601809,16.031021],[120.600969,16.031012]],[[120.606009,16.031339],[120.605732,16.031065],[120.605452,16.031062],[120.605729,16.031336],[120.606009,16.031339]],[[120.599281,16.031535],[120.598994,16.032074],[120.599551,16.032351],[120.599281,16.031535]],[[120.598808,16.024213],[120.599359,16.025032],[120.600203,16.02477],[120.600222,16.023144],[120.599675,16.022054],[120.599105,16.022861],[120.598808,16.024213]]],[[[120.710583,16.020317],[120.710306,16.02],[120.710867,16.02],[120.710863,16.02032],[120.710583,16.020317]]],[[[120.644807,16.020657],[120.645084,16.020931],[120.645364,16.020935],[120.645071,16.022015],[120.644797,16.02147],[120.643953,16.021732],[120.643956,16.021461],[120.64396,16.02119],[120.644526,16.020654],[120.644807,16.020657]]],[[[120.674428,16.020741],[120.674151,16.020467],[120.674431,16.02047],[120.674428,16.020741]]],[[[120.597169,16.020671],[120.596897,16.02],[120.598018,16.02],[120.597446,16.020945],[120.597169,16.020671]]],[[[120.672744,16.020994],[120.672741,16.021265],[120.67218,16.021259],[120.672183,16.020988],[120.672744,16.020994]]],[[[120.673304,16.021],[120.673024,16.020997],[120.673307,16.020729],[120.673304,16.021]]],[[[120.673021,16.021268],[120.672734,16.021807],[120.672741,16.021265],[120.673021,16.021268]]],[[[120.637222,16.0222],[120.636659,16.022465],[120.636665,16.021923],[120.636945,16.021926],[120.637222,16.0222]]],[[[120.66516,16.022538],[120.665163,16.022267],[120.665189,16.02],[120.667992,16.02],[120.66799,16.020129],[120.66771,16.020126],[120.667691,16.021752],[120.667118,16.02283],[120.667386,16.023917],[120.667099,16.024456],[120.666255,16.024718],[120.66623,16.026886],[120.665396,16.026334],[120.665399,16.026063],[120.665412,16.02498],[120.665135,16.024706],[120.665157,16.022809],[120.66516,16.022538]]],[[[120.672719,16.023162],[120.672439,16.023159],[120.672442,16.022888],[120.672731,16.022078],[120.672719,16.023162]]],[[[120.671038,16.023144],[120.672158,16.023156],[120.672155,16.023427],[120.671875,16.023424],[120.671315,16.023418],[120.671034,16.023415],[120.671038,16.023144]]],[[[120.627976,16.022098],[120.6291,16.021839],[120.629364,16.023197],[120.629918,16.023746],[120.629629,16.024555],[120.627944,16.024808],[120.627387,16.024531],[120.627397,16.023718],[120.627967,16.022911],[120.627976,16.022098]]],[[[120.650294,16.023699],[120.650375,16.0237],[120.650372,16.023971],[120.650092,16.023968],[120.650095,16.023728],[120.650294,16.023699]]],[[[120.635239,16.024075],[120.635519,16.024078],[120.635786,16.025165],[120.635226,16.025159],[120.634949,16.024885],[120.634958,16.024072],[120.635239,16.024075]]],[[[120.711383,16.023849],[120.711663,16.023852],[120.71166,16.024123],[120.71138,16.02412],[120.711383,16.023849]]],[[[120.596286,16.024184],[120.596003,16.024452],[120.596006,16.024181],[120.596286,16.024184]]],[[[120.694004,16.024205],[120.694001,16.024476],[120.694278,16.02475],[120.693435,16.025012],[120.693441,16.02447],[120.692877,16.024735],[120.692884,16.024193],[120.693447,16.023928],[120.694004,16.024205]]],[[[120.711657,16.024394],[120.711937,16.024397],[120.711934,16.024668],[120.711913,16.026565],[120.711349,16.02683],[120.710798,16.026011],[120.710807,16.025198],[120.71081,16.024927],[120.711374,16.024662],[120.711657,16.024394]]],[[[120.650926,16.024519],[120.650936,16.023706],[120.651219,16.023438],[120.651776,16.023715],[120.652604,16.024808],[120.653165,16.024814],[120.653155,16.025627],[120.652598,16.02535],[120.652037,16.025344],[120.652034,16.025615],[120.651754,16.025612],[120.651757,16.025341],[120.651477,16.025338],[120.650923,16.02479],[120.650926,16.024519]]],[[[120.679144,16.024858],[120.678861,16.025126],[120.678864,16.024855],[120.679144,16.024858]]],[[[120.71081,16.024927],[120.71053,16.024924],[120.710533,16.024653],[120.710813,16.024656],[120.71081,16.024927]]],[[[120.664011,16.024964],[120.663998,16.026048],[120.663718,16.026045],[120.663721,16.025774],[120.663724,16.025503],[120.66373,16.024961],[120.664011,16.024964]]],[[[120.700723,16.024819],[120.701,16.025093],[120.70072,16.02509],[120.700723,16.024819]]],[[[120.701,16.025093],[120.701277,16.025367],[120.700997,16.025364],[120.701,16.025093]]],[[[120.635522,16.023807],[120.635242,16.023804],[120.635532,16.022995],[120.636089,16.023272],[120.63664,16.024091],[120.636356,16.024359],[120.636076,16.024356],[120.635522,16.023807]]],[[[120.652595,16.025621],[120.652869,16.026166],[120.652865,16.026437],[120.652034,16.025615],[120.652595,16.025621]]],[[[120.699039,16.025072],[120.699026,16.026156],[120.698743,16.026424],[120.69874,16.026695],[120.69846,16.026692],[120.698192,16.025605],[120.698759,16.025069],[120.699039,16.025072]]],[[[120.695953,16.02531],[120.695944,16.026123],[120.695384,16.026117],[120.69539,16.025575],[120.695953,16.02531]]],[[[120.697915,16.025331],[120.698192,16.025605],[120.697912,16.025602],[120.697915,16.025331]]],[[[120.668484,16.025826],[120.668761,16.0261],[120.668481,16.026097],[120.668484,16.025826]]],[[[120.696785,16.026132],[120.696501,16.0264],[120.696504,16.026129],[120.696785,16.026132]]],[[[120.655671,16.026197],[120.655664,16.026739],[120.655107,16.026462],[120.65539,16.026194],[120.655671,16.026197]]],[[[120.656231,16.026203],[120.656225,16.026745],[120.655944,16.026742],[120.655951,16.0262],[120.656231,16.026203]]],[[[120.663995,16.026319],[120.663992,16.02659],[120.663711,16.026587],[120.663715,16.026316],[120.663995,16.026319]]],[[[120.665396,16.026334],[120.665386,16.027147],[120.665383,16.027418],[120.66538,16.027689],[120.665374,16.028231],[120.66425,16.02849],[120.663954,16.029842],[120.664225,16.030658],[120.665345,16.03067],[120.665056,16.03148],[120.664215,16.031471],[120.663941,16.030926],[120.66367,16.03011],[120.663674,16.029839],[120.663397,16.029565],[120.663409,16.028481],[120.663696,16.027942],[120.663702,16.0274],[120.664835,16.026328],[120.665396,16.026334]]],[[[120.62632,16.02],[120.627441,16.02],[120.627155,16.020463],[120.626314,16.020454],[120.62632,16.02]]],[[[120.627706,16.021282],[120.628269,16.021017],[120.628543,16.021562],[120.627706,16.021282]]],[[[120.658668,16.026532],[120.658665,16.026803],[120.658385,16.0268],[120.658668,16.026532]]],[[[120.668472,16.02691],[120.668469,16.027181],[120.668188,16.027178],[120.668191,16.026907],[120.668472,16.02691]]],[[[120.697052,16.027219],[120.696772,16.027216],[120.696775,16.026945],[120.697056,16.026948],[120.697052,16.027219]]],[[[120.697893,16.027228],[120.69761,16.027496],[120.697046,16.027761],[120.697052,16.027219],[120.697336,16.026951],[120.697893,16.027228]]],[[[120.699587,16.026162],[120.699864,16.026436],[120.700418,16.026984],[120.700978,16.02699],[120.700972,16.027532],[120.700692,16.027529],[120.700135,16.027252],[120.699577,16.026975],[120.699587,16.026162]]],[[[120.709108,16.026806],[120.710502,16.027363],[120.709936,16.027899],[120.709101,16.027348],[120.709108,16.026806]]],[[[120.637442,16.027352],[120.637719,16.027626],[120.637432,16.028165],[120.637152,16.028162],[120.636872,16.028159],[120.636875,16.027888],[120.636882,16.027346],[120.637442,16.027352]]],[[[120.632115,16.027564],[120.632395,16.027567],[120.633233,16.027847],[120.632949,16.028115],[120.632663,16.028654],[120.632379,16.028922],[120.632096,16.02919],[120.631535,16.029184],[120.630962,16.030261],[120.630118,16.030523],[120.629275,16.030785],[120.628444,16.029963],[120.628447,16.029692],[120.628453,16.02915],[120.629294,16.029159],[120.629577,16.028891],[120.629297,16.028888],[120.6293,16.028617],[120.62958,16.02862],[120.629584,16.028349],[120.629867,16.028081],[120.630427,16.028087],[120.630711,16.02782],[120.631835,16.027561],[120.632115,16.027564]]],[[[120.668469,16.027181],[120.668742,16.027726],[120.668462,16.027723],[120.668469,16.027181]]],[[[120.668742,16.027726],[120.66958,16.028006],[120.669577,16.028277],[120.66929,16.028816],[120.66873,16.02881],[120.668446,16.029078],[120.668166,16.029075],[120.668176,16.028262],[120.668739,16.027997],[120.668742,16.027726]]],[[[120.657326,16.028383],[120.657323,16.028654],[120.657043,16.028651],[120.657046,16.02838],[120.657326,16.028383]]],[[[120.689191,16.028489],[120.689459,16.029576],[120.689456,16.029847],[120.68973,16.030392],[120.689723,16.030934],[120.690841,16.031217],[120.690838,16.031488],[120.689997,16.031479],[120.689431,16.032015],[120.689166,16.030657],[120.688606,16.030651],[120.688615,16.029838],[120.688618,16.029567],[120.688624,16.029025],[120.688908,16.028757],[120.688911,16.028486],[120.689191,16.028489]]],[[[120.59371,16.028763],[120.593987,16.029037],[120.59426,16.029582],[120.594257,16.029853],[120.59425,16.030395],[120.594804,16.030943],[120.594795,16.031756],[120.595352,16.032033],[120.595348,16.032304],[120.594785,16.032569],[120.594505,16.032566],[120.594501,16.032837],[120.595059,16.033114],[120.595332,16.033659],[120.595609,16.033933],[120.595603,16.034475],[120.595599,16.034746],[120.595873,16.035291],[120.59586,16.036375],[120.595857,16.036646],[120.595854,16.036917],[120.594169,16.037169],[120.594166,16.03744],[120.595567,16.037456],[120.596111,16.038817],[120.595831,16.038814],[120.595824,16.039356],[120.595538,16.039894],[120.595257,16.039891],[120.595264,16.039349],[120.594994,16.038533],[120.593866,16.039063],[120.593193,16.039055],[120.593201,16.038419],[120.592636,16.038778],[120.592183,16.039221],[120.5918,16.038404],[120.591349,16.03867],[120.591355,16.038128],[120.592647,16.037871],[120.592653,16.037329],[120.591368,16.037044],[120.59138,16.036054],[120.591664,16.035786],[120.591944,16.035789],[120.591947,16.035518],[120.591667,16.035515],[120.591387,16.035512],[120.591406,16.033886],[120.591133,16.033341],[120.590289,16.033602],[120.590012,16.033328],[120.590031,16.031702],[120.590315,16.031435],[120.590318,16.031164],[120.590598,16.031167],[120.590601,16.030896],[120.590331,16.03008],[120.590338,16.029538],[120.590341,16.029267],[120.591198,16.027921],[120.59008,16.027638],[120.590641,16.027644],[120.590934,16.026563],[120.592618,16.026311],[120.592605,16.027395],[120.592602,16.027666],[120.592586,16.029021],[120.592866,16.029024],[120.592863,16.029295],[120.592299,16.02956],[120.592856,16.029837],[120.592289,16.030373],[120.59285,16.030379],[120.593126,16.030653],[120.59313,16.030382],[120.593133,16.030111],[120.593413,16.030114],[120.593693,16.030117],[120.593697,16.029847],[120.59342,16.029572],[120.593139,16.029569],[120.593143,16.029298],[120.593146,16.029027],[120.593429,16.028759],[120.59371,16.028763]],[[120.592836,16.031463],[120.592833,16.031734],[120.59255,16.032002],[120.593667,16.032285],[120.593113,16.031737],[120.593117,16.031466],[120.59312,16.031195],[120.592836,16.031463]],[[120.593338,16.036347],[120.593058,16.036344],[120.593055,16.036615],[120.593335,16.036618],[120.593615,16.036621],[120.593892,16.036895],[120.593895,16.036624],[120.593619,16.03635],[120.593338,16.036347]]],[[[120.593713,16.028492],[120.59399,16.028766],[120.59371,16.028763],[120.593713,16.028492]]],[[[120.658444,16.028666],[120.659562,16.028949],[120.659272,16.029759],[120.658718,16.029211],[120.658441,16.028937],[120.658444,16.028666]]],[[[120.590064,16.028993],[120.590341,16.029267],[120.590061,16.029264],[120.590064,16.028993]]],[[[120.681333,16.029489],[120.681893,16.029495],[120.682167,16.03004],[120.68133,16.02976],[120.681333,16.029489]]],[[[120.660116,16.029498],[120.660113,16.029769],[120.66067,16.030046],[120.660944,16.030591],[120.661218,16.031136],[120.660931,16.031675],[120.660651,16.031672],[120.660632,16.033297],[120.660912,16.0333],[120.661186,16.033846],[120.661183,16.034117],[120.660616,16.034652],[120.660068,16.033562],[120.660078,16.032749],[120.659527,16.03193],[120.659543,16.030575],[120.659266,16.030301],[120.659552,16.029762],[120.659832,16.029765],[120.660116,16.029498]]],[[[120.711872,16.030088],[120.711592,16.030085],[120.711595,16.029814],[120.711876,16.029817],[120.711872,16.030088]]],[[[120.625358,16.0302],[120.625639,16.030203],[120.625919,16.030206],[120.626199,16.030209],[120.626756,16.030486],[120.626466,16.031296],[120.625626,16.031287],[120.625899,16.031832],[120.625062,16.031551],[120.624785,16.031277],[120.624508,16.031003],[120.624782,16.031548],[120.625059,16.031822],[120.625043,16.033177],[120.625323,16.03318],[120.625307,16.034535],[120.625304,16.034806],[120.625291,16.03589],[120.624727,16.036155],[120.625027,16.034532],[120.62503,16.034261],[120.624753,16.033987],[120.624476,16.033713],[120.624766,16.032903],[120.624209,16.032626],[120.622804,16.032881],[120.621668,16.034224],[120.620827,16.034214],[120.620537,16.035024],[120.619416,16.035012],[120.619407,16.035825],[120.618283,16.036083],[120.617716,16.036619],[120.617973,16.038519],[120.618534,16.038525],[120.618814,16.038528],[120.619655,16.038538],[120.620482,16.039631],[120.620473,16.040444],[120.62104,16.039908],[120.622157,16.040191],[120.621864,16.041272],[120.622418,16.04182],[120.622405,16.042904],[120.621011,16.042347],[120.62073,16.042344],[120.620447,16.042612],[120.619046,16.042596],[120.618769,16.042322],[120.618489,16.042319],[120.618225,16.040961],[120.617664,16.040955],[120.617951,16.040416],[120.617674,16.040142],[120.616837,16.039861],[120.616276,16.039855],[120.616002,16.03931],[120.616006,16.039039],[120.616286,16.039042],[120.616308,16.037145],[120.617149,16.037155],[120.616875,16.03661],[120.616882,16.036068],[120.615481,16.036052],[120.615484,16.035781],[120.61549,16.035239],[120.615493,16.034968],[120.615777,16.0347],[120.616341,16.034436],[120.617188,16.033903],[120.618592,16.033648],[120.618875,16.03338],[120.619439,16.033115],[120.619719,16.033118],[120.620002,16.03285],[120.620566,16.032585],[120.620846,16.032589],[120.62141,16.032324],[120.621693,16.032056],[120.622537,16.031794],[120.622544,16.031252],[120.622824,16.031255],[120.623107,16.030988],[120.62311,16.030717],[120.623391,16.03072],[120.624231,16.030729],[120.624238,16.030187],[120.625078,16.030196],[120.625358,16.0302]]],[[[120.704027,16.030004],[120.704307,16.030007],[120.704304,16.030278],[120.704581,16.030552],[120.703737,16.030814],[120.703743,16.030272],[120.704027,16.030004]]],[[[120.682167,16.03004],[120.682447,16.030043],[120.682441,16.030585],[120.682158,16.030853],[120.681884,16.030308],[120.682167,16.03004]]],[[[120.63713,16.030059],[120.637407,16.030333],[120.637127,16.03033],[120.63713,16.030059]]],[[[120.682728,16.030046],[120.682731,16.029775],[120.682743,16.028691],[120.683023,16.028694],[120.683285,16.030323],[120.682728,16.030046]]],[[[120.683285,16.030323],[120.683845,16.030329],[120.684116,16.031145],[120.684113,16.031416],[120.68439,16.03169],[120.684667,16.031964],[120.684947,16.031967],[120.685227,16.03197],[120.685788,16.031976],[120.686339,16.032795],[120.686046,16.033876],[120.685763,16.034144],[120.685747,16.035499],[120.685467,16.035496],[120.685455,16.03658],[120.684888,16.037116],[120.685442,16.037664],[120.685707,16.039022],[120.685984,16.039296],[120.686258,16.039841],[120.686532,16.040386],[120.68651,16.042283],[120.68679,16.042286],[120.686503,16.042825],[120.687064,16.042831],[120.687344,16.042834],[120.687624,16.042837],[120.687618,16.043379],[120.688179,16.043385],[120.688456,16.043659],[120.688736,16.043662],[120.68957,16.044213],[120.690688,16.044496],[120.690685,16.044767],[120.690682,16.045038],[120.690676,16.04558],[120.69095,16.046125],[120.690946,16.046396],[120.691227,16.046399],[120.691504,16.046673],[120.692061,16.04695],[120.692058,16.047221],[120.693179,16.047233],[120.693739,16.047239],[120.69401,16.048055],[120.69373,16.048052],[120.69317,16.048046],[120.692886,16.048314],[120.692883,16.048585],[120.693437,16.049133],[120.693714,16.049407],[120.693988,16.049952],[120.693973,16.051307],[120.693135,16.051027],[120.693126,16.05184],[120.692855,16.051024],[120.692295,16.051018],[120.692017,16.050744],[120.692033,16.049389],[120.691195,16.049109],[120.690909,16.049648],[120.690068,16.049639],[120.690339,16.050455],[120.689498,16.050446],[120.689224,16.049901],[120.689228,16.04963],[120.690075,16.049097],[120.689801,16.048552],[120.68924,16.048546],[120.688966,16.048001],[120.688979,16.046917],[120.689545,16.046381],[120.689548,16.04611],[120.689555,16.045568],[120.688434,16.045556],[120.68844,16.045014],[120.687599,16.045005],[120.687593,16.045547],[120.686756,16.045267],[120.686759,16.044996],[120.686488,16.04418],[120.686211,16.043906],[120.68593,16.043902],[120.685653,16.043628],[120.685376,16.043354],[120.685105,16.042538],[120.685109,16.042267],[120.685115,16.041725],[120.684558,16.041448],[120.684564,16.040906],[120.684006,16.040629],[120.683729,16.040355],[120.683178,16.039536],[120.683739,16.039542],[120.683748,16.038729],[120.683754,16.038188],[120.683758,16.037917],[120.683477,16.037913],[120.683761,16.037646],[120.683203,16.037368],[120.683216,16.036285],[120.684611,16.036842],[120.684651,16.033319],[120.68354,16.032494],[120.68298,16.032488],[120.682709,16.031672],[120.682441,16.030585],[120.683282,16.030594],[120.683285,16.030323]]],[[[120.662543,16.03064],[120.66282,16.030914],[120.66226,16.030908],[120.662543,16.03064]]],[[[120.66226,16.030908],[120.66225,16.031721],[120.66197,16.031718],[120.66198,16.030905],[120.66226,16.030908]]],[[[120.691978,16.029874],[120.691984,16.029332],[120.692544,16.029339],[120.692535,16.030151],[120.691978,16.029874]]],[[[120.692806,16.030967],[120.69308,16.031512],[120.692519,16.031506],[120.692525,16.030964],[120.692806,16.030967]]],[[[120.620872,16.030421],[120.620891,16.028795],[120.621461,16.027988],[120.621471,16.027175],[120.621754,16.026907],[120.622875,16.02692],[120.622862,16.028004],[120.622022,16.027994],[120.622009,16.029078],[120.620872,16.030421]]],[[[120.621429,16.030698],[120.621709,16.030701],[120.621706,16.030972],[120.621426,16.030969],[120.621429,16.030698]]],[[[120.616994,16.026584],[120.616714,16.02658],[120.616444,16.025764],[120.61532,16.026023],[120.615606,16.025484],[120.617007,16.0255],[120.616994,16.026584]]],[[[120.590044,16.030619],[120.590318,16.031164],[120.590038,16.03116],[120.590044,16.030619]]],[[[120.710475,16.029802],[120.710194,16.029799],[120.710207,16.028715],[120.710773,16.028179],[120.710779,16.027637],[120.711337,16.027914],[120.711623,16.027375],[120.712184,16.027381],[120.712168,16.028736],[120.711324,16.028998],[120.710475,16.029802]]],[[[120.710733,16.031702],[120.71101,16.031976],[120.711007,16.032247],[120.711278,16.033063],[120.710718,16.033057],[120.710721,16.032786],[120.710444,16.032512],[120.71045,16.03197],[120.709886,16.032235],[120.709618,16.031148],[120.709621,16.030877],[120.709905,16.030609],[120.710188,16.030341],[120.710468,16.030344],[120.710745,16.030618],[120.710453,16.031699],[120.710733,16.031702]]],[[[120.662814,16.031456],[120.663085,16.032272],[120.663919,16.032823],[120.663913,16.033365],[120.663633,16.033362],[120.663355,16.033088],[120.663075,16.033085],[120.662801,16.03254],[120.662527,16.031995],[120.662531,16.031724],[120.662814,16.031456]]],[[[120.621416,16.031782],[120.621413,16.032053],[120.621133,16.03205],[120.621136,16.031779],[120.621416,16.031782]]],[[[120.63683,16.031681],[120.637111,16.031684],[120.637384,16.032229],[120.637101,16.032497],[120.636818,16.032765],[120.636534,16.033033],[120.636254,16.03303],[120.636264,16.032217],[120.636547,16.031949],[120.63683,16.031681]]],[[[120.685025,16.025192],[120.685857,16.026014],[120.685573,16.026282],[120.684742,16.02546],[120.685025,16.025192]]],[[[120.684752,16.024647],[120.685032,16.02465],[120.685029,16.024921],[120.684752,16.024647]]],[[[120.682173,16.029498],[120.681893,16.029495],[120.681896,16.029224],[120.682173,16.029498]]],[[[120.683023,16.028694],[120.68303,16.028152],[120.683593,16.027887],[120.683587,16.028429],[120.683023,16.028694]]],[[[120.595915,16.031768],[120.596756,16.031778],[120.596753,16.032049],[120.596472,16.032046],[120.595632,16.032036],[120.595635,16.031765],[120.595915,16.031768]]],[[[120.597036,16.031781],[120.596756,16.031778],[120.596759,16.031507],[120.597036,16.031781]]],[[[120.637665,16.032233],[120.637381,16.0325],[120.637384,16.032229],[120.637665,16.032233]]],[[[120.637394,16.031417],[120.637397,16.031146],[120.637407,16.030333],[120.637677,16.031149],[120.638241,16.030884],[120.637671,16.031691],[120.637394,16.031417]]],[[[120.619172,16.032028],[120.619458,16.031489],[120.620302,16.031227],[120.620853,16.032047],[120.620849,16.032318],[120.620286,16.032582],[120.620006,16.032579],[120.619722,16.032847],[120.619442,16.032844],[120.618875,16.03338],[120.618595,16.033377],[120.617191,16.033632],[120.616917,16.033087],[120.617764,16.032554],[120.618044,16.032557],[120.618608,16.032293],[120.618888,16.032296],[120.619172,16.032028]]],[[[120.59759,16.032329],[120.597303,16.032868],[120.597026,16.032594],[120.59703,16.032323],[120.59759,16.032329]]],[[[120.597593,16.032058],[120.597873,16.032061],[120.59787,16.032332],[120.59759,16.032329],[120.597593,16.032058]]],[[[120.59703,16.032323],[120.596749,16.03232],[120.596753,16.032049],[120.597033,16.032052],[120.59703,16.032323]]],[[[120.710444,16.032512],[120.71044,16.032783],[120.710163,16.032509],[120.710444,16.032512]]],[[[120.699232,16.032663],[120.699512,16.032666],[120.699229,16.032934],[120.699232,16.032663]]],[[[120.645501,16.033132],[120.645498,16.033403],[120.645221,16.033129],[120.645501,16.033132]]],[[[120.662033,16.033313],[120.66203,16.033584],[120.661746,16.033852],[120.661753,16.03331],[120.662033,16.033313]]],[[[120.615793,16.033345],[120.61579,16.033616],[120.61607,16.03362],[120.61635,16.033623],[120.616341,16.034436],[120.61578,16.034429],[120.615497,16.034697],[120.614656,16.034688],[120.613816,16.034679],[120.613822,16.034137],[120.613558,16.032779],[120.612714,16.03304],[120.612981,16.034127],[120.611023,16.033834],[120.610466,16.033557],[120.610189,16.033283],[120.609912,16.033009],[120.609915,16.032738],[120.61132,16.032483],[120.611316,16.032754],[120.612717,16.032769],[120.612721,16.032498],[120.614402,16.032517],[120.614672,16.033333],[120.615793,16.033345]],[[120.614666,16.033875],[120.614943,16.034149],[120.61551,16.033613],[120.614109,16.033598],[120.614666,16.033875]]],[[[120.616634,16.033355],[120.616353,16.033352],[120.616073,16.033349],[120.616637,16.033084],[120.616634,16.033355]]],[[[120.645778,16.033406],[120.645775,16.033677],[120.645498,16.033403],[120.645778,16.033406]]],[[[120.640451,16.033618],[120.641011,16.033624],[120.641288,16.033899],[120.641285,16.03417],[120.641005,16.034166],[120.640725,16.034163],[120.640171,16.033615],[120.640451,16.033618]]],[[[120.688014,16.033355],[120.688011,16.033626],[120.687731,16.033623],[120.688014,16.033355]]],[[[120.663913,16.033365],[120.664193,16.033368],[120.66419,16.033639],[120.66391,16.033636],[120.663913,16.033365]]],[[[120.66447,16.033642],[120.664467,16.033913],[120.664187,16.03391],[120.66419,16.033639],[120.66447,16.033642]]],[[[120.693338,16.033412],[120.693618,16.033415],[120.693615,16.033686],[120.693335,16.033683],[120.693338,16.033412]]],[[[120.693335,16.033683],[120.693332,16.033954],[120.693055,16.03368],[120.693335,16.033683]]],[[[120.635407,16.033563],[120.635127,16.03356],[120.63569,16.033295],[120.635971,16.033298],[120.635687,16.033566],[120.635407,16.033563]]],[[[120.636808,16.033578],[120.636528,16.033575],[120.636531,16.033304],[120.637372,16.033313],[120.637378,16.032771],[120.637929,16.033591],[120.637645,16.033858],[120.637365,16.033855],[120.637085,16.033852],[120.636808,16.033578]]],[[[120.711549,16.033879],[120.711823,16.034424],[120.711263,16.034418],[120.710989,16.033873],[120.711549,16.033879]]],[[[120.688008,16.033897],[120.688005,16.034168],[120.687998,16.03471],[120.687441,16.034433],[120.687447,16.033891],[120.687728,16.033894],[120.688008,16.033897]]],[[[120.666989,16.03394],[120.667826,16.034221],[120.667817,16.035033],[120.667253,16.035298],[120.665855,16.035012],[120.665575,16.035009],[120.665298,16.034735],[120.665021,16.034461],[120.665027,16.033919],[120.666428,16.033934],[120.666709,16.033937],[120.666989,16.03394]]],[[[120.701178,16.034039],[120.701175,16.03431],[120.701165,16.035123],[120.700325,16.035114],[120.700312,16.036198],[120.699752,16.036192],[120.699755,16.035921],[120.700035,16.035924],[120.699761,16.035379],[120.700054,16.034298],[120.700337,16.03403],[120.700624,16.033491],[120.701178,16.034039]]],[[[120.650022,16.029929],[120.649745,16.029655],[120.649751,16.029113],[120.650312,16.029119],[120.650044,16.028032],[120.650882,16.028313],[120.651156,16.028858],[120.650592,16.029122],[120.650579,16.030206],[120.650019,16.0302],[120.650022,16.029929]]],[[[120.638206,16.033865],[120.637926,16.033862],[120.637929,16.033591],[120.638206,16.033865]]],[[[120.639604,16.034151],[120.63932,16.034419],[120.63848,16.03441],[120.638203,16.034136],[120.638206,16.033865],[120.639604,16.034151]]],[[[120.597567,16.034226],[120.597564,16.034497],[120.597284,16.034494],[120.597287,16.034223],[120.597567,16.034226]]],[[[120.636798,16.034391],[120.636515,16.034659],[120.635678,16.034379],[120.635961,16.034111],[120.636241,16.034114],[120.636525,16.033846],[120.636805,16.033849],[120.636802,16.03412],[120.636798,16.034391]]],[[[120.66202,16.034397],[120.662011,16.03521],[120.661731,16.035207],[120.661715,16.036561],[120.661435,16.036558],[120.66117,16.0352],[120.661457,16.034662],[120.661463,16.03412],[120.66202,16.034397]]],[[[120.642122,16.03445],[120.641845,16.034176],[120.642126,16.034179],[120.642122,16.03445]]],[[[120.63512,16.034102],[120.635401,16.034105],[120.635397,16.034376],[120.63512,16.034102]]],[[[120.634589,16.031657],[120.635149,16.031663],[120.635146,16.031934],[120.634589,16.031657]]],[[[120.71154,16.034692],[120.711527,16.035776],[120.711247,16.035773],[120.711259,16.034689],[120.71154,16.034692]]],[[[120.64296,16.03473],[120.64268,16.034727],[120.642683,16.034456],[120.64296,16.03473]]],[[[120.644364,16.034474],[120.644644,16.034477],[120.644361,16.034745],[120.644364,16.034474]]],[[[120.668377,16.03504],[120.668938,16.035046],[120.668645,16.036127],[120.668084,16.03612],[120.668087,16.035849],[120.668091,16.035578],[120.668097,16.035037],[120.668377,16.03504]]],[[[120.598678,16.035052],[120.598955,16.035326],[120.597831,16.035584],[120.597841,16.034771],[120.598682,16.034781],[120.598678,16.035052]]],[[[120.63819,16.035219],[120.638187,16.03549],[120.637907,16.035487],[120.63791,16.035216],[120.63819,16.035219]]],[[[120.6382,16.034407],[120.63848,16.03441],[120.638473,16.034952],[120.638193,16.034949],[120.6382,16.034407]]],[[[120.637907,16.035487],[120.637903,16.035758],[120.63734,16.036023],[120.637626,16.035484],[120.637907,16.035487]]],[[[120.590151,16.035675],[120.590698,16.036765],[120.590969,16.037581],[120.590672,16.038933],[120.59094,16.04002],[120.590096,16.040282],[120.590105,16.039469],[120.590109,16.039198],[120.590112,16.038927],[120.590122,16.038114],[120.59,16.03757],[120.59,16.037299],[120.59,16.037028],[120.59,16.035673],[120.590151,16.035675]]],[[[120.590154,16.035404],[120.590431,16.035678],[120.590151,16.035675],[120.590154,16.035404]]],[[[120.613242,16.035756],[120.613526,16.035488],[120.61493,16.035233],[120.614634,16.036585],[120.615471,16.036865],[120.616025,16.037413],[120.615735,16.038223],[120.614894,16.038214],[120.61406,16.037662],[120.613774,16.038201],[120.614324,16.03902],[120.615722,16.039307],[120.616273,16.040126],[120.61655,16.0404],[120.616824,16.040945],[120.616254,16.041752],[120.616521,16.042839],[120.616485,16.04582],[120.61816,16.04638],[120.618428,16.047467],[120.619545,16.047751],[120.618144,16.047735],[120.618141,16.048006],[120.61758,16.048],[120.61759,16.047187],[120.616749,16.047178],[120.616205,16.045817],[120.614527,16.045527],[120.614253,16.044982],[120.615094,16.044991],[120.615117,16.043094],[120.61596,16.042833],[120.615967,16.042291],[120.615126,16.042281],[120.614849,16.042007],[120.614569,16.042004],[120.614009,16.041998],[120.613445,16.042263],[120.613165,16.04226],[120.612894,16.041444],[120.612897,16.041173],[120.61206,16.040892],[120.612627,16.040357],[120.613461,16.040908],[120.613455,16.04145],[120.615142,16.040927],[120.615432,16.040117],[120.615158,16.039572],[120.614041,16.039288],[120.613767,16.038743],[120.611245,16.038715],[120.610972,16.03817],[120.609847,16.038428],[120.609838,16.039241],[120.60843,16.039768],[120.608137,16.040848],[120.608134,16.041119],[120.608414,16.041123],[120.610942,16.040609],[120.610366,16.041957],[120.61035,16.043312],[120.610063,16.043851],[120.60949,16.044929],[120.608359,16.045729],[120.608337,16.047626],[120.608056,16.047623],[120.608037,16.049249],[120.606636,16.049233],[120.60747,16.049784],[120.607744,16.050329],[120.604661,16.050295],[120.604098,16.05056],[120.603267,16.049737],[120.60299,16.049463],[120.603006,16.048108],[120.601605,16.048093],[120.600754,16.048896],[120.601592,16.049177],[120.601563,16.051615],[120.60241,16.051083],[120.60269,16.051086],[120.602967,16.05136],[120.604085,16.051644],[120.606594,16.052756],[120.60659,16.053027],[120.607431,16.053036],[120.608826,16.053594],[120.608813,16.054678],[120.60937,16.054955],[120.609647,16.055229],[120.609927,16.055232],[120.610214,16.054693],[120.610501,16.054154],[120.612179,16.054444],[120.612456,16.054718],[120.614414,16.055011],[120.614971,16.055288],[120.615248,16.055562],[120.616086,16.055843],[120.616927,16.055852],[120.617207,16.055855],[120.617764,16.056132],[120.618044,16.056135],[120.618321,16.05641],[120.619719,16.056696],[120.619993,16.057241],[120.620834,16.057251],[120.621114,16.057254],[120.621111,16.057525],[120.621391,16.057528],[120.621388,16.057799],[120.621107,16.057796],[120.621098,16.058609],[120.620534,16.058873],[120.619697,16.058593],[120.619423,16.058048],[120.618302,16.058035],[120.617464,16.057755],[120.616914,16.056936],[120.616633,16.056933],[120.616073,16.056927],[120.615793,16.056923],[120.615519,16.056378],[120.614398,16.056366],[120.614404,16.055824],[120.611602,16.055793],[120.610752,16.056596],[120.609347,16.056852],[120.608513,16.0563],[120.607679,16.055749],[120.606278,16.055733],[120.606561,16.055465],[120.607125,16.055201],[120.607689,16.054936],[120.607128,16.05493],[120.606848,16.054927],[120.606568,16.054923],[120.605447,16.054911],[120.605173,16.054366],[120.604626,16.053276],[120.601263,16.053238],[120.600986,16.052964],[120.599872,16.052409],[120.600422,16.053229],[120.600983,16.053235],[120.60097,16.054319],[120.600966,16.05459],[120.601227,16.056219],[120.600941,16.056758],[120.601775,16.057309],[120.601758,16.058664],[120.602039,16.058667],[120.602029,16.05948],[120.602026,16.059751],[120.601459,16.060286],[120.601456,16.060557],[120.601172,16.060825],[120.600889,16.061093],[120.600885,16.061364],[120.601169,16.061096],[120.601452,16.060828],[120.601736,16.060561],[120.602019,16.060293],[120.602022,16.060022],[120.602586,16.059757],[120.602293,16.060838],[120.601729,16.061103],[120.60172,16.061915],[120.60228,16.061922],[120.602264,16.063277],[120.601707,16.062999],[120.600305,16.062984],[120.600015,16.063793],[120.598888,16.064323],[120.599162,16.064868],[120.598021,16.066481],[120.598575,16.067029],[120.599419,16.066768],[120.599413,16.06731],[120.59997,16.067587],[120.60025,16.06759],[120.600811,16.067596],[120.601084,16.068141],[120.601648,16.067877],[120.601352,16.069229],[120.602205,16.068154],[120.602759,16.068702],[120.603033,16.069247],[120.60303,16.069518],[120.604431,16.069534],[120.604708,16.069808],[120.604988,16.069811],[120.605265,16.070085],[120.60666,16.070643],[120.606937,16.070917],[120.607217,16.07092],[120.608058,16.07093],[120.608345,16.070391],[120.608625,16.070394],[120.608905,16.070397],[120.609186,16.0704],[120.61031,16.070142],[120.610307,16.070413],[120.610303,16.070684],[120.610017,16.071223],[120.609736,16.071219],[120.609456,16.071216],[120.609169,16.071755],[120.609446,16.072029],[120.609723,16.072303],[120.610284,16.07231],[120.610844,16.072316],[120.611125,16.072319],[120.611121,16.07259],[120.611405,16.072322],[120.611408,16.072051],[120.611969,16.072057],[120.611952,16.073412],[120.611666,16.073951],[120.610271,16.073393],[120.610258,16.074477],[120.611099,16.074487],[120.611372,16.075032],[120.609971,16.075016],[120.60914,16.074194],[120.608589,16.073375],[120.606921,16.072272],[120.606641,16.072269],[120.606357,16.072537],[120.605233,16.072795],[120.605787,16.073343],[120.605777,16.074156],[120.606898,16.074169],[120.607172,16.074714],[120.606334,16.074433],[120.606325,16.075246],[120.607436,16.076072],[120.607996,16.076078],[120.607987,16.076891],[120.608547,16.076897],[120.608818,16.077713],[120.609659,16.077723],[120.610219,16.077729],[120.610499,16.077732],[120.610776,16.078006],[120.611337,16.078013],[120.611894,16.07829],[120.612174,16.078293],[120.612442,16.07938],[120.61356,16.079663],[120.614664,16.081031],[120.615222,16.081308],[120.615502,16.081311],[120.615782,16.081314],[120.616343,16.081321],[120.616903,16.081327],[120.618305,16.081342],[120.618578,16.081887],[120.61998,16.081903],[120.620544,16.081638],[120.620824,16.081641],[120.621101,16.081916],[120.621381,16.081919],[120.621378,16.08219],[120.622776,16.082476],[120.623043,16.083563],[120.623604,16.083569],[120.623881,16.083844],[120.624161,16.083847],[120.625289,16.083317],[120.626403,16.083872],[120.62668,16.084146],[120.628082,16.084161],[120.6292,16.084445],[120.629206,16.083903],[120.629486,16.083906],[120.630881,16.084463],[120.630888,16.083921],[120.631725,16.084202],[120.633127,16.084217],[120.633404,16.084491],[120.633964,16.084497],[120.634251,16.083959],[120.635092,16.083968],[120.635379,16.083429],[120.635929,16.084248],[120.635089,16.084239],[120.635085,16.08451],[120.635366,16.084513],[120.634796,16.08532],[120.634515,16.085317],[120.633961,16.084768],[120.632837,16.085027],[120.632544,16.086108],[120.631426,16.085824],[120.631429,16.085553],[120.631149,16.08555],[120.630868,16.085547],[120.629744,16.085806],[120.629461,16.086074],[120.62918,16.08607],[120.628903,16.085796],[120.628623,16.085793],[120.628343,16.08579],[120.627222,16.085778],[120.626381,16.085768],[120.626104,16.085494],[120.624142,16.085473],[120.624709,16.084937],[120.623591,16.084653],[120.623304,16.085192],[120.623027,16.084918],[120.622747,16.084915],[120.622467,16.084912],[120.62219,16.084638],[120.621909,16.084635],[120.621906,16.084906],[120.621903,16.085177],[120.622183,16.08518],[120.62246,16.085454],[120.622457,16.085725],[120.623291,16.086276],[120.622167,16.086535],[120.621887,16.086531],[120.62189,16.08626],[120.620489,16.086245],[120.620485,16.086516],[120.619361,16.086774],[120.619912,16.087594],[120.619071,16.087584],[120.619074,16.087313],[120.619084,16.0865],[120.618243,16.086491],[120.617963,16.086488],[120.617683,16.086485],[120.617399,16.086753],[120.617393,16.087294],[120.617112,16.087291],[120.617129,16.085936],[120.616001,16.086466],[120.615995,16.087008],[120.615434,16.087002],[120.61517,16.085644],[120.614609,16.085637],[120.614903,16.084557],[120.614065,16.084276],[120.614072,16.083734],[120.612673,16.083448],[120.612396,16.083174],[120.6124,16.082903],[120.613244,16.082641],[120.613801,16.082918],[120.613804,16.082647],[120.614365,16.082654],[120.614642,16.082928],[120.616037,16.083485],[120.616046,16.082672],[120.614648,16.082386],[120.614938,16.081576],[120.614655,16.081844],[120.613257,16.081557],[120.612973,16.081825],[120.611852,16.081812],[120.611298,16.081264],[120.611842,16.082625],[120.611562,16.082622],[120.611285,16.082348],[120.610731,16.0818],[120.609887,16.082061],[120.609607,16.082058],[120.609613,16.081516],[120.608212,16.081501],[120.607371,16.081491],[120.605686,16.081743],[120.60596,16.082289],[120.605957,16.08256],[120.605654,16.084453],[120.606772,16.084737],[120.606768,16.085008],[120.607316,16.086098],[120.607032,16.086366],[120.605918,16.085811],[120.605641,16.085537],[120.60537,16.084721],[120.604246,16.084979],[120.604243,16.08525],[120.603975,16.084163],[120.604256,16.084167],[120.604278,16.08227],[120.604842,16.082005],[120.604852,16.081192],[120.603441,16.081989],[120.60289,16.08117],[120.602893,16.080899],[120.60262,16.080354],[120.600935,16.080606],[120.600101,16.080055],[120.599837,16.078697],[120.59984,16.078426],[120.599846,16.077884],[120.598725,16.077871],[120.598435,16.078681],[120.598996,16.078687],[120.598983,16.079771],[120.59954,16.080049],[120.599807,16.081136],[120.599804,16.081407],[120.599224,16.083026],[120.599217,16.083568],[120.599488,16.084384],[120.599478,16.085197],[120.599188,16.086007],[120.599185,16.086278],[120.599182,16.086549],[120.599178,16.08682],[120.599165,16.087904],[120.600003,16.088184],[120.599745,16.086284],[120.600316,16.085477],[120.600329,16.084393],[120.601456,16.083864],[120.60173,16.084409],[120.60201,16.084412],[120.602291,16.084415],[120.602571,16.084419],[120.603125,16.084967],[120.602841,16.085235],[120.602281,16.085228],[120.602004,16.084954],[120.60116,16.085216],[120.601127,16.087926],[120.601694,16.08739],[120.601691,16.087661],[120.601688,16.087932],[120.601962,16.088477],[120.601958,16.088748],[120.601671,16.089287],[120.602229,16.089564],[120.601388,16.089555],[120.601939,16.090374],[120.602213,16.090919],[120.601932,16.090916],[120.601652,16.090913],[120.601375,16.090638],[120.601098,16.090364],[120.601101,16.090093],[120.600544,16.089816],[120.60084,16.088464],[120.599716,16.088723],[120.59971,16.089265],[120.599429,16.089262],[120.599439,16.088449],[120.598321,16.088165],[120.598054,16.087078],[120.598351,16.085726],[120.59751,16.085717],[120.597226,16.085985],[120.5975,16.08653],[120.59748,16.088156],[120.597477,16.088427],[120.596917,16.08842],[120.596933,16.087065],[120.596659,16.08652],[120.596662,16.086249],[120.596669,16.085707],[120.596675,16.085165],[120.596959,16.084898],[120.597073,16.084357],[120.597164,16.084087],[120.597176,16.083545],[120.597259,16.083275],[120.597262,16.083004],[120.597265,16.082733],[120.597826,16.082739],[120.597842,16.081384],[120.597572,16.080568],[120.597575,16.080297],[120.597594,16.078672],[120.597598,16.078401],[120.597601,16.07813],[120.597604,16.077859],[120.597894,16.077049],[120.597897,16.076778],[120.598468,16.075971],[120.597353,16.075417],[120.597357,16.075146],[120.596803,16.074598],[120.596816,16.073514],[120.596268,16.072424],[120.597109,16.072433],[120.597663,16.072981],[120.598227,16.072717],[120.599061,16.073268],[120.598774,16.073807],[120.599331,16.074084],[120.599625,16.073003],[120.599064,16.072997],[120.599074,16.072184],[120.599631,16.072461],[120.599908,16.072735],[120.600179,16.073551],[120.600456,16.073826],[120.601019,16.073561],[120.601287,16.074648],[120.601309,16.072751],[120.602994,16.072499],[120.602991,16.07277],[120.603265,16.073315],[120.603545,16.073318],[120.603271,16.072773],[120.603841,16.071967],[120.604418,16.070618],[120.603858,16.070612],[120.603014,16.070873],[120.60302,16.070331],[120.602173,16.070864],[120.601893,16.070861],[120.601899,16.070319],[120.601902,16.070048],[120.601345,16.06977],[120.601055,16.07058],[120.601619,16.070316],[120.601612,16.070857],[120.601052,16.070851],[120.601042,16.071664],[120.599361,16.071645],[120.599364,16.071374],[120.600485,16.071387],[120.600211,16.070842],[120.599367,16.071103],[120.59937,16.070832],[120.599654,16.070565],[120.599664,16.069752],[120.599113,16.068932],[120.599126,16.067849],[120.598562,16.068113],[120.598549,16.069197],[120.599377,16.07029],[120.598536,16.070281],[120.598256,16.070278],[120.597976,16.070275],[120.597699,16.070001],[120.596864,16.069449],[120.59603,16.068898],[120.596033,16.068627],[120.596587,16.069175],[120.597154,16.068639],[120.598272,16.068923],[120.598279,16.068381],[120.597158,16.068368],[120.596037,16.068356],[120.595763,16.067811],[120.594639,16.068069],[120.593811,16.066976],[120.59242,16.066147],[120.592716,16.064795],[120.59328,16.064531],[120.59329,16.063718],[120.593853,16.063453],[120.59387,16.062098],[120.593312,16.061821],[120.593032,16.061818],[120.591628,16.062073],[120.591634,16.061531],[120.591915,16.061534],[120.592195,16.061537],[120.592198,16.061267],[120.591641,16.060989],[120.591928,16.06045],[120.592491,16.060186],[120.592781,16.059376],[120.592221,16.05937],[120.593648,16.057218],[120.593642,16.05776],[120.594482,16.057769],[120.594756,16.058314],[120.594189,16.05885],[120.59559,16.058866],[120.596147,16.059143],[120.596428,16.059146],[120.597552,16.058888],[120.597545,16.05943],[120.596701,16.059691],[120.596685,16.061046],[120.596956,16.061862],[120.598917,16.061884],[120.598363,16.061336],[120.598663,16.059713],[120.599787,16.059455],[120.599794,16.058913],[120.600638,16.058651],[120.600087,16.057832],[120.600119,16.055122],[120.599559,16.055116],[120.599575,16.053761],[120.598184,16.052933],[120.597917,16.051845],[120.599044,16.051316],[120.600445,16.051332],[120.600455,16.050519],[120.601018,16.050254],[120.600464,16.049706],[120.600184,16.049703],[120.599634,16.048884],[120.599914,16.048887],[120.600194,16.04889],[120.599924,16.048074],[120.600497,16.046996],[120.601618,16.047009],[120.601344,16.046464],[120.600223,16.046451],[120.599656,16.046987],[120.599363,16.048068],[120.598803,16.048061],[120.597965,16.047781],[120.597134,16.046959],[120.597415,16.046962],[120.597698,16.046694],[120.597418,16.046691],[120.597141,16.046417],[120.597177,16.043436],[120.597457,16.043439],[120.598297,16.043449],[120.598864,16.042913],[120.59831,16.042365],[120.598314,16.042094],[120.599151,16.042374],[120.599161,16.041561],[120.599431,16.042377],[120.599988,16.042654],[120.600001,16.041571],[120.600562,16.041577],[120.600549,16.042661],[120.601109,16.042667],[120.601947,16.042947],[120.60222,16.043492],[120.60223,16.04268],[120.601673,16.042402],[120.601683,16.041589],[120.602523,16.041599],[120.602791,16.042686],[120.603628,16.042966],[120.604482,16.041892],[120.605045,16.041627],[120.605335,16.040817],[120.606176,16.040827],[120.606743,16.040291],[120.606762,16.038665],[120.606765,16.038394],[120.607329,16.038129],[120.609017,16.037606],[120.6093,16.037338],[120.60958,16.037341],[120.609864,16.037074],[120.610427,16.036809],[120.610991,16.036544],[120.611835,16.036283],[120.612112,16.036557],[120.612115,16.036286],[120.612118,16.036015],[120.612398,16.036018],[120.612962,16.035753],[120.613242,16.035756]],[[120.597431,16.045607],[120.598265,16.046158],[120.598552,16.045619],[120.597998,16.045071],[120.597431,16.045607]],[[120.597978,16.046697],[120.597975,16.046968],[120.598255,16.046971],[120.597978,16.046697]],[[120.59444,16.061292],[120.59442,16.062918],[120.594981,16.062924],[120.59472,16.061295],[120.594443,16.061021],[120.59444,16.061292]],[[120.600885,16.061364],[120.600605,16.061361],[120.600035,16.062168],[120.600602,16.061632],[120.600885,16.061364]],[[120.598331,16.064045],[120.599458,16.063516],[120.599748,16.062706],[120.598331,16.064045]],[[120.598331,16.064045],[120.59805,16.064042],[120.598047,16.064313],[120.598331,16.064045]],[[120.600785,16.069764],[120.600788,16.069493],[120.599947,16.069484],[120.600221,16.070029],[120.600785,16.069764]],[[120.611121,16.07259],[120.610841,16.072587],[120.610561,16.072584],[120.610558,16.072855],[120.610838,16.072858],[120.611115,16.073132],[120.611118,16.072861],[120.611121,16.07259]],[[120.599331,16.074084],[120.599605,16.074629],[120.599892,16.07409],[120.599612,16.074087],[120.599331,16.074084]],[[120.603789,16.076302],[120.602955,16.075751],[120.602672,16.076019],[120.602121,16.075199],[120.60128,16.07519],[120.601554,16.075735],[120.603209,16.077922],[120.603216,16.07738],[120.60406,16.077118],[120.603506,16.07657],[120.603786,16.076573],[120.604066,16.076576],[120.603789,16.076302]],[[120.607948,16.080143],[120.607951,16.079872],[120.605148,16.07984],[120.604594,16.079292],[120.604607,16.078208],[120.604611,16.077937],[120.604053,16.07766],[120.604037,16.079015],[120.604304,16.080102],[120.604862,16.080379],[120.606827,16.08013],[120.607387,16.080136],[120.607948,16.080143]],[[120.606846,16.078504],[120.607126,16.078507],[120.607684,16.078785],[120.607407,16.078511],[120.606572,16.077959],[120.606579,16.077417],[120.606302,16.077143],[120.606022,16.07714],[120.605738,16.077408],[120.605445,16.078489],[120.606002,16.078766],[120.606282,16.078769],[120.606846,16.078504]],[[120.611298,16.081264],[120.610473,16.0799],[120.609913,16.079894],[120.608789,16.080152],[120.608228,16.080146],[120.607948,16.080143],[120.608502,16.080691],[120.609903,16.080707],[120.611298,16.081264]],[[120.620241,16.083532],[120.619967,16.082987],[120.61969,16.082713],[120.61941,16.08271],[120.618011,16.082423],[120.618005,16.082965],[120.618285,16.082968],[120.618282,16.083239],[120.618002,16.083236],[120.618279,16.08351],[120.618559,16.083513],[120.61912,16.08352],[120.6194,16.083523],[120.620241,16.083532]],[[120.621909,16.084635],[120.621078,16.083812],[120.620518,16.083806],[120.620521,16.083535],[120.620241,16.083532],[120.620237,16.083803],[120.619113,16.084061],[120.619097,16.085416],[120.619381,16.085149],[120.620782,16.085164],[120.621062,16.085167],[120.621909,16.084635]],[[120.618263,16.084865],[120.617428,16.084314],[120.617699,16.08513],[120.617982,16.084862],[120.618263,16.084865]],[[120.631429,16.085553],[120.632279,16.08475],[120.630598,16.084731],[120.630591,16.085273],[120.631429,16.085553]],[[120.59751,16.085717],[120.597513,16.085446],[120.597229,16.085714],[120.59751,16.085717]],[[120.60222,16.043492],[120.602771,16.044312],[120.60165,16.044299],[120.601644,16.044841],[120.603325,16.04486],[120.603309,16.046215],[120.603583,16.04676],[120.603843,16.048389],[120.604684,16.048398],[120.604694,16.047585],[120.605815,16.047598],[120.606114,16.045975],[120.607242,16.045446],[120.607248,16.044904],[120.608098,16.0441],[120.606981,16.043817],[120.60615,16.042994],[120.605029,16.042982],[120.605023,16.043524],[120.603341,16.043505],[120.603068,16.04296],[120.60222,16.043492]],[[120.59737,16.074062],[120.59792,16.074881],[120.598484,16.074617],[120.598214,16.0738],[120.59737,16.074062]],[[120.596379,16.063211],[120.595825,16.062662],[120.595535,16.063472],[120.596379,16.063211]],[[120.594182,16.059392],[120.593339,16.059653],[120.593319,16.061279],[120.593883,16.061014],[120.594182,16.059392]]],[[[120.68717,16.033617],[120.68745,16.03362],[120.687447,16.033891],[120.68717,16.033617]]],[[[120.687145,16.035785],[120.687136,16.036598],[120.687126,16.037411],[120.686849,16.037137],[120.686852,16.036866],[120.686582,16.03605],[120.686585,16.035779],[120.687145,16.035785]]],[[[120.699478,16.035647],[120.699758,16.03565],[120.699755,16.035921],[120.699475,16.035918],[120.699478,16.035647]]],[[[120.699497,16.034021],[120.69949,16.034563],[120.699213,16.034289],[120.699216,16.034018],[120.699497,16.034021]]],[[[120.653875,16.035934],[120.654436,16.03594],[120.654709,16.036485],[120.655547,16.036765],[120.656384,16.037045],[120.656665,16.037048],[120.656655,16.037861],[120.656375,16.037858],[120.656369,16.0384],[120.6572,16.039222],[120.656913,16.039761],[120.658031,16.040044],[120.658305,16.04059],[120.658295,16.041402],[120.658292,16.041673],[120.658572,16.041677],[120.658853,16.04168],[120.65799,16.043567],[120.657709,16.043564],[120.657719,16.042751],[120.657429,16.043561],[120.656312,16.043278],[120.656318,16.042736],[120.656041,16.042462],[120.655764,16.042188],[120.655767,16.041917],[120.655219,16.040827],[120.654101,16.040544],[120.653258,16.040805],[120.652984,16.04026],[120.652987,16.039989],[120.65243,16.039712],[120.65215,16.039709],[120.652153,16.039438],[120.652156,16.039167],[120.651879,16.038893],[120.651599,16.03889],[120.651312,16.039429],[120.650468,16.039691],[120.650462,16.040233],[120.649624,16.039952],[120.649067,16.039675],[120.649914,16.039143],[120.64964,16.038598],[120.6488,16.038588],[120.648793,16.03913],[120.647672,16.039118],[120.646558,16.038564],[120.646561,16.038293],[120.644883,16.038003],[120.644329,16.037455],[120.643765,16.03772],[120.643215,16.036901],[120.642651,16.037166],[120.642371,16.037163],[120.641804,16.037698],[120.641801,16.037969],[120.641798,16.03824],[120.641794,16.038511],[120.639833,16.03849],[120.639549,16.038758],[120.639543,16.0393],[120.63954,16.039571],[120.639814,16.040116],[120.640091,16.04039],[120.640094,16.040119],[120.640648,16.040667],[120.640368,16.040664],[120.640084,16.040932],[120.639244,16.040922],[120.638964,16.040919],[120.63953,16.040384],[120.638693,16.040103],[120.638416,16.039829],[120.638136,16.039826],[120.638139,16.039555],[120.637859,16.039552],[120.636741,16.039269],[120.637585,16.039007],[120.636744,16.038998],[120.636747,16.038727],[120.637311,16.038462],[120.637588,16.038736],[120.637594,16.038194],[120.637878,16.037926],[120.638722,16.037664],[120.639002,16.037668],[120.639005,16.037397],[120.639569,16.037132],[120.640412,16.03687],[120.640699,16.036331],[120.641823,16.036073],[120.642957,16.035001],[120.64324,16.034733],[120.6438,16.034739],[120.644081,16.034742],[120.644074,16.035284],[120.644918,16.035023],[120.644912,16.035564],[120.645752,16.035574],[120.646596,16.035312],[120.646322,16.034767],[120.647169,16.034234],[120.647157,16.035318],[120.647711,16.035866],[120.64772,16.035053],[120.648287,16.034517],[120.648567,16.034521],[120.649124,16.034798],[120.649405,16.034801],[120.649965,16.034807],[120.650242,16.035081],[120.651076,16.035632],[120.651083,16.03509],[120.65248,16.035376],[120.652477,16.035647],[120.653598,16.03566],[120.653875,16.035934]],[[120.649373,16.037511],[120.649093,16.037507],[120.648816,16.037233],[120.648812,16.037504],[120.64937,16.037782],[120.64965,16.037785],[120.64993,16.037788],[120.650481,16.038607],[120.650494,16.037523],[120.649933,16.037517],[120.649653,16.037514],[120.649373,16.037511]],[[120.639833,16.03849],[120.639556,16.038216],[120.639553,16.038487],[120.639833,16.03849]],[[120.652477,16.035647],[120.651917,16.035641],[120.651904,16.036725],[120.652468,16.03646],[120.652458,16.037273],[120.653289,16.038096],[120.65441,16.038108],[120.6547,16.037298],[120.653859,16.037289],[120.653866,16.036747],[120.652477,16.035647]]],[[[120.693307,16.036122],[120.693584,16.036396],[120.693578,16.036938],[120.693291,16.037477],[120.693005,16.038016],[120.692718,16.038555],[120.692438,16.038552],[120.692454,16.037197],[120.692457,16.036926],[120.693017,16.036932],[120.693027,16.036119],[120.693307,16.036122]]],[[[120.675093,16.035926],[120.675373,16.035929],[120.675367,16.036471],[120.675087,16.036468],[120.67509,16.036197],[120.675093,16.035926]]],[[[120.659479,16.035995],[120.660603,16.035736],[120.660597,16.036278],[120.659753,16.03654],[120.659476,16.036266],[120.659479,16.035995]]],[[[120.682375,16.036275],[120.682652,16.036549],[120.682369,16.036817],[120.682089,16.036814],[120.682095,16.036272],[120.682375,16.036275]]],[[[120.636776,16.036288],[120.636773,16.036559],[120.63677,16.03683],[120.63649,16.036827],[120.636493,16.036556],[120.636496,16.036285],[120.636776,16.036288]]],[[[120.694144,16.036402],[120.694141,16.036673],[120.693864,16.036399],[120.694144,16.036402]]],[[[120.630048,16.036485],[120.630045,16.036756],[120.630322,16.03703],[120.630319,16.037301],[120.630029,16.038111],[120.630866,16.038391],[120.631414,16.039481],[120.631665,16.041923],[120.631659,16.042465],[120.632506,16.041932],[120.633069,16.041667],[120.633353,16.041399],[120.633636,16.041132],[120.63392,16.040864],[120.633923,16.040593],[120.634206,16.040325],[120.634487,16.040328],[120.63477,16.04006],[120.63533,16.040066],[120.635875,16.041427],[120.636715,16.041437],[120.636709,16.041979],[120.63754,16.042801],[120.637253,16.04334],[120.636136,16.043056],[120.635862,16.042511],[120.634735,16.043041],[120.634455,16.043038],[120.63333,16.043296],[120.633044,16.043835],[120.632483,16.043829],[120.632206,16.043555],[120.631926,16.043552],[120.631649,16.043278],[120.631375,16.042733],[120.630251,16.042991],[120.629436,16.040814],[120.628879,16.040537],[120.628602,16.040263],[120.628889,16.039724],[120.628335,16.039176],[120.628621,16.038637],[120.628064,16.03836],[120.628074,16.037547],[120.626953,16.037535],[120.626399,16.036986],[120.624998,16.036971],[120.625004,16.036429],[120.626409,16.036173],[120.625861,16.035083],[120.626425,16.034819],[120.626695,16.035635],[120.627806,16.03646],[120.627816,16.035647],[120.62838,16.035382],[120.629774,16.03594],[120.630048,16.036485]],[[120.62893,16.036201],[120.62837,16.036195],[120.62836,16.037008],[120.629481,16.03702],[120.62893,16.036201]]],[[[120.711238,16.036586],[120.711512,16.037131],[120.711229,16.037399],[120.710948,16.037396],[120.710958,16.036583],[120.711238,16.036586]]],[[[120.710964,16.036041],[120.711247,16.035773],[120.711244,16.036044],[120.710964,16.036041]]],[[[120.63649,16.036827],[120.636206,16.037095],[120.636209,16.036824],[120.63649,16.036827]]],[[[120.70601,16.028128],[120.705994,16.029483],[120.705154,16.029474],[120.705163,16.028661],[120.705723,16.028667],[120.70601,16.028128]]],[[[120.706533,16.031386],[120.706253,16.031383],[120.705976,16.031109],[120.705979,16.030838],[120.706539,16.030844],[120.706533,16.031386]]],[[[120.706517,16.032741],[120.706521,16.03247],[120.706801,16.032473],[120.706517,16.032741]]],[[[120.701704,16.037026],[120.701144,16.03702],[120.70087,16.036475],[120.70171,16.036484],[120.701704,16.037026]]],[[[120.666107,16.037454],[120.666387,16.037457],[120.665824,16.037722],[120.665827,16.037451],[120.666107,16.037454]]],[[[120.596691,16.037197],[120.596968,16.037471],[120.596688,16.037468],[120.596691,16.037197]]],[[[120.635639,16.037631],[120.635636,16.037901],[120.635356,16.037898],[120.635359,16.037627],[120.635639,16.037631]]],[[[120.661982,16.037648],[120.662259,16.037923],[120.662533,16.038468],[120.663087,16.039016],[120.662801,16.039555],[120.662517,16.039822],[120.662237,16.039819],[120.661671,16.040355],[120.661664,16.040897],[120.660824,16.040888],[120.661094,16.041704],[120.661655,16.04171],[120.661088,16.042246],[120.660247,16.042237],[120.659967,16.042234],[120.659403,16.042499],[120.659699,16.041147],[120.660263,16.040882],[120.659712,16.040063],[120.660008,16.038711],[120.660575,16.038175],[120.660858,16.037907],[120.661702,16.037645],[120.661982,16.037648]]],[[[120.711786,16.037676],[120.711783,16.037947],[120.711222,16.037941],[120.711225,16.03767],[120.711229,16.037399],[120.711509,16.037402],[120.711786,16.037676]]],[[[120.596965,16.037742],[120.597525,16.037749],[120.597802,16.038023],[120.598072,16.038839],[120.598346,16.039384],[120.598343,16.039655],[120.597783,16.039649],[120.597515,16.038562],[120.596945,16.039368],[120.596675,16.038552],[120.596404,16.037736],[120.596684,16.037739],[120.596965,16.037742]]],[[[120.673112,16.03753],[120.673682,16.036723],[120.67424,16.037],[120.674224,16.038355],[120.673941,16.038623],[120.67366,16.03862],[120.673109,16.037801],[120.673112,16.03753]]],[[[120.673109,16.037801],[120.672817,16.038882],[120.672259,16.038605],[120.672829,16.037798],[120.673109,16.037801]]],[[[120.657228,16.036784],[120.656951,16.036509],[120.65527,16.036491],[120.655276,16.035949],[120.657238,16.035971],[120.657228,16.036784]]],[[[120.683477,16.037913],[120.683474,16.038184],[120.683197,16.03791],[120.683477,16.037913]]],[[[120.693285,16.038019],[120.693002,16.038287],[120.693005,16.038016],[120.693285,16.038019]]],[[[120.637056,16.036291],[120.63706,16.03602],[120.63734,16.036023],[120.637056,16.036291]]],[[[120.71206,16.038221],[120.712337,16.038494],[120.712057,16.038491],[120.71206,16.038221]]],[[[120.70842,16.037911],[120.708414,16.038453],[120.70814,16.037908],[120.70842,16.037911]]],[[[120.690473,16.038802],[120.69047,16.039073],[120.690187,16.039341],[120.689627,16.039335],[120.68963,16.039064],[120.689913,16.038796],[120.690473,16.038802]]],[[[120.668053,16.03883],[120.66805,16.039101],[120.667769,16.039098],[120.667773,16.038827],[120.668053,16.03883]]],[[[120.636744,16.038998],[120.636741,16.039269],[120.636461,16.039266],[120.636464,16.038995],[120.636744,16.038998]]],[[[120.604794,16.039185],[120.603667,16.039715],[120.60367,16.039444],[120.603677,16.038902],[120.604797,16.038914],[120.604794,16.039185]]],[[[120.643466,16.039343],[120.643743,16.039617],[120.64402,16.039891],[120.644297,16.040165],[120.644294,16.040436],[120.644291,16.040707],[120.644555,16.042065],[120.643711,16.042327],[120.643705,16.042869],[120.643425,16.042866],[120.643148,16.042591],[120.643151,16.042321],[120.643154,16.04205],[120.643157,16.041779],[120.643444,16.04124],[120.643447,16.040969],[120.643453,16.040427],[120.642336,16.040143],[120.642606,16.040959],[120.642603,16.04123],[120.6426,16.041501],[120.642317,16.041769],[120.642036,16.041766],[120.641759,16.041492],[120.641482,16.041218],[120.641492,16.040405],[120.641495,16.040134],[120.641778,16.039866],[120.642342,16.039601],[120.642906,16.039337],[120.643466,16.039343]]],[[[120.596945,16.039368],[120.596939,16.03991],[120.596665,16.039365],[120.596945,16.039368]]],[[[120.663648,16.039022],[120.663925,16.039296],[120.663915,16.040109],[120.663355,16.040103],[120.663361,16.039561],[120.663648,16.039022]]],[[[120.712328,16.039307],[120.712331,16.039036],[120.712611,16.039039],[120.712608,16.03931],[120.712328,16.039307]]],[[[120.690184,16.039612],[120.690464,16.039615],[120.690458,16.040157],[120.690171,16.040696],[120.690168,16.040967],[120.690162,16.041509],[120.689602,16.041503],[120.689605,16.041232],[120.689617,16.040148],[120.689623,16.039606],[120.690184,16.039612]]],[[[120.703918,16.039489],[120.704195,16.039763],[120.703915,16.03976],[120.703918,16.039489]]],[[[120.694387,16.039657],[120.694658,16.040473],[120.694655,16.040744],[120.693817,16.040464],[120.693824,16.039922],[120.694387,16.039657]]],[[[120.647383,16.039928],[120.647663,16.039931],[120.64766,16.040202],[120.64738,16.040199],[120.647099,16.040196],[120.647102,16.039925],[120.647383,16.039928]]],[[[120.652707,16.039986],[120.6527,16.040528],[120.652427,16.039983],[120.652707,16.039986]]],[[[120.638132,16.040097],[120.638413,16.0401],[120.638693,16.040103],[120.638687,16.040645],[120.638406,16.040642],[120.638126,16.040639],[120.637569,16.040362],[120.637292,16.040088],[120.637855,16.039823],[120.638132,16.040097]]],[[[120.598897,16.040203],[120.598894,16.040474],[120.59861,16.040742],[120.59833,16.040739],[120.598053,16.040465],[120.59834,16.039926],[120.59862,16.039929],[120.598897,16.040203]]],[[[120.707561,16.039528],[120.707564,16.039257],[120.707844,16.03926],[120.707561,16.039528]]],[[[120.707552,16.040341],[120.707268,16.040609],[120.707271,16.040338],[120.707552,16.040341]]],[[[120.636728,16.040353],[120.636451,16.040079],[120.636731,16.040082],[120.636728,16.040353]]],[[[120.647096,16.040467],[120.646819,16.040193],[120.647099,16.040196],[120.647096,16.040467]]],[[[120.704192,16.040034],[120.704195,16.039763],[120.704752,16.04004],[120.704192,16.040034]]],[[[120.662788,16.040638],[120.662785,16.040909],[120.663062,16.041183],[120.663342,16.041187],[120.66418,16.041467],[120.664186,16.040925],[120.665017,16.041747],[120.665858,16.041756],[120.666412,16.042304],[120.666406,16.042846],[120.66724,16.043397],[120.667514,16.043942],[120.667505,16.044755],[120.668059,16.045303],[120.668326,16.04639],[120.667766,16.046384],[120.667763,16.046655],[120.66804,16.046929],[120.66832,16.046932],[120.668317,16.047203],[120.668034,16.047471],[120.668594,16.047477],[120.669154,16.047483],[120.669702,16.048573],[120.669983,16.048576],[120.670263,16.048579],[120.670546,16.048312],[120.670826,16.048315],[120.671384,16.048592],[120.671664,16.048595],[120.671941,16.048869],[120.671377,16.049134],[120.671374,16.049405],[120.671648,16.04995],[120.671081,16.050485],[120.670807,16.04994],[120.669967,16.049931],[120.669693,16.049386],[120.669416,16.049112],[120.669409,16.049654],[120.669406,16.049925],[120.6694,16.050467],[120.669387,16.051551],[120.669661,16.052096],[120.669942,16.052099],[120.670219,16.052373],[120.670222,16.052102],[120.670225,16.051831],[120.670231,16.051289],[120.670511,16.051292],[120.670785,16.051837],[120.671059,16.052382],[120.671336,16.052656],[120.671327,16.053469],[120.671047,16.053466],[120.67077,16.053192],[120.669655,16.052638],[120.669646,16.053451],[120.669085,16.053445],[120.669088,16.053174],[120.668817,16.052358],[120.668537,16.052355],[120.668566,16.049916],[120.668855,16.049106],[120.668588,16.048019],[120.667744,16.048281],[120.667464,16.048278],[120.667196,16.047191],[120.666919,16.046917],[120.666639,16.046914],[120.666362,16.04664],[120.666365,16.046369],[120.666648,16.046101],[120.666928,16.046104],[120.667209,16.046107],[120.667212,16.045836],[120.667215,16.045565],[120.666944,16.044749],[120.666667,16.044475],[120.666113,16.043927],[120.665836,16.043653],[120.665275,16.043647],[120.664724,16.042828],[120.663607,16.042545],[120.664161,16.043093],[120.664158,16.043364],[120.664712,16.043912],[120.664979,16.044999],[120.664136,16.04526],[120.664132,16.045531],[120.663846,16.04607],[120.663572,16.045525],[120.663295,16.045251],[120.662454,16.045242],[120.661333,16.04523],[120.661056,16.044956],[120.660776,16.044953],[120.660212,16.045218],[120.659935,16.044944],[120.659372,16.045208],[120.659092,16.045205],[120.658811,16.045202],[120.659088,16.045476],[120.659365,16.04575],[120.659646,16.045754],[120.660206,16.04576],[120.661047,16.045769],[120.662161,16.046323],[120.662142,16.047949],[120.662983,16.047958],[120.663251,16.049045],[120.663248,16.049316],[120.663521,16.049861],[120.663518,16.050132],[120.663795,16.050406],[120.663792,16.050677],[120.664066,16.051222],[120.664904,16.051502],[120.665445,16.053134],[120.665442,16.053405],[120.665439,16.053676],[120.665713,16.054221],[120.66571,16.054492],[120.665706,16.054763],[120.666257,16.055582],[120.666535,16.055856],[120.666531,16.056127],[120.666808,16.056401],[120.666805,16.056672],[120.666248,16.056395],[120.665401,16.056928],[120.66513,16.056112],[120.664859,16.055296],[120.664863,16.055025],[120.664308,16.054477],[120.664299,16.05529],[120.664286,16.056374],[120.664551,16.057732],[120.664548,16.058003],[120.664267,16.058],[120.66427,16.057729],[120.663993,16.057455],[120.66399,16.057726],[120.663978,16.05881],[120.663414,16.059075],[120.663134,16.059072],[120.663131,16.059342],[120.661449,16.059324],[120.661452,16.059053],[120.661455,16.058782],[120.660898,16.058505],[120.660901,16.058234],[120.660624,16.05796],[120.660627,16.057689],[120.661194,16.057153],[120.661197,16.056882],[120.661761,16.056617],[120.661764,16.056346],[120.661487,16.056072],[120.66149,16.055801],[120.661493,16.05553],[120.661783,16.05472],[120.660942,16.054711],[120.660949,16.054169],[120.658993,16.053606],[120.659283,16.052796],[120.658723,16.05279],[120.658726,16.052519],[120.658729,16.052248],[120.659009,16.052251],[120.659293,16.051983],[120.659305,16.050899],[120.659875,16.050092],[120.659885,16.049279],[120.659324,16.049273],[120.659063,16.047644],[120.658222,16.047635],[120.658226,16.047364],[120.658229,16.047093],[120.658799,16.046286],[120.658528,16.04547],[120.657401,16.046],[120.657394,16.046542],[120.656277,16.046259],[120.65571,16.046795],[120.65543,16.046791],[120.654872,16.046514],[120.654879,16.045972],[120.654882,16.045701],[120.655165,16.045434],[120.655455,16.044624],[120.655738,16.044356],[120.656019,16.044359],[120.656299,16.044362],[120.656582,16.044094],[120.657429,16.043561],[120.657709,16.043564],[120.658541,16.044386],[120.659104,16.044121],[120.661066,16.044143],[120.66276,16.043077],[120.661919,16.043068],[120.661922,16.042797],[120.661639,16.043065],[120.661645,16.042523],[120.662492,16.04199],[120.662218,16.041445],[120.662221,16.041174],[120.662228,16.040632],[120.662788,16.040638]],[[120.661579,16.048214],[120.661569,16.049027],[120.662123,16.049575],[120.662111,16.050659],[120.661276,16.050108],[120.660155,16.050095],[120.659863,16.051176],[120.659859,16.051447],[120.660133,16.051992],[120.66013,16.052263],[120.660127,16.052534],[120.660684,16.052811],[120.660965,16.052814],[120.661802,16.053095],[120.662082,16.053098],[120.66207,16.054182],[120.662066,16.054453],[120.662063,16.054724],[120.66234,16.054998],[120.662617,16.055272],[120.662891,16.055817],[120.662898,16.055275],[120.663181,16.055007],[120.663184,16.054736],[120.662907,16.054462],[120.662914,16.05392],[120.663197,16.053652],[120.663206,16.052839],[120.662646,16.052833],[120.662649,16.052562],[120.66377,16.052574],[120.663776,16.052032],[120.662939,16.051752],[120.663225,16.051213],[120.662671,16.050665],[120.662413,16.048765],[120.662136,16.048491],[120.661859,16.048217],[120.661862,16.047946],[120.661579,16.048214]],[[120.663993,16.057455],[120.663997,16.057184],[120.663433,16.057449],[120.663713,16.057452],[120.663993,16.057455]],[[120.663433,16.057449],[120.663162,16.056633],[120.662598,16.056898],[120.662595,16.057169],[120.663143,16.058259],[120.6637,16.058536],[120.663433,16.057449]],[[120.663134,16.059072],[120.662857,16.058797],[120.662576,16.058794],[120.662573,16.059065],[120.662853,16.059068],[120.663134,16.059072]]],[[[120.646529,16.041003],[120.647087,16.04128],[120.64765,16.041015],[120.648214,16.04075],[120.649048,16.041301],[120.649042,16.041843],[120.647641,16.041828],[120.6468,16.041819],[120.64624,16.041812],[120.645959,16.041809],[120.645402,16.041532],[120.645689,16.040993],[120.646249,16.040999],[120.646529,16.041003]]],[[[120.601129,16.041041],[120.600845,16.041309],[120.600849,16.041038],[120.601129,16.041041]]],[[[120.679517,16.041123],[120.678676,16.041114],[120.678962,16.040575],[120.679249,16.040036],[120.679803,16.040584],[120.679517,16.041123]]],[[[120.640922,16.041212],[120.641196,16.041757],[120.641473,16.042031],[120.641756,16.041763],[120.642036,16.041766],[120.642313,16.04204],[120.642027,16.042579],[120.641747,16.042576],[120.64174,16.043118],[120.64146,16.043115],[120.641183,16.042841],[120.640349,16.04229],[120.640081,16.041203],[120.640645,16.040938],[120.640922,16.041212]]],[[[120.595805,16.040981],[120.595808,16.040711],[120.596085,16.040985],[120.595805,16.040981]]],[[[120.598884,16.041287],[120.598604,16.041284],[120.598323,16.041281],[120.598327,16.04101],[120.598607,16.041013],[120.598884,16.041287]]],[[[120.599161,16.041561],[120.598884,16.041287],[120.599164,16.04129],[120.599161,16.041561]]],[[[120.651296,16.040784],[120.65129,16.041326],[120.651006,16.041594],[120.651,16.042136],[120.650436,16.042401],[120.650427,16.043213],[120.650707,16.043217],[120.650981,16.043762],[120.650975,16.044304],[120.651252,16.044578],[120.651249,16.044849],[120.651239,16.045662],[120.650956,16.045929],[120.650952,16.0462],[120.650949,16.046471],[120.651229,16.046474],[120.651506,16.046749],[120.651503,16.04702],[120.651784,16.047023],[120.652344,16.047029],[120.652621,16.047303],[120.653178,16.04758],[120.653459,16.047583],[120.653736,16.047857],[120.65372,16.049212],[120.653997,16.049486],[120.653994,16.049757],[120.654274,16.04976],[120.654551,16.050034],[120.654825,16.050579],[120.655385,16.050585],[120.655662,16.050859],[120.655099,16.051124],[120.655933,16.051675],[120.656204,16.052491],[120.656481,16.052765],[120.657032,16.053584],[120.657029,16.053855],[120.657025,16.054126],[120.657022,16.054397],[120.657299,16.054671],[120.657576,16.054946],[120.657853,16.05522],[120.658131,16.055494],[120.658685,16.056042],[120.658681,16.056313],[120.659236,16.056861],[120.659229,16.057403],[120.658666,16.057668],[120.658385,16.057665],[120.657825,16.057658],[120.657551,16.057113],[120.657271,16.05711],[120.656427,16.057372],[120.65643,16.057101],[120.656153,16.056827],[120.655605,16.055737],[120.655608,16.055466],[120.655328,16.055463],[120.655325,16.055734],[120.655319,16.056276],[120.654484,16.055725],[120.654774,16.054915],[120.6545,16.05437],[120.654503,16.054099],[120.653952,16.05328],[120.652844,16.052184],[120.652838,16.052725],[120.652558,16.052722],[120.65229,16.051635],[120.651452,16.051355],[120.651739,16.050816],[120.650902,16.050536],[120.651188,16.049997],[120.650634,16.049449],[120.650357,16.049175],[120.6498,16.048898],[120.649519,16.048895],[120.649242,16.048621],[120.649246,16.04835],[120.648969,16.048076],[120.648972,16.047805],[120.648978,16.047263],[120.648984,16.046721],[120.648991,16.046179],[120.649277,16.04564],[120.649,16.045366],[120.649297,16.044014],[120.649019,16.04374],[120.647058,16.043719],[120.647055,16.04399],[120.646211,16.044251],[120.645931,16.044248],[120.645657,16.043703],[120.645663,16.043161],[120.645947,16.042893],[120.647064,16.043177],[120.647348,16.042909],[120.647351,16.042638],[120.647914,16.042373],[120.648758,16.042111],[120.648755,16.042382],[120.649026,16.043198],[120.649032,16.042656],[120.649035,16.042385],[120.649325,16.041575],[120.649605,16.041578],[120.649886,16.041581],[120.649889,16.04131],[120.650169,16.041314],[120.650449,16.041317],[120.651296,16.040784]],[[120.651503,16.04702],[120.651217,16.047558],[120.651491,16.048103],[120.652322,16.048926],[120.652319,16.049197],[120.652599,16.0492],[120.652879,16.049203],[120.652876,16.049474],[120.652589,16.050013],[120.65314,16.050832],[120.653704,16.050567],[120.653433,16.049751],[120.653156,16.049477],[120.653159,16.049206],[120.653162,16.048935],[120.652882,16.048932],[120.652885,16.048661],[120.652892,16.048119],[120.652051,16.04811],[120.651777,16.047565],[120.651503,16.04702]],[[120.654812,16.051663],[120.654255,16.051386],[120.653968,16.051925],[120.654806,16.052205],[120.654812,16.051663]]],[[[120.65214,16.040522],[120.652137,16.040793],[120.651857,16.04079],[120.65186,16.040519],[120.65214,16.040522]]],[[[120.662218,16.041445],[120.661655,16.04171],[120.661658,16.041439],[120.661938,16.041442],[120.662218,16.041445]]],[[[120.712867,16.04121],[120.712873,16.040668],[120.713153,16.040671],[120.713433,16.040674],[120.713421,16.041758],[120.713141,16.041755],[120.713144,16.041484],[120.712867,16.04121]]],[[[120.653528,16.041621],[120.653254,16.041076],[120.654095,16.041086],[120.654092,16.041357],[120.65436,16.042444],[120.654637,16.042718],[120.655191,16.043266],[120.655184,16.043808],[120.655181,16.044079],[120.654621,16.044072],[120.654347,16.043527],[120.65379,16.04325],[120.653793,16.042979],[120.653513,16.042976],[120.653525,16.041892],[120.653809,16.041624],[120.653528,16.041621]]],[[[120.6681,16.04178],[120.668097,16.042051],[120.667253,16.042313],[120.666699,16.041765],[120.666425,16.04122],[120.667542,16.041503],[120.6681,16.04178]]],[[[120.66866,16.041787],[120.670335,16.042347],[120.670612,16.042621],[120.67173,16.042904],[120.673402,16.043735],[120.673679,16.044009],[120.674517,16.044289],[120.67479,16.044834],[120.675068,16.045108],[120.675064,16.045379],[120.674221,16.045641],[120.673377,16.045903],[120.672813,16.046168],[120.67281,16.046439],[120.672246,16.046704],[120.671969,16.04643],[120.671692,16.046156],[120.671415,16.045882],[120.671144,16.045066],[120.670587,16.044789],[120.67031,16.044515],[120.67003,16.044512],[120.670023,16.045054],[120.66974,16.045322],[120.66946,16.045318],[120.669186,16.044773],[120.668629,16.044496],[120.668641,16.043412],[120.669482,16.043422],[120.668648,16.04287],[120.668377,16.042054],[120.66838,16.041783],[120.66866,16.041787]]],[[[120.692681,16.041807],[120.692678,16.042078],[120.692687,16.041265],[120.692964,16.041539],[120.692681,16.041807]]],[[[120.596076,16.041704],[120.596082,16.041256],[120.596636,16.041804],[120.596356,16.041801],[120.596243,16.041799],[120.596076,16.041704]]],[[[120.672514,16.040776],[120.672794,16.040779],[120.672511,16.041047],[120.672514,16.040776]]],[[[120.673339,16.04214],[120.673062,16.041866],[120.673342,16.041869],[120.673339,16.04214]]],[[[120.699123,16.042147],[120.699403,16.04215],[120.699397,16.042692],[120.698837,16.042686],[120.69884,16.042415],[120.699123,16.042147]]],[[[120.65128,16.042139],[120.652395,16.042693],[120.652388,16.043235],[120.653223,16.043786],[120.65322,16.044057],[120.652379,16.044048],[120.652382,16.043777],[120.652105,16.043503],[120.651831,16.042958],[120.651554,16.042684],[120.65128,16.042139]]],[[[120.59455,16.042771],[120.594546,16.043042],[120.594273,16.042497],[120.594553,16.0425],[120.59455,16.042771]]],[[[120.709488,16.042529],[120.709769,16.042532],[120.709765,16.042803],[120.709485,16.0428],[120.709488,16.042529]]],[[[120.636177,16.039534],[120.636181,16.039263],[120.636461,16.039266],[120.636458,16.039537],[120.636177,16.039534]]],[[[120.637827,16.042262],[120.638107,16.042265],[120.63754,16.042801],[120.637827,16.042262]]],[[[120.593426,16.043029],[120.593142,16.043297],[120.593145,16.043026],[120.593426,16.043029]]],[[[120.642304,16.042853],[120.642861,16.04313],[120.642014,16.043663],[120.642285,16.044479],[120.643402,16.044762],[120.64396,16.04504],[120.64424,16.045043],[120.6448,16.045049],[120.645077,16.045323],[120.645358,16.045326],[120.645631,16.045871],[120.645912,16.045874],[120.645902,16.046687],[120.647023,16.046699],[120.64701,16.047783],[120.646456,16.047235],[120.645052,16.047491],[120.644501,16.046672],[120.644224,16.046398],[120.643947,16.046123],[120.643663,16.046391],[120.64366,16.046662],[120.64338,16.046659],[120.642539,16.04665],[120.642262,16.046376],[120.642549,16.045837],[120.641992,16.04556],[120.641998,16.045018],[120.641157,16.045009],[120.641164,16.044467],[120.641447,16.044199],[120.64145,16.043928],[120.64117,16.043925],[120.640887,16.044193],[120.640046,16.044183],[120.639766,16.04418],[120.640056,16.043371],[120.640613,16.043648],[120.64118,16.043112],[120.641737,16.043389],[120.64174,16.043118],[120.642304,16.042853]]],[[[120.668364,16.043138],[120.668641,16.043412],[120.668078,16.043677],[120.667801,16.043403],[120.667804,16.043132],[120.668364,16.043138]]],[[[120.643705,16.042869],[120.643985,16.042872],[120.643982,16.043143],[120.643702,16.04314],[120.643705,16.042869]]],[[[120.644265,16.042875],[120.644268,16.042604],[120.645103,16.043155],[120.644816,16.043694],[120.643979,16.043414],[120.643982,16.043143],[120.644265,16.042875]]],[[[120.655194,16.042995],[120.655474,16.042998],[120.655191,16.043266],[120.655194,16.042995]]],[[[120.713405,16.043113],[120.713418,16.042029],[120.713698,16.042032],[120.713686,16.043116],[120.713405,16.043113]]],[[[120.596616,16.04343],[120.59633,16.043968],[120.596053,16.043694],[120.596619,16.043159],[120.596616,16.04343]]],[[[120.590079,16.041636],[120.59,16.041365],[120.59,16.041094],[120.590086,16.041094],[120.590366,16.041098],[120.590646,16.041101],[120.590643,16.041372],[120.590079,16.041636]]],[[[120.592878,16.041939],[120.592598,16.041936],[120.592601,16.041665],[120.592881,16.041668],[120.592878,16.041939]]],[[[120.594543,16.043313],[120.594537,16.043855],[120.59424,16.045206],[120.593406,16.044655],[120.593693,16.044116],[120.593696,16.043845],[120.593699,16.043574],[120.594543,16.043313]]],[[[120.631646,16.043549],[120.631923,16.043823],[120.632203,16.043826],[120.63248,16.0441],[120.632184,16.045452],[120.633305,16.045464],[120.633015,16.046274],[120.631891,16.046533],[120.631604,16.047071],[120.631044,16.047065],[120.630764,16.047062],[120.630776,16.045978],[120.629933,16.04624],[120.630229,16.044888],[120.630515,16.044349],[120.630799,16.044081],[120.630805,16.043539],[120.631086,16.043543],[120.631646,16.043549]]],[[[120.655754,16.043001],[120.656312,16.043278],[120.656308,16.043549],[120.656585,16.043823],[120.656582,16.044094],[120.656022,16.044088],[120.655461,16.044082],[120.655465,16.043811],[120.655754,16.043001]]],[[[120.694639,16.042099],[120.694633,16.042641],[120.694066,16.043177],[120.693786,16.043174],[120.693799,16.04209],[120.694082,16.041822],[120.694639,16.042099]]],[[[120.693777,16.043987],[120.693771,16.044529],[120.694331,16.044535],[120.694045,16.045074],[120.693204,16.045065],[120.693207,16.044794],[120.693494,16.044255],[120.693497,16.043984],[120.693777,16.043987]]],[[[120.695178,16.044002],[120.695175,16.044273],[120.695449,16.044818],[120.695446,16.045089],[120.695166,16.045086],[120.694885,16.045083],[120.694898,16.043999],[120.695178,16.044002]]],[[[120.6535,16.04406],[120.653497,16.044331],[120.65322,16.044057],[120.6535,16.04406]]],[[[120.629678,16.044069],[120.629958,16.044072],[120.629955,16.044343],[120.629675,16.04434],[120.629678,16.044069]]],[[[120.5911,16.044267],[120.591193,16.044268],[120.591191,16.044448],[120.591005,16.044356],[120.591006,16.044265],[120.5911,16.044267]]],[[[120.655181,16.044079],[120.655461,16.044082],[120.655458,16.044353],[120.655178,16.04435],[120.655181,16.044079]]],[[[120.691803,16.04505],[120.691797,16.045592],[120.691793,16.045863],[120.691513,16.04586],[120.691519,16.045318],[120.691523,16.045047],[120.691803,16.04505]]],[[[120.66554,16.045005],[120.665817,16.045279],[120.665537,16.045276],[120.66554,16.045005]]],[[[120.665817,16.045279],[120.666374,16.045556],[120.666091,16.045824],[120.665814,16.04555],[120.665817,16.045279]]],[[[120.654041,16.045692],[120.654035,16.046234],[120.654032,16.046505],[120.653471,16.046499],[120.653474,16.046228],[120.653755,16.046231],[120.653771,16.044876],[120.653497,16.044331],[120.654331,16.044882],[120.654325,16.045424],[120.654041,16.045692]]],[[[120.680864,16.045745],[120.680861,16.046016],[120.680581,16.046013],[120.680584,16.045742],[120.680864,16.045745]]],[[[120.680868,16.045474],[120.681148,16.045477],[120.681145,16.045748],[120.680864,16.045745],[120.680868,16.045474]]],[[[120.638358,16.044707],[120.639759,16.044722],[120.639756,16.044993],[120.63975,16.045535],[120.638906,16.045797],[120.638626,16.045794],[120.637795,16.044972],[120.638358,16.044707]]],[[[120.709171,16.045778],[120.709728,16.046055],[120.710005,16.046329],[120.710002,16.0466],[120.709999,16.046871],[120.709984,16.048226],[120.709978,16.048768],[120.710258,16.048771],[120.710264,16.048229],[120.71055,16.04769],[120.710828,16.047964],[120.711102,16.048509],[120.711099,16.04878],[120.711089,16.049593],[120.711357,16.05068],[120.711908,16.051499],[120.711622,16.052038],[120.712182,16.052044],[120.712179,16.052315],[120.711896,16.052583],[120.712173,16.052857],[120.712441,16.053944],[120.71132,16.053932],[120.711043,16.053658],[120.710501,16.052026],[120.70966,16.052017],[120.71051,16.051213],[120.709953,16.050936],[120.709968,16.049581],[120.709131,16.049301],[120.709417,16.048762],[120.708857,16.048756],[120.709149,16.047675],[120.709716,16.047139],[120.709159,16.046862],[120.709162,16.046591],[120.709165,16.04632],[120.709168,16.046049],[120.709171,16.045778]]],[[[120.688424,16.046369],[120.688701,16.046643],[120.688698,16.046914],[120.688695,16.047185],[120.688692,16.047456],[120.688686,16.047998],[120.688409,16.047724],[120.686727,16.047705],[120.687017,16.046895],[120.686457,16.046889],[120.686463,16.046347],[120.686746,16.046079],[120.687307,16.046086],[120.687867,16.046092],[120.688424,16.046369]]],[[[120.622405,16.042904],[120.622698,16.041824],[120.623819,16.041836],[120.62381,16.042649],[120.624924,16.043203],[120.624634,16.044013],[120.624348,16.044552],[120.625185,16.044832],[120.628267,16.044866],[120.628544,16.04514],[120.628541,16.045411],[120.62658,16.04539],[120.625736,16.045651],[120.625726,16.046464],[120.624042,16.046717],[120.624035,16.047259],[120.626277,16.047283],[120.626541,16.048641],[120.626258,16.048909],[120.625977,16.048906],[120.625417,16.0489],[120.62542,16.048629],[120.625423,16.048358],[120.624592,16.047536],[120.623468,16.047794],[120.623472,16.047523],[120.623195,16.047249],[120.622921,16.046704],[120.622924,16.046433],[120.622647,16.046159],[120.622103,16.044798],[120.62295,16.044265],[120.622396,16.043717],[120.622405,16.042904]]],[[[120.684788,16.045787],[120.685065,16.046061],[120.685339,16.046606],[120.685058,16.046603],[120.684495,16.046868],[120.684476,16.048494],[120.684756,16.048497],[120.684753,16.048768],[120.68447,16.049036],[120.683906,16.049301],[120.683346,16.049295],[120.683352,16.048753],[120.683919,16.048217],[120.683361,16.04794],[120.683371,16.047127],[120.683657,16.046588],[120.683664,16.046046],[120.68395,16.045507],[120.684788,16.045787]]],[[[120.663563,16.046338],[120.663843,16.046341],[120.664117,16.046886],[120.664113,16.047157],[120.664107,16.047699],[120.663266,16.04769],[120.662989,16.047416],[120.662712,16.047142],[120.662719,16.0466],[120.663002,16.046332],[120.663282,16.046335],[120.663563,16.046338]]],[[[120.644224,16.046398],[120.644221,16.046669],[120.643944,16.046394],[120.644224,16.046398]]],[[[120.673374,16.046174],[120.673654,16.046177],[120.673644,16.04699],[120.674208,16.046725],[120.674205,16.046996],[120.673078,16.047526],[120.67281,16.046439],[120.673374,16.046174]]],[[[120.675612,16.046469],[120.676733,16.046482],[120.677007,16.047027],[120.677568,16.047033],[120.677842,16.047578],[120.677552,16.048388],[120.676998,16.04784],[120.676724,16.047295],[120.675323,16.047279],[120.675058,16.045921],[120.675338,16.045924],[120.675335,16.046195],[120.675612,16.046469]]],[[[120.654312,16.046508],[120.654844,16.048953],[120.654287,16.048676],[120.654016,16.04786],[120.654019,16.047589],[120.654022,16.047318],[120.653745,16.047044],[120.653748,16.046773],[120.654032,16.046505],[120.654312,16.046508]]],[[[120.593387,16.046281],[120.593667,16.046284],[120.593383,16.046552],[120.593387,16.046281]]],[[[120.644501,16.046672],[120.644498,16.046943],[120.644218,16.04694],[120.644221,16.046669],[120.644501,16.046672]]],[[[120.670845,16.046689],[120.671125,16.046692],[120.670562,16.046957],[120.670565,16.046686],[120.670845,16.046689]]],[[[120.6644,16.046618],[120.66468,16.046622],[120.664397,16.046889],[120.6644,16.046618]]],[[[120.596294,16.046949],[120.59545,16.047211],[120.596297,16.046678],[120.596294,16.046949]]],[[[120.657671,16.046816],[120.657949,16.04709],[120.657668,16.047087],[120.657671,16.046816]]],[[[120.639728,16.047432],[120.640568,16.047441],[120.640269,16.049064],[120.639989,16.049061],[120.639431,16.048784],[120.639164,16.047697],[120.639167,16.047426],[120.639728,16.047432]]],[[[120.699901,16.047576],[120.700179,16.04785],[120.700175,16.048121],[120.699048,16.048651],[120.699627,16.047031],[120.699901,16.047576]]],[[[120.695131,16.048067],[120.695122,16.04888],[120.694848,16.048335],[120.694287,16.048329],[120.694574,16.04779],[120.695131,16.048067]]],[[[120.593367,16.047907],[120.593647,16.04791],[120.593364,16.048178],[120.593367,16.047907]]],[[[120.631028,16.04842],[120.631308,16.048423],[120.632146,16.048704],[120.630744,16.048688],[120.630748,16.048417],[120.631028,16.04842]]],[[[120.647284,16.048328],[120.64701,16.047783],[120.647851,16.047792],[120.648118,16.048879],[120.64923,16.049705],[120.64979,16.049711],[120.650067,16.049985],[120.650338,16.050801],[120.649217,16.050789],[120.64922,16.050518],[120.648943,16.050244],[120.648666,16.04997],[120.648389,16.049696],[120.647552,16.049415],[120.647001,16.048596],[120.647281,16.048599],[120.647284,16.048328]]],[[[120.599634,16.048884],[120.599357,16.04861],[120.59936,16.048339],[120.59964,16.048342],[120.599637,16.048613],[120.599634,16.048884]]],[[[120.698204,16.048913],[120.697921,16.049181],[120.69708,16.049172],[120.69737,16.048362],[120.698208,16.048642],[120.698204,16.048913]]],[[[120.68475,16.049039],[120.684747,16.04931],[120.68447,16.049036],[120.68475,16.049039]]],[[[120.687272,16.049066],[120.687001,16.04825],[120.687562,16.048256],[120.687556,16.048798],[120.687272,16.049066]]],[[[120.668018,16.048826],[120.668298,16.048829],[120.668295,16.0491],[120.668015,16.049097],[120.668018,16.048826]]],[[[120.626535,16.049183],[120.626251,16.049451],[120.626254,16.04918],[120.626535,16.049183]]],[[[120.657643,16.049255],[120.65764,16.049526],[120.656799,16.049517],[120.656802,16.049246],[120.657643,16.049255]]],[[[120.593914,16.048997],[120.593911,16.049268],[120.593351,16.049261],[120.59307,16.049258],[120.593357,16.048719],[120.593914,16.048997]]],[[[120.594472,16.049274],[120.594468,16.049545],[120.594191,16.049271],[120.594472,16.049274]]],[[[120.64196,16.04827],[120.64224,16.048273],[120.642234,16.048815],[120.641393,16.048806],[120.641396,16.048535],[120.64196,16.04827]]],[[[120.665804,16.046363],[120.666081,16.046637],[120.665801,16.046634],[120.665804,16.046363]]],[[[120.665219,16.048525],[120.664938,16.048521],[120.664942,16.04825],[120.665222,16.048254],[120.665219,16.048525]]],[[[120.666059,16.048534],[120.666056,16.048805],[120.665776,16.048802],[120.665499,16.048528],[120.666059,16.048534]]],[[[120.667171,16.049359],[120.667168,16.04963],[120.666881,16.050169],[120.666607,16.049624],[120.66661,16.049353],[120.667171,16.049359]]],[[[120.622889,16.049414],[120.623172,16.049146],[120.624573,16.049162],[120.624837,16.05052],[120.625398,16.050526],[120.625391,16.051068],[120.623707,16.05132],[120.623716,16.050507],[120.622025,16.051302],[120.621748,16.051027],[120.620634,16.050473],[120.618953,16.050454],[120.619516,16.05019],[120.620083,16.049654],[120.620363,16.049657],[120.620921,16.049934],[120.621204,16.049666],[120.622608,16.049411],[120.622889,16.049414]]],[[[120.699599,16.04947],[120.699584,16.050825],[120.699301,16.051093],[120.699297,16.051364],[120.699011,16.051903],[120.697887,16.052162],[120.697896,16.051349],[120.69874,16.051087],[120.698466,16.050542],[120.698749,16.050274],[120.698753,16.050003],[120.698756,16.049732],[120.699045,16.048922],[120.699599,16.04947]]],[[[120.634661,16.049273],[120.634384,16.048999],[120.633827,16.048722],[120.633836,16.047909],[120.634957,16.047922],[120.635508,16.048741],[120.635215,16.049821],[120.635772,16.050099],[120.636049,16.050373],[120.63633,16.050376],[120.637167,16.050656],[120.637447,16.050659],[120.638001,16.051207],[120.637998,16.051478],[120.637158,16.051469],[120.637161,16.051198],[120.63576,16.051183],[120.63603,16.051999],[120.636307,16.052273],[120.636588,16.052276],[120.637145,16.052553],[120.637138,16.053095],[120.635744,16.052537],[120.635193,16.051718],[120.634632,16.051712],[120.634642,16.050899],[120.634925,16.050631],[120.634648,16.050357],[120.634371,16.050083],[120.634094,16.049809],[120.634098,16.049538],[120.634378,16.049541],[120.634658,16.049544],[120.634661,16.049273]]],[[[120.625968,16.049719],[120.627089,16.049732],[120.627369,16.049735],[120.627933,16.04947],[120.627936,16.049199],[120.628496,16.049205],[120.628493,16.049476],[120.628203,16.050286],[120.628767,16.050021],[120.629321,16.050569],[120.629585,16.051927],[120.629025,16.051921],[120.629034,16.051108],[120.6282,16.050557],[120.62764,16.050551],[120.627643,16.05028],[120.627356,16.050819],[120.627353,16.05109],[120.626515,16.050809],[120.626506,16.051622],[120.625665,16.051613],[120.625678,16.050529],[120.625398,16.050526],[120.625681,16.050258],[120.625688,16.049716],[120.625968,16.049719]]],[[[120.625971,16.049448],[120.626251,16.049451],[120.625968,16.049719],[120.625971,16.049448]]],[[[120.676985,16.048923],[120.677262,16.049197],[120.678103,16.049207],[120.677816,16.049746],[120.678377,16.049752],[120.67809,16.050291],[120.67725,16.050281],[120.676976,16.049736],[120.676415,16.04973],[120.676422,16.049188],[120.676985,16.048923]]],[[[120.633817,16.049535],[120.63382,16.049264],[120.634101,16.049267],[120.634098,16.049538],[120.633817,16.049535]]],[[[120.655118,16.049498],[120.655111,16.05004],[120.654831,16.050037],[120.655118,16.049498]]],[[[120.594462,16.050087],[120.594449,16.051171],[120.593888,16.051164],[120.593598,16.051974],[120.593318,16.051971],[120.593038,16.051968],[120.593041,16.051697],[120.593044,16.051426],[120.593048,16.051155],[120.593051,16.050884],[120.593054,16.050613],[120.593057,16.050342],[120.593898,16.050352],[120.593344,16.049803],[120.593908,16.049539],[120.594462,16.050087]]],[[[120.635263,16.045757],[120.63554,16.046031],[120.63498,16.046025],[120.635263,16.045757]]],[[[120.629822,16.031875],[120.629536,16.032414],[120.630656,16.032426],[120.63037,16.032965],[120.629249,16.032953],[120.628975,16.032408],[120.628972,16.032679],[120.627014,16.032386],[120.627017,16.032115],[120.627023,16.031573],[120.62731,16.031034],[120.627581,16.03185],[120.629822,16.031875]]],[[[120.636906,16.049027],[120.636626,16.049024],[120.636629,16.048753],[120.636909,16.048756],[120.636906,16.049027]]],[[[120.637744,16.049307],[120.63774,16.049578],[120.63746,16.049575],[120.63718,16.049572],[120.637183,16.049301],[120.637744,16.049307]]],[[[120.639135,16.050136],[120.639692,16.050413],[120.639973,16.050416],[120.640253,16.050419],[120.640533,16.050422],[120.640813,16.050425],[120.64052,16.051506],[120.640801,16.051509],[120.641078,16.051783],[120.641074,16.052054],[120.641351,16.052328],[120.641628,16.052602],[120.641622,16.053144],[120.641613,16.053957],[120.64189,16.054231],[120.643007,16.054515],[120.643568,16.054521],[120.643842,16.055066],[120.643558,16.055334],[120.643823,16.056692],[120.643259,16.056957],[120.643268,16.056144],[120.642708,16.056137],[120.643284,16.054789],[120.641603,16.05477],[120.641326,16.054496],[120.640769,16.054219],[120.640495,16.053674],[120.639941,16.053126],[120.639664,16.052852],[120.640231,16.052316],[120.639393,16.052036],[120.639113,16.052033],[120.638842,16.051217],[120.638565,16.050942],[120.638288,16.050668],[120.638291,16.050397],[120.638011,16.050394],[120.638014,16.050123],[120.638021,16.049581],[120.638861,16.049591],[120.639135,16.050136]]],[[[120.59131,16.05005],[120.591309,16.050141],[120.591026,16.050409],[120.590932,16.050407],[120.59084,16.050316],[120.590841,16.050226],[120.590842,16.050135],[120.59131,16.05005]]],[[[120.655108,16.050311],[120.655111,16.05004],[120.655388,16.050314],[120.655108,16.050311]]],[[[120.615033,16.05014],[120.615029,16.050411],[120.614743,16.05095],[120.614463,16.050946],[120.614466,16.050675],[120.614479,16.049592],[120.615033,16.05014]]],[[[120.616431,16.050426],[120.616427,16.050697],[120.616147,16.050694],[120.616431,16.050426]]],[[[120.614459,16.051217],[120.614179,16.051214],[120.614182,16.050943],[120.614463,16.050946],[120.614459,16.051217]]],[[[120.61474,16.05122],[120.615303,16.050956],[120.615583,16.050959],[120.615297,16.051498],[120.615281,16.052853],[120.614443,16.052572],[120.614169,16.052027],[120.614176,16.051485],[120.614459,16.051217],[120.61474,16.05122]]],[[[120.702941,16.051403],[120.702937,16.051674],[120.702934,16.051945],[120.702654,16.051942],[120.702377,16.051668],[120.70238,16.051397],[120.702941,16.051403]]],[[[120.706584,16.051442],[120.7063,16.05171],[120.706303,16.051439],[120.706584,16.051442]]],[[[120.706587,16.051171],[120.707147,16.051177],[120.707144,16.051448],[120.706584,16.051442],[120.706587,16.051171]]],[[[120.618199,16.043129],[120.618186,16.044213],[120.617352,16.043661],[120.618199,16.043129]]],[[[120.669668,16.051554],[120.669664,16.051825],[120.669387,16.051551],[120.669668,16.051554]]],[[[120.708281,16.050105],[120.708278,16.050376],[120.707157,16.050364],[120.708281,16.050105]]],[[[120.613049,16.052015],[120.612491,16.051737],[120.613052,16.051744],[120.613049,16.052015]]],[[[120.693123,16.052111],[120.69368,16.052388],[120.694241,16.052394],[120.694234,16.052936],[120.694228,16.053478],[120.692266,16.053457],[120.691989,16.053183],[120.691977,16.054267],[120.691139,16.053987],[120.691152,16.052903],[120.690875,16.052629],[120.690881,16.052087],[120.691441,16.052093],[120.691448,16.051551],[120.692295,16.051018],[120.692291,16.051289],[120.692288,16.05156],[120.692282,16.052102],[120.693123,16.052111]]],[[[120.672747,16.051859],[120.673588,16.051868],[120.673859,16.052684],[120.674416,16.052961],[120.673572,16.053223],[120.673292,16.05322],[120.673295,16.052949],[120.673021,16.052404],[120.672744,16.05213],[120.672747,16.051859]]],[[[120.593595,16.052245],[120.593592,16.052516],[120.593315,16.052242],[120.593595,16.052245]]],[[[120.594825,16.05253],[120.594811,16.053708],[120.595375,16.053443],[120.595365,16.054256],[120.594235,16.055056],[120.593394,16.055047],[120.591416,16.05638],[120.591406,16.057193],[120.591126,16.057189],[120.590849,16.056915],[120.590856,16.05682],[120.590894,16.055832],[120.590886,16.055556],[120.590884,16.055466],[120.591152,16.055022],[120.591432,16.055025],[120.59171,16.055205],[120.591591,16.055746],[120.592154,16.055575],[120.593958,16.054782],[120.594545,16.052527],[120.594825,16.05253]]],[[[120.695922,16.052412],[120.696202,16.052415],[120.695919,16.052683],[120.695922,16.052412]]],[[[120.712176,16.052586],[120.712179,16.052315],[120.713014,16.052866],[120.713282,16.053953],[120.713559,16.054227],[120.713553,16.054769],[120.712721,16.053947],[120.712173,16.052857],[120.712176,16.052586]]],[[[120.676384,16.05244],[120.676941,16.052717],[120.676381,16.052711],[120.676384,16.05244]]],[[[120.676381,16.052711],[120.676938,16.052988],[120.676929,16.053801],[120.676648,16.053798],[120.676371,16.053524],[120.676097,16.052979],[120.676381,16.052711]]],[[[120.652838,16.052725],[120.653389,16.053545],[120.653386,16.053816],[120.652825,16.053809],[120.652835,16.052996],[120.652838,16.052725]]],[[[120.680578,16.053299],[120.680569,16.054112],[120.679737,16.05329],[120.679466,16.052474],[120.67947,16.052203],[120.679759,16.051393],[120.680036,16.051667],[120.680021,16.053022],[120.680578,16.053299]]],[[[120.64246,16.053425],[120.641893,16.05396],[120.641899,16.053418],[120.64246,16.053425]]],[[[120.671604,16.053743],[120.671324,16.05374],[120.671327,16.053469],[120.671607,16.053472],[120.671604,16.053743]]],[[[120.672165,16.05375],[120.672161,16.05402],[120.671601,16.054014],[120.671604,16.053743],[120.672165,16.05375]]],[[[120.672168,16.053479],[120.672448,16.053482],[120.672445,16.053753],[120.672165,16.05375],[120.672168,16.053479]]],[[[120.653666,16.053819],[120.654223,16.054096],[120.6545,16.05437],[120.654497,16.054641],[120.65421,16.05518],[120.65393,16.055177],[120.653379,16.054358],[120.653386,16.053816],[120.653666,16.053819]]],[[[120.703193,16.053845],[120.70319,16.054116],[120.702913,16.053842],[120.703193,16.053845]]],[[[120.71104,16.053929],[120.711037,16.0542],[120.710482,16.053652],[120.711043,16.053658],[120.71104,16.053929]]],[[[120.6702,16.053999],[120.670197,16.05427],[120.669356,16.054261],[120.669359,16.05399],[120.6702,16.053999]]],[[[120.67861,16.053819],[120.679448,16.0541],[120.679722,16.054645],[120.679996,16.05519],[120.680266,16.056006],[120.679145,16.055993],[120.678878,16.054906],[120.678323,16.054358],[120.67861,16.053819]]],[[[120.639925,16.054481],[120.639922,16.054752],[120.639906,16.056107],[120.640179,16.056652],[120.639622,16.056374],[120.639635,16.055291],[120.639641,16.054749],[120.639645,16.054478],[120.639928,16.05421],[120.639925,16.054481]]],[[[120.609937,16.054419],[120.610217,16.054422],[120.610214,16.054693],[120.609373,16.054684],[120.609377,16.054413],[120.609937,16.054419]]],[[[120.673837,16.054581],[120.67384,16.05431],[120.67412,16.054313],[120.674117,16.054584],[120.674114,16.054855],[120.67411,16.055126],[120.67383,16.055123],[120.673833,16.054852],[120.673837,16.054581]]],[[[120.704862,16.054947],[120.705413,16.055766],[120.70541,16.056037],[120.704849,16.056031],[120.704569,16.056028],[120.704566,16.056299],[120.704286,16.056296],[120.704283,16.056567],[120.70428,16.056838],[120.70456,16.056841],[120.704831,16.057657],[120.703987,16.057919],[120.703959,16.060358],[120.703118,16.060349],[120.703112,16.060891],[120.702551,16.060885],[120.702542,16.061698],[120.701695,16.062231],[120.701689,16.062773],[120.701676,16.063857],[120.701664,16.064941],[120.701944,16.064944],[120.701941,16.065215],[120.70026,16.065197],[120.700263,16.064926],[120.700546,16.064658],[120.700266,16.064655],[120.700549,16.064387],[120.700836,16.063848],[120.700565,16.063032],[120.700848,16.062764],[120.701132,16.062496],[120.701138,16.061954],[120.701141,16.061683],[120.701701,16.061689],[120.701988,16.06115],[120.70115,16.06087],[120.701156,16.060328],[120.701997,16.060337],[120.702284,16.059798],[120.70257,16.059259],[120.702576,16.058717],[120.702302,16.058172],[120.702586,16.057904],[120.702881,16.056552],[120.703165,16.056284],[120.703171,16.055742],[120.702894,16.055468],[120.703177,16.0552],[120.703458,16.055203],[120.703461,16.054932],[120.70319,16.054116],[120.70375,16.054122],[120.704027,16.054396],[120.704301,16.054941],[120.704862,16.054947]],[[120.703458,16.055203],[120.703451,16.055745],[120.704012,16.055751],[120.703458,16.055203]]],[[[120.689171,16.054507],[120.689165,16.055049],[120.688885,16.055046],[120.689171,16.054507]]],[[[120.638247,16.054191],[120.63797,16.053917],[120.63825,16.05392],[120.638247,16.054191]]],[[[120.635447,16.053889],[120.635441,16.054431],[120.635167,16.053886],[120.635447,16.053889]]],[[[120.637676,16.054998],[120.637954,16.055272],[120.63739,16.055537],[120.637676,16.054998]]],[[[120.652796,16.056248],[120.653083,16.055709],[120.653363,16.055712],[120.653354,16.056525],[120.652796,16.056248]]],[[[120.606278,16.055733],[120.606275,16.056004],[120.605998,16.05573],[120.606278,16.055733]]],[[[120.710464,16.055278],[120.710741,16.055552],[120.710461,16.055549],[120.710464,16.055278]]],[[[120.710741,16.055552],[120.711015,16.056097],[120.710448,16.056633],[120.710439,16.057446],[120.709863,16.058795],[120.709302,16.058789],[120.709589,16.05825],[120.709601,16.057166],[120.709604,16.056895],[120.709888,16.056627],[120.709891,16.056356],[120.710458,16.05582],[120.710741,16.055552]]],[[[120.661487,16.056072],[120.661484,16.056343],[120.661207,16.056069],[120.661487,16.056072]]],[[[120.709903,16.055272],[120.709909,16.05473],[120.71019,16.054733],[120.710464,16.055278],[120.709903,16.055272]]],[[[120.697868,16.053788],[120.697588,16.053785],[120.6976,16.052701],[120.697884,16.052433],[120.698435,16.053252],[120.697874,16.053246],[120.697868,16.053788]]],[[[120.698114,16.056772],[120.698117,16.056501],[120.698681,16.056236],[120.698675,16.056778],[120.698114,16.056772]]],[[[120.674661,16.055945],[120.674655,16.056487],[120.674649,16.057029],[120.673808,16.05702],[120.674098,16.05621],[120.674661,16.055945]]],[[[120.704566,16.056299],[120.704846,16.056302],[120.704563,16.05657],[120.704566,16.056299]]],[[[120.637374,16.056892],[120.637371,16.057163],[120.63709,16.05716],[120.63681,16.057156],[120.63653,16.057153],[120.636533,16.056882],[120.637374,16.056892]]],[[[120.60402,16.057063],[120.604017,16.057334],[120.603463,16.056786],[120.603743,16.056789],[120.60402,16.057063]]],[[[120.655309,16.057089],[120.655306,16.05736],[120.655029,16.057086],[120.655309,16.057089]]],[[[120.591126,16.057189],[120.591683,16.057467],[120.59168,16.057738],[120.591677,16.058009],[120.591954,16.058283],[120.591937,16.059638],[120.591657,16.059634],[120.591367,16.060444],[120.591087,16.060441],[120.591364,16.060715],[120.591344,16.062341],[120.592452,16.063437],[120.592159,16.064518],[120.591872,16.065057],[120.591302,16.065864],[120.591566,16.067222],[120.5924,16.067773],[120.592394,16.068315],[120.591553,16.068305],[120.59155,16.068576],[120.591536,16.06966],[120.592104,16.069125],[120.593505,16.06914],[120.594332,16.070234],[120.595173,16.070243],[120.595167,16.070785],[120.594042,16.071043],[120.594313,16.07186],[120.593752,16.071853],[120.593743,16.072666],[120.593185,16.072389],[120.592905,16.072386],[120.592625,16.072383],[120.592635,16.07157],[120.591791,16.071831],[120.591401,16.071556],[120.591233,16.071554],[120.591235,16.07146],[120.591243,16.070741],[120.591246,16.07047],[120.590969,16.070196],[120.590976,16.069654],[120.590979,16.069383],[120.590983,16.069112],[120.590873,16.06884],[120.590716,16.067931],[120.590606,16.067753],[120.590443,16.067386],[120.590168,16.066935],[120.590171,16.066664],[120.59,16.06612],[120.59,16.062597],[120.590107,16.062598],[120.590385,16.062778],[120.590221,16.062506],[120.590111,16.062327],[120.59,16.062232],[120.59,16.0607],[120.590246,16.060432],[120.590253,16.05989],[120.590256,16.059619],[120.59111,16.058544],[120.590549,16.058538],[120.590846,16.057186],[120.591126,16.057189]],[[120.592159,16.064518],[120.592162,16.064247],[120.592169,16.063705],[120.591331,16.063425],[120.591602,16.064241],[120.592159,16.064518]],[[120.591872,16.065057],[120.591035,16.064777],[120.591031,16.065047],[120.591872,16.065057]]],[[[120.653908,16.057073],[120.653902,16.057615],[120.654179,16.05789],[120.654459,16.057893],[120.654739,16.057896],[120.655019,16.057899],[120.655293,16.058444],[120.655573,16.058447],[120.655577,16.058176],[120.655857,16.058179],[120.656131,16.058724],[120.657532,16.058739],[120.657529,16.05901],[120.659491,16.059032],[120.660885,16.059589],[120.660873,16.060673],[120.662274,16.060688],[120.663392,16.060971],[120.663401,16.060159],[120.664796,16.060716],[120.663688,16.05962],[120.663971,16.059352],[120.664806,16.059903],[120.665646,16.059912],[120.666201,16.06046],[120.66564,16.060454],[120.665631,16.061267],[120.666471,16.061276],[120.666755,16.061008],[120.668439,16.060755],[120.668716,16.06103],[120.669,16.060762],[120.670962,16.060783],[120.671242,16.060786],[120.671796,16.061334],[120.672353,16.061611],[120.67263,16.061885],[120.672908,16.062159],[120.673465,16.062436],[120.673736,16.063252],[120.674296,16.063258],[120.674854,16.063535],[120.67485,16.063806],[120.674567,16.064074],[120.674564,16.064345],[120.674558,16.064887],[120.674271,16.065426],[120.673988,16.065694],[120.673424,16.065959],[120.673981,16.066236],[120.673975,16.066778],[120.673408,16.067314],[120.673125,16.067582],[120.672838,16.068121],[120.672558,16.068118],[120.671975,16.070009],[120.672526,16.070828],[120.672514,16.071912],[120.673361,16.071379],[120.673921,16.071385],[120.674199,16.071659],[120.673632,16.072195],[120.673351,16.072192],[120.673348,16.072463],[120.673629,16.072466],[120.673906,16.07274],[120.673903,16.073011],[120.673619,16.073279],[120.673339,16.073276],[120.672781,16.072999],[120.673052,16.073815],[120.673021,16.076524],[120.67274,16.076521],[120.67246,16.076518],[120.672457,16.076789],[120.672734,16.077063],[120.673005,16.077879],[120.673002,16.07815],[120.672996,16.078692],[120.673273,16.078966],[120.673269,16.079237],[120.673534,16.080595],[120.673531,16.080866],[120.674082,16.081685],[120.673795,16.082224],[120.673515,16.082221],[120.673232,16.082489],[120.672951,16.082486],[120.672674,16.082212],[120.672394,16.082209],[120.672397,16.081938],[120.6724,16.081667],[120.672403,16.081396],[120.672126,16.081122],[120.671856,16.080306],[120.671862,16.079764],[120.671865,16.079493],[120.672145,16.079496],[120.672148,16.079225],[120.671874,16.07868],[120.671893,16.077054],[120.671607,16.077593],[120.671049,16.077316],[120.671034,16.078671],[120.670473,16.078665],[120.670489,16.07731],[120.670769,16.077313],[120.670785,16.075958],[120.670508,16.075684],[120.670511,16.075413],[120.670794,16.075145],[120.67081,16.07379],[120.67053,16.073787],[120.670549,16.072161],[120.670829,16.072164],[120.670826,16.072435],[120.670823,16.072706],[120.67082,16.072977],[120.671097,16.073251],[120.671377,16.073254],[120.671664,16.072715],[120.671667,16.072444],[120.671676,16.071632],[120.671683,16.07109],[120.671689,16.070548],[120.671695,16.070006],[120.671138,16.069729],[120.67115,16.068645],[120.671434,16.068377],[120.671717,16.068109],[120.67144,16.067835],[120.671443,16.067564],[120.670322,16.067551],[120.670036,16.06809],[120.669472,16.068355],[120.669481,16.067542],[120.668354,16.068072],[120.668074,16.068069],[120.667794,16.068066],[120.667517,16.067792],[120.666965,16.066973],[120.666688,16.066699],[120.666134,16.066151],[120.66587,16.064793],[120.664475,16.064236],[120.664191,16.064503],[120.663911,16.0645],[120.663631,16.064497],[120.663628,16.064768],[120.663625,16.065039],[120.663621,16.06531],[120.663612,16.066123],[120.663328,16.066391],[120.663048,16.066388],[120.662491,16.066111],[120.66193,16.066105],[120.661367,16.06637],[120.661364,16.066641],[120.661357,16.067183],[120.662198,16.067192],[120.662478,16.067195],[120.662475,16.067466],[120.660513,16.067444],[120.659666,16.067977],[120.659389,16.067703],[120.659112,16.067429],[120.659115,16.067158],[120.659682,16.066622],[120.659408,16.066077],[120.658851,16.0658],[120.658854,16.065529],[120.658857,16.065258],[120.65886,16.064987],[120.658586,16.064442],[120.658593,16.0639],[120.658602,16.063087],[120.658886,16.062819],[120.659446,16.062825],[120.660287,16.062835],[120.659988,16.064458],[120.660548,16.064464],[120.660535,16.065548],[120.662781,16.065301],[120.662516,16.063943],[120.66336,16.063681],[120.663366,16.063139],[120.66337,16.062868],[120.663089,16.062865],[120.663096,16.062323],[120.662538,16.062046],[120.662258,16.062043],[120.661421,16.061763],[120.66086,16.061757],[120.66058,16.061754],[120.659459,16.061742],[120.659185,16.061197],[120.658905,16.061193],[120.658624,16.06119],[120.658628,16.060919],[120.658908,16.060922],[120.658911,16.060651],[120.658631,16.060648],[120.658354,16.060374],[120.657796,16.060097],[120.657242,16.059549],[120.656679,16.059814],[120.656398,16.059811],[120.655561,16.059531],[120.655287,16.058986],[120.655003,16.059254],[120.654163,16.059244],[120.654166,16.058973],[120.654452,16.058435],[120.653612,16.058425],[120.653335,16.058151],[120.652774,16.058145],[120.652781,16.057603],[120.653064,16.057335],[120.653908,16.057073]],[[120.664768,16.063155],[120.665051,16.062887],[120.664503,16.061797],[120.664487,16.063152],[120.664768,16.063155]],[[120.665892,16.062896],[120.666172,16.062899],[120.666175,16.062628],[120.665895,16.062625],[120.665615,16.062622],[120.665892,16.062896]],[[120.67064,16.064303],[120.671198,16.06458],[120.671478,16.064583],[120.671755,16.064857],[120.672309,16.065405],[120.67315,16.065414],[120.673717,16.064878],[120.674,16.06461],[120.672882,16.064327],[120.672596,16.064866],[120.672593,16.065137],[120.672312,16.065134],[120.672038,16.064589],[120.672042,16.064318],[120.672045,16.064047],[120.672048,16.063776],[120.672328,16.063779],[120.672054,16.063234],[120.671774,16.063231],[120.671226,16.062141],[120.670096,16.062942],[120.669535,16.062936],[120.669252,16.063204],[120.669529,16.063478],[120.669806,16.063752],[120.669803,16.064023],[120.67008,16.064297],[120.67036,16.0643],[120.670637,16.064574],[120.67064,16.064303]],[[120.667573,16.062914],[120.667016,16.062637],[120.667287,16.063453],[120.667573,16.062914]],[[120.668411,16.063194],[120.66814,16.062378],[120.668124,16.063733],[120.668411,16.063194]],[[120.669223,16.065642],[120.669504,16.065645],[120.66951,16.065103],[120.66923,16.0651],[120.669223,16.065642]],[[120.672278,16.068115],[120.672574,16.066763],[120.672013,16.066757],[120.671997,16.068112],[120.672278,16.068115]],[[120.665882,16.063709],[120.666437,16.064257],[120.666446,16.063444],[120.665882,16.063709]]],[[[120.682971,16.057422],[120.682968,16.057693],[120.683519,16.058512],[120.683516,16.058783],[120.683236,16.05878],[120.682679,16.058503],[120.682691,16.057419],[120.682971,16.057422]]],[[[120.644654,16.057514],[120.64465,16.057785],[120.64409,16.057779],[120.643823,16.056692],[120.644377,16.05724],[120.644654,16.057514]]],[[[120.669598,16.057516],[120.669872,16.058061],[120.669031,16.058052],[120.668757,16.057507],[120.668764,16.056965],[120.670165,16.05698],[120.669882,16.057248],[120.669598,16.057516]]],[[[120.644931,16.057788],[120.644928,16.058059],[120.644921,16.058601],[120.644631,16.059411],[120.644071,16.059405],[120.643791,16.059402],[120.643797,16.05886],[120.644364,16.058324],[120.64465,16.057785],[120.644931,16.057788]]],[[[120.627273,16.057864],[120.627833,16.05787],[120.62811,16.058144],[120.628387,16.058418],[120.6281,16.058957],[120.628097,16.059228],[120.626976,16.059216],[120.626696,16.059213],[120.626699,16.058942],[120.626136,16.059206],[120.625855,16.059203],[120.625018,16.058923],[120.624731,16.059462],[120.624734,16.059191],[120.624464,16.058375],[120.624747,16.058107],[120.625591,16.057845],[120.626992,16.057861],[120.627273,16.057864]]],[[[120.622232,16.057537],[120.622509,16.057811],[120.622228,16.057808],[120.622232,16.057537]]],[[[120.622228,16.057808],[120.622496,16.058895],[120.622215,16.058892],[120.621938,16.058618],[120.621658,16.058615],[120.621388,16.057799],[120.622228,16.057808]]],[[[120.615864,16.050962],[120.616427,16.050697],[120.616708,16.0507],[120.616698,16.051513],[120.615864,16.050962]]],[[[120.6242,16.057017],[120.624209,16.056204],[120.62449,16.056207],[120.624477,16.057291],[120.6242,16.057017]]],[[[120.624467,16.058104],[120.624464,16.058375],[120.623623,16.058366],[120.623907,16.058098],[120.624187,16.058101],[120.624467,16.058104]]],[[[120.630945,16.055466],[120.630661,16.055733],[120.63011,16.054914],[120.630945,16.055466]]],[[[120.623623,16.058366],[120.623349,16.05782],[120.62363,16.057824],[120.623623,16.058366]]],[[[120.638195,16.058527],[120.637915,16.058524],[120.637638,16.05825],[120.638199,16.058256],[120.638195,16.058527]]],[[[120.642405,16.058031],[120.642686,16.058034],[120.642673,16.059118],[120.642112,16.059112],[120.641826,16.059651],[120.641268,16.059374],[120.641007,16.057745],[120.641561,16.058293],[120.641842,16.058296],[120.642405,16.058031]]],[[[120.645201,16.058604],[120.645198,16.058875],[120.644921,16.058601],[120.645201,16.058604]]],[[[120.628951,16.058154],[120.629505,16.058702],[120.629785,16.058705],[120.630065,16.058708],[120.630626,16.058714],[120.630339,16.059253],[120.630333,16.059795],[120.630052,16.059792],[120.630056,16.059521],[120.630059,16.05925],[120.629498,16.059244],[120.628658,16.059234],[120.628661,16.058963],[120.628664,16.058692],[120.628951,16.058154]]],[[[120.628664,16.058692],[120.628387,16.058418],[120.628667,16.058421],[120.628664,16.058692]]],[[[120.702016,16.058711],[120.702007,16.059524],[120.701446,16.059518],[120.701736,16.058708],[120.702016,16.058711]]],[[[120.656137,16.058182],[120.657258,16.058194],[120.656134,16.058453],[120.656137,16.058182]]],[[[120.634269,16.058754],[120.633989,16.058751],[120.633992,16.05848],[120.634272,16.058484],[120.634269,16.058754]]],[[[120.660334,16.05877],[120.66006,16.058225],[120.660341,16.058228],[120.660338,16.058499],[120.660334,16.05877]]],[[[120.660615,16.058773],[120.660611,16.059044],[120.660334,16.05877],[120.660615,16.058773]]],[[[120.632024,16.059001],[120.633142,16.059284],[120.632575,16.05982],[120.631731,16.060081],[120.631463,16.058994],[120.632024,16.059001]]],[[[120.634826,16.059032],[120.635387,16.059038],[120.635383,16.059309],[120.6351,16.059577],[120.634823,16.059303],[120.634826,16.059032]]],[[[120.635667,16.059041],[120.635947,16.059044],[120.635944,16.059315],[120.635664,16.059312],[120.635667,16.059041]]],[[[120.636504,16.059321],[120.636227,16.059047],[120.636508,16.05905],[120.636504,16.059321]]],[[[120.637625,16.059334],[120.637068,16.059056],[120.637351,16.058789],[120.637625,16.059334]]],[[[120.63987,16.059087],[120.639877,16.058545],[120.640151,16.05909],[120.63987,16.059087]]],[[[120.608761,16.059013],[120.609041,16.059016],[120.609035,16.059558],[120.608755,16.059555],[120.608761,16.059013]]],[[[120.635937,16.059857],[120.635374,16.060122],[120.635377,16.059851],[120.635657,16.059854],[120.635937,16.059857]]],[[[120.645189,16.059688],[120.644912,16.059414],[120.645192,16.059417],[120.645189,16.059688]]],[[[120.64631,16.0597],[120.64659,16.059703],[120.646587,16.059974],[120.646306,16.059971],[120.64631,16.0597]]],[[[120.655554,16.060073],[120.655551,16.060344],[120.655271,16.060341],[120.655274,16.06007],[120.655554,16.060073]]],[[[120.591934,16.059909],[120.591937,16.059638],[120.592218,16.059641],[120.591934,16.059909]]],[[[120.672375,16.059714],[120.672659,16.059446],[120.672656,16.059717],[120.672375,16.059714]]],[[[120.632568,16.060362],[120.632845,16.060636],[120.632842,16.060907],[120.632839,16.061178],[120.632832,16.06172],[120.632269,16.061985],[120.631151,16.061701],[120.630877,16.061156],[120.631724,16.060623],[120.632568,16.060362]]],[[[120.65751,16.060636],[120.65779,16.060639],[120.65807,16.060642],[120.657787,16.06091],[120.65723,16.060633],[120.65751,16.060636]]],[[[120.633976,16.059835],[120.634256,16.059838],[120.634253,16.060109],[120.633976,16.059835]]],[[[120.61126,16.060938],[120.61098,16.060935],[120.610706,16.06039],[120.611267,16.060396],[120.61126,16.060938]]],[[[120.611541,16.060941],[120.611821,16.060944],[120.612942,16.060957],[120.612929,16.062041],[120.612649,16.062038],[120.612369,16.062034],[120.612092,16.06176],[120.611814,16.061486],[120.611534,16.061483],[120.61126,16.060938],[120.611541,16.060941]]],[[[120.666755,16.061008],[120.666474,16.061005],[120.666201,16.06046],[120.666761,16.060466],[120.666755,16.061008]]],[[[120.651618,16.061114],[120.651606,16.062198],[120.651325,16.062194],[120.651329,16.061924],[120.651055,16.061378],[120.651058,16.061107],[120.651618,16.061114]]],[[[120.635651,16.060396],[120.635648,16.060667],[120.635371,16.060393],[120.635651,16.060396]]],[[[120.637332,16.060414],[120.637613,16.060417],[120.637609,16.060688],[120.637049,16.060682],[120.636769,16.060679],[120.637332,16.060414]]],[[[120.708157,16.060945],[120.70816,16.060674],[120.70844,16.060677],[120.708437,16.060948],[120.708157,16.060945]]],[[[120.710128,16.060153],[120.710414,16.059614],[120.71014,16.059069],[120.710701,16.059075],[120.710685,16.06043],[120.711523,16.06071],[120.711236,16.061249],[120.711507,16.062065],[120.711504,16.062336],[120.711498,16.062878],[120.711492,16.06342],[120.710928,16.063685],[120.710934,16.063143],[120.710937,16.062872],[120.71066,16.062598],[120.710682,16.060701],[120.710118,16.060966],[120.710103,16.062321],[120.709549,16.061773],[120.709555,16.061231],[120.709841,16.060692],[120.710128,16.060153]]],[[[120.707054,16.059307],[120.70678,16.058762],[120.707344,16.058497],[120.707338,16.059039],[120.707054,16.059307]]],[[[120.707599,16.060668],[120.707879,16.060671],[120.707873,16.061213],[120.708144,16.062029],[120.708132,16.063113],[120.708129,16.063384],[120.708126,16.063655],[120.708393,16.064742],[120.708113,16.064739],[120.707833,16.064736],[120.707836,16.064465],[120.707845,16.063652],[120.707568,16.063378],[120.707571,16.063107],[120.707861,16.062297],[120.707587,16.061752],[120.70759,16.061481],[120.707599,16.060668]]],[[[120.615174,16.061795],[120.615454,16.061798],[120.615735,16.061801],[120.616008,16.062346],[120.616566,16.062623],[120.616836,16.063439],[120.615158,16.06315],[120.614884,16.062605],[120.613483,16.062589],[120.613209,16.062044],[120.613216,16.061502],[120.61434,16.061243],[120.614337,16.061514],[120.614614,16.061789],[120.614894,16.061792],[120.615174,16.061795]]],[[[120.62947,16.061683],[120.629473,16.061412],[120.630597,16.061153],[120.630591,16.061695],[120.630587,16.061966],[120.630584,16.062237],[120.629183,16.062221],[120.629186,16.06195],[120.62947,16.061683]]],[[[120.629186,16.06195],[120.628906,16.061947],[120.628909,16.061676],[120.629189,16.061679],[120.629186,16.06195]]],[[[120.613232,16.060147],[120.613238,16.059605],[120.613519,16.059608],[120.613232,16.060147]]],[[[120.611831,16.060131],[120.612111,16.060135],[120.612108,16.060406],[120.611827,16.060402],[120.611831,16.060131]]],[[[120.613209,16.062044],[120.612926,16.062312],[120.612929,16.062041],[120.613209,16.062044]]],[[[120.70816,16.060674],[120.707879,16.060671],[120.707883,16.0604],[120.70816,16.060674]]],[[[120.674347,16.058923],[120.674343,16.059194],[120.674063,16.059191],[120.674347,16.058923]]],[[[120.656653,16.061982],[120.656656,16.061711],[120.656933,16.061985],[120.656653,16.061982]]],[[[120.65693,16.062256],[120.657488,16.062533],[120.657765,16.062807],[120.657761,16.063078],[120.656357,16.063334],[120.655803,16.062786],[120.655806,16.062515],[120.655809,16.062244],[120.656373,16.061979],[120.656653,16.061982],[120.65693,16.062256]]],[[[120.635635,16.061751],[120.635915,16.061754],[120.635632,16.062022],[120.635635,16.061751]]],[[[120.662255,16.062314],[120.661691,16.062579],[120.661411,16.062576],[120.660854,16.062299],[120.662255,16.062314]]],[[[120.654414,16.061686],[120.654411,16.061957],[120.653841,16.062764],[120.652994,16.063297],[120.652157,16.063017],[120.651593,16.063281],[120.651599,16.06274],[120.653004,16.062484],[120.654414,16.061686]]],[[[120.654698,16.061418],[120.654695,16.061689],[120.654414,16.061686],[120.654698,16.061418]]],[[[120.654988,16.060609],[120.655268,16.060612],[120.655539,16.061428],[120.654975,16.061692],[120.654701,16.061147],[120.654988,16.060609]]],[[[120.698886,16.062743],[120.699167,16.062746],[120.699444,16.06302],[120.699157,16.063559],[120.698874,16.063827],[120.698033,16.063818],[120.698036,16.063547],[120.69832,16.063279],[120.698323,16.063008],[120.698326,16.062737],[120.698886,16.062743]]],[[[120.704498,16.062261],[120.704495,16.062532],[120.704214,16.062529],[120.704498,16.062261]]],[[[120.654682,16.062773],[120.654959,16.063047],[120.655233,16.063592],[120.654949,16.06386],[120.654946,16.064131],[120.65494,16.064673],[120.654937,16.064944],[120.655217,16.064947],[120.655497,16.06495],[120.655201,16.066302],[120.655198,16.066573],[120.655462,16.067931],[120.654895,16.068467],[120.655169,16.069012],[120.654886,16.06928],[120.654606,16.069277],[120.654609,16.069006],[120.654338,16.06819],[120.654618,16.068193],[120.654637,16.066567],[120.65436,16.066293],[120.654653,16.065212],[120.654373,16.065209],[120.654395,16.063312],[120.653841,16.062764],[120.654682,16.062773]]],[[[120.662806,16.063133],[120.661968,16.062853],[120.662809,16.062862],[120.662806,16.063133]]],[[[120.696918,16.063264],[120.696909,16.064077],[120.696348,16.064071],[120.696355,16.063529],[120.696638,16.063261],[120.696918,16.063264]]],[[[120.691874,16.063209],[120.692434,16.063215],[120.692431,16.063486],[120.691871,16.06348],[120.691874,16.063209]]],[[[120.648233,16.062974],[120.647953,16.062971],[120.648236,16.062703],[120.648233,16.062974]]],[[[120.624435,16.060814],[120.624441,16.060272],[120.624718,16.060546],[120.624715,16.060817],[120.624435,16.060814]]],[[[120.626928,16.06328],[120.627208,16.063284],[120.627482,16.063829],[120.626641,16.063819],[120.626645,16.063548],[120.626928,16.06328]]],[[[120.605066,16.063308],[120.605063,16.063579],[120.604506,16.063302],[120.605066,16.063308]]],[[[120.670092,16.063213],[120.670096,16.062942],[120.670933,16.063222],[120.67093,16.063493],[120.670647,16.063761],[120.670089,16.063484],[120.670092,16.063213]]],[[[120.670927,16.063764],[120.670644,16.064032],[120.670647,16.063761],[120.670927,16.063764]]],[[[120.67093,16.063493],[120.67121,16.063496],[120.670927,16.063764],[120.67093,16.063493]]],[[[120.675134,16.063538],[120.675411,16.063813],[120.675131,16.063809],[120.675134,16.063538]]],[[[120.703358,16.063875],[120.703355,16.064146],[120.703078,16.063872],[120.703358,16.063875]]],[[[120.681577,16.063879],[120.68157,16.064421],[120.68129,16.064418],[120.681296,16.063876],[120.681577,16.063879]]],[[[120.682896,16.063925],[120.68289,16.064467],[120.682606,16.064735],[120.682336,16.063919],[120.682896,16.063925]]],[[[120.641211,16.064251],[120.640931,16.064248],[120.640934,16.063977],[120.641214,16.06398],[120.641211,16.064251]]],[[[120.675411,16.063813],[120.676532,16.063825],[120.677086,16.064373],[120.676236,16.065177],[120.675398,16.064896],[120.675124,16.064351],[120.675128,16.06408],[120.675411,16.063813]]],[[[120.635329,16.063915],[120.635609,16.063919],[120.635606,16.06419],[120.635326,16.064186],[120.635329,16.063915]]],[[[120.670644,16.064032],[120.67064,16.064303],[120.67036,16.0643],[120.670644,16.064032]]],[[[120.692702,16.064302],[120.692699,16.064573],[120.692141,16.064296],[120.692702,16.064302]]],[[[120.618508,16.064271],[120.618788,16.064274],[120.619065,16.064548],[120.619345,16.064551],[120.619323,16.066448],[120.619046,16.066174],[120.619056,16.065361],[120.617658,16.065075],[120.617664,16.064533],[120.616823,16.064523],[120.616836,16.063439],[120.617107,16.064255],[120.618508,16.064271]]],[[[120.671761,16.064315],[120.671758,16.064586],[120.671478,16.064583],[120.671761,16.064315]]],[[[120.649055,16.064609],[120.648771,16.064877],[120.648774,16.064606],[120.649055,16.064609]]],[[[120.707833,16.064736],[120.70783,16.065007],[120.707549,16.065004],[120.707553,16.064733],[120.707833,16.064736]]],[[[120.692251,16.054812],[120.69141,16.054803],[120.691977,16.054267],[120.692251,16.054812]]],[[[120.692251,16.054812],[120.693372,16.054824],[120.693926,16.055372],[120.692525,16.055357],[120.692251,16.054812]]],[[[120.70811,16.06501],[120.70839,16.065013],[120.708671,16.065016],[120.708667,16.065287],[120.708664,16.065558],[120.708661,16.065829],[120.70754,16.065817],[120.707257,16.066085],[120.707546,16.065275],[120.707827,16.065278],[120.70783,16.065007],[120.70811,16.06501]]],[[[120.683724,16.065018],[120.683444,16.065015],[120.683447,16.064744],[120.683724,16.065018]]],[[[120.649048,16.065151],[120.649045,16.065422],[120.648765,16.065419],[120.648768,16.065148],[120.649048,16.065151]]],[[[120.679599,16.065213],[120.679596,16.065484],[120.679316,16.065481],[120.679319,16.06521],[120.679599,16.065213]]],[[[120.709231,16.065022],[120.710352,16.065034],[120.710346,16.065576],[120.709782,16.065841],[120.709773,16.066654],[120.70977,16.066925],[120.709767,16.067196],[120.709761,16.067738],[120.710038,16.068012],[120.710035,16.068283],[120.710032,16.068554],[120.710309,16.068828],[120.710586,16.069102],[120.710296,16.069912],[120.710016,16.069909],[120.710013,16.07018],[120.71001,16.070451],[120.708325,16.070704],[120.708334,16.069891],[120.708338,16.06962],[120.708901,16.069355],[120.709178,16.069629],[120.709468,16.068819],[120.709474,16.068277],[120.708914,16.068271],[120.708639,16.067726],[120.708923,16.067458],[120.708932,16.066645],[120.708935,16.066374],[120.709216,16.066377],[120.709222,16.065835],[120.709228,16.065293],[120.709231,16.065022]]],[[[120.680437,16.065493],[120.680153,16.065761],[120.680156,16.06549],[120.680437,16.065493]]],[[[120.704183,16.065239],[120.70446,16.065513],[120.70418,16.06551],[120.704183,16.065239]]],[[[120.70418,16.06551],[120.70333,16.066314],[120.703056,16.065769],[120.703059,16.065498],[120.7039,16.065507],[120.70418,16.06551]]],[[[120.701938,16.065486],[120.702212,16.066031],[120.701655,16.065754],[120.701658,16.065483],[120.701938,16.065486]]],[[[120.701097,16.065477],[120.701655,16.065754],[120.701368,16.066293],[120.701362,16.066835],[120.700795,16.067371],[120.700518,16.067097],[120.700496,16.068994],[120.700216,16.068991],[120.699945,16.068175],[120.699964,16.066549],[120.699403,16.066543],[120.699413,16.06573],[120.700253,16.065739],[120.701097,16.065477]]],[[[120.681753,16.06581],[120.68175,16.066081],[120.68147,16.066078],[120.681473,16.065807],[120.681753,16.06581]]],[[[120.648759,16.065961],[120.648755,16.066232],[120.648478,16.065957],[120.648759,16.065961]]],[[[120.698292,16.065718],[120.698852,16.065724],[120.698849,16.065995],[120.698562,16.066534],[120.698559,16.066805],[120.698273,16.067344],[120.697993,16.067341],[120.697715,16.067067],[120.697722,16.066525],[120.697725,16.066254],[120.697728,16.065983],[120.698292,16.065718]]],[[[120.67679,16.065725],[120.67707,16.065728],[120.676787,16.065996],[120.67679,16.065725]]],[[[120.656606,16.066047],[120.656048,16.065769],[120.656612,16.065505],[120.656606,16.066047]]],[[[120.664456,16.065861],[120.664736,16.065864],[120.66501,16.066409],[120.665851,16.066419],[120.665848,16.06669],[120.665564,16.066958],[120.664446,16.066674],[120.664453,16.066132],[120.664456,16.065861]]],[[[120.712582,16.066142],[120.712579,16.066413],[120.712298,16.06641],[120.712302,16.066139],[120.712582,16.066142]]],[[[120.712024,16.065865],[120.712027,16.065594],[120.712031,16.065323],[120.712588,16.0656],[120.712585,16.065871],[120.712024,16.065865]]],[[[120.695486,16.065958],[120.696323,16.066238],[120.69661,16.065699],[120.697171,16.065706],[120.697445,16.066251],[120.697441,16.066522],[120.697149,16.067602],[120.696862,16.068141],[120.696579,16.068409],[120.696576,16.06868],[120.696292,16.068948],[120.696018,16.068403],[120.6949,16.06812],[120.694623,16.067846],[120.694066,16.067569],[120.693786,16.067566],[120.693804,16.06594],[120.695206,16.065955],[120.695486,16.065958]]],[[[120.627489,16.063287],[120.627495,16.062745],[120.628055,16.062751],[120.627489,16.063287]]],[[[120.654972,16.061963],[120.654691,16.06196],[120.654695,16.061689],[120.654975,16.061692],[120.654972,16.061963]]],[[[120.635052,16.063641],[120.635329,16.063915],[120.634769,16.063909],[120.635052,16.063641]]],[[[120.63338,16.06281],[120.6331,16.062807],[120.633106,16.062265],[120.63338,16.06281]]],[[[120.665016,16.065868],[120.6653,16.0656],[120.665297,16.065871],[120.665016,16.065868]]],[[[120.69212,16.066193],[120.692677,16.06647],[120.692954,16.066744],[120.692948,16.067286],[120.692661,16.067825],[120.692381,16.067822],[120.692104,16.067548],[120.691827,16.067274],[120.691553,16.066729],[120.691556,16.066458],[120.69212,16.066193]]],[[[120.680623,16.066611],[120.681467,16.066349],[120.681744,16.066623],[120.681454,16.067433],[120.681168,16.067972],[120.680887,16.067969],[120.680607,16.067966],[120.68032,16.068505],[120.67976,16.068499],[120.679766,16.067957],[120.678651,16.067403],[120.678664,16.066319],[120.680346,16.066337],[120.680623,16.066611]]],[[[120.683148,16.066367],[120.683428,16.06637],[120.683403,16.068538],[120.683123,16.068535],[120.682843,16.068532],[120.682846,16.068261],[120.682849,16.06799],[120.682572,16.067716],[120.682301,16.0669],[120.682585,16.066632],[120.683148,16.066367]]],[[[120.664166,16.066671],[120.664163,16.066942],[120.663886,16.066668],[120.664166,16.066671]]],[[[120.623246,16.066492],[120.623804,16.066769],[120.624084,16.066772],[120.624345,16.068401],[120.623778,16.068937],[120.623221,16.06866],[120.622663,16.068382],[120.622673,16.067569],[120.622106,16.068105],[120.622116,16.067292],[120.622683,16.066756],[120.622963,16.06676],[120.623246,16.066492]]],[[[120.674258,16.06651],[120.674539,16.066513],[120.674536,16.066784],[120.674255,16.066781],[120.674258,16.06651]]],[[[120.708091,16.066636],[120.708372,16.066639],[120.708643,16.067455],[120.708082,16.067449],[120.707808,16.066904],[120.708091,16.066636]]],[[[120.708655,16.066371],[120.708652,16.066642],[120.708372,16.066639],[120.708375,16.066368],[120.708655,16.066371]]],[[[120.68398,16.067189],[120.683709,16.066373],[120.684549,16.066382],[120.685671,16.066395],[120.685378,16.067475],[120.685645,16.068562],[120.685923,16.068836],[120.685919,16.069107],[120.68591,16.06992],[120.685623,16.070459],[120.68505,16.071537],[120.68477,16.071534],[120.684493,16.07126],[120.684783,16.07045],[120.685066,16.070182],[120.685359,16.069101],[120.685082,16.068827],[120.685088,16.068285],[120.684811,16.068011],[120.68426,16.067192],[120.68398,16.067189]]],[[[120.642857,16.067251],[120.643138,16.067254],[120.642851,16.067793],[120.642571,16.06779],[120.642577,16.067248],[120.642857,16.067251]]],[[[120.650988,16.067069],[120.650994,16.066527],[120.651274,16.06653],[120.651552,16.066804],[120.651832,16.066807],[120.652666,16.067359],[120.65294,16.067904],[120.652937,16.068175],[120.652099,16.067894],[120.651545,16.067346],[120.651265,16.067343],[120.650988,16.067069]]],[[[120.677344,16.066273],[120.677329,16.067628],[120.677045,16.067896],[120.676765,16.067893],[120.676771,16.067351],[120.677064,16.06627],[120.677344,16.066273]]],[[[120.704161,16.067136],[120.703875,16.067675],[120.703598,16.067401],[120.704161,16.067136]]],[[[120.663036,16.067472],[120.663313,16.067746],[120.662475,16.067466],[120.663036,16.067472]]],[[[120.613715,16.066657],[120.613718,16.066386],[120.613998,16.066389],[120.613995,16.06666],[120.613715,16.066657]]],[[[120.639491,16.067485],[120.639488,16.067756],[120.639208,16.067752],[120.639211,16.067482],[120.639491,16.067485]]],[[[120.641733,16.067509],[120.641453,16.067506],[120.641173,16.067503],[120.641736,16.067238],[120.641733,16.067509]]],[[[120.621272,16.067554],[120.620995,16.06728],[120.620991,16.067551],[120.620714,16.067277],[120.620434,16.067274],[120.620447,16.06619],[120.621562,16.066744],[120.621272,16.067554]]],[[[120.621272,16.067554],[120.621268,16.067825],[120.620991,16.067551],[120.621272,16.067554]]],[[[120.703875,16.067675],[120.703592,16.067943],[120.703595,16.067672],[120.703875,16.067675]]],[[[120.656867,16.067676],[120.657415,16.068766],[120.657134,16.068763],[120.656857,16.068489],[120.656577,16.068485],[120.656583,16.067943],[120.656587,16.067673],[120.656867,16.067676]]],[[[120.69154,16.067813],[120.691817,16.068087],[120.692375,16.068364],[120.692652,16.068638],[120.692646,16.06918],[120.692359,16.069719],[120.691799,16.069713],[120.691805,16.069171],[120.691531,16.068626],[120.69126,16.06781],[120.69154,16.067813]]],[[[120.677326,16.067899],[120.677322,16.06817],[120.677042,16.068167],[120.677045,16.067896],[120.677326,16.067899]]],[[[120.652946,16.067362],[120.653507,16.067368],[120.654058,16.068187],[120.654329,16.069003],[120.654048,16.069],[120.653491,16.068723],[120.65322,16.067907],[120.65294,16.067904],[120.652946,16.067362]]],[[[120.710601,16.067747],[120.710604,16.067476],[120.710885,16.067479],[120.710598,16.068018],[120.710601,16.067747]]],[[[120.619861,16.068351],[120.619864,16.06808],[120.620144,16.068083],[120.619861,16.068351]]],[[[120.671437,16.068106],[120.671434,16.068377],[120.671154,16.068374],[120.671157,16.068103],[120.67144,16.067835],[120.671437,16.068106]]],[[[120.613695,16.068283],[120.613969,16.068828],[120.613686,16.069095],[120.613409,16.068821],[120.613412,16.06855],[120.613415,16.068279],[120.613695,16.068283]]],[[[120.668911,16.068349],[120.668628,16.068617],[120.668348,16.068614],[120.668354,16.068072],[120.668911,16.068349]]],[[[120.670873,16.068371],[120.671154,16.068374],[120.67115,16.068645],[120.67087,16.068642],[120.670873,16.068371]]],[[[120.649287,16.068677],[120.649278,16.069489],[120.649007,16.068673],[120.649287,16.068677]]],[[[120.710312,16.068557],[120.710589,16.068831],[120.710309,16.068828],[120.710312,16.068557]]],[[[120.673389,16.06894],[120.673103,16.069479],[120.673081,16.071376],[120.6728,16.071373],[120.672838,16.068121],[120.673119,16.068124],[120.673115,16.068395],[120.673389,16.06894]]],[[[120.675918,16.068425],[120.675905,16.069509],[120.675622,16.069777],[120.675631,16.068964],[120.675918,16.068425]]],[[[120.660214,16.069067],[120.660208,16.069609],[120.659647,16.069603],[120.65937,16.069329],[120.658529,16.06932],[120.657978,16.068501],[120.659373,16.069058],[120.660214,16.069067]]],[[[120.619577,16.068619],[120.619861,16.068351],[120.619858,16.068622],[120.619577,16.068619]]],[[[120.619568,16.069432],[120.619287,16.069429],[120.619574,16.06889],[120.619568,16.069432]]],[[[120.670861,16.069454],[120.671138,16.069729],[120.671131,16.07027],[120.671128,16.070541],[120.670839,16.071351],[120.670832,16.071893],[120.669711,16.071881],[120.669434,16.071607],[120.669437,16.071336],[120.670294,16.06999],[120.670574,16.069993],[120.67058,16.069451],[120.670861,16.069454]]],[[[120.623778,16.068937],[120.624338,16.068943],[120.624615,16.069217],[120.624896,16.06922],[120.625176,16.069223],[120.624332,16.069485],[120.624886,16.070033],[120.624883,16.070304],[120.624045,16.070024],[120.623771,16.069479],[120.623778,16.068937]]],[[[120.701611,16.069548],[120.701885,16.070093],[120.701882,16.070364],[120.701602,16.070361],[120.701047,16.069813],[120.701057,16.069],[120.701611,16.069548]]],[[[120.661052,16.069347],[120.661332,16.069351],[120.661329,16.069622],[120.661048,16.069618],[120.661052,16.069347]]],[[[120.7075,16.06934],[120.707494,16.069882],[120.707213,16.069879],[120.70693,16.070147],[120.706647,16.070415],[120.706643,16.070686],[120.706354,16.071496],[120.705793,16.07149],[120.705227,16.072026],[120.70523,16.071755],[120.705522,16.070674],[120.705803,16.070677],[120.706366,16.070412],[120.706656,16.069602],[120.7075,16.06934]]],[[[120.707783,16.069072],[120.70778,16.069343],[120.7075,16.06934],[120.707783,16.069072]]],[[[120.621542,16.06837],[120.621265,16.068096],[120.621546,16.068099],[120.621542,16.06837]]],[[[120.619284,16.0697],[120.619007,16.069426],[120.619287,16.069429],[120.619284,16.0697]]],[[[120.645911,16.069723],[120.644794,16.06944],[120.645634,16.069449],[120.645915,16.069452],[120.645911,16.069723]]],[[[120.657682,16.069853],[120.657679,16.070124],[120.657676,16.070395],[120.657396,16.070392],[120.657118,16.070117],[120.657122,16.069847],[120.657402,16.06985],[120.657682,16.069853]]],[[[120.707774,16.069885],[120.707771,16.070156],[120.707768,16.070427],[120.707487,16.070424],[120.707494,16.069882],[120.707774,16.069885]]],[[[120.678421,16.070079],[120.678418,16.07035],[120.678138,16.070347],[120.678141,16.070076],[120.678421,16.070079]]],[[[120.655997,16.070105],[120.655994,16.070376],[120.655431,16.070641],[120.655434,16.07037],[120.655157,16.070096],[120.654873,16.070364],[120.65459,16.070632],[120.654297,16.071713],[120.653453,16.071974],[120.652612,16.071965],[120.653169,16.072242],[120.653166,16.072513],[120.652319,16.073046],[120.652587,16.074133],[120.652583,16.074404],[120.651743,16.074395],[120.651456,16.074934],[120.651179,16.07466],[120.651182,16.074389],[120.651472,16.073579],[120.652042,16.072772],[120.652045,16.072501],[120.652052,16.071959],[120.652055,16.071688],[120.652341,16.071149],[120.652622,16.071152],[120.653179,16.071429],[120.654036,16.070084],[120.653762,16.069539],[120.654883,16.069551],[120.656001,16.069834],[120.655997,16.070105]]],[[[120.657118,16.070117],[120.657115,16.070388],[120.656835,16.070385],[120.656838,16.070114],[120.657118,16.070117]]],[[[120.662166,16.069902],[120.662447,16.069905],[120.662443,16.070176],[120.662163,16.070173],[120.662166,16.069902]]],[[[120.71062,16.066121],[120.710617,16.066392],[120.710337,16.066389],[120.71034,16.066118],[120.71062,16.066121]]],[[[120.709798,16.064486],[120.709816,16.06286],[120.710087,16.063676],[120.710651,16.063411],[120.710642,16.064224],[120.710084,16.063947],[120.709798,16.064486]]],[[[120.619001,16.069968],[120.619281,16.069971],[120.619275,16.070513],[120.618717,16.070236],[120.619001,16.069968]]],[[[120.596855,16.070262],[120.596851,16.070533],[120.597128,16.070807],[120.597405,16.071081],[120.596284,16.071069],[120.596011,16.070524],[120.596574,16.070259],[120.596855,16.070262]]],[[[120.597695,16.070272],[120.597976,16.070275],[120.597686,16.071084],[120.597415,16.070268],[120.597695,16.070272]]],[[[120.678138,16.070347],[120.678415,16.070621],[120.678412,16.070892],[120.678406,16.071434],[120.677842,16.071699],[120.677565,16.071424],[120.677571,16.070883],[120.677858,16.070344],[120.678138,16.070347]]],[[[120.702162,16.070367],[120.702436,16.070912],[120.701876,16.070906],[120.701879,16.070635],[120.701882,16.070364],[120.702162,16.070367]]],[[[120.657959,16.070127],[120.65824,16.07013],[120.658236,16.070401],[120.657956,16.070398],[120.657959,16.070127]]],[[[120.689827,16.070505],[120.689824,16.070776],[120.689538,16.071315],[120.689547,16.070502],[120.689827,16.070505]]],[[[120.645946,16.066743],[120.64594,16.067285],[120.644539,16.067269],[120.644262,16.066995],[120.644265,16.066724],[120.644545,16.066727],[120.645106,16.066733],[120.645386,16.066736],[120.645666,16.06674],[120.645946,16.066743]]],[[[120.645997,16.062407],[120.646278,16.06241],[120.646275,16.062681],[120.645994,16.062678],[120.645997,16.062407]]],[[[120.644322,16.061847],[120.644326,16.061576],[120.644603,16.06185],[120.644322,16.061847]]],[[[120.643478,16.062108],[120.643482,16.061837],[120.643762,16.06184],[120.643478,16.062108]]],[[[120.643478,16.062108],[120.642912,16.062644],[120.642071,16.062635],[120.642644,16.061557],[120.643478,16.062108]]],[[[120.638785,16.056094],[120.638788,16.055823],[120.639065,16.056097],[120.638785,16.056094]]],[[[120.639886,16.057732],[120.640167,16.057736],[120.640447,16.057739],[120.640444,16.05801],[120.639606,16.057729],[120.639886,16.057732]]],[[[120.698251,16.06924],[120.698818,16.068705],[120.699378,16.068711],[120.699357,16.070607],[120.698503,16.071682],[120.697943,16.071676],[120.698509,16.07114],[120.699089,16.06952],[120.698251,16.06924]]],[[[120.697395,16.070586],[120.697392,16.070857],[120.697388,16.071128],[120.697108,16.071125],[120.697114,16.070583],[120.697395,16.070586]]],[[[120.627685,16.070335],[120.626845,16.070326],[120.627408,16.070061],[120.627688,16.070064],[120.627966,16.070338],[120.627685,16.070335]]],[[[120.627966,16.070338],[120.628243,16.070612],[120.627962,16.070609],[120.627966,16.070338]]],[[[120.612826,16.070712],[120.613666,16.070721],[120.614224,16.070999],[120.61422,16.071269],[120.613657,16.071534],[120.613376,16.071531],[120.613383,16.070989],[120.612259,16.071248],[120.612549,16.070438],[120.612826,16.070712]]],[[[120.615908,16.070746],[120.616189,16.070749],[120.616185,16.07102],[120.614507,16.070731],[120.61451,16.07046],[120.615351,16.070469],[120.615908,16.070746]]],[[[120.668886,16.070517],[120.668893,16.069975],[120.66917,16.070249],[120.669157,16.071333],[120.668877,16.07133],[120.66888,16.071059],[120.668883,16.070788],[120.668886,16.070517]]],[[[120.69627,16.070845],[120.696264,16.071387],[120.695701,16.071652],[120.695713,16.070568],[120.696557,16.070306],[120.696554,16.070577],[120.69627,16.070845]]],[[[120.590861,16.06983],[120.590961,16.070915],[120.591233,16.071554],[120.591678,16.07183],[120.592062,16.072553],[120.592061,16.072647],[120.591945,16.072917],[120.591685,16.073232],[120.591745,16.073362],[120.591776,16.073422],[120.591798,16.073453],[120.592052,16.073834],[120.592095,16.073908],[120.592095,16.073909],[120.592143,16.073991],[120.592148,16.073999],[120.592415,16.074453],[120.592323,16.074543],[120.592322,16.074633],[120.59232,16.074814],[120.592226,16.074903],[120.591944,16.07499],[120.591497,16.073359],[120.591494,16.072817],[120.590876,16.071976],[120.59,16.071806],[120.59,16.070722],[120.590861,16.06983]]],[[[120.632443,16.07093],[120.632163,16.070927],[120.632166,16.070656],[120.632443,16.07093]]],[[[120.682534,16.070968],[120.682808,16.071513],[120.682805,16.071784],[120.682522,16.072052],[120.682241,16.072049],[120.681974,16.070962],[120.681413,16.070956],[120.681697,16.070688],[120.682534,16.070968]]],[[[120.683098,16.070703],[120.683375,16.070977],[120.682534,16.070968],[120.683098,16.070703]]],[[[120.665797,16.071025],[120.665507,16.071835],[120.665517,16.071022],[120.665797,16.071025]]],[[[120.652631,16.070339],[120.653192,16.070345],[120.652622,16.071152],[120.652631,16.070339]]],[[[120.632443,16.07093],[120.632723,16.070933],[120.63272,16.071204],[120.632437,16.071472],[120.63244,16.071201],[120.632443,16.07093]]],[[[120.697385,16.071399],[120.697379,16.071941],[120.697099,16.071938],[120.697105,16.071396],[120.697385,16.071399]]],[[[120.68477,16.071534],[120.684767,16.071805],[120.68449,16.071531],[120.68477,16.071534]]],[[[120.685047,16.071808],[120.684764,16.072076],[120.684767,16.071805],[120.685047,16.071808]]],[[[120.669431,16.071878],[120.669425,16.07242],[120.669141,16.072688],[120.669138,16.072959],[120.669132,16.073501],[120.669122,16.074314],[120.669399,16.074588],[120.669396,16.074859],[120.669393,16.07513],[120.669384,16.075943],[120.6691,16.076211],[120.667982,16.075928],[120.667989,16.075386],[120.668011,16.073489],[120.668291,16.073492],[120.668297,16.07295],[120.668587,16.07214],[120.66887,16.071872],[120.668874,16.071601],[120.669431,16.071878]]],[[[120.649809,16.071934],[120.649784,16.074102],[120.649497,16.074641],[120.649488,16.075454],[120.649208,16.075451],[120.649217,16.074638],[120.649507,16.073828],[120.649523,16.072473],[120.649526,16.072202],[120.649529,16.071931],[120.649809,16.071934]]],[[[120.705227,16.072026],[120.705223,16.072297],[120.70522,16.072568],[120.704937,16.072836],[120.704925,16.07392],[120.704644,16.073917],[120.704367,16.073643],[120.70409,16.073369],[120.704657,16.072833],[120.704946,16.072023],[120.705227,16.072026]]],[[[120.616736,16.07184],[120.616739,16.071569],[120.617026,16.07103],[120.61759,16.070765],[120.61815,16.070771],[120.61786,16.071581],[120.61729,16.072388],[120.616163,16.072917],[120.615882,16.072914],[120.615609,16.072369],[120.615612,16.072098],[120.615615,16.071827],[120.616459,16.071565],[120.616456,16.071836],[120.616736,16.07184]]],[[[120.676995,16.072231],[120.677272,16.072505],[120.676985,16.073044],[120.676976,16.073857],[120.676967,16.07467],[120.676963,16.074941],[120.67696,16.075212],[120.677234,16.075757],[120.677231,16.076028],[120.677493,16.077657],[120.677209,16.077925],[120.677203,16.078467],[120.678321,16.07875],[120.678595,16.079295],[120.678872,16.079569],[120.678579,16.08065],[120.677474,16.079283],[120.676916,16.079006],[120.676072,16.079268],[120.675515,16.078991],[120.675518,16.07872],[120.675808,16.07791],[120.676368,16.077916],[120.676384,16.076561],[120.676387,16.07629],[120.676954,16.075754],[120.676113,16.075745],[120.675836,16.075471],[120.675556,16.075468],[120.675553,16.075739],[120.67583,16.076013],[120.674709,16.076001],[120.674702,16.076543],[120.674139,16.076808],[120.674142,16.076537],[120.674145,16.076266],[120.673868,16.075992],[120.673591,16.075718],[120.673613,16.073821],[120.673893,16.073824],[120.674444,16.074643],[120.674454,16.07383],[120.675014,16.073836],[120.67418,16.073285],[120.67503,16.072481],[120.676431,16.072496],[120.67588,16.071677],[120.676727,16.071144],[120.676718,16.071957],[120.676995,16.072231]]],[[[120.699114,16.067353],[120.699403,16.066543],[120.6994,16.066814],[120.699397,16.067085],[120.699114,16.067353]]],[[[120.699338,16.072233],[120.699612,16.072778],[120.699051,16.072772],[120.699042,16.073585],[120.698752,16.074395],[120.698743,16.075208],[120.697902,16.075199],[120.697896,16.075741],[120.697332,16.076006],[120.697329,16.076277],[120.697049,16.076274],[120.696769,16.076271],[120.696759,16.077084],[120.696756,16.077355],[120.696753,16.077626],[120.696189,16.077891],[120.695915,16.077346],[120.695644,16.07653],[120.696205,16.076536],[120.696495,16.075726],[120.696781,16.075187],[120.697064,16.074919],[120.697068,16.074648],[120.698186,16.074931],[120.698192,16.074389],[120.697071,16.074377],[120.697641,16.07357],[120.697644,16.073299],[120.698485,16.073308],[120.69793,16.07276],[120.697936,16.072218],[120.69794,16.071947],[120.699344,16.071691],[120.699338,16.072233]]],[[[120.610017,16.071223],[120.610857,16.071232],[120.610854,16.071503],[120.610851,16.071774],[120.610571,16.071771],[120.610017,16.071223]]],[[[120.70916,16.071255],[120.709157,16.071526],[120.709147,16.072339],[120.709138,16.073152],[120.709135,16.073423],[120.709132,16.073694],[120.708291,16.073685],[120.7083,16.072872],[120.70774,16.072866],[120.708026,16.072327],[120.70831,16.072059],[120.708319,16.071246],[120.70916,16.071255]]],[[[120.684764,16.072076],[120.684474,16.072886],[120.684191,16.073154],[120.684458,16.074241],[120.683621,16.073961],[120.683627,16.073419],[120.683911,16.073151],[120.6842,16.072341],[120.684764,16.072076]]],[[[120.633545,16.072568],[120.633542,16.072839],[120.633261,16.072836],[120.633265,16.072565],[120.633545,16.072568]]],[[[120.665218,16.072645],[120.665208,16.073458],[120.664934,16.072913],[120.664937,16.072642],[120.665218,16.072645]]],[[[120.592229,16.072649],[120.592226,16.072826],[120.592059,16.072824],[120.592061,16.072647],[120.592229,16.072649]]],[[[120.669425,16.07242],[120.669705,16.072423],[120.669421,16.072691],[120.669425,16.07242]]],[[[120.691484,16.072691],[120.691481,16.072962],[120.690637,16.073224],[120.69064,16.072953],[120.690649,16.07214],[120.691487,16.07242],[120.691484,16.072691]]],[[[120.622054,16.072441],[120.622058,16.07217],[120.622615,16.072447],[120.622054,16.072441]]],[[[120.622615,16.072447],[120.622895,16.07245],[120.622612,16.072718],[120.622615,16.072447]]],[[[120.654284,16.072797],[120.654281,16.073068],[120.653997,16.073335],[120.653437,16.073329],[120.653443,16.072787],[120.653724,16.07279],[120.654284,16.072797]]],[[[120.638612,16.070727],[120.639459,16.070194],[120.639456,16.070465],[120.638889,16.071001],[120.638609,16.070998],[120.638612,16.070727]]],[[[120.662692,16.072889],[120.662695,16.072618],[120.662975,16.072621],[120.662689,16.07316],[120.662692,16.072889]]],[[[120.631574,16.073359],[120.63129,16.073627],[120.631293,16.073356],[120.631574,16.073359]]],[[[120.658762,16.073388],[120.658475,16.073927],[120.658482,16.073385],[120.658762,16.073388]]],[[[120.696249,16.072742],[120.696245,16.073013],[120.695965,16.07301],[120.696249,16.072742]]],[[[120.695679,16.073549],[120.695959,16.073552],[120.696519,16.073558],[120.696513,16.0741],[120.695953,16.074094],[120.695666,16.074633],[120.695389,16.074359],[120.694829,16.074353],[120.693707,16.074341],[120.693717,16.073528],[120.694838,16.07354],[120.695398,16.073546],[120.695679,16.073549]]],[[[120.705488,16.073655],[120.705485,16.073926],[120.705214,16.07311],[120.705775,16.073116],[120.705772,16.073387],[120.705488,16.073655]]],[[[120.685589,16.07344],[120.685592,16.073169],[120.686153,16.073175],[120.686146,16.073717],[120.685866,16.073714],[120.685589,16.07344]]],[[[120.664925,16.073726],[120.664918,16.074268],[120.664638,16.074265],[120.664644,16.073723],[120.664925,16.073726]]],[[[120.691191,16.073772],[120.691185,16.074314],[120.690905,16.074311],[120.690908,16.07404],[120.690911,16.073769],[120.691191,16.073772]]],[[[120.677256,16.07386],[120.676973,16.074128],[120.676976,16.073857],[120.677256,16.07386]]],[[[120.662399,16.073969],[120.662116,16.074237],[120.662119,16.073966],[120.662399,16.073969]]],[[[120.620676,16.070528],[120.620956,16.070531],[120.621507,16.071351],[120.622067,16.071357],[120.622341,16.071902],[120.621781,16.071896],[120.621784,16.071625],[120.620386,16.071338],[120.620112,16.070793],[120.620676,16.070528]]],[[[120.619275,16.070513],[120.619548,16.071058],[120.618704,16.071319],[120.618431,16.070774],[120.619275,16.070513]]],[[[120.618134,16.072126],[120.618137,16.071855],[120.618978,16.071865],[120.618134,16.072126]]],[[[120.701558,16.074154],[120.701272,16.074693],[120.701278,16.074151],[120.701558,16.074154]]],[[[120.701561,16.073883],[120.701838,16.074157],[120.701558,16.074154],[120.701561,16.073883]]],[[[120.654552,16.073884],[120.654829,16.074158],[120.654548,16.074155],[120.654552,16.073884]]],[[[120.645857,16.07433],[120.645854,16.074601],[120.645577,16.074327],[120.645857,16.07433]]],[[[120.647542,16.074078],[120.647822,16.074081],[120.647539,16.074349],[120.647542,16.074078]]],[[[120.705199,16.074465],[120.705195,16.074736],[120.704626,16.075543],[120.704638,16.074459],[120.704361,16.074185],[120.705199,16.074465]]],[[[120.705482,16.074197],[120.705479,16.074468],[120.705199,16.074465],[120.705482,16.074197]]],[[[120.707444,16.074218],[120.707721,16.074492],[120.707441,16.074489],[120.707444,16.074218]]],[[[120.648096,16.074626],[120.648093,16.074897],[120.646969,16.075155],[120.646688,16.075152],[120.646131,16.074875],[120.647813,16.074894],[120.647816,16.074623],[120.648096,16.074626]]],[[[120.654826,16.074429],[120.654829,16.074158],[120.655106,16.074432],[120.654826,16.074429]]],[[[120.680528,16.074741],[120.680522,16.075282],[120.681086,16.075018],[120.681366,16.075021],[120.681924,16.075298],[120.681917,16.07584],[120.68108,16.07556],[120.679955,16.075818],[120.679681,16.075273],[120.679688,16.074731],[120.680251,16.074466],[120.680528,16.074741]]],[[[120.708559,16.074772],[120.707428,16.075573],[120.707721,16.074492],[120.708285,16.074227],[120.708559,16.074772]]],[[[120.691179,16.074856],[120.691456,16.07513],[120.691169,16.075669],[120.690892,16.075395],[120.690618,16.07485],[120.691179,16.074856]]],[[[120.651456,16.074934],[120.651453,16.075205],[120.650892,16.075199],[120.650896,16.074928],[120.651456,16.074934]]],[[[120.68501,16.07506],[120.685003,16.075602],[120.684443,16.075596],[120.684446,16.075325],[120.684455,16.074512],[120.685013,16.074789],[120.68501,16.07506]]],[[[120.650892,16.075199],[120.650889,16.07547],[120.650609,16.075466],[120.650612,16.075195],[120.650892,16.075199]]],[[[120.652577,16.074946],[120.652574,16.075217],[120.652294,16.075214],[120.652297,16.074943],[120.652577,16.074946]]],[[[120.628471,16.074951],[120.628752,16.074954],[120.628748,16.075225],[120.628468,16.075222],[120.628471,16.074951]]],[[[120.655099,16.074974],[120.655103,16.074703],[120.65538,16.074977],[120.655099,16.074974]]],[[[120.652574,16.075217],[120.652854,16.07522],[120.652851,16.075491],[120.652571,16.075488],[120.652574,16.075217]]],[[[120.653412,16.075497],[120.653408,16.075768],[120.652851,16.075491],[120.653412,16.075497]]],[[[120.704626,16.075543],[120.704622,16.075814],[120.704342,16.075811],[120.704345,16.07554],[120.704626,16.075543]]],[[[120.683885,16.075319],[120.684166,16.075322],[120.684163,16.075593],[120.683882,16.07559],[120.683885,16.075319]]],[[[120.683882,16.07559],[120.683879,16.075861],[120.68415,16.076677],[120.683309,16.076668],[120.683312,16.076397],[120.683315,16.076126],[120.683602,16.075587],[120.683882,16.07559]]],[[[120.693695,16.075425],[120.693689,16.075967],[120.693128,16.075961],[120.693131,16.07569],[120.693695,16.075425]]],[[[120.64416,16.075666],[120.643879,16.075663],[120.643883,16.075392],[120.64416,16.075666]]],[[[120.69537,16.075985],[120.695087,16.076253],[120.69509,16.075982],[120.69537,16.075985]]],[[[120.698453,16.076018],[120.69873,16.076292],[120.698727,16.076563],[120.698441,16.077102],[120.698167,16.076557],[120.69817,16.076286],[120.698173,16.076015],[120.698453,16.076018]]],[[[120.698173,16.076015],[120.697893,16.076012],[120.697896,16.075741],[120.698173,16.076015]]],[[[120.602952,16.076022],[120.602949,16.076293],[120.602672,16.076019],[120.602952,16.076022]]],[[[120.653966,16.076045],[120.653963,16.076316],[120.653682,16.076313],[120.653685,16.076042],[120.653966,16.076045]]],[[[120.593052,16.076087],[120.593145,16.076178],[120.59333,16.07627],[120.593703,16.076365],[120.594166,16.076732],[120.594255,16.077094],[120.593971,16.077362],[120.59397,16.077452],[120.594152,16.077906],[120.594429,16.07818],[120.594413,16.079444],[120.59404,16.07944],[120.593468,16.080337],[120.592163,16.080142],[120.591876,16.08068],[120.592514,16.081952],[120.592046,16.082037],[120.591775,16.081312],[120.590469,16.081116],[120.590457,16.08211],[120.59,16.082285],[120.59,16.079937],[120.590116,16.079396],[120.590954,16.079676],[120.591894,16.079145],[120.593016,16.079067],[120.593033,16.077712],[120.593411,16.077355],[120.592294,16.076981],[120.592308,16.075807],[120.592588,16.07581],[120.592408,16.075266],[120.593052,16.076087]]],[[[120.65817,16.076091],[120.657889,16.076088],[120.658173,16.07582],[120.65817,16.076091]]],[[[120.649478,16.076267],[120.649195,16.076535],[120.649198,16.076264],[120.649478,16.076267]]],[[[120.655924,16.076338],[120.655921,16.076609],[120.655641,16.076606],[120.655644,16.076335],[120.655924,16.076338]]],[[[120.686959,16.076165],[120.687236,16.076439],[120.686956,16.076436],[120.686959,16.076165]]],[[[120.667419,16.076192],[120.668536,16.076476],[120.668814,16.07675],[120.668524,16.07756],[120.669368,16.077298],[120.669635,16.078385],[120.669616,16.080011],[120.669881,16.081369],[120.66932,16.081363],[120.668766,16.080814],[120.668489,16.08054],[120.668486,16.080811],[120.668209,16.080537],[120.667928,16.080534],[120.667645,16.080802],[120.667623,16.082699],[120.667897,16.083244],[120.667617,16.083241],[120.667066,16.082422],[120.667069,16.082151],[120.667085,16.080796],[120.667088,16.080525],[120.667371,16.080257],[120.667658,16.079718],[120.667384,16.079173],[120.667387,16.078902],[120.667107,16.078899],[120.666826,16.078896],[120.666552,16.078351],[120.666836,16.078083],[120.666839,16.077812],[120.667119,16.077815],[120.66739,16.078631],[120.667409,16.077005],[120.667415,16.076463],[120.667419,16.076192]]],[[[120.669094,16.076753],[120.668814,16.07675],[120.668817,16.076479],[120.669097,16.076482],[120.669094,16.076753]]],[[[120.651717,16.076563],[120.651714,16.076834],[120.651434,16.076831],[120.651437,16.07656],[120.651717,16.076563]]],[[[120.626774,16.076287],[120.626771,16.076558],[120.62649,16.076555],[120.626494,16.076284],[120.626774,16.076287]]],[[[120.704594,16.078252],[120.704308,16.078791],[120.704028,16.078788],[120.703744,16.079056],[120.703458,16.079595],[120.703174,16.079863],[120.703168,16.080405],[120.702885,16.080673],[120.702882,16.080944],[120.703156,16.081489],[120.703153,16.08176],[120.702589,16.082025],[120.702601,16.080941],[120.702321,16.080938],[120.702041,16.080935],[120.702324,16.080667],[120.70234,16.079312],[120.702907,16.078776],[120.70319,16.078508],[120.703196,16.077966],[120.703483,16.077427],[120.704046,16.077162],[120.704053,16.07662],[120.704619,16.076085],[120.704607,16.077168],[120.70432,16.077707],[120.704317,16.077978],[120.704594,16.078252]]],[[[120.610235,16.076374],[120.609672,16.076639],[120.609391,16.076636],[120.609111,16.076633],[120.609114,16.076362],[120.609678,16.076097],[120.610235,16.076374]]],[[[120.610512,16.076648],[120.610232,16.076645],[120.610235,16.076374],[120.610512,16.076648]]],[[[120.610793,16.076651],[120.610789,16.076922],[120.610509,16.076919],[120.610512,16.076648],[120.610793,16.076651]]],[[[120.687236,16.076439],[120.688074,16.076719],[120.688061,16.077803],[120.687781,16.0778],[120.687504,16.077526],[120.687233,16.07671],[120.687236,16.076439]]],[[[120.655918,16.07688],[120.655909,16.077693],[120.655628,16.07769],[120.655638,16.076877],[120.655918,16.07688]]],[[[120.686672,16.076704],[120.686669,16.076975],[120.686389,16.076972],[120.686672,16.076704]]],[[[120.665727,16.076987],[120.665447,16.076984],[120.665731,16.076716],[120.665727,16.076987]]],[[[120.644714,16.076215],[120.644991,16.076489],[120.644711,16.076486],[120.644714,16.076215]]],[[[120.609945,16.077184],[120.609942,16.077455],[120.609662,16.077452],[120.609665,16.077181],[120.609945,16.077184]]],[[[120.609949,16.076913],[120.610232,16.076645],[120.610229,16.076916],[120.610226,16.077187],[120.609945,16.077184],[120.609949,16.076913]]],[[[120.694794,16.077334],[120.694508,16.077873],[120.694495,16.078957],[120.693654,16.078948],[120.693664,16.078135],[120.693667,16.077864],[120.693953,16.077325],[120.694523,16.076518],[120.694794,16.077334]]],[[[120.701801,16.077409],[120.701518,16.077677],[120.701521,16.077406],[120.701801,16.077409]]],[[[120.634344,16.0761],[120.634624,16.076103],[120.634341,16.076371],[120.634344,16.0761]]],[[[120.626284,16.07032],[120.625443,16.07031],[120.62629,16.069778],[120.626284,16.07032]]],[[[120.684147,16.076948],[120.684421,16.077493],[120.684141,16.07749],[120.684147,16.076948]]],[[[120.616958,16.07672],[120.616955,16.076991],[120.616678,16.076717],[120.616681,16.076446],[120.616958,16.07672]]],[[[120.617516,16.076997],[120.617235,16.076994],[120.617238,16.076723],[120.617516,16.076997]]],[[[120.618073,16.077275],[120.61807,16.077546],[120.617516,16.076997],[120.618073,16.077275]]],[[[120.61892,16.076742],[120.620041,16.076755],[120.619754,16.077293],[120.621156,16.077309],[120.621146,16.078122],[120.620585,16.078116],[120.620308,16.077842],[120.619471,16.077561],[120.618627,16.077823],[120.618066,16.077817],[120.61807,16.077546],[120.618353,16.077278],[120.61891,16.077555],[120.61892,16.076742]]],[[[120.616401,16.076443],[120.615277,16.076701],[120.615844,16.076166],[120.615573,16.07535],[120.616134,16.075356],[120.616401,16.076443]]],[[[120.648905,16.077345],[120.648895,16.078158],[120.648615,16.078155],[120.648628,16.077071],[120.648631,16.0768],[120.648905,16.077345]]],[[[120.696189,16.077891],[120.695906,16.078159],[120.695909,16.077888],[120.696189,16.077891]]],[[[120.655905,16.077964],[120.655902,16.078235],[120.655622,16.078232],[120.655625,16.077961],[120.655905,16.077964]]],[[[120.684975,16.078041],[120.684972,16.078312],[120.684689,16.07858],[120.684402,16.079119],[120.684122,16.079116],[120.684415,16.078035],[120.684421,16.077493],[120.684981,16.077499],[120.684975,16.078041]]],[[[120.68638,16.077785],[120.686099,16.077782],[120.686102,16.077511],[120.68638,16.077785]]],[[[120.687217,16.078065],[120.687494,16.078339],[120.687775,16.078342],[120.687772,16.078613],[120.686931,16.078604],[120.687198,16.079691],[120.686638,16.079685],[120.686364,16.07914],[120.68638,16.077785],[120.687217,16.078065]]],[[[120.706868,16.075567],[120.707142,16.076112],[120.706289,16.077187],[120.705725,16.077451],[120.705451,16.076906],[120.706018,16.076371],[120.706021,16.0761],[120.706862,16.076109],[120.706868,16.075567]]],[[[120.706588,16.075564],[120.706591,16.075293],[120.706868,16.075567],[120.706588,16.075564]]],[[[120.648612,16.078426],[120.648609,16.078697],[120.648048,16.07869],[120.648051,16.078419],[120.648615,16.078155],[120.648612,16.078426]]],[[[120.688338,16.078077],[120.688335,16.078348],[120.689456,16.07836],[120.690011,16.078908],[120.690008,16.079179],[120.689164,16.079441],[120.688883,16.079438],[120.688326,16.079161],[120.688052,16.078616],[120.688338,16.078077]]],[[[120.692817,16.078668],[120.692813,16.078939],[120.692533,16.078936],[120.692536,16.078665],[120.692817,16.078668]]],[[[120.696183,16.078433],[120.69618,16.078704],[120.6959,16.078701],[120.696183,16.078433]]],[[[120.648325,16.078965],[120.648319,16.079506],[120.648045,16.078961],[120.648325,16.078965]]],[[[120.648045,16.078961],[120.647768,16.078687],[120.648048,16.07869],[120.648045,16.078961]]],[[[120.65337,16.07902],[120.653364,16.079562],[120.653084,16.079559],[120.65309,16.079017],[120.65337,16.07902]]],[[[120.653093,16.078746],[120.653096,16.078475],[120.653373,16.078749],[120.653093,16.078746]]],[[[120.631229,16.078776],[120.63179,16.078782],[120.631786,16.079053],[120.632067,16.079056],[120.631783,16.079324],[120.63178,16.079595],[120.63234,16.079601],[120.632337,16.079872],[120.632054,16.08014],[120.631774,16.080137],[120.631213,16.080131],[120.631216,16.07986],[120.630933,16.080128],[120.630652,16.080125],[120.630372,16.080121],[120.629812,16.080115],[120.629815,16.079844],[120.629254,16.079838],[120.628981,16.079293],[120.629264,16.079025],[120.630105,16.079034],[120.630662,16.079312],[120.630946,16.079044],[120.631229,16.078776]]],[[[120.63207,16.078785],[120.633188,16.079069],[120.632067,16.079056],[120.63207,16.078785]]],[[[120.686364,16.07914],[120.686358,16.079682],[120.686355,16.079953],[120.686625,16.080769],[120.686622,16.08104],[120.686619,16.081311],[120.686068,16.080492],[120.685791,16.080218],[120.6858,16.079405],[120.686084,16.079137],[120.686364,16.07914]]],[[[120.694212,16.079225],[120.694199,16.080309],[120.694476,16.080583],[120.694747,16.081399],[120.694741,16.081941],[120.694738,16.082212],[120.69362,16.081929],[120.693632,16.080845],[120.693916,16.080577],[120.693919,16.080306],[120.693922,16.080035],[120.693645,16.079761],[120.693651,16.079219],[120.694212,16.079225]]],[[[120.627309,16.078461],[120.628149,16.078471],[120.628423,16.079016],[120.627863,16.07901],[120.627309,16.078461]]],[[[120.628423,16.079016],[120.628981,16.079293],[120.62842,16.079287],[120.628423,16.079016]]],[[[120.70542,16.079616],[120.705139,16.079613],[120.705143,16.079342],[120.705423,16.079345],[120.70542,16.079616]]],[[[120.638229,16.079395],[120.638226,16.079666],[120.637666,16.07966],[120.637382,16.079928],[120.637102,16.079925],[120.636535,16.080461],[120.635134,16.080445],[120.634853,16.080442],[120.634856,16.080171],[120.635137,16.080174],[120.63542,16.079906],[120.635704,16.079638],[120.636544,16.079648],[120.637108,16.079383],[120.637388,16.079386],[120.638229,16.079395]]],[[[120.690845,16.07946],[120.690282,16.079724],[120.690008,16.079179],[120.690845,16.07946]]],[[[120.682434,16.07964],[120.682431,16.079911],[120.68187,16.079904],[120.682154,16.079637],[120.682434,16.07964]]],[[[120.641589,16.079703],[120.642987,16.07999],[120.643548,16.079996],[120.644659,16.080821],[120.644937,16.081095],[120.645214,16.081369],[120.64521,16.08164],[120.645488,16.081914],[120.645765,16.082189],[120.645761,16.08246],[120.645478,16.082727],[120.645201,16.082453],[120.644924,16.082179],[120.644647,16.081905],[120.64437,16.081631],[120.644093,16.081357],[120.643812,16.081354],[120.643535,16.08108],[120.643255,16.081077],[120.642698,16.0808],[120.64186,16.080519],[120.64158,16.080516],[120.641299,16.080513],[120.641019,16.08051],[120.640736,16.080778],[120.640455,16.080775],[120.639615,16.080766],[120.639054,16.080759],[120.638777,16.080485],[120.637943,16.079934],[120.638787,16.079672],[120.639064,16.079947],[120.639344,16.07995],[120.640185,16.079959],[120.641309,16.0797],[120.641589,16.079703]]],[[[120.667103,16.07917],[120.667384,16.079173],[120.667377,16.079715],[120.667371,16.080257],[120.667091,16.080254],[120.667094,16.079983],[120.667097,16.079712],[120.667103,16.07917]]],[[[120.617486,16.079436],[120.617209,16.079162],[120.61749,16.079165],[120.617486,16.079436]]],[[[120.67046,16.079749],[120.670457,16.08002],[120.670177,16.080017],[120.67018,16.079746],[120.67046,16.079749]]],[[[120.669658,16.076488],[120.670501,16.076226],[120.670492,16.077039],[120.669925,16.077575],[120.669658,16.076488]]],[[[120.697569,16.079803],[120.697566,16.080074],[120.697285,16.080071],[120.697292,16.079529],[120.697569,16.079803]]],[[[120.698976,16.079276],[120.698973,16.079547],[120.698693,16.079544],[120.698696,16.079273],[120.698976,16.079276]]],[[[120.635143,16.079632],[120.635423,16.079635],[120.63542,16.079906],[120.63514,16.079903],[120.635143,16.079632]]],[[[120.63486,16.0799],[120.634856,16.080171],[120.634296,16.080165],[120.634022,16.07962],[120.633184,16.07934],[120.633188,16.079069],[120.634586,16.079355],[120.634583,16.079626],[120.63486,16.0799]]],[[[120.661208,16.079919],[120.661489,16.079922],[120.661485,16.080193],[120.660925,16.080187],[120.660928,16.079916],[120.661208,16.079919]]],[[[120.662329,16.079931],[120.661766,16.080196],[120.661769,16.079925],[120.662049,16.079928],[120.662329,16.079931]]],[[[120.647755,16.079771],[120.647472,16.080039],[120.647188,16.080307],[120.647185,16.080578],[120.646902,16.080846],[120.646905,16.080575],[120.646911,16.080033],[120.647198,16.079494],[120.647755,16.079771]]],[[[120.648313,16.080048],[120.648029,16.080316],[120.648032,16.080045],[120.648313,16.080048]]],[[[120.697285,16.080071],[120.697282,16.080342],[120.697279,16.080613],[120.696999,16.08061],[120.697005,16.080068],[120.697285,16.080071]]],[[[120.6528,16.079827],[120.653084,16.079559],[120.65308,16.07983],[120.6528,16.079827]]],[[[120.628404,16.080642],[120.628124,16.080638],[120.627847,16.080364],[120.627286,16.080358],[120.626722,16.080623],[120.626162,16.080617],[120.625044,16.080333],[120.62505,16.079791],[120.627573,16.079819],[120.628133,16.079826],[120.628691,16.080103],[120.628404,16.080642]]],[[[120.70149,16.080116],[120.701486,16.080387],[120.701209,16.080113],[120.70149,16.080116]]],[[[120.701493,16.079845],[120.70177,16.080119],[120.70149,16.080116],[120.701493,16.079845]]],[[[120.660084,16.080178],[120.659804,16.080175],[120.660087,16.079907],[120.660084,16.080178]]],[[[120.660367,16.07991],[120.660648,16.079913],[120.660645,16.080184],[120.660364,16.080181],[120.660367,16.07991]]],[[[120.632054,16.08014],[120.632891,16.08042],[120.632331,16.080414],[120.632051,16.080411],[120.632054,16.08014]]],[[[120.634293,16.080436],[120.633729,16.080701],[120.633449,16.080698],[120.633455,16.080156],[120.633735,16.080159],[120.634296,16.080165],[120.634293,16.080436]]],[[[120.614752,16.073714],[120.615032,16.073718],[120.614748,16.073985],[120.614752,16.073714]]],[[[120.612806,16.072338],[120.612526,16.072335],[120.612529,16.072064],[120.612806,16.072338]]],[[[120.61422,16.071269],[120.615061,16.071279],[120.615055,16.071821],[120.61422,16.071269]]],[[[120.610303,16.070684],[120.610584,16.070687],[120.61058,16.070958],[120.610303,16.070684]]],[[[120.611134,16.071506],[120.611138,16.071235],[120.611415,16.071509],[120.611134,16.071506]]],[[[120.612216,16.07477],[120.61278,16.074506],[120.613618,16.074786],[120.613611,16.075328],[120.61249,16.075315],[120.612216,16.07477]]],[[[120.60828,16.07581],[120.608283,16.075539],[120.609121,16.07582],[120.609114,16.076362],[120.60828,16.07581]]],[[[120.608283,16.075539],[120.608003,16.075536],[120.607449,16.074988],[120.60829,16.074997],[120.608283,16.075539]]],[[[120.613035,16.076676],[120.613031,16.076947],[120.612748,16.077215],[120.612754,16.076673],[120.613035,16.076676]]],[[[120.614152,16.07696],[120.614156,16.076689],[120.614713,16.076966],[120.614152,16.07696]]],[[[120.621404,16.080022],[120.621127,16.079748],[120.621407,16.079751],[120.621404,16.080022]]],[[[120.699805,16.080369],[120.700088,16.080101],[120.700085,16.080372],[120.699805,16.080369]]],[[[120.633168,16.080694],[120.632888,16.080691],[120.632891,16.08042],[120.633168,16.080694]]],[[[120.641016,16.080781],[120.641577,16.080787],[120.641573,16.081058],[120.641293,16.081055],[120.641013,16.081052],[120.640733,16.081049],[120.640736,16.080778],[120.641016,16.080781]]],[[[120.668766,16.080814],[120.668763,16.081085],[120.668486,16.080811],[120.668766,16.080814]]],[[[120.664001,16.080762],[120.664005,16.080491],[120.664282,16.080766],[120.664001,16.080762]]],[[[120.692228,16.081101],[120.692505,16.081375],[120.692496,16.082188],[120.691935,16.082182],[120.691938,16.081911],[120.691667,16.081095],[120.691948,16.081098],[120.692228,16.081101]]],[[[120.678579,16.08065],[120.679404,16.082014],[120.679675,16.08283],[120.679952,16.083104],[120.680229,16.083378],[120.680223,16.08392],[120.679943,16.083917],[120.679665,16.083643],[120.679388,16.083369],[120.679111,16.083095],[120.678837,16.08255],[120.678573,16.081192],[120.678579,16.08065]]],[[[120.702038,16.081206],[120.701757,16.081203],[120.702041,16.080935],[120.702038,16.081206]]],[[[120.646054,16.081379],[120.646322,16.082466],[120.646042,16.082463],[120.646045,16.082192],[120.645771,16.081647],[120.645774,16.081376],[120.646054,16.081379]]],[[[120.701754,16.081474],[120.701745,16.082287],[120.701462,16.082555],[120.701458,16.082826],[120.701455,16.083097],[120.701175,16.083094],[120.701188,16.08201],[120.701191,16.081739],[120.701757,16.081203],[120.701754,16.081474]]],[[[120.632879,16.081504],[120.633442,16.081239],[120.633436,16.081781],[120.632598,16.081501],[120.632879,16.081504]]],[[[120.647453,16.081665],[120.647176,16.081391],[120.647456,16.081394],[120.647453,16.081665]]],[[[120.647459,16.081123],[120.647465,16.080581],[120.647746,16.080584],[120.647739,16.081126],[120.647459,16.081123]]],[[[120.643806,16.081896],[120.643803,16.082167],[120.643522,16.082164],[120.643242,16.082161],[120.643245,16.08189],[120.643806,16.081896]]],[[[120.691387,16.081092],[120.69111,16.080818],[120.69139,16.080821],[120.691387,16.081092]]],[[[120.67576,16.081975],[120.675757,16.082246],[120.67548,16.081972],[120.675486,16.08143],[120.67576,16.081975]]],[[[120.65782,16.08205],[120.657816,16.082321],[120.657536,16.082318],[120.657539,16.082047],[120.65782,16.08205]]],[[[120.593821,16.082057],[120.594102,16.082061],[120.594375,16.082606],[120.594654,16.082699],[120.594747,16.082791],[120.594644,16.083602],[120.59334,16.083226],[120.593633,16.082146],[120.593263,16.08187],[120.593359,16.081691],[120.593544,16.081783],[120.593729,16.081966],[120.593821,16.082057]]],[[[120.642127,16.081606],[120.642688,16.081613],[120.642405,16.08188],[120.642124,16.081877],[120.642127,16.081606]]],[[[120.628385,16.082267],[120.628108,16.081993],[120.628388,16.081996],[120.628385,16.082267]]],[[[120.628945,16.082274],[120.628665,16.082271],[120.628668,16.082],[120.628945,16.082274]]],[[[120.703146,16.082302],[120.702863,16.08257],[120.702866,16.082299],[120.703146,16.082302]]],[[[120.687753,16.080239],[120.687756,16.079968],[120.688033,16.080242],[120.687753,16.080239]]],[[[120.688569,16.082416],[120.68855,16.084042],[120.688269,16.084039],[120.688288,16.082413],[120.688569,16.082416]]],[[[120.689693,16.082157],[120.689677,16.083512],[120.689954,16.083786],[120.689951,16.084057],[120.689387,16.084322],[120.6894,16.083238],[120.689126,16.082693],[120.689409,16.082425],[120.689413,16.082154],[120.689693,16.082157]]],[[[120.644083,16.08217],[120.64408,16.082441],[120.643803,16.082167],[120.644083,16.08217]]],[[[120.64464,16.082447],[120.644917,16.082721],[120.645475,16.082998],[120.645755,16.083001],[120.646319,16.082737],[120.646316,16.083008],[120.646312,16.083279],[120.646032,16.083276],[120.645465,16.083811],[120.645185,16.083808],[120.64435,16.083257],[120.644077,16.082712],[120.64408,16.082441],[120.64436,16.082444],[120.64464,16.082447]]],[[[120.630917,16.081483],[120.631477,16.081489],[120.631471,16.082031],[120.631191,16.082028],[120.630917,16.081483]]],[[[120.627837,16.081177],[120.628394,16.081455],[120.628114,16.081451],[120.627834,16.081448],[120.627837,16.081177]]],[[[120.597265,16.082733],[120.597005,16.08273],[120.596992,16.082188],[120.597265,16.082733]]],[[[120.694735,16.082483],[120.694448,16.083022],[120.694445,16.083293],[120.693885,16.083287],[120.693888,16.083016],[120.693891,16.082745],[120.694735,16.082483]]],[[[120.656689,16.082851],[120.656405,16.083118],[120.656409,16.082848],[120.656689,16.082851]]],[[[120.656692,16.08258],[120.656972,16.082583],[120.656969,16.082854],[120.656689,16.082851],[120.656692,16.08258]]],[[[120.612123,16.082628],[120.6124,16.082903],[120.612119,16.082899],[120.612123,16.082628]]],[[[120.697531,16.083055],[120.697528,16.083326],[120.697251,16.083052],[120.697257,16.08251],[120.697531,16.083055]]],[[[120.699777,16.082808],[120.699774,16.083079],[120.69921,16.083344],[120.699496,16.082805],[120.699515,16.081179],[120.700073,16.081456],[120.699789,16.081724],[120.699777,16.082808]]],[[[120.629776,16.083096],[120.629496,16.083093],[120.629499,16.082822],[120.629776,16.083096]]],[[[120.66145,16.083174],[120.660333,16.08289],[120.661454,16.082903],[120.66145,16.083174]]],[[[120.662014,16.082909],[120.662852,16.083189],[120.662011,16.08318],[120.662014,16.082909]]],[[[120.642395,16.082693],[120.642398,16.082422],[120.642675,16.082697],[120.642395,16.082693]]],[[[120.702013,16.083374],[120.702007,16.083916],[120.701726,16.083913],[120.701729,16.083642],[120.701733,16.083371],[120.702013,16.083374]]],[[[120.694442,16.083564],[120.694436,16.084106],[120.693875,16.0841],[120.693881,16.083558],[120.694442,16.083564]]],[[[120.628091,16.083348],[120.627811,16.083345],[120.628095,16.083077],[120.628091,16.083348]]],[[[120.628369,16.083622],[120.628365,16.083893],[120.628085,16.08389],[120.628088,16.083619],[120.628369,16.083622]]],[[[120.691356,16.083801],[120.691353,16.084072],[120.691072,16.084069],[120.691075,16.083798],[120.691356,16.083801]]],[[[120.669862,16.082995],[120.669582,16.082992],[120.669875,16.081911],[120.670142,16.082998],[120.669862,16.082995]]],[[[120.669853,16.083808],[120.669846,16.084349],[120.670126,16.084353],[120.67012,16.084895],[120.66984,16.084891],[120.669276,16.085156],[120.670111,16.085707],[120.670108,16.085978],[120.670095,16.087062],[120.669815,16.087059],[120.669534,16.087056],[120.669811,16.08733],[120.669808,16.087601],[120.670085,16.087875],[120.670082,16.088146],[120.67063,16.089236],[120.67007,16.08923],[120.670063,16.089772],[120.67034,16.090046],[120.670608,16.091133],[120.670054,16.090585],[120.6695,16.090037],[120.66921,16.090847],[120.668646,16.091112],[120.668085,16.091106],[120.668089,16.090835],[120.668369,16.090838],[120.668372,16.090567],[120.668375,16.090296],[120.668378,16.090025],[120.667818,16.090019],[120.667267,16.0892],[120.667834,16.088664],[120.667273,16.088658],[120.668136,16.08677],[120.668155,16.085144],[120.668716,16.08515],[120.668442,16.084605],[120.668445,16.084334],[120.668731,16.083795],[120.669566,16.084346],[120.669572,16.083804],[120.669853,16.083808]],[[120.668668,16.089215],[120.668665,16.089486],[120.668948,16.089218],[120.668668,16.089215]]],[[[120.62669,16.083333],[120.627251,16.083339],[120.626403,16.083872],[120.62669,16.083333]]],[[[120.671818,16.083558],[120.673216,16.083844],[120.67377,16.084392],[120.673773,16.084121],[120.674063,16.083311],[120.673792,16.082495],[120.674353,16.082501],[120.674617,16.083859],[120.675455,16.08414],[120.676009,16.084688],[120.676567,16.084965],[120.676847,16.084968],[120.677959,16.085793],[120.676834,16.086052],[120.676554,16.086049],[120.676,16.085501],[120.676003,16.08523],[120.675723,16.085227],[120.675719,16.085498],[120.675436,16.085765],[120.675149,16.086304],[120.674318,16.085482],[120.674038,16.085479],[120.674035,16.08575],[120.674031,16.086021],[120.674028,16.086292],[120.674293,16.08765],[120.674013,16.087647],[120.674016,16.087376],[120.673742,16.086831],[120.673465,16.086557],[120.673197,16.08547],[120.672913,16.085738],[120.672624,16.086548],[120.67234,16.086816],[120.67178,16.08681],[120.671802,16.084913],[120.671528,16.084368],[120.671531,16.084097],[120.671534,16.083826],[120.671818,16.083558]]],[[[120.671544,16.083013],[120.672107,16.082748],[120.671821,16.083287],[120.671544,16.083013]]],[[[120.603702,16.083618],[120.603418,16.083886],[120.603151,16.082799],[120.603438,16.08226],[120.603702,16.083618]]],[[[120.680506,16.083652],[120.681344,16.083932],[120.681621,16.084206],[120.681335,16.084745],[120.680777,16.084468],[120.680497,16.084465],[120.6805,16.084194],[120.680506,16.083652]]],[[[120.663963,16.084014],[120.664518,16.084562],[120.664515,16.084833],[120.66396,16.084285],[120.663963,16.084014]]],[[[120.640694,16.084301],[120.640411,16.084569],[120.64013,16.084566],[120.640134,16.084295],[120.640414,16.084298],[120.640694,16.084301]]],[[[120.664839,16.081043],[120.664559,16.08104],[120.664562,16.080769],[120.664842,16.080772],[120.664839,16.081043]]],[[[120.667897,16.083244],[120.668731,16.083795],[120.668448,16.084063],[120.667891,16.083786],[120.667897,16.083244]]],[[[120.691069,16.08434],[120.691066,16.084611],[120.690786,16.084608],[120.690789,16.084337],[120.691069,16.08434]]],[[[120.649102,16.084393],[120.648825,16.084119],[120.649106,16.084122],[120.649102,16.084393]]],[[[120.600632,16.0825],[120.600628,16.082771],[120.600065,16.083035],[120.600068,16.082765],[120.600632,16.0825]]],[[[120.601192,16.082506],[120.600919,16.081961],[120.601482,16.081696],[120.601479,16.081967],[120.601192,16.082506]]],[[[120.603418,16.083886],[120.603412,16.084428],[120.602851,16.084422],[120.602854,16.084151],[120.603418,16.083886]]],[[[120.659199,16.083962],[120.659479,16.083965],[120.659476,16.084236],[120.659196,16.084233],[120.659199,16.083962]]],[[[120.658912,16.084501],[120.658632,16.084498],[120.658915,16.08423],[120.658912,16.084501]]],[[[120.65695,16.08448],[120.657791,16.084489],[120.657788,16.08476],[120.656947,16.084751],[120.65695,16.08448]]],[[[120.682736,16.084761],[120.683013,16.085035],[120.682453,16.085029],[120.682456,16.084758],[120.682736,16.084761]]],[[[120.658071,16.084492],[120.658632,16.084498],[120.658629,16.084769],[120.658068,16.084763],[120.658071,16.084492]]],[[[120.689661,16.084867],[120.689658,16.085138],[120.689655,16.085409],[120.689652,16.08568],[120.689092,16.085674],[120.689381,16.084864],[120.689661,16.084867]]],[[[120.691063,16.084882],[120.690776,16.085421],[120.690499,16.085147],[120.690502,16.084876],[120.691063,16.084882]]],[[[120.695267,16.084928],[120.695264,16.085199],[120.694707,16.084922],[120.694993,16.084383],[120.695273,16.084386],[120.69527,16.084657],[120.695267,16.084928]]],[[[120.697229,16.084949],[120.697226,16.08522],[120.696946,16.085217],[120.696949,16.084946],[120.697229,16.084949]]],[[[120.699752,16.084976],[120.699468,16.085244],[120.699188,16.085241],[120.698911,16.084967],[120.698917,16.084425],[120.699204,16.083886],[120.699761,16.084163],[120.699752,16.084976]]],[[[120.655546,16.084735],[120.655826,16.084738],[120.655823,16.085009],[120.655542,16.085006],[120.655546,16.084735]]],[[[120.684613,16.085084],[120.68461,16.085355],[120.683769,16.085345],[120.683772,16.085074],[120.684613,16.085084]]],[[[120.696946,16.085217],[120.696943,16.085488],[120.696656,16.086027],[120.696376,16.086024],[120.696666,16.085214],[120.696946,16.085217]]],[[[120.699188,16.085241],[120.698905,16.085509],[120.698908,16.085238],[120.699188,16.085241]]],[[[120.688534,16.085397],[120.688531,16.085668],[120.688251,16.085665],[120.688254,16.085394],[120.688534,16.085397]]],[[[120.700867,16.08553],[120.700583,16.085798],[120.700586,16.085527],[120.700867,16.08553]]],[[[120.663384,16.085634],[120.662266,16.085351],[120.663387,16.085363],[120.663384,16.085634]]],[[[120.663664,16.085637],[120.664225,16.085643],[120.664222,16.085914],[120.663384,16.085634],[120.663664,16.085637]]],[[[120.670668,16.085985],[120.670665,16.086256],[120.670662,16.086527],[120.670381,16.086523],[120.670388,16.085982],[120.670668,16.085985]]],[[[120.70058,16.086069],[120.700574,16.086611],[120.700294,16.086608],[120.7003,16.086066],[120.70058,16.086069]]],[[[120.630582,16.086086],[120.630579,16.086357],[120.630575,16.086628],[120.630572,16.086899],[120.630012,16.086893],[120.629738,16.086348],[120.629741,16.086077],[120.630582,16.086086]]],[[[120.613198,16.086435],[120.613202,16.086164],[120.613482,16.086167],[120.613756,16.086712],[120.613198,16.086435]]],[[[120.696373,16.086295],[120.696092,16.086292],[120.696376,16.086024],[120.696373,16.086295]]],[[[120.698618,16.086048],[120.698905,16.085509],[120.698895,16.086322],[120.698892,16.086593],[120.698609,16.086861],[120.698329,16.086858],[120.698332,16.086587],[120.698335,16.086316],[120.698618,16.086048]]],[[[120.639293,16.084285],[120.639296,16.084014],[120.639576,16.084017],[120.639573,16.084288],[120.639293,16.084285]]],[[[120.637079,16.081822],[120.63736,16.081825],[120.637076,16.082093],[120.637079,16.081822]]],[[[120.637598,16.085351],[120.637328,16.084535],[120.637057,16.083719],[120.63706,16.083448],[120.637334,16.083993],[120.638175,16.084002],[120.638162,16.085086],[120.637598,16.085351]]],[[[120.638465,16.083192],[120.638184,16.083189],[120.638188,16.082918],[120.638465,16.083192]]],[[[120.637305,16.086431],[120.637296,16.087244],[120.637015,16.087241],[120.637025,16.086428],[120.637305,16.086431]]],[[[120.684884,16.0859],[120.685164,16.085903],[120.685158,16.086445],[120.684878,16.086442],[120.684884,16.0859]]],[[[120.690484,16.086502],[120.69048,16.086773],[120.6902,16.08677],[120.690203,16.086499],[120.690484,16.086502]]],[[[120.626652,16.086584],[120.626648,16.086855],[120.626368,16.086852],[120.626371,16.086581],[120.626652,16.086584]]],[[[120.603112,16.086051],[120.603386,16.086596],[120.603382,16.086867],[120.603096,16.087406],[120.602538,16.087128],[120.602825,16.08659],[120.603112,16.086051]]],[[[120.677952,16.086335],[120.677672,16.086332],[120.677959,16.085793],[120.67908,16.085805],[120.679077,16.086076],[120.67851,16.086612],[120.67907,16.086618],[120.678497,16.087696],[120.677656,16.087687],[120.677659,16.087416],[120.677946,16.086877],[120.677949,16.086606],[120.677952,16.086335]]],[[[120.64487,16.086786],[120.645147,16.08706],[120.64514,16.087602],[120.645417,16.087876],[120.645414,16.088147],[120.645131,16.088415],[120.645124,16.088957],[120.644567,16.08868],[120.644287,16.088677],[120.644293,16.088135],[120.644576,16.087867],[120.64458,16.087596],[120.644583,16.087325],[120.644589,16.086783],[120.64487,16.086786]]],[[[120.675143,16.086846],[120.675134,16.087659],[120.674853,16.087656],[120.674863,16.086843],[120.675143,16.086846]]],[[[120.698329,16.086858],[120.698325,16.087129],[120.698045,16.087126],[120.698048,16.086855],[120.698329,16.086858]]],[[[120.680472,16.086633],[120.680752,16.086636],[120.680749,16.086907],[120.680469,16.086904],[120.680472,16.086633]]],[[[120.606749,16.086634],[120.606746,16.086904],[120.606726,16.08853],[120.607006,16.088533],[120.607,16.089075],[120.606997,16.089346],[120.606713,16.089614],[120.60671,16.089885],[120.60643,16.089882],[120.606452,16.087985],[120.606179,16.08744],[120.606185,16.086898],[120.606749,16.086634]]],[[[120.614026,16.087528],[120.613743,16.087796],[120.612315,16.089948],[120.612873,16.090225],[120.61315,16.090499],[120.61314,16.091312],[120.612586,16.090764],[120.612576,16.091577],[120.613127,16.092396],[120.612847,16.092393],[120.612019,16.0913],[120.611465,16.090751],[120.611481,16.089397],[120.611204,16.089122],[120.612048,16.088861],[120.612341,16.08778],[120.612902,16.087786],[120.612631,16.08697],[120.612912,16.086973],[120.613752,16.086983],[120.614026,16.087528]]],[[[120.596933,16.087065],[120.596366,16.087601],[120.596653,16.087062],[120.596933,16.087065]]],[[[120.696083,16.087105],[120.6958,16.087373],[120.695803,16.087102],[120.696083,16.087105]]],[[[120.660565,16.086958],[120.660842,16.087232],[120.660562,16.087229],[120.660565,16.086958]]],[[[120.697765,16.087123],[120.698045,16.087126],[120.698322,16.0874],[120.698319,16.087671],[120.697481,16.087391],[120.697765,16.087123]]],[[[120.654953,16.087439],[120.654676,16.087165],[120.654956,16.087168],[120.654953,16.087439]]],[[[120.655794,16.087448],[120.655791,16.087719],[120.655514,16.087445],[120.655794,16.087448]]],[[[120.684667,16.087492],[120.685218,16.088311],[120.685495,16.088585],[120.685772,16.088859],[120.685485,16.089398],[120.684922,16.089663],[120.684925,16.089392],[120.684648,16.089118],[120.684657,16.088305],[120.684093,16.08857],[120.68409,16.088841],[120.684087,16.089112],[120.683533,16.088564],[120.683256,16.08829],[120.683268,16.087206],[120.682427,16.087196],[120.682714,16.086658],[120.684112,16.086944],[120.684389,16.087218],[120.684667,16.087492]]],[[[120.637292,16.087515],[120.637289,16.087786],[120.637009,16.087783],[120.637012,16.087512],[120.637292,16.087515]]],[[[120.639541,16.086998],[120.639547,16.086456],[120.639821,16.087001],[120.639541,16.086998]]],[[[120.64515,16.086789],[120.644873,16.086515],[120.644876,16.086244],[120.645159,16.085976],[120.645166,16.085434],[120.645449,16.085166],[120.645462,16.084082],[120.646026,16.083818],[120.646019,16.084359],[120.646016,16.08463],[120.64657,16.085179],[120.64572,16.085982],[120.645714,16.086524],[120.64571,16.086795],[120.64515,16.086789]]],[[[120.646261,16.087614],[120.646258,16.087885],[120.645978,16.087882],[120.645981,16.087611],[120.646261,16.087614]]],[[[120.646831,16.086808],[120.647112,16.086811],[120.647096,16.088166],[120.646816,16.088162],[120.646828,16.087079],[120.646831,16.086808]]],[[[120.601694,16.08739],[120.601978,16.087122],[120.601975,16.087393],[120.601694,16.08739]]],[[[120.685706,16.087535],[120.686267,16.087541],[120.685703,16.087806],[120.685706,16.087535]]],[[[120.690188,16.087854],[120.690184,16.088125],[120.689898,16.088664],[120.689057,16.088655],[120.689063,16.088113],[120.689627,16.087848],[120.690188,16.087854]]],[[[120.646538,16.087888],[120.646535,16.088159],[120.646532,16.08843],[120.646255,16.088156],[120.646258,16.087885],[120.646538,16.087888]]],[[[120.693831,16.087893],[120.69299,16.087884],[120.692994,16.087613],[120.693831,16.087893]]],[[[120.672047,16.087897],[120.672044,16.088168],[120.672041,16.088439],[120.671761,16.088436],[120.671767,16.087894],[120.672047,16.087897]]],[[[120.59636,16.088049],[120.596353,16.088685],[120.596073,16.088682],[120.596076,16.088411],[120.59608,16.088046],[120.59636,16.088049]]],[[[120.661397,16.08778],[120.661674,16.088054],[120.661393,16.088051],[120.661397,16.08778]]],[[[120.674293,16.08765],[120.67457,16.087924],[120.674567,16.088195],[120.674287,16.088192],[120.674293,16.08765]]],[[[120.652144,16.08795],[120.652424,16.087953],[120.652421,16.088224],[120.652141,16.088221],[120.652144,16.08795]]],[[[120.646812,16.088433],[120.646806,16.088975],[120.647083,16.089249],[120.646793,16.090059],[120.646516,16.089785],[120.646519,16.089514],[120.646532,16.08843],[120.646812,16.088433]]],[[[120.681291,16.088539],[120.681565,16.089084],[120.681278,16.089623],[120.680721,16.089346],[120.680443,16.089072],[120.680166,16.088798],[120.679895,16.087982],[120.680456,16.087988],[120.68045,16.08853],[120.681013,16.088265],[120.681291,16.088539]]],[[[120.691019,16.088676],[120.690729,16.089486],[120.690452,16.089212],[120.690739,16.088673],[120.691019,16.088676]]],[[[120.633352,16.088827],[120.633349,16.089098],[120.633072,16.088824],[120.633352,16.088827]]],[[[120.63728,16.088599],[120.637557,16.088873],[120.637276,16.08887],[120.63728,16.088599]]],[[[120.666149,16.088916],[120.665317,16.088094],[120.666158,16.088104],[120.666439,16.088107],[120.666429,16.08892],[120.666149,16.088916]]],[[[120.623259,16.088986],[120.622976,16.089254],[120.622979,16.088983],[120.623259,16.088986]]],[[[120.602799,16.088757],[120.602802,16.088486],[120.603079,16.08876],[120.602799,16.088757]]],[[[120.619622,16.088403],[120.619616,16.088945],[120.619612,16.089216],[120.619332,16.089213],[120.619622,16.088403]]],[[[120.619893,16.089219],[120.619609,16.089487],[120.619612,16.089216],[120.619893,16.089219]]],[[[120.621574,16.089238],[120.621288,16.089777],[120.621011,16.089503],[120.621014,16.089232],[120.621574,16.089238]]],[[[120.69774,16.089291],[120.697737,16.089562],[120.697734,16.089833],[120.697453,16.08983],[120.697176,16.089556],[120.697185,16.088743],[120.69774,16.089291]]],[[[120.697752,16.088207],[120.697472,16.088204],[120.697475,16.087933],[120.697752,16.088207]]],[[[120.678485,16.08878],[120.678192,16.089861],[120.678198,16.089319],[120.678201,16.089048],[120.678485,16.08878]]],[[[120.607277,16.08935],[120.607274,16.08962],[120.60699,16.089888],[120.606993,16.089617],[120.606997,16.089346],[120.607277,16.08935]]],[[[120.694934,16.089531],[120.694653,16.089528],[120.69466,16.088986],[120.694934,16.089531]]],[[[120.599426,16.089532],[120.599129,16.090884],[120.598569,16.090878],[120.599149,16.089258],[120.599429,16.089262],[120.599426,16.089532]]],[[[120.653533,16.089049],[120.653536,16.088778],[120.653813,16.089052],[120.653533,16.089049]]],[[[120.63054,16.089609],[120.630537,16.08988],[120.630257,16.089877],[120.63026,16.089606],[120.63054,16.089609]]],[[[120.675679,16.08902],[120.676784,16.090387],[120.676504,16.090384],[120.675392,16.089559],[120.675398,16.089017],[120.675679,16.08902]]],[[[120.674828,16.089824],[120.675099,16.09064],[120.674816,16.090908],[120.674255,16.090902],[120.674258,16.090631],[120.674542,16.090363],[120.674548,16.089821],[120.674828,16.089824]]],[[[120.602506,16.089838],[120.602226,16.089835],[120.602229,16.089564],[120.602506,16.089838]]],[[[120.602786,16.089841],[120.603066,16.089844],[120.603347,16.089847],[120.603057,16.090657],[120.60278,16.090383],[120.602503,16.090109],[120.602506,16.089838],[120.602786,16.089841]]],[[[120.651845,16.089573],[120.652402,16.08985],[120.651841,16.089844],[120.651845,16.089573]]],[[[120.678192,16.089861],[120.678189,16.090132],[120.677908,16.090129],[120.677911,16.089858],[120.678192,16.089861]]],[[[120.60699,16.089888],[120.607548,16.090166],[120.607541,16.090708],[120.608098,16.090985],[120.608095,16.091256],[120.607254,16.091246],[120.607264,16.090433],[120.606703,16.090427],[120.60671,16.089885],[120.60699,16.089888]]],[[[120.657173,16.08936],[120.657183,16.088547],[120.657454,16.089363],[120.657173,16.08936]]],[[[120.657454,16.089363],[120.658291,16.089644],[120.658288,16.089915],[120.658285,16.090186],[120.657447,16.089905],[120.657454,16.089363]]],[[[120.68576,16.089943],[120.686037,16.090217],[120.685741,16.091569],[120.685457,16.091837],[120.685464,16.091295],[120.684903,16.091289],[120.684915,16.090205],[120.684919,16.089934],[120.68576,16.089943]]],[[[120.620727,16.089771],[120.620724,16.090042],[120.620444,16.090039],[120.620727,16.089771]]],[[[120.621004,16.090045],[120.620721,16.090313],[120.620724,16.090042],[120.621004,16.090045]]],[[[120.694367,16.090067],[120.694361,16.090609],[120.69408,16.090606],[120.694087,16.090064],[120.694367,16.090067]]],[[[120.651278,16.090109],[120.650997,16.090106],[120.651001,16.089835],[120.651281,16.089838],[120.651278,16.090109]]],[[[120.629132,16.090135],[120.629126,16.090677],[120.628852,16.090132],[120.629132,16.090135]]],[[[120.644828,16.090309],[120.644532,16.09166],[120.644812,16.091664],[120.644806,16.092206],[120.644248,16.091928],[120.643697,16.091109],[120.6437,16.090838],[120.643984,16.09057],[120.64399,16.090028],[120.644554,16.089764],[120.644551,16.090035],[120.644828,16.090309]]],[[[120.591576,16.090072],[120.591668,16.090163],[120.592413,16.090352],[120.592507,16.090353],[120.592973,16.090449],[120.59306,16.090992],[120.593802,16.091452],[120.5938,16.091542],[120.593771,16.093981],[120.594051,16.093984],[120.593668,16.094793],[120.593642,16.096961],[120.592992,16.096592],[120.592698,16.097763],[120.59279,16.097855],[120.594007,16.097688],[120.592969,16.098489],[120.592968,16.098579],[120.593062,16.09858],[120.593155,16.098581],[120.593192,16.098853],[120.593191,16.098854],[120.592857,16.100836],[120.592754,16.100835],[120.592662,16.100744],[120.592661,16.100834],[120.59163,16.101094],[120.591711,16.102088],[120.592548,16.102459],[120.591799,16.102541],[120.591886,16.103084],[120.591967,16.104078],[120.591953,16.105253],[120.592028,16.106789],[120.591935,16.106788],[120.59175,16.106605],[120.591564,16.106513],[120.591195,16.106147],[120.591024,16.10479],[120.590563,16.104334],[120.590377,16.104241],[120.59057,16.103701],[120.59,16.103153],[120.59,16.103062],[120.59,16.102972],[120.59,16.102882],[120.59,16.102611],[120.59,16.101707],[120.590038,16.101347],[120.590039,16.101256],[120.59,16.101075],[120.59,16.100443],[120.591171,16.100366],[120.59,16.099901],[120.59,16.098907],[120.590163,16.098728],[120.59007,16.098727],[120.59,16.098726],[120.59,16.096649],[120.590095,16.09665],[120.590281,16.096742],[120.590466,16.096835],[120.59056,16.096836],[120.590747,16.096838],[120.590932,16.09693],[120.591119,16.096932],[120.59112,16.096842],[120.591027,16.096841],[120.590935,16.09675],[120.590841,16.096749],[120.590748,16.096747],[120.590561,16.096745],[120.590467,16.096744],[120.590391,16.095298],[120.59031,16.094303],[120.590499,16.094125],[120.590764,16.095393],[120.591138,16.095397],[120.591231,16.095398],[120.591494,16.096846],[120.591596,16.096125],[120.591691,16.096035],[120.59196,16.096942],[120.592429,16.096766],[120.592432,16.096586],[120.592527,16.096406],[120.592914,16.095327],[120.592548,16.09469],[120.592549,16.0946],[120.592555,16.094058],[120.592837,16.093971],[120.592469,16.093515],[120.59239,16.092249],[120.591923,16.092244],[120.592287,16.093061],[120.591543,16.092782],[120.591546,16.092511],[120.591554,16.091878],[120.591557,16.091607],[120.59156,16.091337],[120.59,16.091048],[120.59,16.090867],[120.59,16.090596],[120.59,16.089693],[120.591018,16.089795],[120.59102,16.089704],[120.59139,16.08998],[120.591576,16.090072]],[[120.59306,16.090992],[120.592498,16.091076],[120.593143,16.091806],[120.59306,16.090992]]],[[[120.624087,16.090079],[120.62381,16.089805],[120.62409,16.089808],[120.624087,16.090079]]],[[[120.624367,16.090082],[120.624644,16.090356],[120.624364,16.090353],[120.624367,16.090082]]],[[[120.696893,16.089824],[120.697173,16.089827],[120.697167,16.090369],[120.696886,16.090366],[120.696893,16.089824]]],[[[120.678185,16.090403],[120.678462,16.090677],[120.67874,16.090951],[120.678733,16.091493],[120.67845,16.091761],[120.67844,16.092574],[120.67788,16.092568],[120.677883,16.092297],[120.678176,16.091216],[120.677905,16.0904],[120.678185,16.090403]]],[[[120.678189,16.090132],[120.678466,16.090406],[120.678185,16.090403],[120.678189,16.090132]]],[[[120.65352,16.090133],[120.653523,16.089862],[120.654644,16.089875],[120.654641,16.090146],[120.654361,16.090143],[120.654081,16.090139],[120.6538,16.090136],[120.65352,16.090133]]],[[[120.682399,16.089635],[120.682131,16.088548],[120.682689,16.088825],[120.682966,16.089099],[120.68352,16.089647],[120.683508,16.090731],[120.683498,16.091544],[120.682941,16.091267],[120.68267,16.090451],[120.682399,16.089635]]],[[[120.658842,16.090463],[120.658565,16.090189],[120.658845,16.090192],[120.658842,16.090463]]],[[[120.660247,16.090207],[120.660807,16.090213],[120.660804,16.090484],[120.660521,16.090752],[120.65996,16.090746],[120.659963,16.090475],[120.660247,16.090207]]],[[[120.597748,16.089243],[120.59719,16.088965],[120.597757,16.08843],[120.598038,16.088433],[120.598595,16.08871],[120.598585,16.089523],[120.598025,16.089517],[120.597748,16.089243]]],[[[120.598012,16.090601],[120.598285,16.091146],[120.598259,16.093313],[120.597128,16.094114],[120.597419,16.093304],[120.597435,16.091949],[120.5966,16.091398],[120.596604,16.091127],[120.596887,16.090859],[120.597171,16.090591],[120.598012,16.090601]]],[[[120.625482,16.090637],[120.625479,16.090908],[120.625199,16.090904],[120.625202,16.090634],[120.625205,16.090363],[120.625485,16.090366],[120.625482,16.090637]]],[[[120.694077,16.090877],[120.693797,16.090874],[120.69408,16.090606],[120.694077,16.090877]]],[[[120.675096,16.090911],[120.675093,16.091182],[120.674816,16.090908],[120.675096,16.090911]]],[[[120.661362,16.090761],[120.661645,16.090493],[120.661642,16.090764],[120.661362,16.090761]]],[[[120.661358,16.091032],[120.661081,16.090758],[120.661362,16.090761],[120.661358,16.091032]]],[[[120.694074,16.091148],[120.694071,16.091419],[120.69351,16.091413],[120.693514,16.091142],[120.693794,16.091145],[120.694074,16.091148]]],[[[120.680695,16.091514],[120.680415,16.091511],[120.680418,16.09124],[120.680699,16.091243],[120.680695,16.091514]]],[[[120.663317,16.091325],[120.66248,16.091045],[120.662483,16.090774],[120.663043,16.09078],[120.663321,16.091054],[120.663317,16.091325]]],[[[120.663321,16.091054],[120.663324,16.090783],[120.664728,16.090527],[120.665002,16.091072],[120.663881,16.09106],[120.663321,16.091054]]],[[[120.645095,16.091396],[120.645092,16.091667],[120.644812,16.091664],[120.644815,16.091393],[120.645095,16.091396]]],[[[120.69351,16.091413],[120.693227,16.091681],[120.69323,16.09141],[120.69351,16.091413]]],[[[120.621545,16.091677],[120.621542,16.091948],[120.620981,16.091942],[120.620985,16.091671],[120.621265,16.091674],[120.621545,16.091677]]],[[[120.598843,16.091423],[120.598839,16.091694],[120.598833,16.092236],[120.598566,16.091149],[120.598843,16.091423]]],[[[120.675093,16.091182],[120.675647,16.09173],[120.675644,16.092001],[120.675641,16.092272],[120.675354,16.092811],[120.67509,16.091453],[120.675093,16.091182]]],[[[120.594825,16.091825],[120.594354,16.092091],[120.594359,16.091729],[120.594825,16.091825]]],[[[120.635559,16.091832],[120.635282,16.091558],[120.635563,16.091561],[120.635559,16.091832]]],[[[120.688544,16.091599],[120.689104,16.091605],[120.689098,16.092147],[120.688811,16.092686],[120.688257,16.092138],[120.68826,16.091867],[120.688544,16.091599]]],[[[120.641729,16.09163],[120.642006,16.091904],[120.641726,16.091901],[120.641729,16.09163]]],[[[120.643407,16.091919],[120.643401,16.092461],[120.643121,16.092458],[120.643118,16.092729],[120.642828,16.093539],[120.641993,16.092988],[120.64228,16.092449],[120.642563,16.092181],[120.642844,16.092184],[120.643414,16.091377],[120.643694,16.09138],[120.643407,16.091919]]],[[[120.643968,16.091925],[120.643965,16.092196],[120.643688,16.091922],[120.643968,16.091925]]],[[[120.620981,16.091942],[120.620698,16.092209],[120.620701,16.091938],[120.620981,16.091942]]],[[[120.64679,16.09033],[120.6465,16.09114],[120.646506,16.090598],[120.64651,16.090327],[120.64679,16.09033]]],[[[120.645682,16.089234],[120.645688,16.088692],[120.645962,16.089237],[120.645682,16.089234]]],[[[120.60276,16.092009],[120.602763,16.091738],[120.603317,16.092286],[120.603314,16.092557],[120.603304,16.09337],[120.603024,16.093367],[120.603031,16.092825],[120.602754,16.092551],[120.602757,16.09228],[120.60276,16.092009]]],[[[120.627705,16.092287],[120.627422,16.092555],[120.627425,16.092284],[120.627705,16.092287]]],[[[120.605006,16.091763],[120.605012,16.091221],[120.605846,16.091773],[120.606397,16.092592],[120.606674,16.092866],[120.60611,16.093131],[120.605556,16.092582],[120.605006,16.091763]]],[[[120.613404,16.09267],[120.613121,16.092938],[120.613124,16.092667],[120.613404,16.09267]]],[[[120.614516,16.093496],[120.614512,16.093767],[120.614229,16.094034],[120.613949,16.094031],[120.613965,16.092676],[120.613684,16.092673],[120.613688,16.092402],[120.614252,16.092138],[120.614235,16.093492],[120.614516,16.093496]]],[[[120.689092,16.092689],[120.689085,16.093231],[120.688811,16.092686],[120.689092,16.092689]]],[[[120.665827,16.092436],[120.666114,16.091897],[120.666394,16.0919],[120.665827,16.092436]]],[[[120.666674,16.091903],[120.667229,16.092451],[120.666659,16.093258],[120.666378,16.093255],[120.665541,16.092975],[120.665544,16.092704],[120.665827,16.092436],[120.666665,16.092716],[120.666674,16.091903]]],[[[120.64536,16.092754],[120.645357,16.093025],[120.645076,16.093022],[120.64508,16.092751],[120.64536,16.092754]]],[[[120.672554,16.09251],[120.672835,16.092513],[120.672551,16.092781],[120.672554,16.09251]]],[[[120.624896,16.092798],[120.624612,16.093066],[120.624615,16.092795],[120.624896,16.092798]]],[[[120.620688,16.093022],[120.620682,16.093564],[120.620405,16.09329],[120.620408,16.093019],[120.620688,16.093022]]],[[[120.629934,16.093396],[120.629931,16.093667],[120.629651,16.093664],[120.629657,16.093122],[120.629938,16.093125],[120.629934,16.093396]]],[[[120.663575,16.093225],[120.663856,16.093228],[120.663853,16.093499],[120.663572,16.093496],[120.663575,16.093225]]],[[[120.645911,16.093573],[120.645908,16.093844],[120.645627,16.093841],[120.645631,16.09357],[120.645911,16.093573]]],[[[120.627132,16.093365],[120.627135,16.093094],[120.627415,16.093097],[120.627412,16.093368],[120.627132,16.093365]]],[[[120.631052,16.09368],[120.630775,16.093405],[120.631056,16.093409],[120.631052,16.09368]]],[[[120.664133,16.093502],[120.664413,16.093505],[120.66441,16.093776],[120.66413,16.093773],[120.664133,16.093502]]],[[[120.600498,16.09361],[120.600502,16.093339],[120.600779,16.093613],[120.600498,16.09361]]],[[[120.679832,16.093402],[120.679842,16.092589],[120.680683,16.092598],[120.680673,16.093411],[120.679832,16.093402]]],[[[120.682909,16.093977],[120.682903,16.094519],[120.68262,16.094787],[120.682349,16.093971],[120.681508,16.093962],[120.681514,16.09342],[120.682635,16.093432],[120.682909,16.093977]]],[[[120.639741,16.093776],[120.640022,16.093779],[120.640018,16.09405],[120.639738,16.094047],[120.639741,16.093776]]],[[[120.690758,16.094062],[120.690755,16.094333],[120.690194,16.094327],[120.690197,16.094056],[120.690758,16.094062]]],[[[120.64787,16.093865],[120.64815,16.093868],[120.648147,16.094139],[120.647866,16.094136],[120.64787,16.093865]]],[[[120.603575,16.094186],[120.603572,16.094457],[120.603295,16.094183],[120.603575,16.094186]]],[[[120.606378,16.094218],[120.606104,16.093673],[120.606384,16.093676],[120.606381,16.093947],[120.606378,16.094218]]],[[[120.606658,16.094221],[120.606651,16.094763],[120.606645,16.095305],[120.606368,16.095031],[120.606378,16.094218],[120.606658,16.094221]]],[[[120.606104,16.093673],[120.605824,16.093669],[120.605827,16.093398],[120.606104,16.093673]]],[[[120.607499,16.09423],[120.607215,16.094498],[120.607219,16.094227],[120.607499,16.09423]]],[[[120.614786,16.094312],[120.614499,16.09485],[120.614229,16.094034],[120.614786,16.094312]]],[[[120.623759,16.094141],[120.624042,16.093873],[120.624039,16.094144],[120.623759,16.094141]]],[[[120.602741,16.093635],[120.603024,16.093367],[120.603021,16.093638],[120.602741,16.093635]]],[[[120.603871,16.092834],[120.603875,16.092563],[120.604152,16.092838],[120.603871,16.092834]]],[[[120.645341,16.09438],[120.645344,16.094109],[120.645624,16.094112],[120.645621,16.094383],[120.645341,16.09438]]],[[[120.596845,16.094382],[120.597128,16.094114],[120.597125,16.094385],[120.596845,16.094382]]],[[[120.597125,16.094385],[120.597405,16.094388],[120.597386,16.096014],[120.597106,16.096011],[120.596838,16.094924],[120.596842,16.094653],[120.597125,16.094385]]],[[[120.664964,16.094324],[120.665245,16.094327],[120.664961,16.094595],[120.664964,16.094324]]],[[[120.598523,16.094671],[120.598233,16.095481],[120.597679,16.094933],[120.598527,16.094401],[120.598523,16.094671]]],[[[120.599361,16.094952],[120.599358,16.095223],[120.599077,16.09522],[120.599361,16.094952]]],[[[120.614493,16.095392],[120.614486,16.095934],[120.614203,16.096202],[120.614196,16.096744],[120.613916,16.096741],[120.613639,16.096467],[120.613642,16.096196],[120.613939,16.094844],[120.614499,16.09485],[120.614493,16.095392]]],[[[120.616458,16.095143],[120.616455,16.095414],[120.616175,16.095411],[120.616458,16.095143]]],[[[120.599635,16.095497],[120.599912,16.095771],[120.599631,16.095768],[120.599635,16.095497]]],[[[120.596268,16.09573],[120.596548,16.095733],[120.596825,16.096007],[120.597379,16.096556],[120.597376,16.096827],[120.596532,16.097088],[120.596529,16.097359],[120.596525,16.09763],[120.595678,16.098163],[120.595401,16.097888],[120.595404,16.097617],[120.595411,16.097076],[120.596258,16.096543],[120.596265,16.096001],[120.596268,16.09573]]],[[[120.623749,16.094954],[120.623752,16.094683],[120.624032,16.094686],[120.624029,16.094957],[120.623749,16.094954]]],[[[120.616729,16.095959],[120.617009,16.095963],[120.617286,16.096237],[120.617283,16.096508],[120.617003,16.096504],[120.616729,16.095959]]],[[[120.617563,16.096511],[120.61756,16.096782],[120.61728,16.096779],[120.617283,16.096508],[120.617563,16.096511]]],[[[120.60187,16.096064],[120.601874,16.095793],[120.602151,16.096067],[120.60187,16.096064]]],[[[120.602424,16.096612],[120.602421,16.096883],[120.602144,16.096609],[120.602424,16.096612]]],[[[120.617843,16.096514],[120.618124,16.096517],[120.61812,16.096788],[120.61784,16.096785],[120.617843,16.096514]]],[[[120.597933,16.097104],[120.59793,16.097375],[120.598207,16.097649],[120.598204,16.09792],[120.597917,16.098459],[120.597911,16.099001],[120.597066,16.099262],[120.597073,16.09872],[120.59708,16.098178],[120.597083,16.097907],[120.597376,16.096827],[120.597933,16.097104]]],[[[120.59766,16.096559],[120.597943,16.096291],[120.59794,16.096562],[120.59766,16.096559]]],[[[120.613913,16.097012],[120.614193,16.097015],[120.61447,16.097289],[120.613906,16.097554],[120.61391,16.097283],[120.613913,16.097012]]],[[[120.607183,16.097208],[120.607457,16.097753],[120.607176,16.09775],[120.60718,16.097479],[120.607183,16.097208]]],[[[120.606912,16.096392],[120.606916,16.096121],[120.607196,16.096124],[120.607189,16.096666],[120.606912,16.096392]]],[[[120.608024,16.097217],[120.609145,16.09723],[120.609138,16.097772],[120.609969,16.098594],[120.609966,16.098865],[120.609399,16.099401],[120.609132,16.098314],[120.608575,16.098036],[120.608297,16.097762],[120.608301,16.097491],[120.608024,16.097217]]],[[[120.602975,16.097432],[120.602972,16.097703],[120.602969,16.097973],[120.602692,16.097699],[120.602975,16.097432]]],[[[120.595401,16.097888],[120.595391,16.098701],[120.595111,16.098698],[120.595385,16.099243],[120.595378,16.099785],[120.595362,16.10114],[120.595642,16.101143],[120.595919,16.101417],[120.596196,16.101691],[120.596473,16.101966],[120.59675,16.10224],[120.596731,16.103866],[120.596447,16.104133],[120.596164,16.104401],[120.595603,16.104395],[120.595893,16.103585],[120.595896,16.103314],[120.5959,16.103043],[120.595352,16.101953],[120.594524,16.10086],[120.594544,16.099234],[120.594831,16.098695],[120.59455,16.098692],[120.595005,16.098155],[120.595119,16.098062],[120.595121,16.097885],[120.595401,16.097888]]],[[[120.615301,16.098112],[120.615585,16.097844],[120.616146,16.09785],[120.615859,16.098389],[120.615578,16.098386],[120.615298,16.098383],[120.615301,16.098112]]],[[[120.616419,16.098395],[120.615846,16.099473],[120.61669,16.099211],[120.616687,16.099482],[120.616683,16.099753],[120.616123,16.099747],[120.615559,16.100011],[120.615562,16.09974],[120.615572,16.098928],[120.615856,16.09866],[120.615859,16.098389],[120.616419,16.098395]]],[[[120.619506,16.098158],[120.619229,16.097884],[120.619509,16.097887],[120.619506,16.098158]]],[[[120.603526,16.098251],[120.603523,16.098522],[120.60352,16.098793],[120.603243,16.098519],[120.603526,16.098251]]],[[[120.607727,16.098569],[120.607721,16.099111],[120.607444,16.098837],[120.607447,16.098566],[120.607727,16.098569]]],[[[120.607447,16.098566],[120.607167,16.098563],[120.60717,16.098292],[120.60745,16.098295],[120.607447,16.098566]]],[[[120.61978,16.098703],[120.619783,16.098433],[120.62006,16.098707],[120.61978,16.098703]]],[[[120.616964,16.099756],[120.616961,16.100027],[120.616954,16.100569],[120.616674,16.100566],[120.616677,16.100295],[120.616683,16.099753],[120.616964,16.099756]]],[[[120.600427,16.099571],[120.600423,16.099842],[120.600143,16.099839],[120.600427,16.099571]]],[[[120.595385,16.099243],[120.595388,16.098972],[120.595668,16.098975],[120.595385,16.099243]]],[[[120.59734,16.099807],[120.598168,16.100901],[120.597888,16.100897],[120.597334,16.100349],[120.596493,16.10034],[120.596213,16.100337],[120.596219,16.099795],[120.59734,16.099807]]],[[[120.600984,16.099848],[120.601264,16.099851],[120.601261,16.100122],[120.600981,16.100119],[120.600984,16.099848]]],[[[120.606922,16.095579],[120.606642,16.095576],[120.606645,16.095305],[120.606925,16.095308],[120.606922,16.095579]]],[[[120.609148,16.096959],[120.609428,16.096962],[120.609145,16.09723],[120.609148,16.096959]]],[[[120.611351,16.100235],[120.611906,16.100784],[120.611902,16.101055],[120.612179,16.101329],[120.612456,16.101603],[120.613014,16.10188],[120.613011,16.102151],[120.61273,16.102148],[120.61245,16.102145],[120.611893,16.101868],[120.611061,16.101045],[120.610794,16.099958],[120.611351,16.100235]]],[[[120.601541,16.100126],[120.601818,16.1004],[120.601538,16.100397],[120.601541,16.100126]]],[[[120.598732,16.100636],[120.598455,16.100362],[120.598735,16.100365],[120.598732,16.100636]]],[[[120.607981,16.10074],[120.607975,16.101282],[120.607695,16.101279],[120.607721,16.099111],[120.608001,16.099114],[120.607985,16.100469],[120.607981,16.10074]]],[[[120.61583,16.100828],[120.615546,16.101095],[120.615549,16.100824],[120.61583,16.100828]]],[[[120.602653,16.100951],[120.60293,16.101225],[120.602649,16.101222],[120.602653,16.100951]]],[[[120.617225,16.101385],[120.617495,16.102201],[120.617212,16.102469],[120.616931,16.102466],[120.616941,16.101653],[120.616944,16.101382],[120.617225,16.101385]]],[[[120.616944,16.101382],[120.616664,16.101379],[120.616671,16.100837],[120.616951,16.10084],[120.616948,16.101111],[120.616944,16.101382]]],[[[120.607975,16.101282],[120.608252,16.101556],[120.607972,16.101553],[120.607975,16.101282]]],[[[120.615259,16.101634],[120.615253,16.102176],[120.614973,16.102173],[120.614979,16.101631],[120.615259,16.101634]]],[[[120.608806,16.102104],[120.608803,16.102375],[120.6088,16.102646],[120.608519,16.102643],[120.608252,16.101556],[120.608532,16.101559],[120.608806,16.102104]]],[[[120.611612,16.101864],[120.611893,16.101868],[120.611889,16.102139],[120.611609,16.102135],[120.611612,16.101864]]],[[[120.613291,16.102154],[120.613288,16.102425],[120.613007,16.102422],[120.613011,16.102151],[120.613291,16.102154]]],[[[120.61245,16.102145],[120.612447,16.102416],[120.612443,16.102687],[120.61244,16.102958],[120.612437,16.103229],[120.612166,16.102413],[120.61245,16.102145]]],[[[120.61525,16.102447],[120.615246,16.102718],[120.614966,16.102715],[120.614969,16.102444],[120.61525,16.102447]]],[[[120.598712,16.102262],[120.598716,16.101991],[120.598993,16.102265],[120.598712,16.102262]]],[[[120.60908,16.102649],[120.609073,16.103191],[120.609067,16.103733],[120.608793,16.103188],[120.6088,16.102646],[120.60908,16.102649]]],[[[120.613001,16.102964],[120.612708,16.104045],[120.612427,16.104042],[120.612437,16.103229],[120.612721,16.102961],[120.613001,16.102964]]],[[[120.609347,16.103736],[120.609341,16.104278],[120.609331,16.105091],[120.609051,16.105088],[120.609067,16.103733],[120.609347,16.103736]]],[[[120.601776,16.103922],[120.601773,16.104193],[120.601496,16.103919],[120.601776,16.103922]]],[[[120.615233,16.103802],[120.615511,16.104076],[120.61523,16.104073],[120.615233,16.103802]]],[[[120.614953,16.103799],[120.614963,16.102986],[120.615243,16.102989],[120.615233,16.103802],[120.614953,16.103799]]],[[[120.610475,16.103207],[120.610478,16.102936],[120.610758,16.102939],[120.611039,16.102942],[120.611032,16.103484],[120.610475,16.103207]]],[[[120.612985,16.104319],[120.613262,16.104593],[120.613535,16.105138],[120.613529,16.10568],[120.613526,16.105951],[120.613255,16.105135],[120.612978,16.104861],[120.612698,16.104858],[120.612421,16.104584],[120.612424,16.104313],[120.612704,16.104316],[120.612985,16.104319]]],[[[120.595603,16.104395],[120.595319,16.104663],[120.595323,16.104392],[120.595603,16.104395]]],[[[120.60205,16.104467],[120.601773,16.104193],[120.602053,16.104196],[120.60205,16.104467]]],[[[120.594203,16.104646],[120.593593,16.106021],[120.593535,16.106988],[120.593495,16.107102],[120.593425,16.107164],[120.593456,16.104637],[120.594013,16.104914],[120.593652,16.103826],[120.593782,16.103737],[120.59384,16.103801],[120.594029,16.104011],[120.5943,16.104369],[120.594305,16.104376],[120.594204,16.104555],[120.594203,16.104646]]],[[[120.595319,16.104663],[120.595033,16.105201],[120.594752,16.105198],[120.594475,16.104924],[120.594759,16.104656],[120.595319,16.104663]]],[[[120.612698,16.104858],[120.612414,16.105126],[120.612418,16.104855],[120.612698,16.104858]]],[[[120.618027,16.104646],[120.618304,16.10492],[120.618023,16.104917],[120.618027,16.104646]]],[[[120.617746,16.104643],[120.61775,16.104372],[120.618027,16.104646],[120.617746,16.104643]]],[[[120.596998,16.104953],[120.596995,16.105224],[120.596154,16.105214],[120.596164,16.104401],[120.596998,16.104953]]],[[[120.609611,16.105094],[120.609608,16.105365],[120.609331,16.105091],[120.609611,16.105094]]],[[[120.618304,16.10492],[120.618581,16.105194],[120.618301,16.105191],[120.618304,16.10492]]],[[[120.619138,16.105472],[120.618858,16.105468],[120.618861,16.105198],[120.619141,16.105201],[120.619138,16.105472]]],[[[120.601476,16.105545],[120.600925,16.104726],[120.601206,16.104729],[120.601479,16.105274],[120.601476,16.105545]]],[[[120.594185,16.105734],[120.593905,16.105731],[120.594188,16.105463],[120.594185,16.105734]]],[[[120.609602,16.105907],[120.609582,16.107533],[120.609302,16.10753],[120.609321,16.105904],[120.609602,16.105907]]],[[[120.619692,16.10602],[120.619412,16.106017],[120.619415,16.105746],[120.619696,16.105749],[120.619692,16.10602]]],[[[120.593898,16.106273],[120.593618,16.10627],[120.593902,16.106002],[120.593898,16.106273]]],[[[120.619409,16.106288],[120.619406,16.106559],[120.619125,16.106556],[120.619129,16.106285],[120.619409,16.106288]]],[[[120.601747,16.106361],[120.60175,16.10609],[120.60203,16.106093],[120.602027,16.106364],[120.601747,16.106361]]],[[[120.602027,16.106364],[120.602304,16.106638],[120.602024,16.106635],[120.602027,16.106364]]],[[[120.612395,16.106751],[120.612392,16.107022],[120.612111,16.107019],[120.612115,16.106748],[120.612395,16.106751]]],[[[120.597268,16.105769],[120.597255,16.106853],[120.598096,16.106862],[120.598093,16.107133],[120.597249,16.107394],[120.596975,16.106849],[120.596698,16.106575],[120.597268,16.105769]]],[[[120.614634,16.107047],[120.614357,16.106773],[120.614637,16.106776],[120.614634,16.107047]]],[[[120.614914,16.107051],[120.615475,16.107057],[120.615472,16.107328],[120.614634,16.107047],[120.614914,16.107051]]],[[[120.593776,16.107084],[120.593889,16.107086],[120.593885,16.107357],[120.593606,16.10726],[120.593776,16.107084]]],[[[120.61407,16.107312],[120.614064,16.107854],[120.613783,16.107851],[120.61379,16.107309],[120.61407,16.107312]]],[[[120.616313,16.107337],[120.616032,16.107334],[120.616035,16.107063],[120.616316,16.107066],[120.616313,16.107337]]],[[[120.599491,16.10742],[120.599772,16.107423],[120.599768,16.107694],[120.599488,16.107691],[120.59865,16.10741],[120.599491,16.10742]]],[[[120.603979,16.107199],[120.60426,16.107202],[120.604256,16.107473],[120.603976,16.10747],[120.603979,16.107199]]],[[[120.603415,16.107464],[120.602861,16.106916],[120.603142,16.106919],[120.603419,16.107193],[120.603415,16.107464]]],[[[120.603976,16.10747],[120.603973,16.107741],[120.603415,16.107464],[120.603976,16.10747]]],[[[120.60426,16.107202],[120.604263,16.106931],[120.605107,16.10667],[120.60454,16.107205],[120.60426,16.107202]]],[[[120.612385,16.107564],[120.612382,16.107835],[120.612102,16.107832],[120.612105,16.107561],[120.612385,16.107564]]],[[[120.615749,16.107602],[120.615745,16.107873],[120.615468,16.107599],[120.615749,16.107602]]],[[[120.619676,16.107375],[120.619679,16.107104],[120.619956,16.107378],[120.619676,16.107375]]],[[[120.61715,16.107618],[120.617153,16.107347],[120.617431,16.107621],[120.61715,16.107618]]],[[[120.600606,16.107974],[120.600322,16.108242],[120.600326,16.107971],[120.600606,16.107974]]],[[[120.600609,16.107703],[120.60089,16.107706],[120.601167,16.107981],[120.600606,16.107974],[120.600609,16.107703]]],[[[120.60173,16.107716],[120.602011,16.107719],[120.602007,16.10799],[120.601727,16.107987],[120.60173,16.107716]]],[[[120.602288,16.107993],[120.602281,16.108535],[120.602001,16.108532],[120.602004,16.108261],[120.602007,16.10799],[120.602288,16.107993]]],[[[120.609295,16.108072],[120.609015,16.108069],[120.609302,16.10753],[120.609295,16.108072]]],[[[120.612379,16.108106],[120.612095,16.108374],[120.612098,16.108103],[120.612379,16.108106]]],[[[120.616023,16.108147],[120.615745,16.107873],[120.616026,16.107876],[120.616023,16.108147]]],[[[120.604527,16.108289],[120.604524,16.10856],[120.604243,16.108557],[120.604247,16.108286],[120.604527,16.108289]]],[[[120.591893,16.11022],[120.591986,16.110312],[120.592079,16.110313],[120.592057,16.112119],[120.591135,16.111115],[120.590295,16.111015],[120.59,16.11056],[120.59,16.11047],[120.59,16.11038],[120.59,16.108483],[120.590045,16.108483],[120.590417,16.108668],[120.590604,16.10867],[120.590602,16.108851],[120.5906,16.108941],[120.590786,16.109033],[120.59088,16.109035],[120.590875,16.109396],[120.591893,16.11022]]],[[[120.602281,16.108535],[120.602558,16.108809],[120.602278,16.108806],[120.602281,16.108535]]],[[[120.592289,16.108418],[120.592382,16.108419],[120.592376,16.108961],[120.592282,16.10896],[120.59219,16.108869],[120.592289,16.108418]]],[[[120.592376,16.108961],[120.592367,16.109684],[120.592274,16.109683],[120.59228,16.109141],[120.592376,16.108961]]],[[[120.594327,16.109886],[120.593765,16.109948],[120.59416,16.108234],[120.594425,16.109493],[120.594327,16.109886]]],[[[120.592057,16.112119],[120.592419,16.113117],[120.591859,16.11302],[120.591861,16.11293],[120.591955,16.112841],[120.591957,16.11266],[120.591958,16.11257],[120.591959,16.112479],[120.592057,16.112119]]],[[[120.592511,16.113208],[120.592502,16.114021],[120.592408,16.11402],[120.592317,16.113839],[120.59232,16.113568],[120.592511,16.113208]]],[[[120.592502,16.114021],[120.592592,16.114293],[120.593763,16.114397],[120.593758,16.115029],[120.593611,16.115027],[120.593425,16.114935],[120.593332,16.114934],[120.593051,16.114931],[120.592772,16.114837],[120.592586,16.114745],[120.592494,16.114654],[120.592496,16.114473],[120.5925,16.114112],[120.592502,16.114021]]],[[[120.59277,16.115018],[120.592862,16.115109],[120.592956,16.11511],[120.593048,16.115202],[120.592951,16.115472],[120.592765,16.115379],[120.592673,16.115288],[120.592582,16.115106],[120.592583,16.115016],[120.59277,16.115018]]],[[[120.595639,16.054801],[120.596203,16.054536],[120.596193,16.055349],[120.595072,16.055337],[120.595639,16.054801]]],[[[120.704982,16.02],[120.705262,16.02],[120.705259,16.02026],[120.704979,16.020257],[120.704982,16.02]]],[[[120.70246,16.02],[120.7033,16.02],[120.703294,16.02051],[120.70246,16.02]]],[[[120.70973,16.021392],[120.709169,16.021386],[120.709176,16.020844],[120.709736,16.02085],[120.70973,16.021392]]],[[[120.643663,16.022542],[120.643109,16.021994],[120.643673,16.021729],[120.64367,16.022],[120.643663,16.022542]]],[[[120.650936,16.023706],[120.650656,16.023703],[120.650939,16.023435],[120.650936,16.023706]]],[[[120.636254,16.03303],[120.636251,16.033301],[120.635971,16.033298],[120.636254,16.03303]]],[[[120.633069,16.041667],[120.632789,16.041664],[120.632792,16.041393],[120.633073,16.041396],[120.633069,16.041667]]],[[[120.597118,16.048313],[120.596828,16.049123],[120.595988,16.049114],[120.596001,16.04803],[120.596564,16.047765],[120.597118,16.048313]]],[[[120.595072,16.055337],[120.594505,16.055872],[120.594212,16.056953],[120.593648,16.057218],[120.593668,16.055592],[120.595072,16.055337]]],[[[120.658102,16.057932],[120.657819,16.0582],[120.657822,16.057929],[120.658102,16.057932]]],[[[120.665507,16.071835],[120.665504,16.072106],[120.665224,16.072103],[120.665507,16.071835]]],[[[120.662982,16.072079],[120.662979,16.07235],[120.662698,16.072347],[120.662982,16.072079]]],[[[120.600472,16.072471],[120.600749,16.072745],[120.600469,16.072742],[120.600188,16.072739],[120.600472,16.072471]]],[[[120.655377,16.075248],[120.655654,16.075522],[120.655373,16.075519],[120.655377,16.075248]]],[[[120.653676,16.076855],[120.653679,16.076584],[120.653959,16.076587],[120.653676,16.076855]]],[[[120.653676,16.076855],[120.653663,16.077939],[120.653099,16.078204],[120.653676,16.076855]]],[[[120.662893,16.079666],[120.66317,16.07994],[120.66289,16.079937],[120.662893,16.079666]]],[[[120.664005,16.080491],[120.663447,16.080214],[120.66345,16.079943],[120.664005,16.080491]]],[[[120.66932,16.081363],[120.669317,16.081634],[120.66904,16.081359],[120.66932,16.081363]]],[[[120.669875,16.081911],[120.669598,16.081637],[120.669878,16.08164],[120.669875,16.081911]]],[[[120.653052,16.082269],[120.653077,16.080101],[120.653357,16.080104],[120.653332,16.082272],[120.653052,16.082269]]],[[[120.6581,16.082053],[120.65866,16.082059],[120.658657,16.08233],[120.658097,16.082324],[120.6581,16.082053]]],[[[120.659218,16.082336],[120.658938,16.082333],[120.658941,16.082062],[120.659218,16.082336]]],[[[120.653052,16.082269],[120.653049,16.08254],[120.652768,16.082537],[120.653052,16.082269]]],[[[120.659218,16.082336],[120.659778,16.082342],[120.659775,16.082613],[120.659218,16.082336]]],[[[120.659756,16.084239],[120.660317,16.084245],[120.660314,16.084516],[120.659756,16.084239]]],[[[120.660874,16.084523],[120.660594,16.084519],[120.660597,16.084248],[120.660874,16.084523]]],[[[120.656386,16.084744],[120.656383,16.085015],[120.656103,16.085012],[120.656106,16.084741],[120.656386,16.084744]]],[[[120.656351,16.087725],[120.656071,16.087722],[120.656074,16.087451],[120.656351,16.087725]]],[[[120.653523,16.089862],[120.652682,16.089853],[120.653526,16.089591],[120.653523,16.089862]]],[[[120.655482,16.090155],[120.655202,16.090152],[120.655205,16.089881],[120.655482,16.090155]]],[[[120.624644,16.090356],[120.624925,16.090359],[120.624922,16.09063],[120.624644,16.090356]]],[[[120.659403,16.090469],[120.6594,16.09074],[120.659119,16.090737],[120.659123,16.090466],[120.659403,16.090469]]],[[[120.661925,16.090496],[120.662203,16.09077],[120.662199,16.091041],[120.661922,16.090767],[120.661925,16.090496]]],[[[120.629126,16.090677],[120.629406,16.09068],[120.629387,16.092306],[120.629106,16.092303],[120.629126,16.090677]]],[[[120.627422,16.092555],[120.627418,16.092826],[120.627138,16.092823],[120.627422,16.092555]]],[[[120.59823,16.095752],[120.598227,16.096023],[120.597946,16.09602],[120.59823,16.095752]]],[[[120.614747,16.097563],[120.614744,16.097834],[120.614464,16.097831],[120.614467,16.09756],[120.614747,16.097563]]],[[[120.598165,16.101172],[120.598442,16.101446],[120.598162,16.101443],[120.597885,16.101168],[120.598165,16.101172]]],[[[120.59926,16.103352],[120.59898,16.103349],[120.598983,16.103078],[120.59926,16.103352]]],[[[120.593405,16.10274],[120.593611,16.103555],[120.592919,16.102644],[120.593405,16.10274]]],[[[120.59926,16.103352],[120.59954,16.103355],[120.599537,16.103626],[120.599257,16.103623],[120.59926,16.103352]]],[[[120.617208,16.10274],[120.617763,16.103288],[120.617753,16.104101],[120.617473,16.104098],[120.617208,16.10274]]],[[[120.600098,16.103632],[120.600375,16.103907],[120.600371,16.104177],[120.600094,16.103903],[120.600098,16.103632]]],[[[120.600935,16.103913],[120.600932,16.104184],[120.600652,16.104181],[120.600655,16.10391],[120.600935,16.103913]]],[[[120.592892,16.104902],[120.592425,16.104897],[120.592628,16.103544],[120.59337,16.104004],[120.592892,16.104902]]],[[[120.60175,16.10609],[120.601473,16.105816],[120.601753,16.105819],[120.60175,16.10609]]],[[[120.612121,16.106206],[120.612118,16.106477],[120.611841,16.106203],[120.612121,16.106206]]],[[[120.614357,16.106773],[120.613793,16.107038],[120.6138,16.106496],[120.61408,16.106499],[120.614357,16.106773]]],[[[120.609015,16.108069],[120.609012,16.10834],[120.608731,16.108336],[120.609015,16.108069]]],[[[120.609012,16.10834],[120.609289,16.108614],[120.609008,16.108611],[120.609012,16.10834]]]]},"properties":{"Var":2}},
{"type":"Feature","geometry":{"type":"MultiPolygon","coordinates":[[[[120.6039,16.020204],[120.603881,16.02183],[120.603046,16.021279],[120.602782,16.02],[120.603902,16.02],[120.6039,16.020204]]],[[[120.683404,16.020025],[120.683404,16.02],[120.684245,16.02],[120.684213,16.022744],[120.683372,16.022735],[120.683379,16.022193],[120.683382,16.021922],[120.683111,16.021106],[120.68312,16.020293],[120.683404,16.020025]]],[[[120.710863,16.02032],[120.710867,16.02],[120.71114,16.020594],[120.71086,16.020591],[120.710863,16.02032]]],[[[120.71058,16.020588],[120.710857,16.020862],[120.711118,16.022491],[120.711673,16.023039],[120.711663,16.023852],[120.711383,16.023849],[120.711115,16.022762],[120.710555,16.022756],[120.710564,16.021943],[120.70973,16.021392],[120.709443,16.021931],[120.70832,16.02219],[120.70637,16.021085],[120.70609,16.021082],[120.706374,16.020814],[120.706377,16.020543],[120.705259,16.02026],[120.705262,16.02],[120.710306,16.02],[120.710583,16.020317],[120.71058,16.020588]],[[120.70973,16.021392],[120.709736,16.02085],[120.709176,16.020844],[120.709169,16.021386],[120.70973,16.021392]]],[[[120.644526,16.020654],[120.64396,16.02119],[120.644246,16.020651],[120.644526,16.020654]]],[[[120.645644,16.020938],[120.645641,16.021209],[120.645918,16.021483],[120.645915,16.021754],[120.645628,16.022293],[120.646185,16.02257],[120.646169,16.023925],[120.645045,16.024183],[120.644491,16.023635],[120.644504,16.022551],[120.643663,16.022542],[120.64367,16.022],[120.643953,16.021732],[120.644797,16.02147],[120.645071,16.022015],[120.645364,16.020935],[120.645644,16.020938]]],[[[120.597166,16.020942],[120.596883,16.02121],[120.595768,16.020655],[120.595776,16.02],[120.596056,16.02],[120.596617,16.02],[120.596897,16.02],[120.597169,16.020671],[120.597166,16.020942]]],[[[120.643676,16.021458],[120.64396,16.02119],[120.643956,16.021461],[120.643676,16.021458]]],[[[120.597446,16.020945],[120.598018,16.02],[120.599419,16.02],[120.599977,16.020161],[120.599678,16.021783],[120.597717,16.021761],[120.597153,16.022026],[120.597159,16.021484],[120.597446,16.020945]]],[[[120.706358,16.022169],[120.706075,16.022437],[120.705795,16.022434],[120.706078,16.022166],[120.706358,16.022169]]],[[[120.642266,16.022256],[120.642549,16.021988],[120.642829,16.021991],[120.643109,16.021994],[120.643663,16.022542],[120.643094,16.023349],[120.643931,16.023629],[120.643648,16.023897],[120.644202,16.024445],[120.64168,16.024417],[120.641129,16.023598],[120.641419,16.022788],[120.641982,16.022524],[120.642266,16.022256]]],[[[120.59658,16.023104],[120.5977,16.023116],[120.597968,16.024203],[120.598525,16.02448],[120.598512,16.025564],[120.597951,16.025558],[120.597681,16.024742],[120.595997,16.024994],[120.596003,16.024452],[120.596286,16.024184],[120.59657,16.023917],[120.596573,16.023646],[120.59658,16.023104]]],[[[120.650372,16.023971],[120.650375,16.0237],[120.650656,16.023703],[120.650936,16.023706],[120.650926,16.024519],[120.650646,16.024516],[120.650369,16.024242],[120.650372,16.023971]]],[[[120.712215,16.024671],[120.712184,16.027381],[120.711623,16.027375],[120.711337,16.027914],[120.710779,16.027637],[120.710773,16.028179],[120.710207,16.028715],[120.710194,16.029799],[120.710188,16.030341],[120.709905,16.030609],[120.709908,16.030338],[120.709634,16.029793],[120.709649,16.028438],[120.70993,16.028441],[120.709933,16.02817],[120.709936,16.027899],[120.710502,16.027363],[120.711066,16.027098],[120.711349,16.02683],[120.711913,16.026565],[120.711934,16.024668],[120.712215,16.024671]]],[[[120.689786,16.025514],[120.690066,16.025518],[120.690343,16.025792],[120.689502,16.025782],[120.689506,16.025511],[120.689786,16.025514]]],[[[120.638276,16.027903],[120.638553,16.028177],[120.638273,16.028174],[120.638276,16.027903]]],[[[120.670978,16.028292],[120.670694,16.02856],[120.670698,16.028289],[120.670978,16.028292]]],[[[120.637149,16.028433],[120.636872,16.028159],[120.637152,16.028162],[120.637149,16.028433]]],[[[120.688634,16.028212],[120.688637,16.027941],[120.688914,16.028215],[120.688634,16.028212]]],[[[120.659552,16.029762],[120.659266,16.030301],[120.659272,16.029759],[120.659552,16.029762]]],[[[120.636296,16.029507],[120.636573,16.029781],[120.636292,16.029778],[120.636296,16.029507]]],[[[120.637416,16.02952],[120.637974,16.029797],[120.638251,16.030071],[120.638247,16.030342],[120.638244,16.030613],[120.638241,16.030884],[120.637677,16.031149],[120.637407,16.030333],[120.63713,16.030059],[120.63685,16.030055],[120.637416,16.02952]]],[[[120.590331,16.03008],[120.590601,16.030896],[120.590598,16.031167],[120.590318,16.031164],[120.590044,16.030619],[120.59,16.030347],[120.59,16.030076],[120.590051,16.030077],[120.590331,16.03008]]],[[[120.623107,16.030988],[120.622824,16.031255],[120.622827,16.030984],[120.623107,16.030988]]],[[[120.600688,16.031009],[120.599281,16.031535],[120.599571,16.030725],[120.600982,16.029928],[120.601275,16.028847],[120.601291,16.027493],[120.60046,16.02667],[120.599059,16.026655],[120.598789,16.025838],[120.599906,16.026122],[120.601307,16.026138],[120.602969,16.027782],[120.603529,16.027789],[120.603519,16.028601],[120.601258,16.030202],[120.600969,16.031012],[120.600688,16.031009]]],[[[120.637117,16.031142],[120.637397,16.031146],[120.637394,16.031417],[120.637114,16.031413],[120.637117,16.031142]]],[[[120.637114,16.031413],[120.637111,16.031684],[120.63683,16.031681],[120.636834,16.03141],[120.637114,16.031413]]],[[[120.590035,16.031431],[120.590038,16.03116],[120.590318,16.031164],[120.590315,16.031435],[120.590035,16.031431]]],[[[120.685857,16.026014],[120.685025,16.025192],[120.685029,16.024921],[120.685032,16.02465],[120.686143,16.025475],[120.68614,16.025746],[120.687821,16.025764],[120.686974,16.026297],[120.686694,16.026294],[120.686414,16.026291],[120.686137,16.026017],[120.685857,16.026014]]],[[[120.684755,16.024376],[120.685032,16.02465],[120.684752,16.024647],[120.684755,16.024376]]],[[[120.684474,16.024373],[120.684478,16.024102],[120.684755,16.024376],[120.684474,16.024373]]],[[[120.635404,16.033834],[120.635401,16.034105],[120.63512,16.034102],[120.635127,16.03356],[120.635407,16.033563],[120.635404,16.033834]]],[[[120.636805,16.033849],[120.636525,16.033846],[120.636528,16.033575],[120.636808,16.033578],[120.636805,16.033849]]],[[[120.645208,16.034213],[120.645211,16.033942],[120.64466,16.033123],[120.645221,16.033129],[120.645498,16.033403],[120.645775,16.033677],[120.646332,16.033954],[120.646612,16.033957],[120.647169,16.034234],[120.646322,16.034767],[120.646596,16.035312],[120.645752,16.035574],[120.644912,16.035564],[120.644918,16.035023],[120.644074,16.035284],[120.644081,16.034742],[120.644361,16.034745],[120.644644,16.034477],[120.645208,16.034213]]],[[[120.644081,16.034742],[120.6438,16.034739],[120.643804,16.034468],[120.644084,16.034471],[120.644081,16.034742]]],[[[120.638193,16.034949],[120.638473,16.034952],[120.63847,16.035223],[120.638467,16.035494],[120.638187,16.03549],[120.63819,16.035219],[120.638193,16.034949]]],[[[120.638203,16.034136],[120.63848,16.03441],[120.6382,16.034407],[120.638203,16.034136]]],[[[120.637923,16.034132],[120.637926,16.033862],[120.638206,16.033865],[120.638203,16.034136],[120.637923,16.034132]]],[[[120.590553,16.03496],[120.590279,16.034415],[120.590285,16.033873],[120.590289,16.033602],[120.591133,16.033341],[120.591406,16.033886],[120.591387,16.035512],[120.59083,16.035234],[120.590553,16.03496]]],[[[120.599235,16.035329],[120.599222,16.036413],[120.598102,16.0364],[120.597825,16.036126],[120.597831,16.035584],[120.598955,16.035326],[120.599235,16.035329]]],[[[120.591664,16.035786],[120.591383,16.035783],[120.591387,16.035512],[120.591667,16.035515],[120.591947,16.035518],[120.591944,16.035789],[120.591664,16.035786]]],[[[120.636779,16.036017],[120.63706,16.03602],[120.637056,16.036291],[120.636776,16.036288],[120.636779,16.036017]]],[[[120.593619,16.03635],[120.593615,16.036621],[120.593335,16.036618],[120.593055,16.036615],[120.593058,16.036344],[120.593338,16.036347],[120.593619,16.03635]]],[[[120.612115,16.036286],[120.612112,16.036557],[120.611835,16.036283],[120.612115,16.036286]]],[[[120.593895,16.036624],[120.593892,16.036895],[120.593615,16.036621],[120.593895,16.036624]]],[[[120.596408,16.037465],[120.596404,16.037736],[120.596675,16.038552],[120.596671,16.038823],[120.596668,16.039094],[120.596665,16.039365],[120.596939,16.03991],[120.597496,16.040187],[120.598053,16.040465],[120.598037,16.04182],[120.598314,16.042094],[120.59831,16.042365],[120.598027,16.042632],[120.59746,16.043168],[120.597457,16.043439],[120.597177,16.043436],[120.597141,16.046417],[120.597134,16.046959],[120.597965,16.047781],[120.598803,16.048061],[120.599357,16.04861],[120.599634,16.048884],[120.600184,16.049703],[120.600464,16.049706],[120.601018,16.050254],[120.600455,16.050519],[120.600445,16.051332],[120.599044,16.051316],[120.597917,16.051845],[120.598184,16.052933],[120.599575,16.053761],[120.599559,16.055116],[120.600119,16.055122],[120.600087,16.057832],[120.600638,16.058651],[120.599794,16.058913],[120.599787,16.059455],[120.598663,16.059713],[120.598363,16.061336],[120.598917,16.061884],[120.596956,16.061862],[120.596685,16.061046],[120.596701,16.059691],[120.597545,16.05943],[120.597552,16.058888],[120.596428,16.059146],[120.596147,16.059143],[120.59559,16.058866],[120.594189,16.05885],[120.594756,16.058314],[120.594482,16.057769],[120.593642,16.05776],[120.593648,16.057218],[120.592221,16.05937],[120.592218,16.059641],[120.591937,16.059638],[120.591954,16.058283],[120.591677,16.058009],[120.59168,16.057738],[120.591683,16.057467],[120.591406,16.057193],[120.591416,16.05638],[120.593394,16.055047],[120.594235,16.055056],[120.595365,16.054256],[120.595375,16.053443],[120.594811,16.053708],[120.594825,16.05253],[120.594998,16.052084],[120.594834,16.051811],[120.59485,16.050456],[120.595131,16.050459],[120.595153,16.048562],[120.595437,16.048295],[120.59545,16.047211],[120.596294,16.046949],[120.596577,16.046681],[120.59659,16.045597],[120.596597,16.045055],[120.5966,16.044785],[120.596323,16.04451],[120.59633,16.043968],[120.596616,16.04343],[120.59719,16.042352],[120.596636,16.041804],[120.596082,16.041256],[120.596085,16.040985],[120.595808,16.040711],[120.595531,16.040436],[120.595534,16.040165],[120.595538,16.039894],[120.595824,16.039356],[120.595828,16.039085],[120.596111,16.038817],[120.595567,16.037456],[120.594166,16.03744],[120.594169,16.037169],[120.595854,16.036917],[120.596131,16.037191],[120.596408,16.037465]],[[120.595072,16.055337],[120.596193,16.055349],[120.596203,16.054536],[120.595639,16.054801],[120.595072,16.055337]],[[120.597118,16.048313],[120.596564,16.047765],[120.596001,16.04803],[120.595988,16.049114],[120.596828,16.049123],[120.597118,16.048313]],[[120.593648,16.057218],[120.594212,16.056953],[120.594505,16.055872],[120.595072,16.055337],[120.593668,16.055592],[120.593648,16.057218]]],[[[120.637903,16.035758],[120.637907,16.035487],[120.638187,16.03549],[120.637903,16.035758]]],[[[120.606202,16.038659],[120.606482,16.038662],[120.606762,16.038665],[120.606743,16.040291],[120.606176,16.040827],[120.605335,16.040817],[120.605045,16.041627],[120.604482,16.041892],[120.603628,16.042966],[120.602791,16.042686],[120.602523,16.041599],[120.601683,16.041589],[120.601673,16.042402],[120.60223,16.04268],[120.60222,16.043492],[120.601947,16.042947],[120.601109,16.042667],[120.600549,16.042661],[120.600562,16.041577],[120.600565,16.041306],[120.600845,16.041309],[120.601129,16.041041],[120.601412,16.040773],[120.601692,16.040776],[120.601976,16.040509],[120.602256,16.040512],[120.60254,16.040244],[120.603103,16.039979],[120.603667,16.039715],[120.604794,16.039185],[120.605074,16.039188],[120.605358,16.03892],[120.605921,16.038656],[120.606202,16.038659]]],[[[120.712337,16.038494],[120.712611,16.039039],[120.712331,16.039036],[120.712334,16.038765],[120.712337,16.038494]]],[[[120.712608,16.03931],[120.712611,16.039039],[120.713162,16.039858],[120.713153,16.040671],[120.712873,16.040668],[120.712593,16.040665],[120.712605,16.039581],[120.712608,16.03931]]],[[[120.60339,16.03944],[120.602842,16.03835],[120.601461,16.036709],[120.600623,16.036428],[120.600636,16.035344],[120.600363,16.034799],[120.60122,16.033454],[120.600385,16.032903],[120.603468,16.032937],[120.604022,16.033485],[120.605696,16.034046],[120.605123,16.035124],[120.603442,16.035105],[120.604256,16.037282],[120.604814,16.037559],[120.604797,16.038914],[120.603677,16.038902],[120.60367,16.039444],[120.60339,16.03944]]],[[[120.637855,16.039823],[120.637292,16.040088],[120.637012,16.040085],[120.636731,16.040082],[120.636451,16.040079],[120.636458,16.039537],[120.636461,16.039266],[120.636741,16.039269],[120.637859,16.039552],[120.637855,16.039823]]],[[[120.640094,16.040119],[120.640091,16.04039],[120.639814,16.040116],[120.640094,16.040119]]],[[[120.640645,16.040938],[120.640081,16.041203],[120.640084,16.040932],[120.640368,16.040664],[120.640648,16.040667],[120.640645,16.040938]]],[[[120.598607,16.041013],[120.598327,16.04101],[120.59833,16.040739],[120.59861,16.040742],[120.598607,16.041013]]],[[[120.641759,16.041492],[120.642036,16.041766],[120.641756,16.041763],[120.641759,16.041492]]],[[[120.661655,16.04171],[120.662218,16.041445],[120.662492,16.04199],[120.661645,16.042523],[120.661639,16.043065],[120.661919,16.043068],[120.66276,16.043077],[120.661066,16.044143],[120.659104,16.044121],[120.658541,16.044386],[120.657709,16.043564],[120.65799,16.043567],[120.658853,16.04168],[120.659145,16.040599],[120.659429,16.040331],[120.659712,16.040063],[120.660263,16.040882],[120.659699,16.041147],[120.659403,16.042499],[120.659967,16.042234],[120.660247,16.042237],[120.661088,16.042246],[120.661655,16.04171]]],[[[120.645663,16.043161],[120.645657,16.043703],[120.645377,16.0437],[120.644816,16.043694],[120.645103,16.043155],[120.645663,16.043161]]],[[[120.657391,16.046813],[120.657394,16.046542],[120.657401,16.046],[120.658528,16.04547],[120.658799,16.046286],[120.658229,16.047093],[120.657949,16.04709],[120.657671,16.046816],[120.657391,16.046813]]],[[[120.599637,16.048613],[120.59964,16.048342],[120.59936,16.048339],[120.599363,16.048068],[120.599656,16.046987],[120.600223,16.046451],[120.601344,16.046464],[120.601618,16.047009],[120.600497,16.046996],[120.599924,16.048074],[120.600194,16.04889],[120.599914,16.048887],[120.599637,16.048613]]],[[[120.704027,16.054396],[120.70375,16.054122],[120.70403,16.054125],[120.704027,16.054396]]],[[[120.65951,16.057406],[120.659783,16.057951],[120.66006,16.058225],[120.660334,16.05877],[120.660611,16.059044],[120.660892,16.059047],[120.661452,16.059053],[120.661449,16.059324],[120.663131,16.059342],[120.663688,16.05962],[120.664796,16.060716],[120.663401,16.060159],[120.663392,16.060971],[120.662274,16.060688],[120.660873,16.060673],[120.660885,16.059589],[120.659491,16.059032],[120.657529,16.05901],[120.657532,16.058739],[120.656131,16.058724],[120.656134,16.058453],[120.657258,16.058194],[120.657819,16.0582],[120.658102,16.057932],[120.658382,16.057936],[120.658666,16.057668],[120.659229,16.057403],[120.65951,16.057406]]],[[[120.655287,16.058986],[120.655561,16.059531],[120.655558,16.059802],[120.655277,16.059799],[120.655281,16.059528],[120.655284,16.059257],[120.655287,16.058986]]],[[[120.655274,16.06007],[120.655271,16.060341],[120.655268,16.060612],[120.654988,16.060609],[120.655277,16.059799],[120.655274,16.06007]]],[[[120.591937,16.059638],[120.591934,16.059909],[120.591928,16.06045],[120.591641,16.060989],[120.591634,16.061531],[120.591628,16.062073],[120.593032,16.061818],[120.593312,16.061821],[120.59387,16.062098],[120.593853,16.063453],[120.59329,16.063718],[120.59328,16.064531],[120.592716,16.064795],[120.59242,16.066147],[120.593811,16.066976],[120.594639,16.068069],[120.595763,16.067811],[120.596037,16.068356],[120.597158,16.068368],[120.598279,16.068381],[120.598272,16.068923],[120.597154,16.068639],[120.596587,16.069175],[120.596033,16.068627],[120.595753,16.068624],[120.59575,16.068895],[120.59603,16.068898],[120.596864,16.069449],[120.596858,16.069991],[120.596578,16.069988],[120.596574,16.070259],[120.596011,16.070524],[120.596284,16.071069],[120.597405,16.071081],[120.597686,16.071084],[120.597976,16.070275],[120.598256,16.070278],[120.598253,16.070549],[120.598533,16.070552],[120.598536,16.070281],[120.599377,16.07029],[120.598549,16.069197],[120.598562,16.068113],[120.599126,16.067849],[120.599113,16.068932],[120.599664,16.069752],[120.599654,16.070565],[120.599374,16.070561],[120.59937,16.070832],[120.599367,16.071103],[120.599364,16.071374],[120.599361,16.071645],[120.601042,16.071664],[120.601052,16.070851],[120.601612,16.070857],[120.601893,16.070861],[120.602173,16.070864],[120.60245,16.071138],[120.603014,16.070873],[120.603858,16.070612],[120.604418,16.070618],[120.603841,16.071967],[120.603271,16.072773],[120.602991,16.07277],[120.602994,16.072499],[120.601309,16.072751],[120.601287,16.074648],[120.601019,16.073561],[120.600456,16.073826],[120.600179,16.073551],[120.599908,16.072735],[120.600188,16.072739],[120.600469,16.072742],[120.600746,16.073016],[120.600749,16.072745],[120.600472,16.072471],[120.599631,16.072461],[120.599074,16.072184],[120.599064,16.072997],[120.599625,16.073003],[120.599331,16.074084],[120.598774,16.073807],[120.599061,16.073268],[120.598227,16.072717],[120.597663,16.072981],[120.597109,16.072433],[120.596268,16.072424],[120.595988,16.07242],[120.595708,16.072417],[120.595427,16.072414],[120.594867,16.072408],[120.59459,16.072134],[120.594313,16.07186],[120.594042,16.071043],[120.595167,16.070785],[120.595173,16.070243],[120.594332,16.070234],[120.593505,16.06914],[120.592104,16.069125],[120.591536,16.06966],[120.59155,16.068576],[120.591553,16.068305],[120.592394,16.068315],[120.5924,16.067773],[120.591566,16.067222],[120.591302,16.065864],[120.591872,16.065057],[120.592159,16.064518],[120.592452,16.063437],[120.591344,16.062341],[120.591364,16.060715],[120.591367,16.060444],[120.591657,16.059634],[120.591937,16.059638]]],[[[120.666471,16.061276],[120.665631,16.061267],[120.66564,16.060454],[120.666201,16.06046],[120.666474,16.061005],[120.666471,16.061276]]],[[[120.59472,16.061295],[120.594981,16.062924],[120.59442,16.062918],[120.59444,16.061292],[120.59472,16.061295]]],[[[120.654701,16.061147],[120.654975,16.061692],[120.654695,16.061689],[120.654698,16.061418],[120.654701,16.061147]]],[[[120.654411,16.061957],[120.654414,16.061686],[120.654695,16.061689],[120.654691,16.06196],[120.654411,16.061957]]],[[[120.661688,16.06285],[120.661968,16.062853],[120.662806,16.063133],[120.663366,16.063139],[120.66336,16.063681],[120.662516,16.063943],[120.662781,16.065301],[120.660535,16.065548],[120.660548,16.064464],[120.659988,16.064458],[120.660287,16.062835],[120.661408,16.062847],[120.661688,16.06285]]],[[[120.674299,16.062987],[120.674296,16.063258],[120.673736,16.063252],[120.673465,16.062436],[120.674022,16.062713],[120.674299,16.062987]]],[[[120.701658,16.065483],[120.701655,16.065754],[120.701097,16.065477],[120.701658,16.065483]]],[[[120.671717,16.068109],[120.671434,16.068377],[120.671437,16.068106],[120.671717,16.068109]]],[[[120.673119,16.068124],[120.672838,16.068121],[120.673125,16.067582],[120.673122,16.067853],[120.673119,16.068124]]],[[[120.670867,16.068912],[120.67087,16.068642],[120.67115,16.068645],[120.671138,16.069729],[120.670861,16.069454],[120.670867,16.068912]]],[[[120.654048,16.069],[120.654329,16.069003],[120.654606,16.069277],[120.654883,16.069551],[120.653762,16.069539],[120.654048,16.069]]],[[[120.669434,16.071607],[120.669711,16.071881],[120.669705,16.072423],[120.669425,16.07242],[120.669431,16.071878],[120.669434,16.071607]]],[[[120.662698,16.072347],[120.662979,16.07235],[120.662975,16.072621],[120.662695,16.072618],[120.662698,16.072347]]],[[[120.665221,16.072374],[120.665224,16.072103],[120.665504,16.072106],[120.665501,16.072377],[120.665221,16.072374]]],[[[120.673899,16.073282],[120.67418,16.073285],[120.675014,16.073836],[120.674454,16.07383],[120.674444,16.074643],[120.673893,16.073824],[120.673896,16.073553],[120.673899,16.073282]]],[[[120.599331,16.074084],[120.599612,16.074087],[120.599892,16.07409],[120.599605,16.074629],[120.599331,16.074084]]],[[[120.66239,16.074782],[120.662106,16.07505],[120.662109,16.074779],[120.66239,16.074782]]],[[[120.592319,16.074904],[120.59241,16.075086],[120.592408,16.075266],[120.592588,16.07581],[120.592308,16.075807],[120.592294,16.076981],[120.593411,16.077355],[120.593033,16.077712],[120.593016,16.079067],[120.591894,16.079145],[120.590954,16.079676],[120.590116,16.079396],[120.59,16.079937],[120.59,16.079124],[120.590026,16.079124],[120.59,16.078762],[120.59,16.072349],[120.59,16.072168],[120.59,16.071806],[120.590876,16.071976],[120.591494,16.072817],[120.591497,16.073359],[120.591944,16.07499],[120.592226,16.074903],[120.592319,16.074904]]],[[[120.658463,16.075011],[120.658469,16.074469],[120.658743,16.075014],[120.658463,16.075011]]],[[[120.660982,16.075309],[120.661262,16.075312],[120.661259,16.075583],[120.660979,16.07558],[120.660982,16.075309]]],[[[120.65537,16.07579],[120.655373,16.075519],[120.655654,16.075522],[120.65565,16.075793],[120.65537,16.07579]]],[[[120.668817,16.076479],[120.668814,16.07675],[120.668536,16.076476],[120.668817,16.076479]]],[[[120.616681,16.076446],[120.616678,16.076717],[120.616401,16.076443],[120.616681,16.076446]]],[[[120.617238,16.076723],[120.617235,16.076994],[120.616955,16.076991],[120.616958,16.07672],[120.617238,16.076723]]],[[[120.618353,16.077278],[120.61807,16.077546],[120.618073,16.077275],[120.618353,16.077278]]],[[[120.6646,16.077517],[120.66488,16.07752],[120.664597,16.077788],[120.6646,16.077517]]],[[[120.607948,16.080143],[120.607387,16.080136],[120.606827,16.08013],[120.604862,16.080379],[120.604304,16.080102],[120.604037,16.079015],[120.604053,16.07766],[120.604611,16.077937],[120.604607,16.078208],[120.604594,16.079292],[120.605148,16.07984],[120.607951,16.079872],[120.607948,16.080143]]],[[[120.652816,16.078472],[120.653099,16.078204],[120.653096,16.078475],[120.653093,16.078746],[120.652813,16.078743],[120.652816,16.078472]]],[[[120.659539,16.078817],[120.65982,16.07882],[120.659816,16.079091],[120.659536,16.079088],[120.659539,16.078817]]],[[[120.636828,16.07938],[120.637108,16.079383],[120.636544,16.079648],[120.636548,16.079377],[120.636828,16.07938]]],[[[120.638506,16.079669],[120.638787,16.079672],[120.637943,16.079934],[120.637666,16.07966],[120.638226,16.079666],[120.638506,16.079669]]],[[[120.669368,16.077298],[120.668524,16.07756],[120.668814,16.07675],[120.669094,16.076753],[120.669371,16.077027],[120.669368,16.077298]]],[[[120.611298,16.081264],[120.609903,16.080707],[120.608502,16.080691],[120.607948,16.080143],[120.608228,16.080146],[120.608789,16.080152],[120.609913,16.079894],[120.610473,16.0799],[120.611298,16.081264]]],[[[120.63514,16.079903],[120.635137,16.080174],[120.634856,16.080171],[120.63486,16.0799],[120.63514,16.079903]]],[[[120.662333,16.07966],[120.662613,16.079663],[120.662329,16.079931],[120.662333,16.07966]]],[[[120.65308,16.07983],[120.653084,16.079559],[120.653364,16.079562],[120.653357,16.080104],[120.653077,16.080101],[120.65308,16.07983]]],[[[120.668486,16.080811],[120.668763,16.081085],[120.66904,16.081359],[120.669317,16.081634],[120.669598,16.081637],[120.669875,16.081911],[120.669582,16.082992],[120.669579,16.083262],[120.669572,16.083804],[120.669566,16.084346],[120.668731,16.083795],[120.667897,16.083244],[120.667623,16.082699],[120.667645,16.080802],[120.667928,16.080534],[120.668209,16.080537],[120.668486,16.080811]]],[[[120.664282,16.080766],[120.664562,16.080769],[120.664559,16.08104],[120.664279,16.081037],[120.664282,16.080766]]],[[[120.656705,16.081496],[120.656985,16.081499],[120.656982,16.08177],[120.656702,16.081767],[120.656705,16.081496]]],[[[120.613804,16.082647],[120.613244,16.082641],[120.6124,16.082903],[120.612123,16.082628],[120.611842,16.082625],[120.611298,16.081264],[120.611852,16.081812],[120.612973,16.081825],[120.613257,16.081557],[120.614655,16.081844],[120.614938,16.081576],[120.614648,16.082386],[120.616046,16.082672],[120.616037,16.083485],[120.614642,16.082928],[120.614365,16.082654],[120.613804,16.082647]]],[[[120.645488,16.081914],[120.64521,16.08164],[120.645491,16.081643],[120.645488,16.081914]]],[[[120.672671,16.082483],[120.672951,16.082486],[120.673232,16.082489],[120.673512,16.082492],[120.673792,16.082495],[120.674063,16.083311],[120.673773,16.084121],[120.67377,16.084392],[120.673216,16.083844],[120.671818,16.083558],[120.671821,16.083287],[120.672107,16.082748],[120.672391,16.08248],[120.672671,16.082483]]],[[[120.659775,16.082613],[120.659778,16.082342],[120.660055,16.082616],[120.659775,16.082613]]],[[[120.660055,16.082616],[120.660333,16.08289],[120.660052,16.082887],[120.660055,16.082616]]],[[[120.645755,16.083001],[120.645475,16.082998],[120.645478,16.082727],[120.645761,16.08246],[120.645755,16.083001]]],[[[120.652765,16.082808],[120.652768,16.082537],[120.653049,16.08254],[120.652762,16.083079],[120.652765,16.082808]]],[[[120.645465,16.083811],[120.646032,16.083276],[120.646026,16.083818],[120.645462,16.084082],[120.645465,16.083811]]],[[[120.655262,16.085003],[120.654979,16.085271],[120.654982,16.085],[120.655262,16.085003]]],[[[120.670117,16.085165],[120.670111,16.085707],[120.669276,16.085156],[120.66984,16.084891],[120.670117,16.085165]]],[[[120.644873,16.086515],[120.64515,16.086789],[120.645147,16.08706],[120.64487,16.086786],[120.644873,16.086515]]],[[[120.651306,16.08767],[120.651587,16.087673],[120.651583,16.087944],[120.651026,16.087667],[120.651306,16.08767]]],[[[120.596364,16.087778],[120.596366,16.087601],[120.596933,16.087065],[120.596917,16.08842],[120.597477,16.088427],[120.597757,16.08843],[120.59719,16.088965],[120.596353,16.088685],[120.59636,16.088049],[120.596364,16.087778]]],[[[120.637006,16.088054],[120.637009,16.087783],[120.637289,16.087786],[120.637286,16.088057],[120.637006,16.088054]]],[[[120.637283,16.088328],[120.63728,16.088599],[120.636999,16.088596],[120.637002,16.088325],[120.637283,16.088328]]],[[[120.598321,16.088165],[120.599439,16.088449],[120.599429,16.089262],[120.599149,16.089258],[120.598569,16.090878],[120.598566,16.091149],[120.598833,16.092236],[120.598826,16.092778],[120.59881,16.094133],[120.598527,16.094401],[120.597679,16.094933],[120.598233,16.095481],[120.59823,16.095752],[120.597946,16.09602],[120.597943,16.096291],[120.59766,16.096559],[120.597379,16.096556],[120.596825,16.096007],[120.597106,16.096011],[120.597386,16.096014],[120.597405,16.094388],[120.597125,16.094385],[120.597128,16.094114],[120.598259,16.093313],[120.598285,16.091146],[120.598012,16.090601],[120.598585,16.089523],[120.598595,16.08871],[120.598038,16.088433],[120.598321,16.088165]]],[[[120.64428,16.089219],[120.644287,16.088677],[120.644567,16.08868],[120.644557,16.089493],[120.644554,16.089764],[120.64399,16.090028],[120.643997,16.089486],[120.64428,16.089219]]],[[[120.658568,16.089918],[120.658565,16.090189],[120.658285,16.090186],[120.658288,16.089915],[120.658568,16.089918]]],[[[120.659123,16.090466],[120.659119,16.090737],[120.658842,16.090463],[120.659123,16.090466]]],[[[120.659683,16.090472],[120.659963,16.090475],[120.65996,16.090746],[120.6594,16.09074],[120.659403,16.090469],[120.659683,16.090472]]],[[[120.661085,16.090487],[120.661081,16.090758],[120.660521,16.090752],[120.660804,16.090484],[120.661085,16.090487]]],[[[120.662199,16.091041],[120.662203,16.09077],[120.662483,16.090774],[120.66248,16.091045],[120.662199,16.091041]]],[[[120.627715,16.091474],[120.627711,16.091745],[120.627434,16.091471],[120.627715,16.091474]]],[[[120.602206,16.091461],[120.601932,16.090916],[120.602213,16.090919],[120.602206,16.091461]]],[[[120.602763,16.091738],[120.60276,16.092009],[120.60248,16.092006],[120.602483,16.091735],[120.602763,16.091738]]],[[[120.643694,16.09138],[120.643414,16.091377],[120.643697,16.091109],[120.643694,16.09138]]],[[[120.633317,16.091808],[120.63304,16.091534],[120.63332,16.091537],[120.633317,16.091808]]],[[[120.613124,16.092667],[120.613121,16.092938],[120.61284,16.092935],[120.612847,16.092393],[120.613127,16.092396],[120.613124,16.092667]]],[[[120.64843,16.093872],[120.64871,16.093875],[120.648707,16.094146],[120.648427,16.094143],[120.64843,16.093872]]],[[[120.624036,16.094415],[120.624032,16.094686],[120.623752,16.094683],[120.623755,16.094412],[120.624036,16.094415]]],[[[120.624019,16.09577],[120.624297,16.096044],[120.624016,16.096041],[120.624019,16.09577]]],[[[120.617012,16.095692],[120.617009,16.095963],[120.616729,16.095959],[120.617012,16.095692]]],[[[120.613916,16.096741],[120.614196,16.096744],[120.614193,16.097015],[120.613913,16.097012],[120.613916,16.096741]]],[[[120.619512,16.097616],[120.619509,16.097887],[120.619229,16.097884],[120.619232,16.097613],[120.619512,16.097616]]],[[[120.614744,16.097834],[120.614747,16.097563],[120.615585,16.097844],[120.615301,16.098112],[120.615021,16.098108],[120.614744,16.097834]]],[[[120.615575,16.098657],[120.615578,16.098386],[120.615859,16.098389],[120.615856,16.09866],[120.615575,16.098657]]],[[[120.619203,16.100052],[120.6192,16.100323],[120.618923,16.100049],[120.619203,16.100052]]],[[[120.595672,16.098705],[120.595391,16.098701],[120.595401,16.097888],[120.595678,16.098163],[120.595672,16.098705]]],[[[120.606916,16.096121],[120.606642,16.095576],[120.606922,16.095579],[120.606916,16.096121]]],[[[120.609151,16.096688],[120.609432,16.096691],[120.609428,16.096962],[120.609148,16.096959],[120.609151,16.096688]]],[[[120.619193,16.100865],[120.61891,16.101133],[120.618913,16.100862],[120.619193,16.100865]]],[[[120.592826,16.101289],[120.592923,16.101561],[120.59302,16.101833],[120.593243,16.102376],[120.593319,16.102558],[120.593405,16.10274],[120.592919,16.102644],[120.593611,16.103555],[120.593782,16.103737],[120.593652,16.103826],[120.594013,16.104914],[120.593456,16.104637],[120.593425,16.107164],[120.593336,16.107257],[120.593344,16.107528],[120.59416,16.108234],[120.593765,16.109948],[120.593624,16.109952],[120.59363,16.114001],[120.593763,16.114397],[120.592592,16.114293],[120.592502,16.114021],[120.592511,16.113208],[120.592419,16.113117],[120.592057,16.112119],[120.592079,16.110313],[120.59227,16.109954],[120.592365,16.109864],[120.592367,16.109684],[120.592376,16.108961],[120.592382,16.108419],[120.592386,16.108148],[120.592387,16.108058],[120.592203,16.107785],[120.592112,16.107603],[120.592021,16.107421],[120.592022,16.107331],[120.592023,16.107241],[120.592024,16.10715],[120.592028,16.106789],[120.591953,16.105253],[120.591967,16.104078],[120.591886,16.103084],[120.591799,16.102541],[120.592548,16.102459],[120.591711,16.102088],[120.59163,16.101094],[120.592661,16.100834],[120.592754,16.100835],[120.592857,16.100836],[120.592826,16.101289]],[[120.592892,16.104902],[120.59337,16.104004],[120.592628,16.103544],[120.592425,16.104897],[120.592892,16.104902]]],[[[120.598709,16.102533],[120.598703,16.103075],[120.598422,16.103072],[120.598439,16.101717],[120.598716,16.101991],[120.598712,16.102262],[120.598709,16.102533]]],[[[120.613004,16.102693],[120.613007,16.102422],[120.613288,16.102425],[120.613001,16.102964],[120.613004,16.102693]]],[[[120.601219,16.103645],[120.601499,16.103648],[120.601496,16.103919],[120.601215,16.103916],[120.601219,16.103645]]],[[[120.612704,16.104316],[120.612424,16.104313],[120.612427,16.104042],[120.612708,16.104045],[120.612704,16.104316]]],[[[120.600929,16.104455],[120.600652,16.104181],[120.600932,16.104184],[120.600929,16.104455]]],[[[120.601209,16.104458],[120.601206,16.104729],[120.600925,16.104726],[120.600929,16.104455],[120.601209,16.104458]]],[[[120.601756,16.105548],[120.601753,16.105819],[120.601473,16.105816],[120.601476,16.105545],[120.601756,16.105548]]],[[[120.613809,16.105683],[120.613806,16.105954],[120.613526,16.105951],[120.613529,16.10568],[120.613809,16.105683]]],[[[120.612124,16.105935],[120.612121,16.106206],[120.611841,16.106203],[120.611844,16.105932],[120.612124,16.105935]]],[[[120.619132,16.106014],[120.619135,16.105743],[120.619415,16.105746],[120.619412,16.106017],[120.619132,16.106014]]],[[[120.598377,16.106865],[120.598373,16.107136],[120.598093,16.107133],[120.598096,16.106862],[120.598377,16.106865]]],[[[120.59865,16.10741],[120.598373,16.107136],[120.598654,16.107139],[120.59865,16.10741]]],[[[120.603983,16.106928],[120.604263,16.106931],[120.60426,16.107202],[120.603979,16.107199],[120.603983,16.106928]]],[[[120.599768,16.107694],[120.600049,16.107697],[120.600045,16.107968],[120.599765,16.107965],[120.599768,16.107694]]],[[[120.600326,16.107971],[120.600322,16.108242],[120.600042,16.108239],[120.600045,16.107968],[120.600326,16.107971]]],[[[120.601727,16.107987],[120.602007,16.10799],[120.602004,16.108261],[120.601447,16.107984],[120.601727,16.107987]]],[[[120.614337,16.108399],[120.614334,16.10867],[120.614054,16.108667],[120.614057,16.108396],[120.614337,16.108399]]],[[[120.63977,16.02],[120.642012,16.02],[120.641444,16.02062],[120.64061,16.020069],[120.63977,16.02006],[120.63977,16.02]]],[[[120.706081,16.021895],[120.705524,16.021618],[120.705533,16.020805],[120.70609,16.021082],[120.706081,16.021895]]],[[[120.704979,16.020257],[120.705259,16.02026],[120.70525,16.021073],[120.704692,16.020796],[120.704979,16.020257]]],[[[120.704141,16.02],[120.704982,16.02],[120.704979,16.020257],[120.704141,16.02]]],[[[120.703294,16.02051],[120.7033,16.02],[120.703861,16.02],[120.703294,16.02051]]],[[[120.702179,16.02],[120.70246,16.02],[120.703294,16.02051],[120.703288,16.021052],[120.703852,16.020787],[120.704126,16.021332],[120.704686,16.021338],[120.70496,16.021883],[120.70412,16.021874],[120.70383,16.022684],[120.703273,16.022407],[120.703279,16.021865],[120.702448,16.021043],[120.702179,16.02]]],[[[120.699657,16.02],[120.700498,16.02],[120.700767,16.021025],[120.701601,16.021576],[120.701595,16.022118],[120.702429,16.022669],[120.702136,16.02375],[120.701862,16.023205],[120.701025,16.022925],[120.701031,16.022383],[120.700197,16.021832],[120.700203,16.02129],[120.699646,16.021013],[120.699657,16.02]]],[[[120.697135,16.02],[120.697976,16.02],[120.697958,16.021537],[120.697118,16.021528],[120.697135,16.02]]],[[[120.685085,16.02],[120.686206,16.02],[120.686196,16.020868],[120.685636,16.020862],[120.685642,16.02032],[120.685085,16.02]]],[[[120.684478,16.024102],[120.68392,16.023825],[120.684484,16.02356],[120.684478,16.024102]]],[[[120.704155,16.043285],[120.703874,16.043282],[120.703878,16.043011],[120.704167,16.042201],[120.704155,16.043285]]],[[[120.704155,16.043285],[120.704712,16.043562],[120.704706,16.044104],[120.704148,16.043827],[120.704155,16.043285]]],[[[120.70375,16.054122],[120.70319,16.054116],[120.703193,16.053845],[120.70375,16.054122]]],[[[120.591293,16.02],[120.592974,16.02],[120.592967,16.020624],[120.591566,16.020608],[120.591293,16.02]]],[[[120.711663,16.023852],[120.711937,16.024397],[120.711657,16.024394],[120.71166,16.024123],[120.711663,16.023852]]],[[[120.650936,16.023706],[120.650939,16.023435],[120.651219,16.023438],[120.650936,16.023706]]],[[[120.599281,16.031535],[120.599551,16.032351],[120.598994,16.032074],[120.599281,16.031535]]],[[[120.636534,16.033033],[120.636531,16.033304],[120.636251,16.033301],[120.636254,16.03303],[120.636534,16.033033]]],[[[120.637929,16.033591],[120.637926,16.033862],[120.637645,16.033858],[120.637929,16.033591]]],[[[120.635678,16.034379],[120.635397,16.034376],[120.635401,16.034105],[120.635961,16.034111],[120.635678,16.034379]]],[[[120.60222,16.043492],[120.603068,16.04296],[120.603341,16.043505],[120.605023,16.043524],[120.605029,16.042982],[120.60615,16.042994],[120.606981,16.043817],[120.608098,16.0441],[120.607248,16.044904],[120.607242,16.045446],[120.606114,16.045975],[120.605815,16.047598],[120.604694,16.047585],[120.604684,16.048398],[120.603843,16.048389],[120.603583,16.04676],[120.603309,16.046215],[120.603325,16.04486],[120.601644,16.044841],[120.60165,16.044299],[120.602771,16.044312],[120.60222,16.043492]]],[[[120.652477,16.035647],[120.653866,16.036747],[120.653859,16.037289],[120.6547,16.037298],[120.65441,16.038108],[120.653289,16.038096],[120.652458,16.037273],[120.652468,16.03646],[120.651904,16.036725],[120.651917,16.035641],[120.652477,16.035647]]],[[[120.650242,16.035081],[120.651083,16.03509],[120.651076,16.035632],[120.650242,16.035081]]],[[[120.647169,16.034234],[120.64773,16.03424],[120.648287,16.034517],[120.64772,16.035053],[120.647711,16.035866],[120.647157,16.035318],[120.647169,16.034234]]],[[[120.711512,16.037131],[120.711509,16.037402],[120.711229,16.037399],[120.711512,16.037131]]],[[[120.636461,16.039266],[120.636181,16.039263],[120.636464,16.038995],[120.636461,16.039266]]],[[[120.642317,16.041769],[120.642313,16.04204],[120.642036,16.041766],[120.642317,16.041769]]],[[[120.633069,16.041667],[120.633073,16.041396],[120.633353,16.041399],[120.633069,16.041667]]],[[[120.651506,16.046749],[120.651784,16.047023],[120.651503,16.04702],[120.651506,16.046749]]],[[[120.67115,16.068645],[120.671154,16.068374],[120.671434,16.068377],[120.67115,16.068645]]],[[[120.672838,16.068121],[120.6728,16.071373],[120.673081,16.071376],[120.673361,16.071379],[120.672514,16.071912],[120.672526,16.070828],[120.671975,16.070009],[120.672558,16.068118],[120.672838,16.068121]]],[[[120.67503,16.072481],[120.675316,16.071942],[120.6756,16.071674],[120.67588,16.071677],[120.676431,16.072496],[120.67503,16.072481]]],[[[120.602672,16.076019],[120.602949,16.076293],[120.603226,16.076567],[120.603506,16.07657],[120.60406,16.077118],[120.603216,16.07738],[120.603209,16.077922],[120.601554,16.075735],[120.60128,16.07519],[120.602121,16.075199],[120.602672,16.076019]]],[[[120.653963,16.076316],[120.653959,16.076587],[120.653679,16.076584],[120.653682,16.076313],[120.653963,16.076316]]],[[[120.655902,16.078235],[120.655616,16.078774],[120.655622,16.078232],[120.655902,16.078235]]],[[[120.63542,16.079906],[120.635423,16.079635],[120.635704,16.079638],[120.63542,16.079906]]],[[[120.661489,16.079922],[120.661769,16.079925],[120.661766,16.080196],[120.661485,16.080193],[120.661489,16.079922]]],[[[120.65782,16.08205],[120.6581,16.082053],[120.658097,16.082324],[120.657816,16.082321],[120.65782,16.08205]]],[[[120.659479,16.083965],[120.659756,16.084239],[120.659476,16.084236],[120.659479,16.083965]]],[[[120.655826,16.084738],[120.656106,16.084741],[120.656103,16.085012],[120.655823,16.085009],[120.655826,16.084738]]],[[[120.655794,16.087448],[120.656074,16.087451],[120.656071,16.087722],[120.655791,16.087719],[120.655794,16.087448]]],[[[120.59,16.100443],[120.59,16.099901],[120.591171,16.100366],[120.59,16.100443]]],[[[120.678185,16.090403],[120.678466,16.090406],[120.678462,16.090677],[120.678185,16.090403]]],[[[120.654644,16.089875],[120.655205,16.089881],[120.655202,16.090152],[120.654641,16.090146],[120.654644,16.089875]]],[[[120.625202,16.090634],[120.624922,16.09063],[120.624925,16.090359],[120.625205,16.090363],[120.625202,16.090634]]],[[[120.661645,16.090493],[120.661925,16.090496],[120.661922,16.090767],[120.661642,16.090764],[120.661645,16.090493]]],[[[120.663043,16.09078],[120.663324,16.090783],[120.663321,16.091054],[120.663043,16.09078]]],[[[120.627135,16.093094],[120.627138,16.092823],[120.627418,16.092826],[120.627415,16.093097],[120.627135,16.093094]]],[[[120.61447,16.097289],[120.614467,16.09756],[120.614464,16.097831],[120.61418,16.098099],[120.613906,16.097554],[120.61447,16.097289]]],[[[120.607457,16.097753],[120.607173,16.098021],[120.607176,16.09775],[120.607457,16.097753]]],[[[120.595391,16.098701],[120.595388,16.098972],[120.595385,16.099243],[120.595111,16.098698],[120.595391,16.098701]]],[[[120.616954,16.100569],[120.616951,16.10084],[120.616671,16.100837],[120.616674,16.100566],[120.616954,16.100569]]],[[[120.598168,16.100901],[120.598165,16.101172],[120.597885,16.101168],[120.597888,16.100897],[120.598168,16.100901]]],[[[120.617212,16.102469],[120.617208,16.10274],[120.616931,16.102466],[120.617212,16.102469]]],[[[120.615246,16.102718],[120.615243,16.102989],[120.614963,16.102986],[120.614966,16.102715],[120.615246,16.102718]]],[[[120.610758,16.102939],[120.611042,16.102671],[120.611039,16.102942],[120.610758,16.102939]]],[[[120.618858,16.105468],[120.618581,16.105194],[120.618861,16.105198],[120.618858,16.105468]]],[[[120.60175,16.10609],[120.601753,16.105819],[120.60203,16.106093],[120.60175,16.10609]]],[[[120.598808,16.024213],[120.599105,16.022861],[120.599675,16.022054],[120.600222,16.023144],[120.600203,16.02477],[120.599359,16.025032],[120.598808,16.024213]]],[[[120.695605,16.031269],[120.695331,16.030724],[120.695891,16.03073],[120.695605,16.031269]]],[[[120.695605,16.031269],[120.696146,16.032901],[120.695589,16.032624],[120.695324,16.031266],[120.695605,16.031269]]],[[[120.66317,16.07994],[120.66345,16.079943],[120.663447,16.080214],[120.66289,16.079937],[120.66317,16.07994]]],[[[120.65866,16.082059],[120.658941,16.082062],[120.658938,16.082333],[120.658657,16.08233],[120.65866,16.082059]]],[[[120.665882,16.063709],[120.666446,16.063444],[120.666437,16.064257],[120.665882,16.063709]]],[[[120.660317,16.084245],[120.660597,16.084248],[120.660594,16.084519],[120.660314,16.084516],[120.660317,16.084245]]],[[[120.656386,16.084744],[120.656667,16.084747],[120.656383,16.085015],[120.656386,16.084744]]],[[[120.59737,16.074062],[120.598214,16.0738],[120.598484,16.074617],[120.59792,16.074881],[120.59737,16.074062]]],[[[120.596379,16.063211],[120.595535,16.063472],[120.595825,16.062662],[120.596379,16.063211]]],[[[120.594182,16.059392],[120.593883,16.061014],[120.593319,16.061279],[120.593339,16.059653],[120.594182,16.059392]]],[[[120.598442,16.101446],[120.598439,16.101717],[120.598162,16.101443],[120.598442,16.101446]]],[[[120.59898,16.103349],[120.598703,16.103075],[120.598983,16.103078],[120.59898,16.103349]]],[[[120.59926,16.103352],[120.599257,16.103623],[120.59898,16.103349],[120.59926,16.103352]]],[[[120.59954,16.103355],[120.599817,16.103629],[120.599537,16.103626],[120.59954,16.103355]]],[[[120.617753,16.104101],[120.61775,16.104372],[120.617473,16.104098],[120.617753,16.104101]]],[[[120.600094,16.103903],[120.599817,16.103629],[120.600098,16.103632],[120.600094,16.103903]]],[[[120.600375,16.103907],[120.600655,16.10391],[120.600652,16.104181],[120.600371,16.104177],[120.600375,16.103907]]],[[[120.6138,16.106496],[120.613806,16.105954],[120.61408,16.106499],[120.6138,16.106496]]],[[[120.609012,16.10834],[120.609008,16.108611],[120.608731,16.108336],[120.609012,16.10834]]]]},"properties":{"Var":3}}
]}